"Date","S39","G94B","G94C","ACME2","ACME1","S362","G300","S5AS","S5A","G301","G310","G251","S6","G338","S10E","S10D","S10C","S10A"
1995-01-01,NA,NA,NA,NA,NA,NA,NA,NA,NA,NA,NA,NA,NA,NA,NA,NA,NA,NA
1995-01-02,594.788,NA,NA,0,0,NA,NA,0,0,NA,NA,243.24,2173.872,NA,388.515,642,645,688
1995-01-03,502.972,NA,NA,83.54,69.62,NA,NA,0,0,NA,NA,264.385,2314.041,NA,383.746,640,644,685
1995-01-04,468.056,NA,NA,0,0,NA,NA,0,0,NA,NA,265.234,2122.697,NA,369.854,642,656,330
1995-01-05,432.529,NA,NA,83.54,69.62,NA,NA,0,0,NA,NA,273.51,2099.171,NA,377.996,668,691,0
1995-01-06,538.552,NA,NA,83.54,69.62,NA,NA,0,627.754,NA,NA,232.616,1952.302,NA,380.326,661,691,0
1995-01-07,511.397,NA,NA,0,0,NA,NA,0,0,NA,NA,199.116,1953.118,NA,372.727,663,692,0
1995-01-08,499.398,NA,NA,0,0,NA,NA,0,0,NA,NA,200.712,2058.737,NA,374.201,664,696,0
1995-01-09,574.625,NA,NA,0,0,NA,NA,0,580.409,NA,NA,200.933,2163.845,NA,368.365,661,697,0
1995-01-10,525.383,NA,NA,0,0,NA,NA,0,0,NA,NA,201.381,1893.507,NA,359.496,660,553,0
1995-01-11,599.57,NA,NA,0,0,NA,NA,0,0,NA,NA,200.66,2030.646,NA,353.12,376,388,0
1995-01-12,581.256,NA,NA,0,0,NA,NA,0,0,NA,NA,185.458,1856.792,NA,352.246,0,403,0
1995-01-13,502.332,NA,NA,108.6,90.5,NA,NA,0,199.79,NA,NA,149.531,1828.606,NA,356.393,309,401,0
1995-01-14,148.95,NA,NA,83.54,104.43,NA,NA,0,1047.833,NA,NA,197.978,2488.436,NA,366.551,709,390,0
1995-01-15,348.856,NA,NA,0,0,NA,NA,0,877.161,NA,NA,149.836,2330.631,NA,383.966,725,398,0
1995-01-16,508.128,NA,NA,0,0,NA,NA,0,845.707,NA,NA,162.237,2079.454,NA,387.17,728,401,0
1995-01-17,583.029,NA,NA,77.97,64.98,NA,NA,0,602.399,NA,NA,132.293,2340.155,NA,382.568,729,403,0
1995-01-18,666.73,NA,NA,83.54,69.62,NA,NA,0,0,NA,NA,132.773,2248.893,NA,372.251,721,568,0
1995-01-19,615.1,NA,NA,77.97,64.98,NA,NA,0,0,NA,NA,105.562,2133.99,NA,362.351,698,719,0
1995-01-20,618.249,NA,NA,0,0,NA,NA,0,776.551,NA,NA,67.394,2149.034,NA,350.364,685,706,0
1995-01-21,639.904,NA,NA,0,0,NA,NA,0,0,NA,NA,67.674,2116.651,NA,349.482,673,694,0
1995-01-22,638.158,NA,NA,0,0,NA,NA,0,0,NA,NA,67.716,2114.404,NA,362.443,659,684,0
1995-01-23,636.674,NA,NA,0,0,NA,NA,0,0,NA,NA,43.824,1869.04,NA,348.584,653,668,0
1995-01-24,622.638,NA,NA,0,0,NA,NA,0,0,NA,NA,0,1818.84,NA,330.17,361,359,0
1995-01-25,670.642,NA,NA,0,0,NA,NA,0,0,NA,NA,0,1492.086,NA,148.786,59,0,0
1995-01-26,624.177,NA,NA,0,0,NA,NA,0,0,NA,NA,0,1608.629,NA,0,60,0,0
1995-01-27,626.817,NA,NA,0,0,NA,NA,0,0,NA,NA,0,341.881,NA,0,60,0,0
1995-01-28,664.357,NA,NA,0,0,NA,NA,0,0,NA,NA,0,21.739,NA,0,1.1,0,0
1995-01-29,682.414,NA,NA,0,0,NA,NA,0,0,NA,NA,0,36.606,NA,0,0,0,0
1995-01-30,307.597,NA,NA,0,32.49,NA,NA,0,605.918,NA,NA,43.314,194.731,NA,0,0,0,0
1995-01-31,519.424,NA,NA,0,0,NA,NA,0,511.14,NA,NA,66.653,266.942,NA,0,0,0,0
1995-02-01,733.23,NA,NA,0,0,NA,NA,0,232.469,NA,NA,0,228.907,NA,0,0,0,0
1995-02-02,763.067,NA,NA,0,0,NA,NA,0,488.726,NA,NA,0,118.564,NA,0,0,0,0
1995-02-03,746.634,NA,NA,0,0,NA,NA,0,741.619,NA,NA,63.376,24.618,NA,0,0,0,0
1995-02-04,791.07,NA,NA,0,0,NA,NA,0,0,NA,NA,63.319,0,NA,0,0,0,0
1995-02-05,722.177,NA,NA,0,0,NA,NA,0,0,NA,NA,32.185,127.678,NA,0,0,0,0
1995-02-06,543.838,NA,NA,0,0,NA,NA,0,816.581,NA,NA,20.12,96.636,NA,0,0,0,0
1995-02-07,609.175,NA,NA,0,0,NA,NA,0,432.45,NA,NA,13.404,0,NA,0,0,0,0
1995-02-08,637.683,NA,NA,0,0,NA,NA,0,0,NA,NA,33.692,182.266,NA,0,0,0,0
1995-02-09,638.285,NA,NA,0,0,NA,NA,0,494.734,NA,NA,11.104,438.483,NA,0,0,0,0
1995-02-10,637.296,NA,NA,0,0,NA,NA,0,594.257,NA,NA,17.645,993.972,NA,0,0,0,0
1995-02-11,637.854,NA,NA,0,0,NA,NA,0,0,NA,NA,53.415,1114.118,NA,0,0,0,0
1995-02-12,638.402,NA,NA,0,0,NA,NA,0,769.8,NA,NA,109.048,798.976,NA,0,0,0,0
1995-02-13,638.275,NA,NA,0,0,NA,NA,0,863.182,NA,NA,135.551,1476.373,NA,0,0,0,0
1995-02-14,621.272,NA,NA,0,0,NA,NA,0,967.342,NA,NA,135.07,2254.091,NA,0,0,0,0
1995-02-15,628.044,NA,NA,0,0,NA,NA,0,567.676,NA,NA,120.844,1926.777,NA,0,0,0,0
1995-02-16,706.223,NA,NA,0,0,NA,NA,0,0,NA,NA,78.924,2540.868,NA,0,0,0,0
1995-02-17,692.053,NA,NA,0,0,NA,NA,0,797.845,NA,NA,52.243,3080.453,NA,0,0,0,0
1995-02-18,564.606,NA,NA,0,0,NA,NA,0,790.072,NA,NA,66.555,3211.528,NA,0,0,0,0
1995-02-19,422.723,NA,NA,0,0,NA,NA,0,1628.648,NA,NA,65.697,3928.468,NA,0,0,0,0
1995-02-20,161.2,NA,NA,0,0,NA,NA,0,914.039,NA,NA,65.589,3782.815,NA,0,0,0,0
1995-02-21,516.957,NA,NA,30.63,64.98,NA,NA,0,884.204,NA,NA,40.169,4334.79,NA,0,0,0,0
1995-02-22,567.81,NA,NA,0,0,NA,NA,0,603.451,NA,NA,59.132,3784.78,NA,218.571,0,0,0
1995-02-23,607.773,NA,NA,0,0,NA,NA,0,309.834,NA,NA,26.316,4507.458,NA,404.577,0,0,0
1995-02-24,611.429,NA,NA,0,0,NA,NA,0,284.175,NA,NA,37.099,3707.509,NA,172.462,0,0,0
1995-02-25,624.969,NA,NA,0,0,NA,NA,0,557.149,NA,NA,40.83,3762.336,NA,0,0,0,0
1995-02-26,211.621,NA,NA,0,0,NA,NA,0,630.657,NA,NA,65.018,3511.308,NA,0,0,0,0
1995-02-27,258.385,NA,NA,0,0,NA,NA,0,743.509,NA,NA,64.999,2822.027,NA,0,0,0,0
1995-02-28,458.26,NA,NA,0,0,NA,NA,0,780.182,NA,NA,65.29,2536.533,NA,238.718,0,0,0
1995-03-01,415.579,NA,NA,0,0,NA,NA,0,744.886,NA,NA,61.673,2714.362,NA,412.258,367,0,0
1995-03-02,474.131,NA,NA,0,0,NA,NA,0,740.175,NA,NA,66.728,2681.155,NA,397.313,717,0,0
1995-03-03,508.759,NA,NA,0,0,NA,NA,0,726.721,NA,NA,95.657,1852.933,NA,388.887,704,0,0
1995-03-04,566.274,NA,NA,0,0,NA,NA,0,601.974,NA,NA,66.803,2337.746,NA,377.464,691,0,0
1995-03-05,566.535,NA,NA,0,0,NA,NA,0,491.491,NA,NA,90.815,1898.501,NA,369.079,680,0,0
1995-03-06,564.788,NA,NA,0,0,NA,NA,0,540.339,NA,NA,67.349,1111.566,NA,356.011,667,0,0
1995-03-07,563.633,NA,NA,0,0,NA,NA,0,675.968,NA,NA,67.766,1081.793,NA,353.111,653,0,0
1995-03-08,197.673,NA,NA,83.54,104.43,NA,NA,0,735.453,NA,NA,125.302,432.831,NA,362.854,658,0,0
1995-03-09,349.956,NA,NA,0,0,NA,NA,0,508.205,NA,NA,106.077,1220.547,NA,365.516,675,0,0
1995-03-10,514.366,NA,NA,0,0,NA,NA,0,518.895,NA,NA,117.099,1054.273,NA,361.015,649,298,0
1995-03-11,561.559,NA,NA,0,0,NA,NA,0,645.571,NA,NA,85.353,334.895,NA,341.004,594,610,0
1995-03-12,558.863,NA,NA,0,0,NA,NA,0,576.062,NA,NA,83.873,783.742,NA,329.644,574,586,0
1995-03-13,527.228,NA,NA,0,0,NA,NA,0,618.106,NA,NA,106.058,556.226,NA,319.261,268,287,0
1995-03-14,437.218,NA,NA,0,0,NA,NA,0,586.248,NA,NA,67.641,65.334,NA,325.028,0,0,0
1995-03-15,0,NA,NA,83.54,69.62,NA,NA,0,763.45,NA,NA,67.88,425.478,NA,346.509,0,0,0
1995-03-16,108.001,NA,NA,0,0,NA,NA,0,627.979,NA,NA,71.578,1702.163,NA,340.308,0,0,0
1995-03-17,0,NA,NA,0,0,NA,NA,0,1424.194,NA,NA,46.027,2480.335,NA,338.664,352,0,0
1995-03-18,0,NA,NA,0,0,NA,NA,0,1722.715,NA,NA,67.84,3286.062,NA,347.325,665,0,0
1995-03-19,190.097,NA,NA,0,0,NA,NA,0,1187.925,NA,NA,87.575,3411.429,NA,348.727,664,0,0
1995-03-20,424.654,NA,NA,0,0,NA,NA,0,724.293,NA,NA,92.384,3639.37,NA,333.178,657,0,0
1995-03-21,676.617,NA,NA,0,0,NA,NA,0,381.703,NA,NA,85.461,3401.464,NA,321.584,644,0,0
1995-03-22,762.815,NA,NA,0,0,NA,NA,0,673.779,NA,NA,85.298,3439.658,NA,181.235,338,0,0
1995-03-23,786.266,NA,NA,0,0,NA,NA,0,541.827,NA,NA,68.775,2617.808,NA,0,0,0,0
1995-03-24,781.877,NA,NA,0,0,NA,NA,0,715.655,NA,NA,68.984,3005.732,NA,0,0,0,0
1995-03-25,647.527,NA,NA,0,0,NA,NA,0,559.365,NA,NA,118.982,2139.757,NA,0,0,0,0
1995-03-26,561.589,NA,NA,0,0,NA,NA,0,470.091,NA,NA,102.397,2634.118,NA,0,0,0,0
1995-03-27,561.578,NA,NA,0,0,NA,NA,0,582.439,NA,NA,135.768,2099.684,NA,0,0,0,0
1995-03-28,611.026,NA,NA,0,0,NA,NA,0,604.751,NA,NA,135.771,1276.826,NA,0,0,0,0
1995-03-29,642.508,NA,NA,0,0,NA,NA,0,600.414,NA,NA,118.921,592.658,NA,0,0,0,0
1995-03-30,561.648,NA,NA,0,0,NA,NA,0,618.798,NA,NA,68.629,411.39,NA,73.024,0,0,0
1995-03-31,613.539,NA,NA,0,0,NA,NA,0,516.221,NA,NA,39.066,457.213,NA,41.706,0,0,0
1995-04-01,629.749,NA,NA,0,0,NA,NA,0,503.1,NA,NA,108.078,1092.164,NA,41.706,0,0,0
1995-04-02,631.744,NA,NA,0,0,NA,NA,0,445.688,NA,NA,160.019,1009.89,NA,41.706,0,0,0
1995-04-03,630.213,NA,NA,0,0,NA,NA,0,425.884,NA,NA,206.477,597.973,NA,41.706,0,0,0
1995-04-04,628.356,NA,NA,0,0,NA,NA,0,175.766,NA,NA,147.317,422.433,NA,206.152,0,0,0
1995-04-05,628.451,NA,NA,0,0,NA,NA,0,340.414,NA,NA,246.352,327.756,NA,266.328,0,0,0
1995-04-06,452.991,NA,NA,0,0,NA,NA,0,174.993,NA,NA,278.619,1976.993,NA,253.408,0,0,0
1995-04-07,559.235,NA,NA,0,0,NA,NA,0,0,NA,NA,228.909,3418.106,NA,243.853,0,0,0
1995-04-08,557.003,NA,NA,0,0,NA,NA,0,0,NA,NA,237.896,3758,NA,239.943,0,0,0
1995-04-09,558.828,NA,NA,0,0,NA,NA,0,0,NA,NA,226.846,4602.163,NA,221.801,0,0,0
1995-04-10,555.27,NA,NA,0,0,NA,NA,0,0,NA,NA,247.297,3918.999,NA,100.555,0,0,0
1995-04-11,551.54,NA,NA,0,0,NA,NA,0,0,NA,NA,259.154,3786.634,NA,0,0,0,0
1995-04-12,550.16,NA,NA,0,0,NA,NA,0,28.664,NA,NA,264.393,3573.366,NA,0,0,0,0
1995-04-13,576.916,NA,NA,0,0,NA,NA,0,0,NA,NA,298.856,3112.668,NA,0,0,0,0
1995-04-14,625.315,NA,NA,0,0,NA,NA,0,0,NA,NA,270.519,2848.062,NA,0,0,0,0
1995-04-15,625.934,NA,NA,0,0,NA,NA,0,0,NA,NA,250.127,2630.336,NA,0,0,0,0
1995-04-16,627.264,NA,NA,0,0,NA,NA,0,0,NA,NA,167.337,2450.945,NA,0,0,0,0
1995-04-17,623.671,NA,NA,0,0,NA,NA,0,0,NA,NA,113.17,2161.407,NA,0,0,0,0
1995-04-18,620.044,NA,NA,0,0,NA,NA,0,0,NA,NA,91.331,2202.359,NA,0,0,0,0
1995-04-19,292.669,NA,NA,0,0,NA,NA,0,0,NA,NA,72.125,2038.84,NA,0,0,0,0
1995-04-20,220.945,NA,NA,0,0,NA,NA,0,0,NA,NA,71.941,2243.506,NA,0,0,0,0
1995-04-21,107.172,NA,NA,0,0,NA,NA,0,0,NA,NA,27.263,1339.335,NA,0,0,0,0
1995-04-22,193.592,NA,NA,0,0,NA,NA,0,0,NA,NA,0,1779.591,NA,0,0,0,0
1995-04-23,119.823,NA,NA,0,0,NA,NA,0,0,NA,NA,48.007,1125.244,NA,0,0,0,0
1995-04-24,120.199,NA,NA,0,0,NA,NA,0,0,NA,NA,7.415,1123.441,NA,0,0,0,0
1995-04-25,120.213,NA,NA,0,0,NA,NA,0,287.209,NA,NA,26.409,951.835,NA,0,0,0,0
1995-04-26,53.347,NA,NA,0,0,NA,NA,0,180.067,NA,NA,62.243,1193.596,NA,0,0,0,0
1995-04-27,0,NA,NA,0,0,NA,NA,0,25.905,NA,NA,0,595.161,NA,0,0,0,0
1995-04-28,0,NA,NA,61.26,46.41,NA,NA,0,338.957,NA,NA,90.582,857.706,NA,0,0,0,0
1995-04-29,0,NA,NA,0,0,NA,NA,0,0,NA,NA,92.542,884.397,NA,0,0,0,0
1995-04-30,0,NA,NA,0,0,NA,NA,0,0,NA,NA,112.077,1179.753,NA,0,0,0,0
1995-05-01,0,NA,NA,0,69.62,NA,NA,0,0,NA,NA,95.107,997.703,NA,0,0,0,0
1995-05-02,0,NA,NA,83.54,0,NA,NA,0,0,NA,NA,79.291,407.004,NA,0,0,0,0
1995-05-03,0,NA,NA,0,0,NA,NA,0,0,NA,NA,78.193,1147.375,NA,0,0,0,0
1995-05-04,0,NA,NA,0,0,NA,NA,0,0,NA,NA,54.269,1097.073,NA,0,0,0,0
1995-05-05,0,NA,NA,83.54,104.43,NA,NA,0,0,NA,NA,60.858,566.239,NA,0,0,0,0
1995-05-06,0,NA,NA,0,0,NA,NA,0,0,NA,NA,69.569,406.306,NA,0,0,0,0
1995-05-07,0,NA,NA,0,0,NA,NA,0,0,NA,NA,84.422,514.074,NA,0,0,0,0
1995-05-08,0,NA,NA,0,0,NA,NA,0,0,NA,NA,118.534,403.231,NA,0,0,0,0
1995-05-09,0,NA,NA,0,0,NA,NA,0,0,NA,NA,114.449,675.545,NA,0,0,0,0
1995-05-10,0,NA,NA,0,0,NA,NA,0,0,NA,NA,124.623,363.612,NA,0,0,0,0
1995-05-11,0,NA,NA,0,0,NA,NA,0,0,NA,NA,92.07,233.34,NA,0,0,0,0
1995-05-12,0,NA,NA,0,0,NA,NA,0,0,NA,NA,85.727,319.194,NA,0,0,0,0
1995-05-13,0,NA,NA,0,0,NA,NA,0,0,NA,NA,70.965,537.409,NA,0,0,0,0
1995-05-14,0,NA,NA,0,0,NA,NA,0,0,NA,NA,68.314,244.981,NA,0,0,0,0
1995-05-15,0,NA,NA,0,0,NA,NA,0,0,NA,NA,44.438,522.379,NA,0,0,0,0
1995-05-16,0,NA,NA,0,0,NA,NA,0,0,NA,NA,38.936,1257.127,NA,0,0,0,0
1995-05-17,0,NA,NA,0,0,NA,NA,0,0,NA,NA,37.572,726.697,NA,0,0,0,0
1995-05-18,0,NA,NA,0,0,NA,NA,0,0,NA,NA,4.576,579.928,NA,0,0,0,0
1995-05-19,0,NA,NA,0,0,NA,NA,0,0,NA,NA,18.77,595.141,NA,0,0,0,0
1995-05-20,0,NA,NA,0,0,NA,NA,0,0,NA,NA,28.996,1169.553,NA,0,0,0,0
1995-05-21,0,NA,NA,0,0,NA,NA,0,0,NA,NA,20.467,1236.252,NA,0,0,0,0
1995-05-22,0,NA,NA,0,0,NA,NA,0,70.075,NA,NA,43.166,491.338,NA,0,0,0,0
1995-05-23,0,NA,NA,0,0,NA,NA,0,0,NA,NA,33.968,829.391,NA,0,0,0,0
1995-05-24,0,NA,NA,0,0,NA,NA,0,0,NA,NA,34.602,788.274,NA,0,0,0,0
1995-05-25,0,NA,NA,0,0,NA,NA,0,0,NA,NA,48.927,621.882,NA,0,0,0,0
1995-05-26,0,NA,NA,0,0,NA,NA,0,0,NA,NA,23.439,483.991,NA,0,0,0,0
1995-05-27,0,NA,NA,0,0,NA,NA,0,0,NA,NA,21.891,348.171,NA,0,0,0,0
1995-05-28,0,NA,NA,0,0,NA,NA,0,0,NA,NA,19.29,340.313,NA,0,0,0,0
1995-05-29,0,NA,NA,0,0,NA,NA,0,0,NA,NA,16.324,342.106,NA,0,0,0,0
1995-05-30,0,NA,NA,0,0,NA,NA,0,25.676,NA,NA,0,82.463,NA,0,0,0,0
1995-05-31,74.764,NA,NA,0,0,NA,NA,0,21.408,NA,NA,0,376.119,NA,0,0,0,0
1995-06-01,121.52,NA,NA,0,0,NA,NA,0,33.642,NA,NA,0,51.811,NA,0,0,0,0
1995-06-02,60.469,NA,NA,0,0,NA,NA,0,0,NA,NA,0,0,NA,0,0,0,0
1995-06-03,0,NA,NA,0,0,NA,NA,0,0,NA,NA,0,482.751,NA,0,0,0,0
1995-06-04,0,NA,NA,50.12,76.58,NA,NA,0,0,NA,NA,19.358,156.498,NA,0,0,0,0
1995-06-05,0,NA,NA,55.69,46.41,NA,NA,0,0,NA,NA,0,0,NA,0,0,0,0
1995-06-06,0,NA,NA,83.54,0,NA,NA,0,0,NA,NA,13.848,201.886,NA,0,0,0,0
1995-06-07,0,NA,NA,0,0,NA,NA,0,0,NA,NA,6.451,36.856,NA,0,0,0,0
1995-06-08,0,NA,NA,0,0,NA,NA,0,0,NA,NA,24.163,2.323,NA,0,0,0,0
1995-06-09,0,NA,NA,0,0,NA,NA,0,0,NA,NA,12.987,183.321,NA,0,0,0,0
1995-06-10,0,NA,NA,0,0,NA,NA,0,0,NA,NA,31.082,42.475,NA,0,0,0,0
1995-06-11,0,NA,NA,0,0,NA,NA,0,0,NA,NA,55.316,54.446,NA,0,0,0,0
1995-06-12,0,NA,NA,61.26,55.69,NA,NA,0,0,NA,NA,45.526,274.263,NA,0,0,0,0
1995-06-13,0,NA,NA,41.77,69.62,NA,NA,0,0,NA,NA,57.389,92.881,NA,0,0,0,0
1995-06-14,0,NA,NA,0,0,NA,NA,0,0,NA,NA,48.81,0,NA,0,0,0,0
1995-06-15,0,NA,NA,0,0,NA,NA,0,0,NA,NA,30.08,20.007,NA,0,0,0,0
1995-06-16,0,NA,NA,0,0,NA,NA,0,0,NA,NA,35.395,126.814,NA,108.156,0,0,0
1995-06-17,0,NA,NA,0,0,NA,NA,0,0,NA,NA,30.063,53.035,NA,197.397,0,0,0
1995-06-18,0,NA,NA,0,0,NA,NA,0,0,NA,NA,19.601,18.944,NA,197.325,0,0,0
1995-06-19,0,NA,NA,0,0,NA,NA,0,0,NA,NA,38.452,266.123,NA,215.204,0,0,0
1995-06-20,0,NA,NA,0,0,NA,NA,0,0,NA,NA,22.504,49.754,NA,218.645,0,0,0
1995-06-21,0,NA,NA,72.4,64.98,NA,NA,0,0,NA,NA,43.354,88.051,NA,250.557,281,0,0
1995-06-22,0,NA,NA,27.85,69.62,NA,NA,0,0,NA,NA,50.746,109.471,NA,282.329,578,218,267
1995-06-23,0,NA,NA,77.97,64.98,NA,NA,0,922.03,NA,NA,110.912,427.073,NA,275.894,632,613,660
1995-06-24,0,NA,NA,33.42,34.81,NA,NA,0,0,NA,NA,169.248,734.049,NA,294.084,751,730,784
1995-06-25,0,NA,NA,0,0,NA,NA,0,0,NA,NA,193.157,309.716,NA,282.068,752,738,788
1995-06-26,0,NA,NA,77.97,64.98,NA,NA,0,1291.5,NA,NA,247.463,1345.255,NA,283.814,851,829,928
1995-06-27,0,NA,NA,13.92,64.98,NA,NA,0,854.491,NA,NA,276.859,1138.279,NA,265.476,1135,1028,1199
1995-06-28,0,NA,NA,22.28,0,NA,NA,0,0,NA,NA,253.731,1563.074,NA,198.489,1345,1034,1278
1995-06-29,84.728,NA,NA,83.54,69.62,NA,NA,0,0,NA,NA,213.243,1675.067,NA,176.023,1189,912,1100
1995-06-30,98.282,NA,NA,61.26,69.62,NA,NA,0,17.133,NA,NA,184.6,1791.774,NA,214.467,849,652,773
1995-07-01,123.528,NA,NA,0,0,NA,NA,0,0,NA,NA,169.789,1703.091,NA,158.867,448,426,459
1995-07-02,101.325,NA,NA,0,0,NA,NA,0,0,NA,NA,162.965,2380.234,NA,143.874,428,424,460
1995-07-03,0,NA,NA,83.54,69.62,NA,NA,0,0,NA,NA,173.28,1925.1,NA,138.37,454,214,236
1995-07-04,0,NA,NA,0,0,NA,NA,0,0,NA,NA,167.115,1925.696,NA,142.867,497,0,0
1995-07-05,0,NA,NA,0,0,NA,NA,0,0,NA,NA,162.136,1926.642,NA,138.016,297,0,0
1995-07-06,0,NA,NA,0,0,NA,NA,0,0,NA,NA,146.282,1068.343,NA,149.049,0,0,0
1995-07-07,0,NA,NA,0,0,NA,NA,0,0,NA,NA,109.812,751.071,NA,135.079,0,0,0
1995-07-08,0,NA,NA,0,0,NA,NA,0,0,NA,NA,103.637,1055.048,NA,128.073,0,0,0
1995-07-09,0,NA,NA,0,0,NA,NA,0,0,NA,NA,71.353,960.788,NA,109.351,0,0,0
1995-07-10,0,NA,NA,0,0,NA,NA,0,0,NA,NA,79.957,495.512,NA,115.788,0,0,0
1995-07-11,0.201,NA,NA,77.97,64.98,NA,NA,0,0,NA,NA,62.615,855.245,NA,131.505,0,0,0
1995-07-12,0,NA,NA,0,0,NA,NA,0,0,NA,NA,70.64,512.236,NA,163.229,0,0,0
1995-07-13,0,NA,NA,72.4,0,NA,NA,0,0,NA,NA,70.272,617.396,NA,167.59,0,0,0
1995-07-14,0,NA,NA,0,0,NA,NA,0,1494.643,NA,NA,69.245,532.77,NA,195.806,196,198,241
1995-07-15,0,NA,NA,0,0,NA,NA,0,613.995,NA,NA,83.566,343.922,NA,178.542,488,487,519
1995-07-16,0,NA,NA,0,0,NA,NA,0,328.103,NA,NA,70.096,347.807,NA,169.975,444,453,476
1995-07-17,0,NA,NA,44.56,37.13,NA,NA,0,0,NA,NA,96.017,848.214,NA,73.512,264,268,287
1995-07-18,0,NA,NA,83.54,69.62,NA,NA,0,1548.942,NA,NA,100.838,629.579,NA,0,0,0,0
1995-07-19,0,NA,NA,0,0,NA,NA,0,879.188,NA,NA,97.256,920.008,NA,0,0,0,0
1995-07-20,0,NA,NA,0,0,NA,NA,0,579.968,NA,NA,88.462,588.761,NA,0,0,0,0
1995-07-21,0,NA,NA,0,0,NA,NA,0,566.508,NA,NA,113.285,910.006,NA,0,0,0,0
1995-07-22,0,NA,NA,0,0,NA,NA,0,0,NA,NA,134.658,1213.162,NA,0,0,0,0
1995-07-23,0,NA,NA,0,0,NA,NA,0,0,NA,NA,167.108,963.06,NA,0,0,0,0
1995-07-24,0,NA,NA,77.97,64.98,NA,NA,0,0,NA,NA,235.307,715.718,NA,186.504,360,0,0
1995-07-25,0,NA,NA,0,0,NA,NA,0,0,NA,NA,268.216,1167.462,NA,328.483,701,0,0
1995-07-26,0,NA,NA,50.12,34.81,NA,NA,0,0,NA,NA,315.571,1799.409,NA,339.148,706,0,0
1995-07-27,0,NA,NA,103.03,104.43,NA,NA,0,2249.372,NA,NA,399.51,2430.573,NA,383.988,749,353,350
1995-07-28,0,NA,NA,83.54,69.62,NA,NA,0,2267.288,NA,NA,356.839,2698.218,NA,390.574,900,878,922
1995-07-29,0,NA,NA,0,0,NA,NA,0,803.066,NA,NA,316.454,3632.611,NA,394.081,1015,970,1011
1995-07-30,0,NA,NA,0,0,NA,NA,0,716.537,NA,NA,273.153,2863.688,NA,377.145,968,916,957
1995-07-31,0,NA,NA,89.11,69.62,NA,NA,0,1776.18,NA,NA,271.547,3774.208,NA,367.014,1250,1087,1259
1995-08-01,0,NA,NA,233.92,97.46,NA,NA,0,2247.368,NA,NA,235.061,2498.508,NA,371.637,1538,1058,1298
1995-08-02,300.508,NA,NA,55.69,23.21,NA,NA,0,659.728,NA,NA,204.94,4198.331,NA,337.911,1361,914,1099
1995-08-03,89.661,NA,NA,189.36,229.74,NA,NA,0,2049.02,NA,NA,187.639,8049.654,NA,340.975,1335,994,1192
1995-08-04,0,NA,NA,267.33,273.83,NA,NA,0,3847.948,NA,NA,203.584,8460.975,NA,374.074,1422,1105,1415
1995-08-05,0,NA,NA,83.54,69.62,NA,NA,0,2671.439,NA,NA,187.888,8266.753,NA,378.271,1423,1139,1504
1995-08-06,0,NA,NA,0,0,NA,NA,0,920.148,NA,NA,161.452,8742.722,NA,357.743,1311,1068,1441
1995-08-07,0,NA,NA,83.54,104.43,NA,NA,0,0,NA,NA,154.698,7112.014,NA,313.555,1192,952,1321
1995-08-08,213.104,NA,NA,83.54,104.43,NA,NA,0,0,NA,NA,170.682,7814.567,NA,283.989,1096,894,1278
1995-08-09,316.695,NA,NA,0,0,NA,NA,0,0,NA,NA,246.736,6686.549,NA,258.794,1026,743,1190
1995-08-10,259.236,NA,NA,83.54,69.62,NA,NA,0,62.652,NA,NA,388.021,7281.494,NA,252.557,1006,711,1125
1995-08-11,230.395,NA,NA,83.54,69.62,NA,NA,0,0,NA,NA,399.8,6620.583,NA,243.825,946,697,1127
1995-08-12,517.215,NA,NA,0,0,NA,NA,0,459.686,NA,NA,417.874,7037.614,NA,260.849,980,634,1244
1995-08-13,498.486,NA,NA,0,0,NA,NA,0,0,NA,NA,413.469,6681.586,NA,267.315,997,587,1210
1995-08-14,570.756,NA,NA,83.54,69.62,NA,NA,0,0,NA,NA,332.899,6736.94,NA,232.802,899,547,1172
1995-08-15,600.073,NA,NA,0,0,NA,NA,0,515.288,NA,NA,330.143,6747.568,NA,196.852,681,471,587
1995-08-16,629.765,NA,NA,0,0,NA,NA,0,0,NA,NA,219.07,5976.109,NA,212.102,226,224,0
1995-08-17,630.87,NA,NA,61.26,76.58,NA,NA,0,0,NA,NA,199.387,6217.072,NA,230.027,0,0,0
1995-08-18,633.769,NA,NA,0,0,NA,NA,0,373.109,NA,NA,204.351,5458.576,NA,234.117,0,0,0
1995-08-19,551.254,NA,NA,0,0,NA,NA,0,0,NA,NA,221.687,4973.759,NA,228.995,0,0,0
1995-08-20,575.683,NA,NA,0,0,NA,NA,0,0,NA,NA,251.182,4955.929,NA,231.142,0,0,0
1995-08-21,564.462,NA,NA,83.54,55.69,NA,NA,0,503.513,NA,NA,302.741,4267.135,NA,249.039,0,0,0
1995-08-22,326.389,NA,NA,83.54,64.98,NA,NA,0,610.608,NA,NA,311.896,4243.924,NA,258.367,0,0,0
1995-08-23,0,NA,NA,183.79,153.16,NA,NA,0,1151.48,NA,NA,287.64,4178.654,NA,318.882,0,0,0
1995-08-24,0,NA,NA,267.33,222.78,NA,NA,0,3173.994,NA,NA,304.003,4699.081,NA,382.983,1102,1026,950
1995-08-25,19.377,NA,NA,178.22,148.52,NA,NA,0,4470.774,NA,NA,301.382,5331.039,NA,406.58,1795,1533,1884
1995-08-26,23.588,NA,NA,0,0,NA,NA,0,4475.885,NA,NA,330.001,6671.234,NA,430.118,1814,1237,1610
1995-08-27,24.034,NA,NA,0,0,NA,NA,0,3741.217,NA,NA,324.31,6612.237,NA,435.773,1846,1152,1487
1995-08-28,24.041,NA,NA,158.73,222.78,NA,NA,0,3252.938,NA,NA,307.959,6980.379,NA,445.056,1969,1124,1501
1995-08-29,24.42,NA,NA,133.67,259.91,NA,NA,0,2593.645,NA,NA,295.997,6636.764,NA,446.224,1960,1170,1607
1995-08-30,24.584,NA,NA,0,37.13,NA,NA,0,2117.037,NA,NA,235.076,6437.506,NA,449.341,2081,1297,1723
1995-08-31,24.738,NA,NA,0,0,NA,NA,0,1536.476,NA,NA,226.391,7091.297,NA,439.004,2086,1260,1676
1995-09-01,37.673,NA,NA,27.85,60.34,NA,NA,0,609.4,NA,NA,231.495,7609.118,NA,421.975,2046,1185,1618
1995-09-02,25.357,NA,NA,0,0,NA,NA,0,1658.074,NA,NA,244.118,8481.312,NA,414.346,2028,1099,1571
1995-09-03,25.452,NA,NA,83.54,104.43,NA,NA,0,1631.94,NA,NA,281.714,8519.527,NA,411.358,2067,1097,1547
1995-09-04,25.541,NA,NA,0,0,NA,NA,0,1117.079,NA,NA,262.907,7982.229,NA,400.771,2050,1080,1515
1995-09-05,78.019,NA,NA,83.54,104.43,NA,NA,0,840.325,NA,NA,258.522,7887.366,NA,386.773,1952,1043,1476
1995-09-06,135.632,NA,NA,183.79,183.33,NA,NA,0,872.905,NA,NA,236.065,8078.147,NA,384.809,1647,1041,1447
1995-09-07,237.936,NA,NA,208.85,69.62,NA,NA,0,1006.647,NA,NA,281.658,7522.581,NA,364.205,1555,983,1384
1995-09-08,62.84,NA,NA,97.46,194.93,NA,NA,0,2283.775,NA,NA,318.829,7158.741,NA,356.145,1507,1023,1480
1995-09-09,197.361,NA,NA,128.1,104.43,NA,NA,0,1039.902,NA,NA,255.999,7513.416,NA,347.564,1466,979,1434
1995-09-10,198.387,NA,NA,0,160.12,NA,NA,0,732.244,NA,NA,243.937,8400.227,NA,342.6,1417,907,1400
1995-09-11,0,NA,NA,194.93,222.78,NA,NA,0,2558.2,NA,NA,250.354,8524.543,NA,369.002,1502,953,1480
1995-09-12,59.268,NA,NA,267.33,334.17,NA,NA,0,2743.163,NA,NA,234.221,8347.52,NA,385.922,1564,954,1512
1995-09-13,248.052,NA,NA,83.54,104.43,NA,NA,0,2753.688,NA,NA,190.777,8470.333,NA,391.846,1749,1039,1438
1995-09-14,346.02,NA,NA,83.54,69.62,NA,NA,0,1405.842,NA,NA,156.534,8082.642,NA,385.117,2007,1060,1396
1995-09-15,448.692,NA,NA,41.77,69.62,NA,NA,0,962.194,NA,NA,159.698,7908.803,NA,366.154,1766,983,1328
1995-09-16,471.396,NA,NA,0,0,NA,NA,0,778.841,NA,NA,189.117,7538.612,NA,352.251,1665,906,1255
1995-09-17,338.877,NA,NA,0,0,NA,NA,0,694.298,NA,NA,205.818,7371.075,NA,336.525,1499,884,1246
1995-09-18,489.784,NA,NA,83.54,104.43,NA,NA,0,0,NA,NA,223.854,7076.257,NA,319.091,1426,857,1200
1995-09-19,395.181,NA,NA,83.54,104.43,NA,NA,0,0,NA,NA,253.091,6569.125,NA,303.266,978,668,838
1995-09-20,491.838,NA,NA,83.54,104.43,NA,NA,0,0,NA,NA,304.233,6082.379,NA,147.092,273,245,244
1995-09-21,493.824,NA,NA,0,0,NA,NA,0,620.956,NA,NA,311.063,5192.083,NA,0.417,0,0,0
1995-09-22,450.418,NA,NA,61.26,69.62,NA,NA,0,487.009,NA,NA,200.166,5260.794,NA,0,0,0,0
1995-09-23,289.846,NA,NA,0,0,NA,NA,0,497.868,NA,NA,239.143,3792.403,NA,0,0,0,0
1995-09-24,445.865,NA,NA,0,0,NA,NA,0,492.375,NA,NA,258.632,4505.868,NA,0,0,0,0
1995-09-25,497.367,NA,NA,0,0,NA,NA,0,472.043,NA,NA,247.976,3711.771,NA,0,0,0,0
1995-09-26,498.166,NA,NA,0,0,NA,NA,0,0,NA,NA,249.777,3326.581,NA,0,0,0,0
1995-09-27,438.526,NA,NA,83.54,69.62,NA,NA,0,29.164,NA,NA,274.493,2961.827,NA,0,0,0,0
1995-09-28,285.068,NA,NA,83.54,69.62,NA,NA,0,0,NA,NA,308.583,2894.414,NA,0,0,0,0
1995-09-29,327.656,NA,NA,0,0,NA,NA,0,653.341,NA,NA,337.016,2562.687,NA,0,0,0,0
1995-09-30,396.273,NA,NA,0,0,NA,NA,0,0,NA,NA,336.225,1968.196,NA,0,0,0,0
1995-10-01,214.648,NA,NA,0,0,NA,NA,0,0,NA,NA,336.676,1944.735,NA,0,0,0,0
1995-10-02,277.702,NA,NA,77.97,64.98,NA,NA,0,640.127,NA,NA,373.951,1560.071,NA,0,0,0,0
1995-10-03,279.11,NA,NA,83.54,69.62,NA,NA,0,678.299,NA,NA,365.892,1725.257,NA,0,0,0,0
1995-10-04,343.556,NA,NA,0,0,NA,NA,0,643.148,NA,NA,335.559,1548.211,NA,0,0,0,0
1995-10-05,353.737,NA,NA,0,0,NA,NA,0,596.852,NA,NA,341.212,1751.264,NA,0,0,0,0
1995-10-06,43.291,NA,NA,77.97,111.39,NA,NA,0,1358.445,NA,NA,328.452,2200.362,NA,0,0,0,0
1995-10-07,76.13,NA,NA,0,0,NA,NA,0,542.191,NA,NA,312.223,2325.096,NA,0,0,0,0
1995-10-08,0,NA,NA,66.83,83.54,NA,NA,0,1885.608,NA,NA,280.097,2293.387,NA,0,0,0,0
1995-10-09,0,NA,NA,0,0,NA,NA,0,2016.24,NA,NA,259.925,4106.954,NA,0,0,0,0
1995-10-10,189.517,NA,NA,83.54,104.43,NA,NA,0,2003.787,NA,NA,240.329,3051.781,NA,0,0,0,0
1995-10-11,506.114,NA,NA,0,0,NA,NA,0,895.391,NA,NA,216.798,3875.197,NA,0,0,0,0
1995-10-12,506.433,NA,NA,0,0,NA,NA,0,733.461,NA,NA,216.28,3980.934,NA,0,0,0,0
1995-10-13,133.917,NA,NA,83.54,104.43,NA,NA,0,652.804,NA,NA,232.937,3798.758,NA,0,0,0,0
1995-10-14,0,NA,NA,41.77,104.43,NA,NA,0,1000.654,NA,NA,304.989,4073.286,NA,0,0,0,0
1995-10-15,0,NA,NA,64.05,122.99,NA,NA,0,1670.228,NA,NA,364.436,4591.379,NA,0,0,0,0
1995-10-16,0,NA,NA,91.9,229.74,NA,NA,0,3545.296,NA,NA,390.177,4633.644,NA,289.524,484,467,472
1995-10-17,0,NA,NA,286.82,259.91,NA,NA,0,4252.381,NA,NA,385.544,5541.102,NA,553.973,1733,1676,1815
1995-10-18,0,NA,NA,401,334.17,NA,NA,744.283,4478.436,NA,NA,382.602,7400.378,NA,550.64,2609,2461,2690
1995-10-19,0,NA,NA,401,334.17,NA,NA,1403.879,4506.542,NA,NA,380.645,7473.046,NA,549.666,2470,2351,2418
1995-10-20,289.142,NA,NA,401,334.17,NA,NA,1402.585,4374.117,NA,NA,379.021,7602.311,NA,549.358,2439,2438,2309
1995-10-21,315.711,NA,NA,401,334.17,NA,NA,1494.977,3853.319,NA,NA,373.85,7360.628,NA,545.493,2373,2365,2212
1995-10-22,394.287,NA,NA,300.75,257.59,NA,NA,215.454,3984.546,NA,NA,365.993,6954.971,NA,536.986,2302,2308,2131
1995-10-23,437.333,NA,NA,192.14,146.2,NA,NA,0,4087.048,NA,NA,332.077,6407.215,NA,520.491,2236,2273,2078
1995-10-24,505.137,NA,NA,125.31,104.43,NA,NA,0,3536.478,NA,NA,272.685,6452.183,NA,503.757,2143,2205,2005
1995-10-25,503.623,NA,NA,125.31,104.43,NA,NA,0,2975.191,NA,NA,244.796,5628.467,NA,492.132,2083,2174,1963
1995-10-26,503.284,NA,NA,0,0,NA,NA,0,2650.317,NA,NA,242.57,5840.785,NA,475.963,2026,2210,2079
1995-10-27,501.558,NA,NA,83.54,104.43,NA,NA,0,2190.72,NA,NA,214.137,5227.082,NA,459.539,1957,2225,2134
1995-10-28,502.015,NA,NA,0,0,NA,NA,0,2006.384,NA,NA,201.169,5105.099,NA,434.066,1901,2213,2095
1995-10-29,548.533,NA,NA,0,0,NA,NA,0,1553.311,NA,NA,199.535,3813.389,NA,409.385,1839,2154,2057
1995-10-30,550.085,NA,NA,83.54,104.43,NA,NA,0,1242.44,NA,NA,204.476,4091.381,NA,392.187,1727,2048,2011
1995-10-31,500.572,NA,NA,175.44,146.2,NA,NA,0,411.36,NA,NA,213.088,3959.684,NA,377.466,1368,1626,1665
1995-11-01,501.074,NA,NA,208.85,181.01,NA,NA,0,897.422,NA,NA,227.507,3217.145,NA,368.402,1159,1305,1413
1995-11-02,533.208,NA,NA,83.54,69.62,NA,NA,0,1001.234,NA,NA,259.483,2652.078,NA,358.222,1155,1316,1396
1995-11-03,501.682,NA,NA,66.83,64.98,NA,NA,0,759.676,NA,NA,287.848,2249.358,NA,347.854,909,1079,1086
1995-11-04,545.143,NA,NA,0,0,NA,NA,0,0,NA,NA,293.223,1969.576,NA,337.284,579,761,621
1995-11-05,577.362,NA,NA,0,0,NA,NA,0,0,NA,NA,305.878,1784.059,NA,329.511,587,783,639
1995-11-06,578.058,NA,NA,0,0,NA,NA,0,0,NA,NA,319.051,1788.193,NA,319.16,594,443,396
1995-11-07,579.023,NA,NA,0,0,NA,NA,0,0,NA,NA,279.065,1808.99,NA,178.233,363,0,0
1995-11-08,580.308,NA,NA,83.54,69.62,NA,NA,0,739.93,NA,NA,180.322,1771.019,NA,0,0,0,0
1995-11-09,581.928,NA,NA,61.26,51.05,NA,NA,0,1010.914,NA,NA,173.299,2002.531,NA,0,0,0,0
1995-11-10,582.766,NA,NA,0,0,NA,NA,0,605.283,NA,NA,178.243,2144.462,NA,0,0,0,0
1995-11-11,579.249,NA,NA,0,0,NA,NA,0,0,NA,NA,181.402,1718.201,NA,0,0,0,0
1995-11-12,588.717,NA,NA,0,0,NA,NA,0,498.393,NA,NA,237.104,1870.219,NA,0,0,0,0
1995-11-13,582.546,NA,NA,0,0,NA,NA,0,0,NA,NA,247.035,1716.751,NA,0,0,0,0
1995-11-14,583.232,NA,NA,0,0,NA,NA,0,618.617,NA,NA,269.461,1536.303,NA,0,0,0,0
1995-11-15,584.154,NA,NA,0,0,NA,NA,0,483.847,NA,NA,293.091,1561.047,NA,0,0,0,0
1995-11-16,612.403,NA,NA,0,0,NA,NA,0,465.81,NA,NA,288.874,1567.562,NA,0,0,0,0
1995-11-17,610.035,NA,NA,72.4,60.34,NA,NA,0,485.057,NA,NA,298.742,1149.466,NA,0,0,0,0
1995-11-18,586.405,NA,NA,0,0,NA,NA,0,516.882,NA,NA,296.526,947.951,NA,0,0,0,0
1995-11-19,666.999,NA,NA,0,0,NA,NA,0,600.274,NA,NA,326.717,638.507,NA,0,0,0,0
1995-11-20,627.212,NA,NA,0,0,NA,NA,0,516.69,NA,NA,316.559,357.008,NA,0,0,0,0
1995-11-21,628.828,NA,NA,0,0,NA,NA,0,499.832,NA,NA,315.936,158.538,NA,0,0,0,0
1995-11-22,552.14,NA,NA,77.97,64.98,NA,NA,0,512.21,NA,NA,313.403,93.422,NA,0,0,0,0
1995-11-23,563.807,NA,NA,0,0,NA,NA,0,0,NA,NA,310.227,301.503,NA,0,0,0,0
1995-11-24,581.192,NA,NA,0,0,NA,NA,0,645.984,NA,NA,328.53,365.063,NA,0,0,0,0
1995-11-25,581.593,NA,NA,0,0,NA,NA,0,514.058,NA,NA,330.844,153.676,NA,0,0,0,0
1995-11-26,582.128,NA,NA,0,0,NA,NA,0,515.927,NA,NA,315.486,203.783,NA,0,0,0,0
1995-11-27,581.363,NA,NA,0,0,NA,NA,0,515.159,NA,NA,311.788,219.881,NA,0,0,0,0
1995-11-28,580.432,NA,NA,0,0,NA,NA,0,493.444,NA,NA,315.276,153.211,NA,0,0,0,0
1995-11-29,403.423,NA,NA,50.12,23.21,NA,NA,0,486.507,NA,NA,310.907,111.117,NA,0,0,0,0
1995-11-30,487.49,NA,NA,0,0,NA,NA,0,341.081,NA,NA,311.661,318.597,NA,0,0,0,0
1995-12-01,523.225,NA,NA,0,0,NA,NA,0,505.205,NA,NA,329.697,341.563,NA,0,0,0,0
1995-12-02,581.859,NA,NA,0,0,NA,NA,0,0,NA,NA,312.193,774.404,NA,0,0,0,0
1995-12-03,561.166,NA,NA,0,0,NA,NA,0,593.465,NA,NA,329.908,1021.456,NA,0,0,0,0
1995-12-04,550.457,NA,NA,0,0,NA,NA,0,459.545,NA,NA,331.339,593.48,NA,0,0,0,0
1995-12-05,551.304,NA,NA,0,0,NA,NA,0,500.948,NA,NA,321.945,923.171,NA,0,0,0,0
1995-12-06,551.371,NA,NA,0,0,NA,NA,0,1.046,NA,NA,331.325,1890.116,NA,0,0,0,0
1995-12-07,496.121,NA,NA,0,0,NA,NA,0,636.129,NA,NA,332.086,2301.396,NA,0,0,0,0
1995-12-08,375.518,NA,NA,0,0,NA,NA,0,418.115,NA,NA,332.793,2423.061,NA,0,0,0,0
1995-12-09,398.343,NA,NA,0,0,NA,NA,0,0,NA,NA,331.599,2880.383,NA,0,0,0,0
1995-12-10,360.367,NA,NA,0,0,NA,NA,0,466.605,NA,NA,335.074,2266.467,NA,0,0,0,0
1995-12-11,327.063,NA,NA,0,0,NA,NA,0,490.773,NA,NA,337.819,2411.257,NA,0,0,0,0
1995-12-12,428.744,NA,NA,0,0,NA,NA,0,0,NA,NA,336.01,2311.3,NA,0,0,0,0
1995-12-13,345.927,NA,NA,0,0,NA,NA,0,0,NA,NA,335.077,2474.353,NA,0,0,0,0
1995-12-14,189.962,NA,NA,50.12,37.13,NA,NA,0,553.062,NA,NA,336.919,2217.891,NA,0,0,0,0
1995-12-15,227.115,NA,NA,0,0,NA,NA,0,492.242,NA,NA,339.181,2019.089,NA,0,0,0,0
1995-12-16,381.734,NA,NA,0,0,NA,NA,0,0,NA,NA,340.313,2038.786,NA,0,0,0,0
1995-12-17,427.938,NA,NA,0,0,NA,NA,0,519.111,NA,NA,341.518,2044.665,NA,0,0,0,0
1995-12-18,384.315,NA,NA,0,0,NA,NA,0,0,NA,NA,336.988,1970.522,NA,0,0,0,0
1995-12-19,329.912,NA,NA,0,0,NA,NA,0,306.318,NA,NA,344.195,1448.092,NA,0,0,0,0
1995-12-20,291.591,NA,NA,0,0,NA,NA,0,0,NA,NA,331.615,946.563,NA,0,0,0,0
1995-12-21,369.293,NA,NA,0,0,NA,NA,0,0,NA,NA,349.611,434.069,NA,0,0,0,0
1995-12-22,426.703,NA,NA,0,0,NA,NA,0,0,NA,NA,349.424,1001.061,NA,0,0,0,0
1995-12-23,264.018,NA,NA,0,0,NA,NA,0,0,NA,NA,350.525,894.779,NA,0,0,0,0
1995-12-24,375.975,NA,NA,0,0,NA,NA,0,0,NA,NA,350.007,296.756,NA,0,0,0,0
1995-12-25,363.66,NA,NA,0,0,NA,NA,0,0,NA,NA,349.392,584.102,NA,0,0,0,0
1995-12-26,353.591,NA,NA,0,0,NA,NA,0,659.466,NA,NA,347.743,240.048,NA,0,0,0,0
1995-12-27,353.853,NA,NA,0,0,NA,NA,0,0,NA,NA,348.776,442.672,NA,0,0,0,0
1995-12-28,352.557,NA,NA,0,0,NA,NA,0,0,NA,NA,349.423,672.942,NA,0,0,0,0
1995-12-29,353.171,NA,NA,0,0,NA,NA,0,715.558,NA,NA,346.881,619.183,NA,0,0,0,0
1995-12-30,343.432,NA,NA,0,0,NA,NA,0,0,NA,NA,345.117,1031.459,NA,0,0,0,0
1995-12-31,246.274,NA,NA,0,0,NA,NA,0,0,NA,NA,345.141,735.687,NA,0,0,0,0
1996-01-01,290.055,NA,NA,0,0,NA,NA,0,0,NA,NA,347.16,858.513,NA,0,0,0,0
1996-01-02,380.083,NA,NA,0,0,NA,NA,0,469.95,NA,NA,348.472,1571.728,NA,0,0,0,0
1996-01-03,98.063,NA,NA,61.26,55.69,NA,NA,0,763.963,NA,NA,347.447,2414.716,NA,0,0,0,0
1996-01-04,234.64,NA,NA,0,0,NA,NA,0,768.693,NA,NA,342.94,2854.713,NA,0,0,0,0
1996-01-05,364.012,NA,NA,0,0,NA,NA,0,526.084,NA,NA,338.872,2911.074,NA,0,0,0,0
1996-01-06,392.344,NA,NA,0,0,NA,NA,0,0,NA,NA,338.789,3336.425,NA,0,0,0,0
1996-01-07,139.115,NA,NA,0,0,NA,NA,0,0,NA,NA,337.534,2983.937,NA,0,0,0,0
1996-01-08,313.108,NA,NA,0,0,NA,NA,0,703.715,NA,NA,345.183,2920.811,NA,0,0,0,0
1996-01-09,237.704,NA,NA,0,0,NA,NA,0,501.734,NA,NA,344.92,3067.168,NA,0,0,0,0
1996-01-10,285.761,NA,NA,0,0,NA,NA,0,509.007,NA,NA,342.484,2877.09,NA,0,0,0,0
1996-01-11,358.619,NA,NA,0,0,NA,NA,0,0,NA,NA,316.643,2945.724,NA,0,0,0,0
1996-01-12,356.9,NA,NA,0,0,NA,NA,0,856.327,NA,NA,289.373,3056.066,NA,0,0,0,0
1996-01-13,358.906,NA,NA,0,0,NA,NA,0,0,NA,NA,347.361,2769.358,NA,0,0,0,0
1996-01-14,374.057,NA,NA,0,0,NA,NA,0,0,NA,NA,344.659,3293.886,NA,0,0,0,0
1996-01-15,378.529,NA,NA,0,0,NA,NA,0,0,NA,NA,345.374,3557.384,NA,0,0,0,0
1996-01-16,428.855,NA,NA,15.78,13.92,NA,NA,0,876.042,NA,NA,315.395,3111.426,NA,0,0,0,0
1996-01-17,360.745,NA,NA,0,0,NA,NA,0,732.597,NA,NA,346.213,3565.511,NA,0,0,0,0
1996-01-18,355.909,NA,NA,0,0,NA,NA,0,655.122,NA,NA,341.839,3692.646,NA,0,0,0,0
1996-01-19,356.898,NA,NA,15.78,13.92,NA,NA,0,507.104,NA,NA,366.168,3320.189,NA,0,0,0,0
1996-01-20,359.074,NA,NA,0,0,NA,NA,0,0,NA,NA,332.944,3802.15,NA,0,0,0,0
1996-01-21,356.356,NA,NA,0,0,NA,NA,0,0,NA,NA,353.674,3486.765,NA,0,0,0,0
1996-01-22,358.286,NA,NA,7.89,6.96,NA,NA,0,751.17,NA,NA,380.287,3363.994,NA,0,0,0,0
1996-01-23,357.916,NA,NA,0,0,NA,NA,0,633.326,NA,NA,382.653,3617.009,NA,0,0,0,0
1996-01-24,357.725,NA,NA,0,0,NA,NA,0,507.72,NA,NA,360.46,3017.804,NA,0,0,0,0
1996-01-25,245.29,NA,NA,0,0,NA,NA,0,0,NA,NA,356.18,2752.86,NA,0,0,0,0
1996-01-26,328.606,NA,NA,30.63,27.85,NA,NA,0,0,NA,NA,383.388,2867.724,NA,0,0,0,0
1996-01-27,334.123,NA,NA,0,0,NA,NA,0,675.973,NA,NA,400.027,1935.85,NA,0,0,0,0
1996-01-28,391.872,NA,NA,0,0,NA,NA,0,0,NA,NA,401.314,1454.923,NA,0,0,0,0
1996-01-29,426.034,NA,NA,0,0,NA,NA,0,0,NA,NA,399.485,1679.219,NA,0,0,0,0
1996-01-30,340.808,NA,NA,51.05,76.58,NA,NA,0,0,NA,NA,382.588,1659.437,NA,0,0,0,0
1996-01-31,354.209,NA,NA,0,0,NA,NA,0,698.154,NA,NA,386.106,1623.163,NA,0,0,0,0
1996-02-01,354.269,NA,NA,0,0,NA,NA,0,534.004,NA,NA,379.163,1386.792,NA,0,0,0,0
1996-02-02,419.498,NA,NA,0,0,NA,NA,0,446.603,NA,NA,342.361,1271.226,NA,0,0,0,0
1996-02-03,336.436,NA,NA,0,0,NA,NA,0,0,NA,NA,358.353,1111.037,NA,0,0,0,0
1996-02-04,429.249,NA,NA,0,0,NA,NA,0,0,NA,NA,362.786,1656.587,NA,0,0,0,0
1996-02-05,404.02,NA,NA,0,0,NA,NA,0,0,NA,NA,351.298,1286.934,NA,182.186,265,0,0
1996-02-06,396.819,NA,NA,0,0,NA,NA,0,0,NA,NA,324.633,1016.807,NA,386.828,800,0,0
1996-02-07,171.977,NA,NA,0,0,NA,NA,0,3.983,NA,NA,302.996,1468.436,NA,369.75,759,0,0
1996-02-08,0,NA,NA,0,0,NA,NA,0,0,NA,NA,338.017,992.047,NA,357.691,740,0,0
1996-02-09,64.235,NA,NA,0,0,NA,NA,0,66.793,NA,NA,358.144,339.863,NA,348.181,731,0,0
1996-02-10,0,NA,NA,0,0,NA,NA,0,0,NA,NA,384.278,1024.323,NA,340.161,725,0,0
1996-02-11,0,NA,NA,0,0,NA,NA,0,0,NA,NA,404.407,1263.848,NA,330.684,716,0,0
1996-02-12,0,NA,NA,0,0,NA,NA,0,0,NA,NA,403.902,1008.512,NA,318.73,708,0,0
1996-02-13,0,NA,NA,0,0,NA,NA,0,0,NA,NA,402.349,999.549,NA,310.966,700,0,0
1996-02-14,0,NA,NA,0,0,NA,NA,0,0,NA,NA,358.336,980.866,NA,302.754,691,0,0
1996-02-15,0,NA,NA,0,0,NA,NA,0,11.681,NA,NA,377.879,699.203,NA,295.737,377,0,0
1996-02-16,44.823,NA,NA,0,0,NA,NA,0,524.488,NA,NA,341.247,1210.854,NA,301.423,0,0,0
1996-02-17,0,NA,NA,0,0,NA,NA,0,0,NA,NA,341.036,1650.412,NA,301.088,0,0,0
1996-02-18,0,NA,NA,0,0,NA,NA,0,0,NA,NA,337.767,1118.947,NA,298.939,0,0,0
1996-02-19,0,NA,NA,0,0,NA,NA,0,0,NA,NA,316.21,1379.416,NA,298.124,0,0,0
1996-02-20,33.579,NA,NA,0,0,NA,NA,0,0,NA,NA,273.553,822.231,NA,294.975,0,0,0
1996-02-21,113.917,NA,NA,0,0,NA,NA,0,0,NA,NA,276.005,1247.293,NA,292.444,0,0,0
1996-02-22,8.2,NA,NA,0,0,NA,NA,0,0,NA,NA,297.373,1319.483,NA,289.287,0,0,0
1996-02-23,40.682,NA,NA,0,0,NA,NA,0,53.633,NA,NA,247.531,1730.967,NA,284.099,0,0,0
1996-02-24,111.645,NA,NA,0,0,NA,NA,0,0,NA,NA,161.099,1297.997,NA,280.063,0,0,0
1996-02-25,82.334,NA,NA,0,0,NA,NA,0,0,NA,NA,133.382,1073.443,NA,278.203,0,0,0
1996-02-26,49.131,NA,NA,0,0,NA,NA,0,0,NA,NA,194.486,1363.297,NA,276.27,0,0,0
1996-02-27,20.347,NA,NA,0,0,NA,NA,0,0,NA,NA,138.483,1580.455,NA,271.464,0,0,0
1996-02-28,8.4,NA,NA,0,13.92,NA,NA,0,0,NA,NA,92.206,1379.434,NA,265.084,0,0,0
1996-02-29,22.956,NA,NA,15.78,0,NA,NA,0,0,NA,NA,69.641,1185.889,NA,260.255,0,0,0
1996-03-01,0,NA,NA,0,0,NA,NA,0,0,NA,NA,114.07,1166.487,NA,249.525,0,0,0
1996-03-02,0,NA,NA,0,0,NA,NA,0,0,NA,NA,139.109,1248.886,NA,249.713,0,0,0
1996-03-03,0,NA,NA,0,0,NA,NA,0,0,NA,NA,139.2,1411.975,NA,251.317,0,0,0
1996-03-04,28.961,NA,NA,0,0,NA,NA,0,0,NA,NA,87.191,1090.688,NA,256.2,0,0,0
1996-03-05,97.417,NA,NA,0,0,NA,NA,0,0,NA,NA,69.707,1181.466,NA,248.493,0,0,0
1996-03-06,0,NA,NA,0,0,NA,NA,0,0,NA,NA,69.489,743.22,NA,234.02,0,0,0
1996-03-07,12.117,NA,NA,0,0,NA,NA,0,0,NA,NA,27.428,809.387,NA,222.918,0,0,0
1996-03-08,38.666,NA,NA,0,0,NA,NA,0,0,NA,NA,0,1340.474,NA,212.44,0,0,0
1996-03-09,0,NA,NA,0,0,NA,NA,0,0,NA,NA,16.942,1337.29,NA,206.463,0,0,0
1996-03-10,0,NA,NA,0,0,NA,NA,0,0,NA,NA,70.253,1390.941,NA,210.477,0,0,0
1996-03-11,0,NA,NA,69.62,58.01,NA,NA,0,312.546,NA,NA,182.475,2302.867,NA,254.478,0,0,0
1996-03-12,0,NA,NA,41.77,37.13,NA,NA,0,2144.111,NA,NA,301.305,2160.918,NA,313.735,0,0,0
1996-03-13,19.135,NA,NA,0,0,NA,NA,0,994.125,NA,NA,313.855,1477.65,NA,331.489,0,0,0
1996-03-14,0,NA,NA,0,0,NA,NA,0,0,NA,NA,279.09,857.711,NA,314.77,0,0,0
1996-03-15,0,NA,NA,0,0,NA,NA,0,0,NA,NA,282.813,1258.644,NA,304.408,0,0,0
1996-03-16,0,NA,NA,0,0,NA,NA,0,0,NA,NA,333.043,1583.256,NA,300.129,0,0,0
1996-03-17,0,NA,NA,0,0,NA,NA,0,0,NA,NA,301.956,1260.477,NA,292.249,0,0,0
1996-03-18,0,NA,NA,94.68,83.54,NA,NA,0,0,NA,NA,248.172,1130.556,NA,279.054,0,0,0
1996-03-19,0,NA,NA,0,0,NA,NA,0,0,NA,NA,265.061,1025.991,NA,272.358,0,0,0
1996-03-20,0,NA,NA,0,0,NA,NA,0,0,NA,NA,276.539,1008.9,NA,273.137,0,0,0
1996-03-21,0,NA,NA,0,0,NA,NA,0,0,NA,NA,276.562,1340.444,NA,260.225,0,0,0
1996-03-22,0,NA,NA,0,0,NA,NA,0,0,NA,NA,276.377,1475.079,NA,258.732,0,0,0
1996-03-23,36.828,NA,NA,0,0,NA,NA,0,0,NA,NA,248.901,1175.524,NA,257.262,0,0,0
1996-03-24,81.232,NA,NA,0,0,NA,NA,0,0,NA,NA,163.406,1071.583,NA,257.008,0,0,0
1996-03-25,7.246,NA,NA,0,0,NA,NA,0,0,NA,NA,97.821,1064.846,NA,252.827,0,0,0
1996-03-26,0,NA,NA,0,0,NA,NA,0,0,NA,NA,69.764,1063.494,NA,243.271,0,0,0
1996-03-27,0,NA,NA,0,0,NA,NA,0,0,NA,NA,69.59,1062.042,NA,240.6,0,0,0
1996-03-28,0,NA,NA,0,62.66,NA,NA,0,63.597,NA,NA,69.373,1669.213,NA,232.696,0,0,0
1996-03-29,0,NA,NA,71.01,55.69,NA,NA,0,0,NA,NA,69.636,1847.767,NA,229.304,0,0,0
1996-03-30,0,NA,NA,44.56,0,NA,NA,0,0,NA,NA,123.459,1831.699,NA,223.758,0,0,0
1996-03-31,0,NA,NA,72.4,104.43,NA,NA,0,2318.649,NA,NA,305.3,2594.815,NA,272.221,0,0,0
1996-04-01,0,NA,NA,45.95,46.41,NA,NA,0,3378.304,NA,NA,309.892,3067.14,NA,330.15,0,0,0
1996-04-02,0,NA,NA,0,0,NA,NA,0,1115.875,NA,NA,232.416,2915.837,NA,325.531,358,0,0
1996-04-03,0,NA,NA,0,0,NA,NA,0,0,NA,NA,156.254,3867.21,NA,294.92,722,0,0
1996-04-04,0,NA,NA,0,0,NA,NA,0,42.837,NA,NA,136.875,2926.496,NA,272.09,696,0,0
1996-04-05,0,NA,NA,0,0,NA,NA,0,0,NA,NA,138.262,3064.898,NA,254.193,682,0,0
1996-04-06,0,NA,NA,0,0,NA,NA,0,0,NA,NA,139.186,3442.878,NA,238.024,668,0,0
1996-04-07,0,NA,NA,0,0,NA,NA,0,0,NA,NA,152.51,3198.077,NA,225.651,658,0,0
1996-04-08,0,NA,NA,84.93,139.24,NA,NA,0,538.01,NA,NA,221.62,3132.817,NA,243.059,662,0,0
1996-04-09,0,NA,NA,32.49,32.49,NA,NA,0,814.507,NA,NA,258.411,3321.352,NA,272.28,639,343,367
1996-04-10,263.619,NA,NA,0,0,NA,NA,0,685.115,NA,NA,207.058,3543.396,NA,256.446,572,615,669
1996-04-11,471.635,NA,NA,0,0,NA,NA,0,83.085,NA,NA,160.057,3159.565,NA,207.238,654,748,833
1996-04-12,498.023,NA,NA,0,0,NA,NA,0,0,NA,NA,141.637,3161.863,NA,155.809,688,803,909
1996-04-13,544.384,NA,NA,0,0,NA,NA,0,0,NA,NA,145.547,3183.441,NA,110.535,569,663,786
1996-04-14,552.972,NA,NA,0,0,NA,NA,0,0,NA,NA,218.255,3141.653,NA,71.427,458,569,688
1996-04-15,183.087,NA,NA,0,0,NA,NA,0,0,NA,NA,290.403,2933.483,NA,25.776,352,436,540
1996-04-16,0,NA,NA,0,0,NA,NA,0,0,NA,NA,347.849,2957.611,NA,17.641,171,192,222
1996-04-17,0,NA,NA,0,0,NA,NA,0,0,NA,NA,363.337,3194.021,NA,51.959,0,0,0
1996-04-18,131.326,NA,NA,0,0,NA,NA,0,0,NA,NA,386.634,3095.579,NA,75.981,0,0,0
1996-04-19,127.437,NA,NA,0,0,NA,NA,0,0,NA,NA,405.325,2721.02,NA,91.901,0,0,0
1996-04-20,114.264,NA,NA,0,0,NA,NA,0,0,NA,NA,415.468,2783.961,NA,99.05,0,0,0
1996-04-21,97.797,NA,NA,0,0,NA,NA,0,0,NA,NA,417.515,2614.644,NA,99.79,0,0,0
1996-04-22,97.995,NA,NA,0,0,NA,NA,0,0,NA,NA,416.983,2467.639,NA,107.83,0,0,0
1996-04-23,98.276,NA,NA,0,0,NA,NA,0,0,NA,NA,428.546,2473.043,NA,105.382,0,0,0
1996-04-24,113.284,NA,NA,0,0,NA,NA,0,0,NA,NA,428.991,2208.845,NA,101.345,0,0,0
1996-04-25,80.812,NA,NA,0,0,NA,NA,0,0,NA,NA,363.688,2294.555,NA,97.326,0,0,0
1996-04-26,0,NA,NA,0,0,NA,NA,0,75.302,NA,NA,337.78,2294.926,NA,101.723,0,0,0
1996-04-27,144.347,NA,NA,0,0,NA,NA,0,0,NA,NA,278.276,1899.119,NA,101.086,0,0,0
1996-04-28,147.112,NA,NA,0,0,NA,NA,0,0,NA,NA,264.026,1546.013,NA,95.599,0,0,0
1996-04-29,71.636,NA,NA,0,0,NA,NA,0,0,NA,NA,286.292,1554.571,NA,87.591,0,0,0
1996-04-30,0,NA,NA,0,0,NA,NA,0,0,NA,NA,301.129,1091.714,NA,136.065,0,0,0
1996-05-01,0,NA,NA,0,0,NA,NA,0,0,NA,NA,340.676,1168.617,NA,92.814,0,0,0
1996-05-02,0,NA,NA,0,0,NA,NA,0,0,NA,NA,309.524,1653.822,NA,121.964,0,0,0
1996-05-03,0,NA,NA,13.92,97.46,NA,NA,0,66.804,NA,NA,329.599,1364.336,NA,212.471,0,0,0
1996-05-04,0,NA,NA,0,0,NA,NA,0,1105.46,NA,NA,380.797,1143.446,NA,235.665,0,0,0
1996-05-05,0,NA,NA,0,0,NA,NA,0,300.685,NA,NA,367.124,994.524,NA,220.272,0,0,0
1996-05-06,0,NA,NA,0,0,NA,NA,0,0,NA,NA,301.474,834.657,NA,184.187,0,0,0
1996-05-07,0,NA,NA,0,0,NA,NA,0,0,NA,NA,245.187,834.65,NA,172.351,0,0,0
1996-05-08,0,NA,NA,0,0,NA,NA,0,0,NA,NA,182.559,631.423,NA,165.531,0,0,0
1996-05-09,0,NA,NA,0,0,NA,NA,0,0,NA,NA,129.535,461.683,NA,159.139,0,0,0
1996-05-10,0,NA,NA,0,0,NA,NA,0,26.88,NA,NA,135.369,358.402,NA,150.191,0,0,0
1996-05-11,0,NA,NA,0,0,NA,NA,0,0,NA,NA,86.476,292.509,NA,138.981,0,0,0
1996-05-12,0,NA,NA,0,0,NA,NA,0,0,NA,NA,71.836,240.544,NA,123.937,0,0,0
1996-05-13,0,NA,NA,0,0,NA,NA,0,0,NA,NA,73.646,313.387,NA,124.793,0,0,0
1996-05-14,0,NA,NA,0,0,NA,NA,0,0,NA,NA,97.069,355.097,NA,129.93,0,0,0
1996-05-15,0,NA,NA,0,0,NA,NA,0,0,NA,NA,106.105,322.917,NA,123.018,0,0,0
1996-05-16,0,NA,NA,0,0,NA,NA,0,0,NA,NA,101.467,210.221,NA,112.826,0,0,0
1996-05-17,0,NA,NA,0,0,NA,NA,0,57.261,NA,NA,84.343,156.714,NA,115,0,0,0
1996-05-18,0,NA,NA,0,0,NA,NA,0,0,NA,NA,68.172,129.775,NA,105.811,0,0,0
1996-05-19,0,NA,NA,0,0,NA,NA,0,0,NA,NA,54.062,130.1,NA,89.564,0,0,0
1996-05-20,0,NA,NA,0,0,NA,NA,0,0,NA,NA,0,129.906,NA,91.111,0,0,0
1996-05-21,0,NA,NA,0,69.62,NA,NA,0,0,NA,NA,84.036,130.831,NA,151.166,0,0,0
1996-05-22,0,NA,NA,38.99,97.46,NA,NA,0,2744.724,NA,NA,162.392,131.488,NA,232.278,0,0,0
1996-05-23,183.65,NA,NA,16.71,69.62,NA,NA,0,2514.975,NA,NA,207.466,132.047,NA,292.825,0,0,0
1996-05-24,424.852,NA,NA,0,0,NA,NA,0,888.206,NA,NA,202.595,132.196,NA,279.482,0,0,0
1996-05-25,131.154,NA,NA,45.95,76.58,NA,NA,0,729.957,NA,NA,97.017,132.914,NA,287.89,0,0,0
1996-05-26,0,NA,NA,40.84,0,NA,NA,0,1080.781,NA,NA,272.599,207.378,NA,306.178,0,0,0
1996-05-27,8.246,NA,NA,56.16,83.54,NA,NA,0,767,NA,NA,238.456,152.353,NA,341.646,0,0,0
1996-05-28,113.486,NA,NA,148.05,176.36,NA,NA,0,649.894,NA,NA,261.163,404.914,NA,341.797,251,229,0
1996-05-29,166.538,NA,NA,163.37,215.81,NA,NA,0,1789.68,NA,NA,319.377,737.9,NA,360.032,777,819,387
1996-05-30,12.632,NA,NA,183.79,232.06,NA,NA,0,2144.582,NA,NA,320.12,1867.341,NA,376.856,1003,1046,1117
1996-05-31,158.105,NA,NA,0,0,NA,NA,0,968.711,NA,NA,272.172,2223.722,NA,378.952,1079,1115,1174
1996-06-01,258.991,NA,NA,0,0,NA,NA,0,538.067,NA,NA,215.354,2095.938,NA,347.071,1019,1062,1105
1996-06-02,258.365,NA,NA,0,0,NA,NA,0,0,NA,NA,200.355,2014.197,NA,286.126,939,994,1046
1996-06-03,257.814,NA,NA,76.58,60.34,NA,NA,0,0,NA,NA,155.251,1364.958,NA,243.522,871,929,991
1996-06-04,257.537,NA,NA,0,0,NA,NA,0,0,NA,NA,165.188,1189.835,NA,208.085,802,871,943
1996-06-05,256.424,NA,NA,0,0,NA,NA,0,0,NA,NA,168.353,837.078,NA,171.855,636,687,749
1996-06-06,309.922,NA,NA,61.26,104.43,NA,NA,0,0,NA,NA,142.914,602,NA,133.512,472,499,538
1996-06-07,340.573,NA,NA,0,0,NA,NA,0,53.74,NA,NA,112.917,179.201,NA,104.105,476,321,296
1996-06-08,293.388,NA,NA,61.26,62.66,NA,NA,0,0,NA,NA,96.147,391.505,NA,78.988,529,147,0
1996-06-09,210.086,NA,NA,66.37,90.5,NA,NA,0,605.32,NA,NA,128.141,303.695,NA,172.633,549,153,0
1996-06-10,0,NA,NA,168.47,0,NA,NA,0,2320.413,NA,NA,137.215,613.934,NA,264.633,753,556,545
1996-06-11,0,NA,NA,61.26,83.54,NA,NA,0,2630.27,NA,NA,107.735,366.308,NA,298.638,940,1010,1114
1996-06-12,0,NA,NA,168.47,222.78,NA,NA,0,1723.954,NA,NA,114.257,415.044,NA,316.649,1130,1157,1260
1996-06-13,0,NA,NA,91.9,132.27,NA,NA,0,2320.234,NA,NA,169.474,417.606,NA,331.213,1338,1378,1508
1996-06-14,15.271,NA,NA,18.56,97.46,NA,NA,0,1554.828,NA,NA,134.402,146.64,NA,329.84,1340,1347,1472
1996-06-15,127.974,NA,NA,0,0,NA,NA,0,838.928,NA,NA,135.053,527.795,NA,301.727,1303,1319,1431
1996-06-16,209.043,NA,NA,0,0,NA,NA,0,654.427,NA,NA,135.155,1029.262,NA,259.788,1247,1249,1358
1996-06-17,75.972,NA,NA,76.58,104.43,NA,NA,0,402.799,NA,NA,98.777,1326.083,NA,245.014,1201,1209,1334
1996-06-18,124.112,NA,NA,76.58,69.62,NA,NA,0,740.295,NA,NA,94.995,785.378,NA,224.943,1161,1177,1296
1996-06-19,99.67,NA,NA,0,0,NA,NA,0,0,NA,NA,99.081,753.568,NA,215.046,1121,1143,1261
1996-06-20,139.633,NA,NA,81.68,174.04,NA,NA,0,0,NA,NA,148.086,1160.923,NA,198.534,1106,1145,1246
1996-06-21,0,NA,NA,117.42,0,NA,NA,0,0,NA,NA,156.051,1093.287,NA,225.812,1197,1261,1349
1996-06-22,0,NA,NA,86.79,118.35,NA,NA,0,878.101,NA,NA,181.68,1093.768,NA,249.063,1254,1294,1360
1996-06-23,0,NA,NA,0,0,NA,NA,0,610.983,NA,NA,215.73,1889.97,NA,247.629,1245,1276,1352
1996-06-24,0,NA,NA,76.58,104.43,NA,NA,0,0,NA,NA,171.22,1203.578,NA,237.756,1393,1345,1430
1996-06-25,86.071,NA,NA,76.58,104.43,NA,NA,0,0,NA,NA,174.623,1350.012,NA,211.686,1410,1203,1370
1996-06-26,165.99,NA,NA,0,0,NA,NA,0,0,NA,NA,221.119,1458.52,NA,167.467,1227,1058,1232
1996-06-27,141.495,NA,NA,77.51,97.46,NA,NA,0,0,NA,NA,241.128,824.429,NA,135.049,1073,956,1172
1996-06-28,127.616,NA,NA,153.16,181.01,NA,NA,0,0,NA,NA,208.727,543.3,NA,148.724,1168,1008,1210
1996-06-29,152.102,NA,NA,81.68,97.46,NA,NA,0,0,NA,NA,244.638,1238.645,NA,170.603,1231,969,1180
1996-06-30,209.193,NA,NA,66.37,83.54,NA,NA,0,0,NA,NA,306.279,1412.697,NA,173.437,1225,972,1125
1996-07-01,181.005,NA,NA,76.58,104.43,NA,NA,0,1119.725,NA,NA,306.67,464.217,NA,152.218,1151,884,1075
1996-07-02,335.989,NA,NA,0,0,NA,NA,0,0,NA,NA,265.17,664.764,NA,102.645,1039,798,1039
1996-07-03,299.044,NA,NA,0,0,NA,NA,0,0,NA,NA,266.293,871.089,NA,55.123,849,736,1019
1996-07-04,326.832,NA,NA,0,0,NA,NA,0,0,NA,NA,274.38,250.942,NA,0,558,702,893
1996-07-05,222.859,NA,NA,74.03,90.5,NA,NA,0,0,NA,NA,203.15,466.428,NA,0,403,1103,832
1996-07-06,162.53,NA,NA,158.26,215.81,NA,NA,0,2294.536,NA,NA,284.774,714.382,NA,228.781,896,833,893
1996-07-07,295.359,NA,NA,104.43,160.12,NA,NA,0,2846.755,NA,NA,274.339,511.738,NA,236.596,1333,836,1048
1996-07-08,324.987,NA,NA,86.79,118.35,NA,NA,0,3084.047,NA,NA,211.922,306.08,NA,232.845,1375,927,1090
1996-07-09,226.733,NA,NA,76.58,104.43,NA,NA,0,2734.275,NA,NA,166.962,302.259,NA,238.496,1312,951,1124
1996-07-10,370.77,NA,NA,115.57,199.57,NA,NA,0,1985.739,NA,NA,143.738,1283.4,NA,230.388,1341,1042,1162
1996-07-11,491.183,NA,NA,34.81,74.26,NA,NA,0,755.338,NA,NA,131.874,1012.212,NA,194.563,1243,1052,1143
1996-07-12,409.43,NA,NA,0,0,NA,NA,0,10.74,NA,NA,120.517,963.227,NA,132.196,1092,983,1141
1996-07-13,285.513,NA,NA,0,0,NA,NA,0,0,NA,NA,165.311,1777.252,NA,151.677,1094,961,1132
1996-07-14,406.536,NA,NA,0,0,NA,NA,0,735.107,NA,NA,226.024,1227.945,NA,132.425,1067,926,1090
1996-07-15,343.734,NA,NA,76.58,69.62,NA,NA,0,14.518,NA,NA,301.975,692.419,NA,102.316,992,872,1080
1996-07-16,358.574,NA,NA,41.77,69.62,NA,NA,0,0,NA,NA,296.489,884.114,NA,84.208,705,679,770
1996-07-17,404.925,NA,NA,0,0,NA,NA,0,0,NA,NA,293.409,563.469,NA,32.105,497,486,531
1996-07-18,407.033,NA,NA,0,0,NA,NA,0,0,NA,NA,296.699,483.75,NA,0,221,211,229
1996-07-19,443.246,NA,NA,0,0,NA,NA,0,0,NA,NA,295.881,410.565,NA,0,0,0,0
1996-07-20,404.037,NA,NA,0,0,NA,NA,0,0,NA,NA,295.167,347.244,NA,0,0,0,0
1996-07-21,405.078,NA,NA,0,0,NA,NA,0,0,NA,NA,295.545,137.283,NA,0,0,0,0
1996-07-22,403.121,NA,NA,81.68,97.46,NA,NA,0,0,NA,NA,295.553,160.974,NA,0,0,0,0
1996-07-23,405.548,NA,NA,0,0,NA,NA,0,0,NA,NA,298.093,124.072,NA,0,0,0,0
1996-07-24,406.82,NA,NA,0,97.46,NA,NA,0,0,NA,NA,348.936,87.433,NA,0,0,0,0
1996-07-25,436.267,NA,NA,71.47,64.98,NA,NA,0,0,NA,NA,370.557,130.309,NA,0,0,0,0
1996-07-26,419.742,NA,NA,0,0,NA,NA,0,0,NA,NA,371.051,146.542,NA,0,0,0,0
1996-07-27,405.049,NA,NA,0,0,NA,NA,0,0,NA,NA,326.704,66.679,NA,0,0,0,0
1996-07-28,318.296,NA,NA,0,0,NA,NA,0,0,NA,NA,297.279,10.977,NA,0,0,0,0
1996-07-29,0,NA,NA,0,0,NA,NA,0,0,NA,NA,296.139,0,NA,0,0,0,0
1996-07-30,0,NA,NA,0,0,NA,NA,0,0,NA,NA,292.625,0,NA,0,0,0,0
1996-07-31,0,NA,NA,0,0,NA,NA,0,0,NA,NA,294.686,0,NA,0,0,0,0
1996-08-01,0,NA,NA,0,0,NA,NA,0,0,NA,NA,294.815,0,NA,0,0,0,0
1996-08-02,33.909,NA,NA,0,0,NA,NA,0,0,NA,NA,273.181,48.19,NA,7.631,0,0,0
1996-08-03,0,NA,NA,0,0,NA,NA,0,0,NA,NA,298.192,427.014,NA,62.079,0,0,0
1996-08-04,0,NA,NA,0,0,NA,NA,0,0,NA,NA,298.234,633.706,NA,61.59,0,0,0
1996-08-05,0,NA,NA,0,0,NA,NA,0,0,NA,NA,296.162,374.6,NA,54.173,0,0,0
1996-08-06,0,NA,NA,0,0,NA,NA,0,0,NA,NA,294.649,50.028,NA,64.932,0,0,0
1996-08-07,0,NA,NA,0,0,NA,NA,0,0,NA,NA,276.307,410.589,NA,62.897,0,0,0
1996-08-08,0,NA,NA,0,0,NA,NA,0,72.965,NA,NA,273.303,431.284,NA,86.263,0,0,0
1996-08-09,0,NA,NA,38.99,64.98,NA,NA,0,561.672,NA,NA,224.105,765.288,NA,94.312,0,0,0
1996-08-10,0,NA,NA,0,0,NA,NA,0,0,NA,NA,287.81,782.528,NA,116.52,0,0,0
1996-08-11,0,NA,NA,0,0,NA,NA,0,691.799,NA,NA,286.135,845.483,NA,109.589,0,0,0
1996-08-12,0,NA,NA,38.99,0,NA,NA,0,22.386,NA,NA,280.823,1908.356,NA,100.984,0,0,0
1996-08-13,0,NA,NA,0,0,NA,NA,0,0,NA,NA,276.2,1715.786,NA,89.171,0,0,0
1996-08-14,0,NA,NA,76.58,69.62,NA,NA,0,0,NA,NA,223.129,1489.577,NA,122.387,0,0,0
1996-08-15,0,NA,NA,0,0,NA,NA,0,0,NA,NA,156.629,1550.31,NA,104.114,0,0,0
1996-08-16,0,NA,NA,38.99,64.98,NA,NA,0,0,NA,NA,139.936,2066.585,NA,93.15,0,0,0
1996-08-17,0,NA,NA,0,0,NA,NA,0,0,NA,NA,106.163,1631.092,NA,84.265,0,0,0
1996-08-18,0,NA,NA,0,0,NA,NA,0,0,NA,NA,70.619,1438.225,NA,76.526,0,0,0
1996-08-19,0,NA,NA,0,0,NA,NA,0,0,NA,NA,70.187,1975.472,NA,93.085,0,0,0
1996-08-20,0,NA,NA,0,0,NA,NA,0,0,NA,NA,79.797,1510.097,NA,91.492,0,0,0
1996-08-21,0,NA,NA,0,0,NA,NA,0,0,NA,NA,68.037,1508.399,NA,98.098,0,0,0
1996-08-22,0,NA,NA,0,0,NA,NA,0,0,NA,NA,67.407,1157.882,NA,87.291,0,0,0
1996-08-23,0,NA,NA,71.47,64.98,NA,NA,0,0,NA,NA,49.068,1197.851,NA,117.108,0,0,0
1996-08-24,0,NA,NA,0,0,NA,NA,0,0,NA,NA,0,1273.12,NA,84.751,0,0,0
1996-08-25,0,NA,NA,0,0,NA,NA,0,0,NA,NA,15.997,1182.305,NA,88.766,0,0,0
1996-08-26,0,NA,NA,76.58,69.62,NA,NA,0,388.412,NA,NA,67.621,970.305,NA,110.984,0,0,0
1996-08-27,0,NA,NA,0,69.62,NA,NA,0,628.343,NA,NA,67.115,1168.564,NA,146.648,0,0,0
1996-08-28,0,NA,NA,0,0,NA,NA,0,656.706,NA,NA,87.619,1152.664,NA,148.185,0,0,0
1996-08-29,0,NA,NA,0,0,NA,NA,0,0,NA,NA,133.967,939.347,NA,138.027,0,0,0
1996-08-30,0,NA,NA,0,0,NA,NA,0,807.353,NA,NA,131.617,858.975,NA,142.789,0,0,0
1996-08-31,0,NA,NA,0,0,NA,NA,0,118.859,NA,NA,110.88,1068.573,NA,142.331,0,0,0
1996-09-01,0,NA,NA,0,0,NA,NA,0,64.798,NA,NA,57.198,1368.762,NA,141.549,0,0,0
1996-09-02,0,NA,NA,0,0,NA,NA,0,0,NA,NA,61.587,1032.998,NA,139.433,0,0,0
1996-09-03,0,NA,NA,0,0,NA,NA,0,0,NA,NA,67.607,992.584,NA,129.29,0,0,0
1996-09-04,0,NA,NA,0,0,NA,NA,0,23.673,NA,NA,58.92,786.678,NA,130.457,0,0,0
1996-09-05,0,NA,NA,0,0,NA,NA,0,0,NA,NA,72.614,987.864,NA,118.163,0,0,0
1996-09-06,0,NA,NA,0,0,NA,NA,0,0,NA,NA,140.529,446.097,NA,138.577,0,0,0
1996-09-07,0,NA,NA,0,0,NA,NA,0,0,NA,NA,195.949,459.813,NA,137.729,0,0,0
1996-09-08,0,NA,NA,0,0,NA,NA,0,0,NA,NA,208.705,525.639,NA,146.465,0,0,0
1996-09-09,0,NA,NA,138.53,134.11,NA,NA,0,1968.672,NA,NA,245.466,351.039,NA,207.766,0,0,0
1996-09-10,0,NA,NA,134.49,111.18,NA,NA,0,2081.497,NA,NA,248.171,90.128,NA,258.008,0,0,0
1996-09-11,0,NA,NA,78.68,110.58,NA,NA,0,2352.409,NA,NA,203.682,441.123,NA,276.565,0,0,0
1996-09-12,0,NA,NA,84.05,104.04,NA,NA,0,1529.903,NA,NA,167.541,383.889,NA,297.468,0,0,0
1996-09-13,0,NA,NA,0,0,NA,NA,0,725.179,NA,NA,129.498,362.507,NA,281.348,0,0,0
1996-09-14,0,NA,NA,0,0,NA,NA,0,0,NA,NA,130.097,178.074,NA,278.042,0,0,0
1996-09-15,0,NA,NA,0,0,NA,NA,0,0,NA,NA,153.494,141.134,NA,281.58,0,0,0
1996-09-16,0,NA,NA,74.86,104.84,NA,NA,0,0,NA,NA,219.601,176.317,NA,276.219,0,0,0
1996-09-17,0,NA,NA,73.76,104.04,NA,NA,0,0,NA,NA,267.395,444.979,NA,269.815,0,0,0
1996-09-18,0,NA,NA,0,0,NA,NA,0,89.533,NA,NA,239.766,138.783,NA,265.034,0,0,0
1996-09-19,0,NA,NA,0,0,NA,NA,0,0,NA,NA,276.492,432.534,NA,259.84,0,0,0
1996-09-20,0,NA,NA,0,0,NA,NA,0,0,NA,NA,274.522,58.728,NA,256.581,0,0,0
1996-09-21,0,NA,NA,0,0,NA,NA,0,0,NA,NA,271.59,0,NA,254.171,0,0,0
1996-09-22,0,NA,NA,111.73,105.11,NA,NA,0,0,NA,NA,267.628,287.726,NA,254.324,0,0,0
1996-09-23,0,NA,NA,73.21,103.77,NA,NA,0,0,NA,NA,250.472,308.286,NA,256.857,0,0,0
1996-09-24,0,NA,NA,0,0,NA,NA,0,0,NA,NA,218.66,0,NA,253.301,0,0,0
1996-09-25,0,NA,NA,0,0,NA,NA,0,0,NA,NA,274.397,0,NA,253.897,0,0,0
1996-09-26,0,NA,NA,0,0,NA,NA,0,0,NA,NA,316.041,0,NA,254.332,0,0,0
1996-09-27,0,NA,NA,0,0,NA,NA,0,51.56,NA,NA,352.023,124.588,NA,248.259,0,0,0
1996-09-28,0,NA,NA,0,0,NA,NA,0,0,NA,NA,238.563,277.142,NA,243.517,0,0,0
1996-09-29,0,NA,NA,0,0,NA,NA,0,0,NA,NA,150.952,210.529,NA,245.674,0,0,0
1996-09-30,0,NA,NA,79.51,111.76,NA,NA,0,0,NA,NA,153.022,0,NA,242.815,0,0,0
1996-10-01,0,NA,NA,0,96.35,NA,NA,0,0,NA,NA,131.509,162.837,NA,247.761,0,0,0
1996-10-02,0,NA,NA,47.28,0,NA,NA,0,0,NA,NA,127.6,126.92,NA,240.917,0,0,0
1996-10-03,0,NA,NA,0,0,NA,NA,0,0,NA,NA,145.489,46.171,NA,235.405,0,0,0
1996-10-04,0,NA,NA,62.75,88.46,NA,NA,0,0,NA,NA,158.78,0,NA,234.83,0,0,0
1996-10-05,0,NA,NA,0,0,NA,NA,0,0,NA,NA,183.364,303.055,NA,235.221,0,0,0
1996-10-06,0,NA,NA,0,0,NA,NA,0,0,NA,NA,216.612,128.34,NA,232.715,0,0,0
1996-10-07,0,NA,NA,73.55,103.49,NA,NA,0,1191.684,NA,NA,226.586,1231.458,NA,242.75,0,0,0
1996-10-08,0,NA,NA,76.92,85.69,NA,NA,0,1317.102,NA,NA,242.577,1837.126,NA,262.974,0,0,0
1996-10-09,0,NA,NA,0,0,NA,NA,0,1236.619,NA,NA,231.565,905.899,NA,290.816,0,0,0
1996-10-10,0,NA,NA,0,0,NA,NA,0,70.218,NA,NA,217.184,1450.196,NA,278.943,0,0,0
1996-10-11,0,NA,NA,73.21,69.84,NA,NA,0,35.492,NA,NA,273.346,821.509,NA,271.622,0,0,0
1996-10-12,0,NA,NA,0,0,NA,NA,0,0,NA,NA,298.464,774.78,NA,270.398,0,0,0
1996-10-13,0,NA,NA,62.46,88.94,NA,NA,0,0,NA,NA,336.945,921.26,NA,300.006,0,0,0
1996-10-14,0,NA,NA,0,0,NA,NA,0,1603.832,NA,NA,319.379,481.721,NA,317.583,0,0,0
1996-10-15,0,NA,NA,85.78,111.47,NA,NA,0,430.736,NA,NA,339.029,572.189,NA,320.873,355,340,357
1996-10-16,0,NA,NA,81.63,117.63,NA,NA,0,1817.862,NA,NA,330.781,596.817,NA,309.217,1521,1763,2016
1996-10-17,0,NA,NA,140.59,228.53,NA,NA,0,1473.274,NA,NA,325.752,986.458,NA,300.369,1714,2053,2162
1996-10-18,0,NA,NA,57.83,104.04,NA,NA,0,1915.531,NA,NA,322.936,1320.213,NA,302.081,1605,1919,1975
1996-10-19,0,NA,NA,0,0,NA,NA,0,810.057,NA,NA,312.7,861.351,NA,296.718,1542,1904,2126
1996-10-20,0,NA,NA,0,0,NA,NA,0,701.374,NA,NA,306.582,744.868,NA,246.918,1408,1821,2109
1996-10-21,0,NA,NA,0,0,NA,NA,0,0,NA,NA,279.441,127.197,NA,228.193,1043,1356,1401
1996-10-22,0,NA,NA,0,0,NA,NA,0,0,NA,NA,270.432,184.134,NA,222.952,284,329,0
1996-10-23,0,NA,NA,0,0,NA,NA,0,0,NA,NA,252.4,451.87,NA,231.36,0,0,0
1996-10-24,0,NA,NA,73.88,104.04,NA,NA,0,0,NA,NA,227.065,249.278,NA,231.027,0,0,0
1996-10-25,0,NA,NA,0,0,NA,NA,0,0,NA,NA,210.269,52.612,NA,227.657,0,0,0
1996-10-26,0,NA,NA,0,0,NA,NA,0,0,NA,NA,153.929,0,NA,227.521,0,0,0
1996-10-27,0,NA,NA,0,0,NA,NA,0,0,NA,NA,193.366,0,NA,228.043,0,0,0
1996-10-28,0,NA,NA,0,0,NA,NA,0,0,NA,NA,335.53,0,NA,231.397,0,0,0
1996-10-29,0,NA,NA,0,0,NA,NA,0,0,NA,NA,343.373,0,NA,230.765,0,0,0
1996-10-30,0,NA,NA,0,0,NA,NA,0,0,NA,NA,346.177,0,NA,231.136,0,0,0
1996-10-31,0,NA,NA,0,0,NA,NA,0,213.496,NA,NA,348.112,179.379,NA,233.253,0,0,0
1996-11-01,0,NA,NA,0,0,NA,NA,0,275.753,NA,NA,331.314,0,NA,233.732,0,0,0
1996-11-02,0,NA,NA,0,0,NA,NA,0,0,NA,NA,339.697,0,NA,229.62,0,0,0
1996-11-03,0,NA,NA,0,0,NA,NA,0,0,NA,NA,338.9,0,NA,238.982,0,0,0
1996-11-04,0,NA,NA,0,0,NA,NA,0,0,NA,NA,341.938,0,NA,228.355,0,0,0
1996-11-05,0,NA,NA,0,118.9,NA,NA,0,847.175,NA,NA,334.745,0,NA,251.768,0,0,0
1996-11-06,0,NA,NA,76.92,0,NA,NA,0,816.885,NA,NA,344.108,0,NA,276.563,0,0,0
1996-11-07,0,NA,NA,67,103.21,NA,NA,0,1042.387,NA,NA,341.251,0,NA,280.436,0,0,0
1996-11-08,0,NA,NA,70.68,68.57,NA,NA,0,1036.023,NA,NA,332.782,0,NA,280.99,0,0,0
1996-11-09,0,NA,NA,0,0,NA,NA,0,0,NA,NA,325.344,0,NA,276.74,0,0,0
1996-11-10,0,NA,NA,0,0,NA,NA,0,0,NA,NA,308.917,0,NA,261.685,0,0,0
1996-11-11,0,NA,NA,72.16,0,NA,NA,0,0,NA,NA,329.581,0,NA,254.339,0,0,0
1996-11-12,0,NA,NA,0,0,NA,NA,0,0,NA,NA,335.713,0,NA,261.083,0,0,0
1996-11-13,0,NA,NA,0,0,NA,NA,0,0,NA,NA,342.058,0,NA,261.537,0,0,0
1996-11-14,0,NA,NA,0,0,NA,NA,0,766.805,NA,NA,337.797,0,NA,261.796,0,0,0
1996-11-15,0,NA,NA,0,117.63,NA,NA,0,766.741,NA,NA,261.728,0,NA,271.577,0,0,0
1996-11-16,0,NA,NA,0,0,NA,NA,0,0,NA,NA,204.976,57.875,NA,273.99,0,0,0
1996-11-17,0,NA,NA,0,0,NA,NA,0,0,NA,NA,202.567,0,NA,259.732,0,0,0
1996-11-18,0,NA,NA,0,0,NA,NA,0,0,NA,NA,180.825,0,NA,253.534,0,0,0
1996-11-19,0,NA,NA,0,0,NA,NA,0,0,NA,NA,195.241,0,NA,247.86,0,0,0
1996-11-20,0,NA,NA,0,0,NA,NA,0,0,NA,NA,194.581,0,NA,241.856,0,0,0
1996-11-21,0,NA,NA,0,0,NA,NA,0,0,NA,NA,201.377,0,NA,231.603,0,0,0
1996-11-22,0,NA,NA,0,0,NA,NA,0,74.143,NA,NA,181.162,0.089,NA,224.208,0,0,0
1996-11-23,0,NA,NA,0,0,NA,NA,0,0,NA,NA,199.873,0,NA,222.737,0,0,0
1996-11-24,0,NA,NA,0,0,NA,NA,0,0,NA,NA,163.694,0,NA,222.163,0,0,0
1996-11-25,0,NA,NA,0,0,NA,NA,0,0,NA,NA,131.998,0,NA,220.726,0,0,0
1996-11-26,0,NA,NA,0,0,NA,NA,0,0,NA,NA,90.13,0,NA,226.449,0,0,0
1996-11-27,0,NA,NA,0,0,NA,NA,0,0,NA,NA,93.505,0,NA,226.876,0,0,0
1996-11-28,0,NA,NA,0,0,NA,NA,0,0,NA,NA,66.47,0,NA,230.721,0,0,0
1996-11-29,74.456,NA,NA,0,0,NA,NA,0,0,NA,NA,66.33,0,NA,229.678,0,0,0
1996-11-30,0,NA,NA,0,0,NA,NA,0,0,NA,NA,46.656,0,NA,224.825,0,0,0
1996-12-01,44.029,NA,NA,0,0,NA,NA,0,0,NA,NA,0,0,NA,212.721,0,0,0
1996-12-02,8.31,NA,NA,0,0,NA,NA,0,0,NA,NA,0,20.643,NA,206.32,0,0,0
1996-12-03,0,NA,NA,0,0,NA,NA,0,0,NA,NA,0,46.418,NA,199.933,0,0,0
1996-12-04,0,NA,NA,0,0,NA,NA,0,0,NA,NA,50.611,0,NA,197.358,0,0,0
1996-12-05,0,NA,NA,15.61,14.74,NA,NA,0,0,NA,NA,66.643,0,NA,205.695,0,0,0
1996-12-06,0.252,NA,NA,0,0,NA,NA,0,0,NA,NA,61.836,0,NA,194.415,0,0,0
1996-12-07,0,NA,NA,0,0,NA,NA,0,0,NA,NA,67.268,0,NA,189.149,0,0,0
1996-12-08,0,NA,NA,0,0,NA,NA,0,0,NA,NA,63.499,116.077,NA,185.113,0,0,0
1996-12-09,0,NA,NA,0,0,NA,NA,0,0,NA,NA,86.874,54.97,NA,172.031,0,0,0
1996-12-10,0,NA,NA,0,0,NA,NA,0,0,NA,NA,120.66,27.456,NA,172.635,0,0,0
1996-12-11,41.11,NA,NA,0,0,NA,NA,0,0,NA,NA,133.956,12.289,NA,100.136,0,0,0
1996-12-12,0,NA,NA,0,0,NA,NA,0,0,NA,NA,124.377,0,NA,0,0,0,0
1996-12-13,23.181,NA,NA,0,14.74,NA,NA,0,0,NA,NA,199.75,0,NA,0,0,0,0
1996-12-14,0,NA,NA,15.83,0,NA,NA,0,0,NA,NA,259.183,0,NA,0,0,0,0
1996-12-15,38.081,NA,NA,0,0,NA,NA,0,0,NA,NA,275.011,0,NA,0,0,0,0
1996-12-16,8.463,NA,NA,0,0,NA,NA,0,0,NA,NA,271.292,0,NA,0,0,0,0
1996-12-17,36.501,NA,NA,0,0,NA,NA,0,0,NA,NA,282.473,0,NA,0,0,0,0
1996-12-18,0,NA,NA,0,0,NA,NA,0,188.096,NA,NA,284.163,12.377,NA,0,0,0,0
1996-12-19,0,NA,NA,0,0,NA,NA,0,408.597,NA,NA,259.703,0,NA,0,0,0,0
1996-12-20,9.674,NA,NA,0,0,NA,NA,0,0,NA,NA,310.015,0,NA,0,0,0,0
1996-12-21,32.797,NA,NA,0,0,NA,NA,0,0,NA,NA,225.515,0,NA,0,0,0,0
1996-12-22,0,NA,NA,0,0,NA,NA,0,0,NA,NA,207.337,0,NA,0,0,0,0
1996-12-23,108.987,NA,NA,0,0,NA,NA,0,0,NA,NA,207.629,0,NA,0,0,0,0
1996-12-24,78.63,NA,NA,0,0,NA,NA,0,0,NA,NA,207.47,0,NA,0,0,0,0
1996-12-25,0,NA,NA,0,0,NA,NA,0,0,NA,NA,205.981,0,NA,0,0,0,0
1996-12-26,0,NA,NA,0,0,NA,NA,0,0,NA,NA,163.806,0,NA,0,0,0,0
1996-12-27,0,NA,NA,0,0,NA,NA,0,71.752,NA,NA,138.856,0,NA,0,0,0,0
1996-12-28,0,NA,NA,0,0,NA,NA,0,0,NA,NA,129.775,0,NA,0,0,0,0
1996-12-29,0,NA,NA,0,0,NA,NA,0,0,NA,NA,81.548,0,NA,0,0,0,0
1996-12-30,0,NA,NA,0,0,NA,NA,0,0,NA,NA,69.314,27.866,NA,0,0,0,0
1996-12-31,0,NA,NA,0,0,NA,NA,0,0,NA,NA,69.272,19.772,NA,0,0,0,0
1997-01-01,14.379,NA,NA,0,0,NA,NA,0,0,NA,NA,68.968,0,NA,0,0,0,0
1997-01-02,48.138,NA,NA,0,0,NA,NA,0,0,NA,NA,57.41,0,NA,0,0,0,0
1997-01-03,37.98,NA,NA,0,0,NA,NA,0,0,NA,NA,0,0,NA,0,0,0,0
1997-01-04,0,NA,NA,0,0,NA,NA,0,0,NA,NA,0,0,NA,0,0,0,0
1997-01-05,0,NA,NA,15.61,0,NA,NA,0,0,NA,NA,0,0,NA,0,0,0,0
1997-01-06,0,NA,NA,0,0,NA,NA,0,0,NA,NA,0,0,NA,0,0,0,0
1997-01-07,4.047,NA,NA,0,0,NA,NA,0,0,NA,NA,0,0,NA,0,0,0,0
1997-01-08,23.886,NA,NA,0,0,NA,NA,0,0,NA,NA,0,0,NA,0,0,0,0
1997-01-09,17.757,NA,NA,0,0,NA,NA,0,0,NA,NA,0,0,NA,0,0,0,0
1997-01-10,0.051,NA,NA,0,0,NA,NA,0,57.123,NA,NA,69.164,0,NA,0,0,0,0
1997-01-11,0,NA,NA,0,0,NA,NA,0,0,NA,NA,47.477,0,NA,0,0,0,0
1997-01-12,0,NA,NA,0,0,NA,NA,0,0,NA,NA,24.667,0,NA,0,0,0,0
1997-01-13,0,NA,NA,0,0,NA,NA,0,0,NA,NA,71.959,0,NA,0,0,0,0
1997-01-14,0,NA,NA,58.45,81.09,NA,NA,0,1193.059,NA,NA,136.455,71.413,NA,0,0,0,0
1997-01-15,0,NA,NA,0,0,NA,NA,0,248.713,NA,NA,135.86,82.712,NA,0,0,0,0
1997-01-16,0,NA,NA,0,0,NA,NA,0,0,NA,NA,99.092,273.506,NA,0,0,0,0
1997-01-17,0,NA,NA,0,0,NA,NA,0,0,NA,NA,133.097,663.301,NA,0,0,0,0
1997-01-18,0,NA,NA,0,0,NA,NA,0,0,NA,NA,184.9,678.477,NA,0,0,0,0
1997-01-19,0,NA,NA,0,0,NA,NA,0,0,NA,NA,142.934,287.637,NA,0,0,0,0
1997-01-20,0,NA,NA,0,0,NA,NA,0,0,NA,NA,132.62,412.941,NA,0,0,0,0
1997-01-21,0,NA,NA,0,0,NA,NA,0,0,NA,NA,103.349,523.645,NA,0,0,0,0
1997-01-22,0,NA,NA,0,0,NA,NA,0,0,NA,NA,128.023,703.179,NA,0,0,0,0
1997-01-23,0,NA,NA,0,0,NA,NA,0,0,NA,NA,137.536,571.106,NA,0,0,0,0
1997-01-24,0,NA,NA,0,0,NA,NA,0,138.36,NA,NA,136.977,233.715,NA,0,0,0,0
1997-01-25,0,NA,NA,0,0,NA,NA,0,0,NA,NA,107.797,566.929,NA,0,0,0,0
1997-01-26,0,NA,NA,0,0,NA,NA,0,0,NA,NA,121.016,491.509,NA,0,0,0,0
1997-01-27,0,NA,NA,0,0,NA,NA,0,0,NA,NA,94.509,576.021,NA,0,0,0,0
1997-01-28,0,NA,NA,0,0,NA,NA,0,0,NA,NA,97.268,1179.082,NA,0,0,0,0
1997-01-29,0,NA,NA,0,0,NA,NA,0,0,NA,NA,109.97,1814.527,NA,0,0,0,0
1997-01-30,0,NA,NA,0,0,NA,NA,0,0,NA,NA,88.45,1579.444,NA,0,0,0,0
1997-01-31,0,NA,NA,0,0,NA,NA,0,0,NA,NA,115.169,2511.461,NA,0,0,0,0
1997-02-01,0,NA,NA,0,0,NA,NA,0,0,NA,NA,79.324,3141.399,NA,0,0,0,0
1997-02-02,0,NA,NA,0,0,NA,NA,0,0,NA,NA,99.709,3931.204,NA,0,0,0,0
1997-02-03,0,NA,NA,0,0,NA,NA,0,0,NA,NA,69.941,4127.621,NA,0,0,0,0
1997-02-04,0,NA,NA,0,0,NA,NA,0,0,NA,NA,89.854,4071.141,NA,0,0,0,0
1997-02-05,0,NA,NA,0,0,NA,NA,0,0,NA,NA,69.626,3953.416,NA,5.145,0,0,0
1997-02-06,0,NA,NA,0,0,NA,NA,0,0,NA,NA,72.828,3963.251,NA,0,0,0,0
1997-02-07,0,NA,NA,0,0,NA,NA,0,0,NA,NA,149.064,2309.67,NA,0,0,0,0
1997-02-08,0,NA,NA,0,0,NA,NA,0,0,NA,NA,139.717,1399.455,NA,0,0,0,0
1997-02-09,0,NA,NA,0,0,NA,NA,0,0,NA,NA,139.225,874.437,NA,0,0,0,0
1997-02-10,0,NA,NA,0,0,NA,NA,0,0,NA,NA,97.45,187.135,NA,0,0,0,0
1997-02-11,0,NA,NA,0,0,NA,NA,0,0,NA,NA,104.007,249.259,NA,0,0,0,0
1997-02-12,0,NA,NA,0,0,NA,NA,0,0,NA,NA,69.648,135.052,NA,0,0,0,0
1997-02-13,0,NA,NA,0,0,NA,NA,0,0,NA,NA,69.168,23.613,NA,0,0,0,0
1997-02-14,0,NA,NA,59.41,82.17,NA,NA,0,0,NA,NA,36.879,149.904,NA,0,0,0,0
1997-02-15,0,NA,NA,82.1,75.27,NA,NA,0,0,NA,NA,19.655,256.073,NA,0,0,0,0
1997-02-16,0,NA,NA,33.09,218.27,NA,NA,0,0,NA,NA,69.604,316.24,NA,0,0,0,0
1997-02-17,0,NA,NA,81.86,110.88,NA,NA,0,0,NA,NA,107.527,185.46,NA,0,0,0,0
1997-02-18,0,NA,NA,0,0,NA,NA,0,0,NA,NA,187.2,98.212,NA,0,0,0,0
1997-02-19,0,NA,NA,92.01,73.33,NA,NA,0,0,NA,NA,223.909,0,NA,0,0,0,0
1997-02-20,0,NA,NA,80.88,73.33,NA,NA,0,621.195,NA,NA,225.562,217.991,NA,0,0,0,0
1997-02-21,0,NA,NA,29.34,69.63,NA,NA,0,352.881,NA,NA,226.675,67.129,NA,0,0,0,0
1997-02-22,0,NA,NA,0,0,NA,NA,0,0,NA,NA,206.675,27.798,NA,0,0,0,0
1997-02-23,0,NA,NA,0,0,NA,NA,0,0,NA,NA,149.724,48.204,NA,0,0,0,0
1997-02-24,0,NA,NA,0,0,NA,NA,0,21.393,NA,NA,137.741,264.109,NA,0,0,0,0
1997-02-25,0,NA,NA,81.21,112.05,NA,NA,0,0,NA,NA,97.772,367.261,NA,0,0,0,0
1997-02-26,0,NA,NA,0,0,NA,NA,0,0,NA,NA,68.992,88.512,NA,0,0,0,0
1997-02-27,0,NA,NA,0,0,NA,NA,0,0,NA,NA,68.753,165.245,NA,0,0,0,0
1997-02-28,0,NA,NA,0,0,NA,NA,0,0,NA,NA,68.565,157.188,NA,0,0,0,0
1997-03-01,0,NA,NA,0,0,NA,NA,0,0,NA,NA,2.166,219.921,NA,0,0,0,0
1997-03-02,0,NA,NA,0,0,NA,NA,0,0,NA,NA,0,122.078,NA,0,0,0,0
1997-03-03,0,NA,NA,0,0,NA,NA,0,0,NA,NA,0.144,0,NA,0,0,0,0
1997-03-04,0,NA,NA,0,0,NA,NA,0,0,NA,NA,0,0,NA,0,0,0,0
1997-03-05,0,NA,NA,0,0,NA,NA,0,0,NA,NA,0,0,NA,0,0,0,0
1997-03-06,0,NA,NA,0,0,NA,NA,0,0,NA,NA,0,0,NA,0,0,0,0
1997-03-07,0,NA,NA,0,0,NA,NA,0,0,NA,NA,0,0,NA,0,0,0,0
1997-03-08,0,NA,NA,0,0,NA,NA,0,0,NA,NA,0,0,NA,0,0,0,0
1997-03-09,0,NA,NA,0,0,NA,NA,0,0,NA,NA,0,0,NA,0,0,0,0
1997-03-10,0,NA,NA,0,0,NA,NA,0,0,NA,NA,0,0,NA,0,0,0,0
1997-03-11,0,NA,NA,0,0,NA,NA,0,0,NA,NA,0,0,NA,0,0,0,0
1997-03-12,0,NA,NA,0,0,NA,NA,0,1.925,NA,NA,0,0,NA,0,0,0,0
1997-03-13,0,NA,NA,0,0,NA,NA,0,0,NA,NA,0,0,NA,0,0,0,0
1997-03-14,0,NA,NA,40.36,0,NA,NA,0,863.457,NA,NA,0,112.976,NA,0,0,0,0
1997-03-15,0,NA,NA,0,74.48,NA,NA,0,904.643,NA,NA,44.558,350.862,NA,0,0,0,0
1997-03-16,0,NA,NA,0,0,NA,NA,0,148.128,NA,NA,69.128,7.241,NA,0,0,0,0
1997-03-17,0,NA,NA,0,0,NA,NA,0,0,NA,NA,69.443,0,NA,0,0,0,0
1997-03-18,0,NA,NA,0,0,NA,NA,0,0,NA,NA,88.978,0,NA,0,0,0,0
1997-03-19,0,NA,NA,0,0,NA,NA,0,0,NA,NA,69.255,83.919,NA,0,0,0,0
1997-03-20,0,NA,NA,0,0,NA,NA,0,0,NA,NA,69.076,414.369,NA,0,0,0,0
1997-03-21,0,NA,NA,0,0,NA,NA,0,0,NA,NA,69.145,253.053,NA,0,0,0,0
1997-03-22,0,NA,NA,0,0,NA,NA,0,0,NA,NA,145.043,135.292,NA,0,0,0,0
1997-03-23,0,NA,NA,0,0,NA,NA,0,0,NA,NA,203.343,0,NA,0,0,0,0
1997-03-24,0,NA,NA,0,0,NA,NA,0,0,NA,NA,190.302,0,NA,0,0,0,0
1997-03-25,0,NA,NA,0,0,NA,NA,0,0,NA,NA,152.293,155.113,NA,0,0,0,0
1997-03-26,0,NA,NA,0,0,NA,NA,0,0,NA,NA,138.277,156.02,NA,0,0,0,0
1997-03-27,0,NA,NA,0,0,NA,NA,0,559.744,NA,NA,139.028,0,NA,0,0,0,0
1997-03-28,0,NA,NA,0,0,NA,NA,0,0,NA,NA,153.542,235.41,NA,0,0,0,0
1997-03-29,0,NA,NA,0,0,NA,NA,0,0,NA,NA,136.215,243.939,NA,0,0,0,0
1997-03-30,0,NA,NA,0,0,NA,NA,0,0,NA,NA,84.6,70.047,NA,0,0,0,0
1997-03-31,63.101,NA,NA,0,0,NA,NA,0,0,NA,NA,70.167,73.358,NA,0,0,0,0
1997-04-01,62.419,NA,NA,0,0,NA,NA,0,0,NA,NA,69.825,161.405,NA,0,0,0,0
1997-04-02,40.234,NA,NA,0,0,NA,NA,0,0,NA,NA,38.301,0,NA,0,0,0,0
1997-04-03,0,NA,NA,0,0,NA,NA,0,0,NA,NA,0,38.641,NA,0,0,0,0
1997-04-04,0,NA,NA,15.96,14.7,NA,NA,0,0,NA,NA,0,117.67,NA,0,0,0,0
1997-04-05,42.958,NA,NA,0,0,NA,NA,0,0,NA,NA,0,73.722,NA,0,0,0,0
1997-04-06,38.15,NA,NA,0,0,NA,NA,0,0,NA,NA,0,64.043,NA,0,0,0,0
1997-04-07,122.217,NA,NA,0,0,NA,NA,0,0,NA,NA,0,20.601,NA,0,0,0,0
1997-04-08,81.657,NA,NA,0,0,NA,NA,0,0,NA,NA,28.615,0,NA,0,0,0,0
1997-04-09,90.17,NA,NA,0,0,NA,NA,0,0,NA,NA,70.043,246.932,NA,0,0,0,0
1997-04-10,26.745,NA,NA,0,0,NA,NA,0,0,NA,NA,23.25,187.394,NA,0,0,0,0
1997-04-11,0,NA,NA,0,0,NA,NA,0,59.313,NA,NA,0,19.468,NA,0,0,0,0
1997-04-12,0,NA,NA,0,0,NA,NA,0,0,NA,NA,0,198.973,NA,0,0,0,0
1997-04-13,0,NA,NA,0,0,NA,NA,0,860.137,NA,NA,17.909,180.71,NA,0,0,0,0
1997-04-14,0,NA,NA,43.14,66.88,NA,NA,0,1741.253,NA,NA,113.093,193,NA,0,0,0,0
1997-04-15,0,NA,NA,0,0,NA,NA,0,3118.262,NA,NA,185.847,202.72,NA,150.406,409,0,0
1997-04-16,0,NA,NA,0,0,NA,NA,0,2687.583,NA,NA,200.253,201.649,NA,305.597,1016,0,0
1997-04-17,0,NA,NA,0,0,NA,NA,0,1020.795,NA,NA,155.571,106.571,NA,289.547,986,0,0
1997-04-18,0,NA,NA,0,0,NA,NA,0,0,NA,NA,130.907,41.492,NA,251.925,952,0,0
1997-04-19,0,NA,NA,0,0,NA,NA,0,0,NA,NA,142.704,37.535,NA,234.053,926,0,0
1997-04-20,0,NA,NA,0,0,NA,NA,0,0,NA,NA,102.383,102.265,NA,216.874,900,0,0
1997-04-21,0,NA,NA,0,0,NA,NA,0,0,NA,NA,70.354,179.439,NA,200.326,873,0,0
1997-04-22,0,NA,NA,0,0,NA,NA,0,0,NA,NA,68.642,583.615,NA,187.404,848,0,0
1997-04-23,0,NA,NA,0,0,NA,NA,0,0,NA,NA,32.751,1123.993,NA,166.069,816,0,0
1997-04-24,0,NA,NA,0,0,NA,NA,0,0,NA,NA,70.3,905.988,NA,154.611,805,0,0
1997-04-25,0,NA,NA,0,0,NA,NA,0,0,NA,NA,32.248,852.535,NA,151.712,788,0,0
1997-04-26,11.555,NA,NA,0,0,NA,NA,0,0,NA,NA,36.101,1016.601,NA,135.889,758,0,0
1997-04-27,0,NA,NA,0,0,NA,NA,0,0,NA,NA,59.861,2155.719,NA,136.088,747,0,0
1997-04-28,0,NA,NA,0,0,NA,NA,0,0,NA,NA,36.823,2731.858,NA,127.523,757,0,0
1997-04-29,0,NA,NA,0,0,NA,NA,0,0,NA,NA,71.01,3971.964,NA,115.557,807,0,0
1997-04-30,0,NA,NA,0,0,NA,NA,0,0,NA,NA,89.964,3609.815,NA,109.315,803,0,0
1997-05-01,0,NA,NA,0,0,NA,NA,0,0,NA,NA,67.375,5231.537,NA,93.057,789,0,0
1997-05-02,0,NA,NA,0,0,NA,NA,0,0,NA,NA,72.395,4602.697,NA,80.963,778,0,0
1997-05-03,0,NA,NA,0,0,NA,NA,0,0,NA,NA,25.562,5114.623,NA,51.748,754,0,0
1997-05-04,0,NA,NA,0,0,NA,NA,0,0,NA,NA,48.01,4806.271,NA,12.743,740,0,0
1997-05-05,0,NA,NA,0,0,NA,NA,0,0,NA,NA,6.498,4731.274,NA,3.881,413,0,0
1997-05-06,0,NA,NA,0,0,NA,NA,0,0,NA,NA,0,4698.677,NA,0,0,0,0
1997-05-07,0,NA,NA,0,0,NA,NA,0,0,NA,NA,0,3716.546,NA,0,0,0,0
1997-05-08,0,NA,NA,0,0,NA,NA,0,0,NA,NA,0,3108.91,NA,0,0,0,0
1997-05-09,0,NA,NA,0,0,NA,NA,0,26.528,NA,NA,0,3017.004,NA,0,0,0,0
1997-05-10,135.041,NA,NA,0,0,NA,NA,0,0,NA,NA,0,1386.075,NA,0,0,0,0
1997-05-11,13.922,NA,NA,0,0,NA,NA,0,0,NA,NA,0,967.543,NA,0,0,0,0
1997-05-12,0,NA,NA,0,0,NA,NA,0,0,NA,NA,27.45,1708.142,NA,0,0,0,0
1997-05-13,0,NA,NA,0,0,NA,NA,0,0,NA,NA,72.073,1658.122,NA,0,0,0,0
1997-05-14,0,NA,NA,0,0,NA,NA,0,0,NA,NA,76.767,1564.632,NA,0,0,0,0
1997-05-15,0,NA,NA,0,0,NA,NA,0,0,NA,NA,144.909,1165.761,NA,0,0,0,0
1997-05-16,0,NA,NA,0,0,NA,NA,0,0,NA,NA,183.253,905.663,NA,0,0,0,0
1997-05-17,0,NA,NA,0,0,NA,NA,0,0,NA,NA,161.852,646.279,NA,0,0,0,0
1997-05-18,0,NA,NA,0,0,NA,NA,0,0,NA,NA,144.703,532.906,NA,0,0,0,0
1997-05-19,0,NA,NA,0,0,NA,NA,0,1687.679,NA,NA,165.638,910.175,NA,0,0,0,0
1997-05-20,0,NA,NA,15.96,14.7,NA,NA,0,2130.434,NA,NA,196.409,796.722,NA,0,0,0,0
1997-05-21,0,NA,NA,0,0,NA,NA,0,250.114,NA,NA,174.223,774.907,NA,0,0,0,0
1997-05-22,0,NA,NA,0,0,NA,NA,0,0,NA,NA,141.737,751.378,NA,0,0,0,0
1997-05-23,0,NA,NA,0,0,NA,NA,0,0,NA,NA,115.451,728.876,NA,0,0,0,0
1997-05-24,0,NA,NA,0,0,NA,NA,0,0,NA,NA,71.356,780.292,NA,0,0,0,0
1997-05-25,0,NA,NA,0,0,NA,NA,0,0,NA,NA,71.187,737.909,NA,0,0,0,0
1997-05-26,0,NA,NA,0,0,NA,NA,0,0,NA,NA,58.837,732.456,NA,0,0,0,0
1997-05-27,0,NA,NA,0,0,NA,NA,0,0,NA,NA,49.534,602.918,NA,0,0,0,0
1997-05-28,0,NA,NA,0,0,NA,NA,0,0,NA,NA,52.196,1062.057,NA,0,0,0,0
1997-05-29,0,NA,NA,0,0,NA,NA,0,0,NA,NA,32.676,1530.698,NA,0,0,0,0
1997-05-30,0,NA,NA,0,0,NA,NA,0,0,NA,NA,0,1113.543,NA,0,0,0,0
1997-05-31,0,NA,NA,0,0,NA,NA,0,0,NA,NA,27.979,918.14,NA,0,0,0,0
1997-06-01,0,NA,NA,32.87,37.54,NA,NA,0,0,NA,NA,45.545,1647.215,NA,0,0,0,0
1997-06-02,0,NA,NA,244.93,358.55,NA,NA,0,1874.34,NA,NA,78.666,1032.836,NA,0,0,0,0
1997-06-03,0,NA,NA,78.8,110.27,NA,NA,0,1341.446,NA,NA,68.323,1148.872,NA,0,521,0,0
1997-06-04,0,NA,NA,79.51,110.58,NA,NA,0,736.295,NA,NA,83.367,940.95,NA,0,919,0,0
1997-06-05,0,NA,NA,79.16,57.95,NA,NA,0,713.352,NA,NA,68.534,753.122,NA,0,957,603,694
1997-06-06,0,NA,NA,0,74.33,NA,NA,0,37.903,NA,NA,70.207,883.988,NA,0,1022,1070,1167
1997-06-07,0,NA,NA,0,0,NA,NA,0,0,NA,NA,60.679,985.102,NA,0,961,982,1067
1997-06-08,0,NA,NA,0,0,NA,NA,0,0,NA,NA,48.945,980.772,NA,0,901,916,1016
1997-06-09,0,NA,NA,186.25,206.55,NA,NA,0,0,NA,NA,30.588,1139.721,NA,0,840,840,944
1997-06-10,0,NA,NA,58.86,110.27,NA,NA,0,0,NA,NA,63.616,1076.735,NA,0,930,881,973
1997-06-11,0,NA,NA,0,0,NA,NA,0,0,NA,NA,70.829,1138.603,NA,0,768,758,817
1997-06-12,0,NA,NA,0,0,NA,NA,0,0,NA,NA,101.827,738.875,NA,0,562,562,594
1997-06-13,0,NA,NA,81.53,0,NA,NA,0,917.518,NA,NA,78.209,854.918,NA,0,603,NA,616
1997-06-14,0,NA,NA,0,120.13,NA,NA,0,130.635,NA,NA,95.847,1119.575,NA,0,634,NA,651
1997-06-15,0,NA,NA,98.56,0,NA,NA,0,2035.224,NA,NA,110.813,1066.201,NA,0,664,662,686
1997-06-16,0,NA,NA,109.07,112.9,NA,NA,0,2208.845,NA,NA,134.257,1510.409,NA,0,809,801,836
1997-06-17,0,NA,NA,86.26,112.05,NA,NA,0,871.03,NA,NA,128.962,1242.298,NA,0,929,929,965
1997-06-18,0,NA,NA,80.88,112.33,NA,NA,0,1609.626,NA,NA,135.455,1115.271,NA,0,1144,1171,1184
1997-06-19,0,NA,NA,79.86,112.05,NA,NA,0,1577.182,NA,NA,142.583,478.119,NA,0,1353,1336,1392
1997-06-20,0,NA,NA,79.16,111.47,NA,NA,0,451.869,NA,NA,121.684,942.267,NA,0,1309,1277,1327
1997-06-21,0,NA,NA,0,0,NA,NA,0,397.121,NA,NA,120.904,777.472,NA,0,1246,1225,1271
1997-06-22,0,NA,NA,0,0,NA,NA,0,0,NA,NA,109.123,584.386,NA,0,1188,1165,1218
1997-06-23,0,NA,NA,80.88,111.76,NA,NA,0,0,NA,NA,101.369,671.786,NA,0,1159,1125,1184
1997-06-24,0,NA,NA,81.53,112.33,NA,NA,0,0,NA,NA,124.979,497.735,NA,0,1138,1104,1150
1997-06-25,0,NA,NA,81.21,111.76,NA,NA,0,26.823,NA,NA,153.511,109.488,NA,0,1104,1075,1112
1997-06-26,0,NA,NA,0,0,NA,NA,0,0,NA,NA,208.985,72.34,NA,0,1046,1032,1070
1997-06-27,0,NA,NA,0,0,NA,NA,0,0,NA,NA,193.924,77.108,NA,0,869,868,907
1997-06-28,0,NA,NA,0,0,NA,NA,0,0,NA,NA,152.164,9.415,NA,0,722,730,761
1997-06-29,0,NA,NA,0,0,NA,NA,0,0,NA,NA,135.193,0,NA,0,691,708,747
1997-06-30,0,NA,NA,82.98,112.05,NA,NA,0,0,NA,NA,99.254,0,NA,0,576,596,328
1997-07-01,0,NA,NA,83.29,112.05,NA,NA,0,0,NA,NA,72.385,90.904,NA,0,557,286,0
1997-07-02,0,NA,NA,82.05,74.48,NA,NA,0,0,NA,NA,71.981,115.8,NA,0,651,0,0
1997-07-03,0,NA,NA,81.73,74.18,NA,NA,0,0,NA,NA,71.566,100.005,NA,0,667,0,0
1997-07-04,0,NA,NA,0,0,NA,NA,0,0,NA,NA,61.504,0,NA,0,674,0,0
1997-07-05,0,NA,NA,220.41,226.35,NA,NA,0,0,NA,NA,104.082,0,NA,0,704,0,0
1997-07-06,0,NA,NA,81.53,154.39,NA,NA,0,1044.39,NA,NA,156.878,54.974,NA,0,740,0,0
1997-07-07,0,NA,NA,80.88,110.88,NA,NA,0,834.797,NA,NA,147.54,179.835,NA,0,697,309,0
1997-07-08,0,NA,NA,0,0,NA,NA,0,1025.098,NA,NA,145.996,56.353,NA,0,623,628,0
1997-07-09,0,NA,NA,0,0,NA,NA,0,0,NA,NA,184.388,206.174,NA,0,602,616,0
1997-07-10,0,NA,NA,82.49,73.33,NA,NA,0,283.546,NA,NA,8.787,221.977,NA,0,593,605,0
1997-07-11,0,NA,NA,64.97,58.13,NA,NA,0,785.575,NA,NA,0,420.102,NA,0,598,605,0
1997-07-12,0,NA,NA,0,0,NA,NA,0,753.595,NA,NA,10.765,443.722,NA,0,616,627,0
1997-07-13,0,NA,NA,0,0,NA,NA,0,735.89,NA,NA,9.468,86.108,NA,0,611,629,0
1997-07-14,0,NA,NA,81.53,73.33,NA,NA,0,0,NA,NA,17.017,316.08,NA,0,605,622,0
1997-07-15,0,NA,NA,80.54,72.44,NA,NA,0,1021.689,NA,NA,3.003,164.154,NA,0,612,622,0
1997-07-16,0,NA,NA,0,0,NA,NA,0,787.727,NA,NA,1.077,504.457,NA,0,612,618,288
1997-07-17,0,NA,NA,0,0,NA,NA,0,0,NA,NA,27.618,428.833,NA,0,580,583,617
1997-07-18,0,NA,NA,65.01,55.84,NA,NA,0,1065.663,NA,NA,29.647,422.856,NA,0,576,569,596
1997-07-19,0,NA,NA,0,0,NA,NA,0,1262.387,NA,NA,48.087,477.152,NA,0,578,574,599
1997-07-20,0,NA,NA,247.22,249.59,NA,NA,0,1042.77,NA,NA,72.822,632.753,NA,0,588,584,608
1997-07-21,0,NA,NA,121.92,174.96,NA,NA,0,1432.963,NA,NA,156.552,469.838,NA,0,591,585,610
1997-07-22,0,NA,NA,79.51,74.48,NA,NA,0,983.544,NA,NA,171.839,317.263,NA,0,593,587,611
1997-07-23,0,NA,NA,0,0,NA,NA,0,1899.32,NA,NA,234.683,696.926,NA,0,596,586,608
1997-07-24,0,NA,NA,0,0,NA,NA,0,1033.943,NA,NA,214.369,758.288,NA,0,584,576,605
1997-07-25,0,NA,NA,0,0,NA,NA,0,0,NA,NA,151.589,454.668,NA,0,571,575,596
1997-07-26,0,NA,NA,0,0,NA,NA,0,0,NA,NA,155.148,282.71,NA,0,551,557,579
1997-07-27,0,NA,NA,0,0,NA,NA,0,955.324,NA,NA,195.809,268.961,NA,0,555,553,572
1997-07-28,0,NA,NA,124.07,105.37,NA,NA,0,0,NA,NA,209.038,751.963,NA,0,555,563,277
1997-07-29,0,NA,NA,81.86,111.76,NA,NA,0,0,NA,NA,214.6,1057.48,NA,0,564,585,0
1997-07-30,0,NA,NA,75.31,69.38,NA,NA,0,0,NA,NA,267.513,1296.807,NA,0,269,294,0
1997-07-31,0,NA,NA,0,0,NA,NA,0,0,NA,NA,236.813,1240.871,NA,0,0,0,0
1997-08-01,0,NA,NA,37.9,95.27,NA,NA,0,713.745,NA,NA,256.394,1435.167,NA,0,0,0,0
1997-08-02,0,NA,NA,86.97,125.32,NA,NA,0,899.359,NA,NA,215.185,2303.545,NA,0,0,0,0
1997-08-03,0,NA,NA,58.56,81.09,NA,NA,0,1236.404,NA,NA,215.525,2535.7,NA,0,0,0,0
1997-08-04,0,NA,NA,74.21,69.52,NA,NA,0,1312.798,NA,NA,313.928,3299.951,NA,0,0,0,0
1997-08-05,0,NA,NA,37.04,67.19,NA,NA,0,2454.465,NA,NA,263.326,3501.054,NA,0,347,369,0
1997-08-06,0,NA,NA,0,0,NA,NA,0,451.663,NA,NA,233.203,3902.887,NA,0,689,728,0
1997-08-07,0,NA,NA,39.34,72.67,NA,NA,0,862.989,NA,NA,188.547,4469.722,NA,8.307,675,717,0
1997-08-08,0,NA,NA,38.98,72.22,NA,NA,0,1537.487,NA,NA,213.979,5232.926,NA,0,675,715,0
1997-08-09,0,NA,NA,0,0,NA,NA,0,732.852,NA,NA,173.496,6919.269,NA,0,682,722,0
1997-08-10,0,NA,NA,0,0,NA,NA,0,788.476,NA,NA,191.985,7275.597,NA,0,693,731,0
1997-08-11,0,NA,NA,80.2,112.33,NA,NA,0,997.624,NA,NA,149.664,6960.445,NA,0,698,726,366
1997-08-12,0,NA,NA,39.46,111.47,NA,NA,0,974.348,NA,NA,129.9,7786.908,NA,0,694,709,732
1997-08-13,0,NA,NA,0,0,NA,NA,0,689.146,NA,NA,77.09,7663.276,NA,0,688,707,724
1997-08-14,0,NA,NA,73.21,69.8,NA,NA,0,0,NA,NA,110.086,7237.603,NA,0,672,694,713
1997-08-15,0,NA,NA,38.8,74.18,NA,NA,0,0,NA,NA,77.339,7276.521,NA,0,656,681,700
1997-08-16,0,NA,NA,0,0,NA,NA,0,0,NA,NA,80.616,6645.441,NA,0,642,667,688
1997-08-17,0,NA,NA,79.51,119.21,NA,NA,0,940.817,NA,NA,87.054,6108.582,NA,0,639,663,679
1997-08-18,0,NA,NA,160.85,255.15,NA,NA,0,1909.402,NA,NA,87.551,5582.722,NA,0,NA,662,680
1997-08-19,0,NA,NA,0,0,NA,NA,0,870.957,NA,NA,83.687,4613.483,NA,0,644,660,678
1997-08-20,0,NA,NA,120.83,114.44,NA,NA,0,683.591,NA,NA,79.603,4688.913,NA,0,633,653,671
1997-08-21,0,NA,NA,107.91,233.86,NA,NA,0,417.283,NA,NA,83.462,4126.492,NA,0,NA,644,658
1997-08-22,0,NA,NA,144.35,153.62,NA,NA,0,708.232,NA,NA,81.664,4015.113,NA,0,619,639,652
1997-08-23,0,NA,NA,0,0,NA,NA,0,540.74,NA,NA,81.664,4220.316,NA,0,NA,637,649
1997-08-24,0,NA,NA,0,0,NA,NA,0,521.457,NA,NA,83.23,4014.336,NA,0,NA,636,647
1997-08-25,0,NA,NA,80.88,75.23,NA,NA,0,912.333,NA,NA,100.994,3528.38,NA,0,NA,647,344
1997-08-26,0,NA,NA,79.16,74.93,NA,NA,0,1455.129,NA,NA,127.983,3454.887,NA,0,645,686,0
1997-08-27,0,NA,NA,78.8,74.64,NA,NA,0,1578.128,NA,NA,126.133,2715.284,NA,0,657,700,0
1997-08-28,0,NA,NA,78.8,74.64,NA,NA,0,1287.055,NA,NA,117.689,1646.105,NA,0,660,706,0
1997-08-29,0,NA,NA,78.07,74.33,NA,NA,0,454.173,NA,NA,117.251,1764.787,NA,0,659,706,0
1997-08-30,0,NA,NA,0,0,NA,NA,0,0,NA,NA,111.879,1748.768,NA,0,654,700,0
1997-08-31,0,NA,NA,0,0,NA,NA,0,0,NA,NA,115.909,898.142,NA,0,650,696,0
1997-09-01,0,NA,NA,80.54,112.05,NA,NA,0,0,NA,NA,105.211,946.65,NA,0,649,698,0
1997-09-02,0,NA,NA,79.51,111.47,NA,NA,0,927.174,NA,NA,101.701,892.206,NA,0,334,366,0
1997-09-03,0,NA,NA,36.55,69.23,NA,NA,199.391,615.767,NA,NA,93.042,887.132,NA,0,0,0,0
1997-09-04,0,NA,NA,73.55,74.18,NA,NA,277.49,590.113,NA,NA,93.506,1420.258,NA,0,0,0,0
1997-09-05,0,NA,NA,124.86,69.09,NA,NA,277.712,710.215,NA,NA,96.394,1507.446,NA,0,0,0,0
1997-09-06,0,NA,NA,79.16,69.09,NA,NA,108.432,751.75,NA,NA,90.36,875.874,NA,0,0,0,0
1997-09-07,0,NA,NA,0,0,NA,NA,0,45.194,NA,NA,98.475,366.59,NA,0,0,0,0
1997-09-08,0,NA,NA,0,0,NA,NA,0,0,NA,NA,93.275,1336.656,NA,0,0,0,0
1997-09-09,0,NA,NA,0,0,NA,NA,0,0,NA,NA,137.52,962.78,NA,0,0,0,0
1997-09-10,0,NA,NA,39.69,74.93,NA,NA,0,0,NA,NA,139.901,585.48,NA,0,0,0,0
1997-09-11,0,NA,NA,0,0,NA,NA,0,0,NA,NA,127.204,385.202,NA,0,0,0,0
1997-09-12,0,NA,NA,79.71,69.8,NA,NA,0,739.466,NA,NA,140.518,26.922,NA,0,0,0,0
1997-09-13,0,NA,NA,0,0,NA,NA,0,0,NA,NA,133.685,671.275,NA,0,0,0,0
1997-09-14,0,NA,NA,0,0,NA,NA,0,700.816,NA,NA,143.556,1148.365,NA,0,0,0,0
1997-09-15,0,NA,NA,102.02,135.14,NA,NA,0,934.646,NA,NA,146.544,1016.441,NA,0,0,0,0
1997-09-16,0,NA,NA,78.8,74.48,NA,NA,0,714.326,NA,NA,141.518,540.786,NA,0,0,0,0
1997-09-17,0,NA,NA,38.61,74.03,NA,NA,0,0,NA,NA,133.005,751.994,NA,0,0,0,0
1997-09-18,0,NA,NA,38.04,109.35,NA,NA,0,0,NA,NA,124.663,473.917,NA,0,0,0,0
1997-09-19,0,NA,NA,0,0,NA,NA,0,0,NA,NA,124.511,558.22,NA,0,0,0,0
1997-09-20,0,NA,NA,0,0,NA,NA,0,0,NA,NA,114.972,618.25,NA,0,0,0,0
1997-09-21,0,NA,NA,0,0,NA,NA,0,0,NA,NA,115.231,371.111,NA,0,0,0,0
1997-09-22,0,NA,NA,0,0,NA,NA,0,0,NA,NA,100.445,357.098,NA,0,0,0,0
1997-09-23,0,NA,NA,0,0,NA,NA,0,0,NA,NA,84.879,364.621,NA,0,0,0,0
1997-09-24,0,NA,NA,39.52,74.78,NA,NA,0,19.069,NA,NA,73.922,156.291,NA,0,0,0,0
1997-09-25,0,NA,NA,38.8,74.18,NA,NA,0,0,NA,NA,62.957,324.62,NA,0,0,0,0
1997-09-26,0,NA,NA,38.06,74.48,NA,NA,0,497.867,NA,NA,71.15,432.816,NA,0,0,0,0
1997-09-27,0,NA,NA,0,0,NA,NA,0,285.959,NA,NA,70.323,987.236,NA,0,0,0,0
1997-09-28,0,NA,NA,108.24,103.85,NA,NA,0,440.873,NA,NA,81.699,3201.106,NA,0,0,0,0
1997-09-29,0,NA,NA,77.31,74.18,NA,NA,0,1002.144,NA,NA,88.42,3480.199,NA,0,0,0,0
1997-09-30,0,NA,NA,37.64,73.87,NA,NA,0,882.519,NA,NA,84.187,2765.184,NA,0,0,0,0
1997-10-01,0,NA,NA,37.64,73.87,NA,NA,0,577.858,NA,NA,82.282,2697.417,NA,0,0,0,0
1997-10-02,0,NA,NA,0,0,NA,NA,0,636.969,NA,NA,80.437,1825.118,NA,0,0,0,0
1997-10-03,0,NA,NA,0,0,NA,NA,0,531.194,NA,NA,74.165,1918.253,NA,0,0,0,0
1997-10-04,0,NA,NA,0,0,NA,NA,0,0,NA,NA,82.083,1936.945,NA,0,0,0,0
1997-10-05,0,NA,NA,0,0,NA,NA,0,0,NA,NA,83.792,901.979,NA,0,0,0,0
1997-10-06,0,NA,NA,0,0,NA,NA,0,271.452,NA,NA,82.305,888.269,NA,0,0,0,0
1997-10-07,0,NA,NA,0,0,NA,NA,0,271.707,NA,NA,88.013,729.554,NA,0,0,0,0
1997-10-08,0,NA,NA,0,0,NA,NA,0,270.075,NA,NA,96.117,527.761,NA,0,0,0,0
1997-10-09,0,NA,NA,0,0,NA,NA,0,278.686,NA,NA,96.645,645.845,NA,0,0,0,0
1997-10-10,0,NA,NA,78.44,73.87,NA,NA,0,272.803,NA,NA,98.091,349.929,NA,0,0,0,0
1997-10-11,0,NA,NA,0,0,NA,NA,0,0,NA,NA,95.728,487.87,NA,0,0,0,0
1997-10-12,0,NA,NA,0,0,NA,NA,0,0,NA,NA,100.554,405.301,NA,0,0,0,0
1997-10-13,0,NA,NA,0,0,NA,NA,0,272.986,NA,NA,95.178,167.793,NA,0,0,0,0
1997-10-14,0,NA,NA,0,0,NA,NA,0,484.063,NA,NA,92.03,184.858,NA,0,0,0,0
1997-10-15,0,NA,NA,0,0,NA,NA,0,514.65,NA,NA,96.607,266.563,NA,0,0,0,0
1997-10-16,0,NA,NA,0,0,NA,NA,0,514.064,NA,NA,96.753,282.585,NA,0,0,0,0
1997-10-17,0,NA,NA,0,0,NA,NA,0,522.474,NA,NA,98.834,155.997,NA,0,0,0,0
1997-10-18,0,NA,NA,0,0,NA,NA,0,0,NA,NA,104.108,252.405,NA,0,0,0,0
1997-10-19,0,NA,NA,0,0,NA,NA,0,0,NA,NA,109.615,173.684,NA,0,0,0,0
1997-10-20,0,NA,NA,0,0,NA,NA,0,520.715,NA,NA,106.146,96.911,NA,0,0,0,0
1997-10-21,0,NA,NA,0,0,NA,NA,0,503.5,NA,NA,101.54,102.415,NA,0,0,0,0
1997-10-22,0,NA,NA,0,0,NA,NA,0,510.969,NA,NA,94.556,175.471,NA,0,0,0,0
1997-10-23,0,NA,NA,0,0,NA,NA,0,526.99,NA,NA,98.095,97.96,NA,0,0,0,0
1997-10-24,0,NA,NA,0,0,NA,NA,0,524.47,NA,NA,98.392,99.88,NA,0,0,0,0
1997-10-25,0,NA,NA,0,0,NA,NA,0,437.006,NA,NA,97.063,147.386,NA,0,0,0,0
1997-10-26,0,NA,NA,0,0,NA,NA,0,496.239,NA,NA,96.9,0,NA,0,0,0,0
1997-10-27,0,NA,NA,77.31,74.64,NA,NA,0,526.684,NA,NA,95.799,1.465,NA,0,0,0,0
1997-10-28,23.581,NA,NA,0,0,NA,NA,0,526.29,NA,NA,92.05,62.082,NA,0,0,0,0
1997-10-29,131.229,NA,NA,0,0,NA,NA,0,521.819,NA,NA,85.448,202.638,NA,0,0,0,0
1997-10-30,130.362,NA,NA,0,0,NA,NA,0,510.139,NA,NA,87.038,192.781,NA,0,0,0,0
1997-10-31,22.268,NA,NA,0,0,NA,NA,0,0,NA,NA,85.451,133.109,NA,0,0,0,0
1997-11-01,0,NA,NA,0,0,NA,NA,0,0,NA,NA,84.749,26.105,NA,0,0,0,0
1997-11-02,0,NA,NA,0,0,NA,NA,0,0,NA,NA,92.728,192.11,NA,0,0,0,0
1997-11-03,0,NA,NA,0,0,NA,NA,0,709.353,NA,NA,95.576,583.838,NA,0,0,0,0
1997-11-04,0,NA,NA,0,0,NA,NA,0,546.684,NA,NA,96.118,940.995,NA,0,0,0,0
1997-11-05,0,NA,NA,0,0,NA,NA,0,752.134,NA,NA,99.313,880.622,NA,0,0,0,0
1997-11-06,0,NA,NA,0,0,NA,NA,0,762.179,NA,NA,100.127,353.797,NA,0,0,0,0
1997-11-07,0,NA,NA,0,0,NA,NA,0,505.022,NA,NA,94.71,175.021,NA,0,0,0,0
1997-11-08,18.027,NA,NA,0,0,NA,NA,0,0,NA,NA,90.963,268.058,NA,0,0,0,0
1997-11-09,88.805,NA,NA,0,0,NA,NA,0,0,NA,NA,89.124,188.731,NA,0,0,0,0
1997-11-10,62.228,NA,NA,0,0,NA,NA,0,264.029,NA,NA,93.419,181.983,NA,0,0,0,0
1997-11-11,33.288,NA,NA,0,0,NA,NA,0,0,NA,NA,93.549,111.082,NA,0,0,0,0
1997-11-12,72.286,NA,NA,0,0,NA,NA,0,544.4,NA,NA,92.366,57.529,NA,0,0,0,0
1997-11-13,18.898,NA,NA,0,0,NA,NA,0,505.078,NA,NA,87.502,83.71,NA,0,0,0,0
1997-11-14,0,NA,NA,61.54,44.76,NA,NA,0,733.983,NA,NA,95.286,4640.652,NA,0,0,0,0
1997-11-15,0,NA,NA,0,0,NA,NA,0,0,NA,NA,102.128,6463.09,NA,0,0,0,0
1997-11-16,0,NA,NA,0,0,NA,NA,0,0,NA,NA,101.4,7109.426,NA,0,0,0,0
1997-11-17,0,NA,NA,0,0,NA,NA,0,524.479,NA,NA,99.976,6692.765,NA,0,0,0,0
1997-11-18,0,NA,NA,0,0,NA,NA,0,537.587,NA,NA,97.538,5167.546,NA,0,0,0,0
1997-11-19,0,NA,NA,0,0,NA,NA,0,531.796,NA,NA,96.197,3280.842,NA,0,0,0,0
1997-11-20,0,NA,NA,0,0,NA,NA,0,533.123,NA,NA,95.375,3786.132,NA,0,0,0,0
1997-11-21,0,NA,NA,0,0,NA,NA,0,542.827,NA,NA,103.845,2199.715,NA,0,0,0,0
1997-11-22,0,NA,NA,0,0,NA,NA,0,0,NA,NA,102.002,1858.983,NA,0,0,0,0
1997-11-23,0,NA,NA,78.42,89.87,NA,NA,0,1515.566,NA,NA,138.583,2786.573,NA,0,0,0,0
1997-11-24,0,NA,NA,0,0,NA,NA,0,921.267,NA,NA,131.195,2939.037,NA,0,0,0,0
1997-11-25,0,NA,NA,0,0,NA,NA,0,607.808,NA,NA,120.744,2568.665,NA,0,0,0,0
1997-11-26,0,NA,NA,76.92,74.93,NA,NA,0,381.832,NA,NA,112.968,2813.938,NA,0,0,0,0
1997-11-27,78.599,NA,NA,0,0,NA,NA,0,0,NA,NA,110.094,2425.228,NA,0,0,0,0
1997-11-28,65.557,NA,NA,0,0,NA,NA,0,0,NA,NA,96.944,2279.99,NA,0,0,0,0
1997-11-29,17.822,NA,NA,0,0,NA,NA,0,0,NA,NA,99.429,1701.602,NA,0,0,0,0
1997-11-30,0,NA,NA,0,0,NA,NA,0,0,NA,NA,111.338,1919.656,NA,0,0,0,0
1997-12-01,121.174,NA,NA,76.53,112.62,NA,NA,0,2126.211,NA,NA,122.544,1681.476,NA,0,0,0,0
1997-12-02,274.475,NA,NA,0,0,NA,NA,0,926.862,NA,NA,106.783,1685.609,NA,0,0,0,0
1997-12-03,274.551,NA,NA,0,0,NA,NA,0,858.237,NA,NA,99.896,2043.325,NA,0,0,0,0
1997-12-04,129.082,NA,NA,0,111.47,NA,NA,0,793.297,NA,NA,107.117,2042.133,NA,0,0,0,0
1997-12-05,145.74,NA,NA,0,0,NA,NA,0,1144.467,NA,NA,168.867,2230.777,NA,0,0,0,0
1997-12-06,275.508,NA,NA,0,0,NA,NA,0,0,NA,NA,195.325,2650.611,NA,0,0,0,0
1997-12-07,275.689,NA,NA,0,0,NA,NA,0,0,NA,NA,205.399,3101.487,NA,0,0,0,0
1997-12-08,467.235,NA,NA,0,0,NA,NA,0,0,NA,NA,197.302,2979.422,NA,0,0,0,0
1997-12-09,592.475,NA,NA,0,0,NA,NA,0,710.731,NA,NA,184.237,2788.497,NA,0,0,0,0
1997-12-10,593.549,NA,NA,66.67,65.22,NA,NA,0,0,NA,NA,163.244,2702.02,NA,0,0,0,0
1997-12-11,592.205,NA,NA,0,0,NA,NA,0,28.633,NA,NA,167.445,3431.641,NA,0,0,0,0
1997-12-12,591.552,NA,NA,0,0,NA,NA,0,597.236,NA,NA,178.411,4733.312,NA,0,440,0,0
1997-12-13,281.154,NA,NA,54.92,54.71,NA,NA,0,486.164,NA,NA,183.049,7313.189,NA,0,936,0,0
1997-12-14,0,NA,NA,197.91,198.8,NA,NA,0,2890.438,NA,NA,237.746,9162.683,NA,0,970,0,0
1997-12-15,278.84,NA,NA,107.91,116.9,NA,NA,0,4229.432,NA,NA,214.607,10265.954,NA,0,1277,697,699
1997-12-16,456.727,NA,NA,0,68.92,NA,NA,0,3253.853,NA,NA,179.012,10508.072,NA,0,1632,1697,1730
1997-12-17,458.454,NA,NA,0,74.15,NA,NA,0,1908.912,NA,NA,157.418,10210.828,NA,0,2390,2450,2737
1997-12-18,581.309,NA,NA,0,74.15,NA,NA,0,721.042,NA,NA,131.733,9487.999,NA,0,2325,2268,2532
1997-12-19,576.725,NA,NA,0,0,NA,NA,0,910.122,NA,NA,124.333,9239.95,NA,0,2127,2019,2142
1997-12-20,574.576,NA,NA,0,0,NA,NA,0,320.536,NA,NA,142.838,9314.276,NA,0,1968,1850,1839
1997-12-21,574.188,NA,NA,0,0,NA,NA,0,308.871,NA,NA,146.908,9070.181,NA,0,1780,1741,1662
1997-12-22,573.833,NA,NA,0,0,NA,NA,0,330.944,NA,NA,147.452,9229.917,NA,0,1112,1112,1048
1997-12-23,580.4,NA,NA,0,0,NA,NA,0,0,NA,NA,161.477,8579.694,NA,0,711,291,303
1997-12-24,582.751,NA,NA,0,0,NA,NA,0,562.025,NA,NA,163.265,8668.811,NA,0,784,0,0
1997-12-25,582.32,NA,NA,0,0,NA,NA,0,0,NA,NA,158.766,8708.708,NA,0,800,0,0
1997-12-26,582.71,NA,NA,0,0,NA,NA,0,0,NA,NA,156.779,8341.378,NA,0,809,0,0
1997-12-27,604.239,NA,NA,116.5,92.26,NA,NA,0,1223.066,NA,NA,166.792,8377.847,NA,0,814,0,0
1997-12-28,583.225,NA,NA,0,69.52,NA,NA,0,218.576,NA,NA,159.707,9373.051,NA,0,832,0,0
1997-12-29,584.903,NA,NA,38.89,69.66,NA,NA,0,522.92,NA,NA,154.336,8736.565,NA,0,457,0,0
1997-12-30,606.022,NA,NA,0,0,NA,NA,0,348.175,NA,NA,136.987,8538.248,NA,0,0,0,0
1997-12-31,663.748,NA,NA,0,0,NA,NA,0,189.472,NA,NA,146.012,8963.283,NA,0,0,0,0
1998-01-01,687.821,NA,NA,0,0,NA,NA,0,0,NA,NA,136.896,8490.581,NA,0,0,0,0
1998-01-02,592.34,NA,NA,0,0,NA,NA,0,0,NA,NA,130.544,8563.773,NA,0,0,0,0
1998-01-03,660.536,NA,NA,0,0,NA,NA,0,0,NA,NA,112.3,8491.286,NA,0,0,0,0
1998-01-04,658.938,NA,NA,0,0,NA,NA,0,0,NA,NA,106.759,7907.949,NA,0,0,0,0
1998-01-05,622.894,NA,NA,0,0,NA,NA,0,0,NA,NA,82.28,8354.172,NA,0,0,0,0
1998-01-06,581.843,NA,NA,0,0,NA,NA,0,0,NA,NA,87.126,8114.813,NA,0,0,0,0
1998-01-07,581.869,NA,NA,0,0,NA,NA,0,0,NA,NA,88.173,7704.316,NA,0,0,0,0
1998-01-08,536.939,NA,NA,78.07,111.76,NA,NA,0,0,NA,NA,103.139,8572.717,NA,0,0,0,0
1998-01-09,581.273,NA,NA,0,0,NA,NA,0,0,NA,NA,131.953,9614.707,NA,0,0,0,0
1998-01-10,582.187,NA,NA,0,0,NA,NA,0,0,NA,NA,137.594,9391.726,NA,0,0,0,0
1998-01-11,704.968,NA,NA,0,0,NA,NA,0,0,NA,NA,141.198,9234.957,NA,0,0,0,0
1998-01-12,620.45,NA,NA,0,0,NA,NA,0,84.941,NA,NA,124.77,9162.177,NA,0,0,0,0
1998-01-13,585.194,NA,NA,0,0,NA,NA,0,0,NA,NA,111.569,8620.793,NA,0,0,0,0
1998-01-14,662.536,NA,NA,0,0,NA,NA,0,0,NA,NA,97.092,8500.982,NA,0,0,0,0
1998-01-15,547.187,NA,NA,78.44,74.93,NA,NA,0,0,NA,NA,94.533,8515.102,NA,0,0,0,0
1998-01-16,582.421,NA,NA,73.21,69.8,NA,NA,0,768.215,NA,NA,99.635,9231.797,NA,0,0,0,0
1998-01-17,639.07,NA,NA,0,0,NA,NA,0,0,NA,NA,100.25,9182.96,NA,0,0,0,0
1998-01-18,659.475,NA,NA,0,0,NA,NA,0,0,NA,NA,97.608,8678.482,NA,0,0,0,0
1998-01-19,659.314,NA,NA,0,0,NA,NA,0,0,NA,NA,87.634,8897.005,NA,0,0,0,0
1998-01-20,658.288,NA,NA,0,0,NA,NA,0,0,NA,NA,80.189,8021.809,NA,0,0,0,0
1998-01-21,441.901,NA,NA,0,0,NA,NA,0,0,NA,NA,80.224,7985.331,NA,0,0,0,0
1998-01-22,55.568,NA,NA,309.37,292.79,NA,NA,0,1105.196,NA,NA,70.148,7152.742,NA,0,0,0,0
1998-01-23,125.486,NA,NA,244.91,232.31,NA,NA,0,1283.736,NA,NA,76.528,6970.371,NA,0,0,0,0
1998-01-24,294.185,NA,NA,0,0,NA,NA,0,158.489,NA,NA,71.264,8178.031,NA,0,0,0,0
1998-01-25,586.247,NA,NA,0,0,NA,NA,0,0,NA,NA,70.184,8600.117,NA,0,0,0,0
1998-01-26,451.024,NA,NA,79.03,75.23,NA,NA,0,0,NA,NA,69.999,8311.335,NA,0,0,0,0
1998-01-27,524.251,NA,NA,78.8,75.47,NA,NA,0,0,NA,NA,83.986,7183.923,NA,0,0,0,0
1998-01-28,583.831,NA,NA,0,0,NA,NA,0,26.937,NA,NA,108.932,6355.278,NA,0,0,0,0
1998-01-29,652.804,NA,NA,0,0,NA,NA,0,0,NA,NA,96.973,4986.612,NA,0,0,0,0
1998-01-30,659.141,NA,NA,0,0,NA,NA,0,0,NA,NA,88.126,4637.82,NA,0,0,0,0
1998-01-31,657.581,NA,NA,0,0,NA,NA,0,0,NA,NA,81.152,4036.236,NA,0,0,0,0
1998-02-01,656.816,NA,NA,0,0,NA,NA,0,0,NA,NA,64.312,3351.661,NA,0,0,0,0
1998-02-02,274.654,NA,NA,174.93,239.04,NA,NA,0,735.379,NA,NA,72.755,3352.343,NA,0,0,0,0
1998-02-03,2.612,NA,NA,33.68,51.74,NA,NA,0,1625.889,NA,NA,88.315,6364.728,NA,0,0,0,0
1998-02-04,438.911,NA,NA,83.67,70.44,NA,NA,0,557.657,NA,NA,46.905,7626.289,NA,0,0,0,0
1998-02-05,582.432,NA,NA,81.98,67.82,NA,NA,0,592.984,NA,NA,15.887,6547.906,NA,0,0,0,0
1998-02-06,479.65,NA,NA,0,0,NA,NA,0,447.273,NA,NA,60.274,5931.111,NA,0,0,0,0
1998-02-07,588.116,NA,NA,0,0,NA,NA,0,0,NA,NA,90.919,5213.772,NA,0,0,0,0
1998-02-08,660.121,NA,NA,0,0,NA,NA,0,0,NA,NA,85.383,5276.248,NA,0,0,0,0
1998-02-09,659.919,NA,NA,0,0,NA,NA,0,0,NA,NA,93.588,4065.765,NA,0,0,0,0
1998-02-10,658.547,NA,NA,0,0,NA,NA,0,0,NA,NA,94.818,4242.102,NA,0,0,0,0
1998-02-11,658.142,NA,NA,84.44,112.33,NA,NA,0,0,NA,NA,115.928,4145.237,NA,0,0,0,0
1998-02-12,660.632,NA,NA,0,0,NA,NA,0,0,NA,NA,132.908,3894.092,NA,0,0,0,0
1998-02-13,660.395,NA,NA,0,0,NA,NA,0,0,NA,NA,144.722,3583.863,NA,0,0,0,0
1998-02-14,660.444,NA,NA,0,0,NA,NA,0,0,NA,NA,133.379,3484.214,NA,0,0,0,0
1998-02-15,528.673,NA,NA,62.72,59.61,NA,NA,0,0,NA,NA,132.62,3366.897,NA,0,0,0,0
1998-02-16,54.511,NA,NA,185.5,183.07,NA,NA,0,1782.854,NA,NA,164.014,4076.84,NA,0,0,0,0
1998-02-17,354.382,NA,NA,76.47,74.48,NA,NA,0,1656.694,NA,NA,206.507,5226.247,NA,0,354,0,0
1998-02-18,517.192,NA,NA,118.67,112.9,NA,NA,0,2840.063,NA,NA,196.763,7487.484,NA,0,923,0,0
1998-02-19,649.91,NA,NA,117.05,112.62,NA,NA,0,2526.357,NA,NA,161.528,9179.305,NA,0,909,535,0
1998-02-20,539.15,NA,NA,76.53,111.76,NA,NA,0,1540.415,NA,NA,125.984,10414.094,NA,0,895,913,392
1998-02-21,531.228,NA,NA,0,0,NA,NA,0,322.807,NA,NA,118.378,10534.408,NA,0,872,882,868
1998-02-22,455.217,NA,NA,0,0,NA,NA,0,1208.38,NA,NA,99.727,10518.928,NA,0,849,853,833
1998-02-23,506.375,NA,NA,132.03,128.26,NA,NA,0,33.79,NA,NA,98.173,10829.652,NA,0,832,837,814
1998-02-24,738.018,NA,NA,76.92,111.76,NA,NA,0,0,NA,NA,89.239,10155.214,NA,0,823,831,807
1998-02-25,735.708,NA,NA,76.13,110.88,NA,NA,0,0,NA,NA,97.198,10484.879,NA,0,812,818,792
1998-02-26,734.038,NA,NA,37.22,73.71,NA,NA,0,137.295,NA,NA,120.184,9780.615,NA,0,797,800,770
1998-02-27,793.277,NA,NA,37.01,75.08,NA,NA,0,149.094,NA,NA,121.996,9966.517,NA,0,782,782,752
1998-02-28,711.541,NA,NA,0,0,NA,NA,0,0,NA,NA,112.784,9653.669,NA,0,763,768,734
1998-03-01,238.28,NA,NA,82.87,120.13,NA,NA,0,710.632,NA,NA,130.473,9489.218,NA,0,778,781,748
1998-03-02,431.609,NA,NA,78.44,111.76,NA,NA,0,1157.765,NA,NA,140.197,9722.681,NA,0,787,791,760
1998-03-03,667.85,NA,NA,76.13,110.58,NA,NA,0,112.244,NA,NA,132.051,9516.125,NA,0,783,785,753
1998-03-04,683.519,NA,NA,37.22,109.35,NA,NA,0,155.126,NA,NA,122.981,9210.05,NA,0,770,772,741
1998-03-05,723.978,NA,NA,0,71.04,NA,NA,0,0,NA,NA,116.299,9343.891,NA,0,754,755,718
1998-03-06,751.886,NA,NA,0,71.04,NA,NA,0,557.911,NA,NA,100.82,9086.632,NA,0,738,737,698
1998-03-07,768.86,NA,NA,0,0,NA,NA,0,0,NA,NA,86.544,8871.524,NA,0,718,716,674
1998-03-08,747.373,NA,NA,0,0,NA,NA,0,0,NA,NA,72.489,8975.419,NA,0,691,689,646
1998-03-09,369.633,NA,NA,118.14,111.76,NA,NA,0,1696.005,NA,NA,95.881,9730.172,NA,0,707,700,658
1998-03-10,562.421,NA,NA,77.69,74.48,NA,NA,0,740.161,NA,NA,75.384,9697.352,NA,0,727,722,684
1998-03-11,722.077,NA,NA,0,74.03,NA,NA,0,6.015,NA,NA,80.183,9858.907,NA,0,716,715,675
1998-03-12,719.386,NA,NA,0,0,NA,NA,0,13.909,NA,NA,69.577,9885.212,NA,0,696,695,803
1998-03-13,731.233,NA,NA,0,0,NA,NA,0,0,NA,NA,63.781,9301.903,NA,0,661,661,917
1998-03-14,770.268,NA,NA,0,0,NA,NA,0,0,NA,NA,64.008,9177.194,NA,0,638,641,888
1998-03-15,752.885,NA,NA,0,0,NA,NA,0,0,NA,NA,64.529,8897.032,NA,0,610,614,839
1998-03-16,788.509,NA,NA,0,0,NA,NA,0,0,NA,NA,65.66,8682.314,NA,0,583,583,779
1998-03-17,762.52,NA,NA,0,0,NA,NA,0,0,NA,NA,68.68,7974.953,NA,0,320,557,713
1998-03-18,728.841,NA,NA,78.44,111.76,NA,NA,0,0,NA,NA,70.222,6801.442,NA,0,0,235,748
1998-03-19,398.13,NA,NA,75.72,109.03,NA,NA,0,1248.993,NA,NA,80.198,6663.439,NA,0,0,0,870
1998-03-20,211.306,NA,NA,128.85,182.25,NA,NA,0,2158.273,NA,NA,136.75,9808.666,NA,0,300,281,983
1998-03-21,535.286,NA,NA,0,0,NA,NA,0,2384.995,NA,NA,112.844,11734.521,NA,0,666,654,916
1998-03-22,724.125,NA,NA,0,0,NA,NA,0,717.393,NA,NA,100.315,11787.596,NA,0,660,649,902
1998-03-23,721.353,NA,NA,0,0,NA,NA,0,0,NA,NA,89.707,10390.785,NA,0,649,642,889
1998-03-24,719.027,NA,NA,0,0,NA,NA,0,0,NA,NA,106.64,10035.638,NA,0,626,621,857
1998-03-25,750.439,NA,NA,0,0,NA,NA,0,0,NA,NA,132.622,10005.631,NA,0,603,598,814
1998-03-26,781.86,NA,NA,0,0,NA,NA,0,0,NA,NA,152.11,9074.099,NA,0,574,574,781
1998-03-27,780.319,NA,NA,0,0,NA,NA,0,0,NA,NA,140.104,8984.561,NA,0,334,343,826
1998-03-28,814.721,NA,NA,0,0,NA,NA,0,0,NA,NA,121.465,8464.666,NA,0,0,0,991
1998-03-29,802.724,NA,NA,0,0,NA,NA,0,0,NA,NA,106.764,8030.705,NA,0,0,0,1028
1998-03-30,782.28,NA,NA,0,0,NA,NA,0,0,NA,NA,88.861,7382.874,NA,0,0,0,1021
1998-03-31,814.557,NA,NA,0,0,NA,NA,0,0,NA,NA,77.289,6538.149,NA,0,0,0,424
1998-04-01,843.544,NA,NA,0,0,NA,NA,0,0,NA,NA,67.808,6108.608,NA,0,0,0,0
1998-04-02,807.117,NA,NA,0,0,NA,NA,0,0,NA,NA,67.41,5165.873,NA,0,0,0,0
1998-04-03,859.844,NA,NA,0,0,NA,NA,0,0,NA,NA,48.204,5530.991,NA,0,0,0,0
1998-04-04,839.769,NA,NA,15.96,14.7,NA,NA,0,0,NA,NA,44.597,5744.432,NA,0,0,0,0
1998-04-05,834.707,NA,NA,0,0,NA,NA,0,0,NA,NA,39.813,5278.6,NA,0,0,0,0
1998-04-06,545.563,NA,NA,0,0,NA,NA,0,117.302,NA,NA,69.558,5955.054,NA,0,0,0,0
1998-04-07,167.653,NA,NA,0,0,NA,NA,0,275.746,NA,NA,69.239,5691.912,NA,0,0,0,0
1998-04-08,2.429,NA,NA,0,0,NA,NA,0,274.989,NA,NA,69.451,5466.261,NA,0,0,0,0
1998-04-09,21.433,NA,NA,0,0,NA,NA,0,266.677,NA,NA,75.66,5413.347,NA,0,0,0,0
1998-04-10,0,NA,NA,0,0,NA,NA,0,265.665,NA,NA,96.218,5474.953,NA,0,0,0,0
1998-04-11,0,NA,NA,0,0,NA,NA,0,271.384,NA,NA,96.489,5264.56,NA,0,0,0,0
1998-04-12,7.18,NA,NA,0,0,NA,NA,0,272.781,NA,NA,104.955,5097.448,NA,0,0,0,0
1998-04-13,65.236,NA,NA,0,0,NA,NA,0,266.434,NA,NA,100.354,5099.799,NA,0,0,0,0
1998-04-14,84.159,NA,NA,43.14,66.88,NA,NA,0,249.341,NA,NA,103.276,4433.399,NA,0,0,0,0
1998-04-15,84.056,NA,NA,0,0,NA,NA,0,264.583,NA,NA,96.006,2885.831,NA,0,0,0,0
1998-04-16,114.996,NA,NA,0,0,NA,NA,0,285.914,NA,NA,92.419,2144.189,NA,0,0,0,0
1998-04-17,123.108,NA,NA,0,0,NA,NA,0,279.515,NA,NA,89.68,2486.416,NA,0,0,0,0
1998-04-18,101.988,NA,NA,0,0,NA,NA,0,0,NA,NA,75.885,740.917,NA,0,0,0,0
1998-04-19,94.389,NA,NA,0,0,NA,NA,0,0,NA,NA,81.671,547.892,NA,0,0,0,0
1998-04-20,94.216,NA,NA,0,0,NA,NA,0,0,NA,NA,98.04,1644.492,NA,0,0,0,0
1998-04-21,55.228,NA,NA,0,0,NA,NA,0,0,NA,NA,112.276,1642.848,NA,0,0,0,0
1998-04-22,0,NA,NA,0,0,NA,NA,0,0,NA,NA,128.6,1920.878,NA,0,0,0,0
1998-04-23,0,NA,NA,0,0,NA,NA,0,0,NA,NA,164.892,1258.899,NA,0,0,0,0
1998-04-24,112.157,NA,NA,0,0,NA,NA,0,0,NA,NA,220.3,780.108,NA,0,0,0,0
1998-04-25,172.284,NA,NA,0,0,NA,NA,0,0,NA,NA,286.853,1592.468,NA,0,0,0,0
1998-04-26,134.089,NA,NA,0,0,NA,NA,0,0,NA,NA,314.527,1723.634,NA,0,0,0,0
1998-04-27,78.599,NA,NA,0,0,NA,NA,0,0,NA,NA,312.179,867.64,NA,0,0,0,0
1998-04-28,107.096,NA,NA,0,0,NA,NA,0,0,NA,NA,347.898,666.019,NA,0,0,0,0
1998-04-29,106.014,NA,NA,0,0,NA,NA,0,68.26,NA,NA,350.104,1115.776,NA,0,0,0,0
1998-04-30,0,NA,NA,0,0,NA,NA,0,0,NA,NA,357.376,923.35,NA,0,0,0,0
1998-05-01,64.925,NA,NA,83.89,75.89,NA,NA,0,1620.834,NA,NA,359.303,1310.871,NA,0,0,0,0
1998-05-02,318.963,NA,NA,0,0,NA,NA,0,776.283,NA,NA,351.712,1335.626,NA,0,0,0,0
1998-05-03,542.249,NA,NA,0,0,NA,NA,0,694.651,NA,NA,315.599,701.132,NA,0,0,0,0
1998-05-04,597.193,NA,NA,0,0,NA,NA,0,660.735,NA,NA,230.5,1167.704,NA,0,0,0,0
1998-05-05,633.737,NA,NA,80.88,75.04,NA,NA,0,988.233,NA,NA,226.955,851.281,NA,0,0,0,0
1998-05-06,631.973,NA,NA,0,0,NA,NA,0,392.947,NA,NA,215.339,1180.518,NA,0,0,0,0
1998-05-07,631.262,NA,NA,0,0,NA,NA,0,0,NA,NA,189.193,975.202,NA,0,0,0,0
1998-05-08,629.008,NA,NA,0,0,NA,NA,0,0,NA,NA,191.124,948.704,NA,0,0,0,0
1998-05-09,629.884,NA,NA,0,0,NA,NA,0,0,NA,NA,253.02,371.742,NA,0,0,0,0
1998-05-10,665.725,NA,NA,0,0,NA,NA,0,0,NA,NA,298.726,489.511,NA,0,0,0,0
1998-05-11,668.168,NA,NA,0,0,NA,NA,0,0,NA,NA,332.319,1322.38,NA,0,0,0,0
1998-05-12,664.471,NA,NA,0,0,NA,NA,0,0,NA,NA,352.379,874.311,NA,0,0,0,0
1998-05-13,658.936,NA,NA,0,0,NA,NA,0,0,NA,NA,382.653,279.09,NA,0,0,0,0
1998-05-14,196.959,NA,NA,0,0,NA,NA,0,0,NA,NA,368.389,164.484,NA,0,0,0,0
1998-05-15,94.109,NA,NA,0,0,NA,NA,0,0,NA,NA,352.587,131.619,NA,0,0,0,0
1998-05-16,190.341,NA,NA,0,0,NA,NA,0,0,NA,NA,350.532,11.285,NA,0,0,0,0
1998-05-17,93.074,NA,NA,0,0,NA,NA,0,0,NA,NA,344.034,147.284,NA,0,0,0,0
1998-05-18,25.914,NA,NA,0,0,NA,NA,0,0,NA,NA,342.244,209.52,NA,0,0,0,0
1998-05-19,118.182,NA,NA,0,0,NA,NA,0,0,NA,NA,340.527,42.384,NA,0,0,0,0
1998-05-20,110.301,NA,NA,0,0,NA,NA,0,0,NA,NA,318.093,0,NA,0,0,0,0
1998-05-21,209.053,NA,NA,0,0,NA,NA,0,0,NA,NA,292.314,0,NA,0,0,0,0
1998-05-22,149.392,NA,NA,0,0,NA,NA,0,0,NA,NA,256.654,16.237,NA,0,0,0,0
1998-05-23,118.319,NA,NA,0,0,NA,NA,0,0,NA,NA,227.874,66.77,NA,0,0,0,0
1998-05-24,72.71,NA,NA,0,0,NA,NA,0,0,NA,NA,220.919,66.193,NA,0,0,0,0
1998-05-25,100.51,NA,NA,0,0,NA,NA,0,0,NA,NA,208.713,65.987,NA,0,0,0,0
1998-05-26,120.651,NA,NA,0,0,NA,NA,0,0,NA,NA,208.709,65.784,NA,0,0,0,0
1998-05-27,202,NA,NA,0,0,NA,NA,0,0,NA,NA,212.017,113.135,NA,0,0,0,0
1998-05-28,59.162,NA,NA,0,0,NA,NA,0,0,NA,NA,232.397,132.119,NA,0,0,0,0
1998-05-29,28.192,NA,NA,0,0,NA,NA,0,0,NA,NA,260.472,148.934,NA,0,0,0,0
1998-05-30,0,NA,NA,0,0,NA,NA,0,0,NA,NA,284.869,69.327,NA,0,0,0,0
1998-05-31,0,NA,NA,0,0,NA,NA,0,0,NA,NA,288.195,117.482,NA,0,0,0,0
1998-06-01,0,NA,NA,16.33,15.01,NA,NA,0,0,NA,NA,231.417,204.233,NA,0,0,0,0
1998-06-02,0,NA,NA,0,0,NA,NA,0,0,NA,NA,212.283,141.817,NA,0,0,0,0
1998-06-03,0,NA,NA,0,0,NA,NA,0,0,NA,NA,126.75,35.305,NA,0,0,0,0
1998-06-04,0,NA,NA,0,0,NA,NA,0,9.922,NA,NA,45.324,35.491,NA,0,0,0,0
1998-06-05,19.748,NA,NA,0,0,NA,NA,0,0,NA,NA,38.007,35.543,NA,0,0,0,0
1998-06-06,13.033,NA,NA,0,0,NA,NA,0,0,NA,NA,0,35.517,NA,0,0,0,0
1998-06-07,0,NA,NA,0,0,NA,NA,0,0,NA,NA,0,46.171,NA,0,0,0,0
1998-06-08,20.914,NA,NA,0,0,NA,NA,0,0,NA,NA,40.965,218.16,NA,0,0,0,0
1998-06-09,16.872,NA,NA,0,0,NA,NA,0,0,NA,NA,100.688,19.874,NA,0,0,0,0
1998-06-10,38.144,NA,NA,0,0,NA,NA,0,0,NA,NA,129.99,30.803,NA,0,0,0,0
1998-06-11,28.639,NA,NA,0,0,NA,NA,0,0,NA,NA,118.65,31.366,NA,0,0,0,0
1998-06-12,27.244,NA,NA,0,0,NA,NA,0,0,NA,NA,132.766,31.61,NA,0,0,0,0
1998-06-13,27.088,NA,NA,0,0,NA,NA,0,0,NA,NA,0,78.725,NA,0,0,0,0
1998-06-14,38.054,NA,NA,0,0,NA,NA,0,0,NA,NA,0,129.549,NA,0,0,0,0
1998-06-15,87.133,NA,NA,0,0,NA,NA,0,0,NA,NA,60.739,30.657,NA,0,0,0,0
1998-06-16,144.292,NA,NA,0,0,NA,NA,0,0,NA,NA,76.613,29.96,NA,0,0,0,0
1998-06-17,189.313,NA,NA,0,0,NA,NA,0,0,NA,NA,0,30.061,NA,0,0,0,0
1998-06-18,140.604,NA,NA,0,14.62,NA,NA,0,0,NA,NA,127.174,30.283,NA,0,0,0,0
1998-06-19,177.025,NA,NA,0,0,NA,NA,0,0,NA,NA,0,29.531,NA,0,0,0,0
1998-06-20,47.962,NA,NA,0,0,NA,NA,0,0,NA,NA,0,28.85,NA,0,0,0,0
1998-06-21,86.933,NA,NA,0,0,NA,NA,0,0,NA,NA,0,29.057,NA,0,0,0,0
1998-06-22,110.519,NA,NA,0,0,NA,NA,0,148.426,NA,NA,252.091,51.605,NA,0,0,0,0
1998-06-23,145.432,NA,NA,0,0,NA,NA,0,284.94,NA,NA,214.27,247.448,NA,0,0,0,0
1998-06-24,100.741,NA,NA,0,0,NA,NA,0,275.564,NA,NA,178.131,171.845,NA,0,0,0,0
1998-06-25,92.521,NA,NA,0,0,NA,NA,0,746.51,NA,NA,155.072,12.96,NA,0,0,0,0
1998-06-26,23.098,NA,NA,0,0,NA,NA,0,496.616,NA,NA,150.579,0,NA,0,0,0,0
1998-06-27,9.077,NA,NA,0,0,NA,NA,0,0,NA,NA,128.718,12.551,NA,0,0,0,0
1998-06-28,23.763,NA,NA,0,109.35,NA,NA,0,0,NA,NA,115.881,38.897,NA,0,0,0,0
1998-06-29,0.208,NA,NA,41.13,0,NA,NA,104.266,0,NA,NA,99.481,38.637,NA,0,0,0,0
1998-06-30,0,NA,NA,0,0,NA,NA,108.154,0,NA,NA,83.938,38.372,NA,0,0,0,0
1998-07-01,0,NA,NA,0,0,NA,NA,178.992,0,NA,NA,82.994,38.172,NA,0,0,0,0
1998-07-02,0,NA,NA,0,0,NA,NA,12.483,40.346,NA,NA,107.441,37.892,NA,0,0,0,0
1998-07-03,0,NA,NA,0,0,NA,NA,0,0,NA,NA,130.305,31.958,NA,0,0,0,0
1998-07-04,0,NA,NA,0,0,NA,NA,0,0,NA,NA,142.59,0,NA,0,0,0,0
1998-07-05,0,NA,NA,0,0,NA,NA,0,0,NA,NA,165.581,29.859,NA,0,0,0,0
1998-07-06,14.928,NA,NA,0,0,NA,NA,0,0,NA,NA,184.425,34.562,NA,0,0,0,0
1998-07-07,38.502,NA,NA,0,0,NA,NA,0,0,NA,NA,201.863,94.676,NA,0,0,0,0
1998-07-08,0,NA,NA,77.45,104.58,NA,NA,0,0,NA,NA,212.713,106.282,NA,0,0,0,0
1998-07-09,15.933,NA,NA,83.29,112.05,NA,NA,0,0,NA,NA,203.907,122.84,NA,0,0,0,0
1998-07-10,0,NA,NA,77.45,69.63,NA,NA,0,0,NA,NA,169.93,0.342,NA,0,0,0,0
1998-07-11,0,NA,NA,0,0,NA,NA,0,0,NA,NA,149.011,15.847,NA,0,0,0,0
1998-07-12,0,NA,NA,0,0,NA,NA,0,0,NA,NA,124.359,19.157,NA,0,0,0,0
1998-07-13,0.152,NA,NA,0,0,NA,NA,0,0,NA,NA,110.278,151.559,NA,0,0,0,0
1998-07-14,0,NA,NA,88.52,75.26,NA,NA,0,0,NA,NA,98.788,338.703,NA,0,0,0,0
1998-07-15,0,NA,NA,0,0,NA,NA,0,0,NA,NA,95.176,320.707,NA,0,0,0,0
1998-07-16,0,NA,NA,0,0,NA,NA,0,79.135,NA,NA,92.381,257.149,NA,0,0,0,0
1998-07-17,0,NA,NA,83.02,60.38,NA,NA,0,0,NA,NA,107.168,687.884,NA,0,0,0,0
1998-07-18,0,NA,NA,0,0,NA,NA,0,0,NA,NA,114.907,735.366,NA,0,0,0,0
1998-07-19,0,NA,NA,0,0,NA,NA,0,0,NA,NA,136.844,557.22,NA,0,0,0,0
1998-07-20,0,NA,NA,83.31,75.68,NA,NA,0,0,NA,NA,188.675,553.103,NA,0,0,0,0
1998-07-21,0,NA,NA,82.13,36.35,NA,NA,0,0,NA,NA,204.538,700.774,NA,0,0,0,0
1998-07-22,0,NA,NA,165.43,163.92,NA,NA,0,1903.538,NA,NA,236.583,1147.056,NA,0,0,0,0
1998-07-23,0,NA,NA,82.17,36.35,NA,NA,0,859.628,NA,NA,213.641,170.29,NA,0,0,0,0
1998-07-24,0,NA,NA,81.86,36.35,NA,NA,0,431.615,NA,NA,185.423,651.804,NA,0,0,0,0
1998-07-25,0,NA,NA,0,0,NA,NA,0,0,NA,NA,147.951,369.077,NA,0,0,0,0
1998-07-26,0,NA,NA,0,0,NA,NA,0,0,NA,NA,140.324,101.959,NA,0,0,0,0
1998-07-27,0,NA,NA,0,0,NA,NA,0,0,NA,NA,132.951,555.18,NA,0,0,0,0
1998-07-28,0.779,NA,NA,0,0,NA,NA,0,0,NA,NA,114.528,333.904,NA,0,0,0,0
1998-07-29,0.191,NA,NA,0,0,NA,NA,0,29.481,NA,NA,103.954,56.518,NA,0,0,0,0
1998-07-30,0,NA,NA,0,0,NA,NA,0,0,NA,NA,83.553,336.499,NA,0,0,0,0
1998-07-31,0,NA,NA,0,0,NA,NA,0,56.541,NA,NA,79.636,406.315,NA,0,0,0,0
1998-08-01,0,NA,NA,84.3,112.62,NA,NA,0,0,NA,NA,71.724,444.114,NA,0,0,0,0
1998-08-02,0,NA,NA,0,0,NA,NA,0,0,NA,NA,67.897,235.213,NA,0,0,0,0
1998-08-03,0,NA,NA,83.11,112.05,NA,NA,0,0,NA,NA,24.497,0,NA,0,0,0,0
1998-08-04,0,NA,NA,84.3,112.33,NA,NA,0,0,NA,NA,0,405.857,NA,0,0,0,0
1998-08-05,0,NA,NA,123.21,165.17,NA,NA,0,0,NA,NA,0,664.446,NA,0,0,0,0
1998-08-06,0,NA,NA,149.59,186.27,NA,NA,0,0,NA,NA,82.18,506.639,NA,0,0,0,0
1998-08-07,0.116,NA,NA,81.33,109.97,NA,NA,0,0,NA,NA,73.243,1278.816,NA,0,0,0,0
1998-08-08,0,NA,NA,0,111.47,NA,NA,0,0,NA,NA,82.469,2222.644,NA,0,0,0,0
1998-08-09,0,NA,NA,0,0,NA,NA,0,0,NA,NA,120.834,2250.14,NA,0,0,0,0
1998-08-10,0,NA,NA,81.64,0,NA,NA,0,0,NA,NA,132.306,2638.584,NA,0,0,0,0
1998-08-11,0,NA,NA,0,0,NA,NA,0,0,NA,NA,168.684,1753.915,NA,0,0,0,0
1998-08-12,0,NA,NA,0,0,NA,NA,0,0,NA,NA,177.119,1796.342,NA,0,0,0,0
1998-08-13,0.188,NA,NA,81.01,111.18,NA,NA,0,0,NA,NA,168.232,1875.269,NA,0,0,0,0
1998-08-14,0,NA,NA,0,0,NA,NA,0,0,NA,NA,133.578,1000.564,NA,0,0,0,0
1998-08-15,0,NA,NA,0,0,NA,NA,0,0,NA,NA,120.91,978.751,NA,0,0,0,0
1998-08-16,0,NA,NA,0,0,NA,NA,0,0,NA,NA,102.341,1131.709,NA,0,0,0,0
1998-08-17,0,NA,NA,0,0,NA,NA,0,0,NA,NA,94.011,761.669,NA,0,0,0,0
1998-08-18,0,NA,NA,40.35,72.67,NA,NA,0,0,NA,NA,81.613,1050.71,NA,0,0,0,0
1998-08-19,0,NA,NA,0,0,NA,NA,0,0,NA,NA,76.308,676.531,NA,0,0,0,0
1998-08-20,0,NA,NA,0,0,NA,NA,0,0,NA,NA,75.325,621.857,NA,0,0,0,0
1998-08-21,0,NA,NA,80.69,110.88,NA,NA,0,274.827,NA,NA,104.517,1174.193,NA,0,305,343,0
1998-08-22,0,NA,NA,80.69,110.88,NA,NA,0,742.248,NA,NA,98.113,1782.911,NA,0,586,627,0
1998-08-23,0,NA,NA,0,0,NA,NA,0,438.276,NA,NA,91.948,803.02,NA,0,582,613,0
1998-08-24,0,NA,NA,0,0,NA,NA,0,427.713,NA,NA,86.922,1029.049,NA,0,568,604,0
1998-08-25,0,NA,NA,0,0,NA,NA,0,0,NA,NA,77.729,818.324,NA,0,539,586,0
1998-08-26,0,NA,NA,81.33,111.47,NA,NA,0,0,NA,NA,78.434,767.894,NA,0,501,543,302
1998-08-27,0,NA,NA,80.04,109.97,NA,NA,0,0,NA,NA,64.077,496.331,NA,0,459,480,502
1998-08-28,0,NA,NA,0,0,NA,NA,0,0,NA,NA,67.884,182.269,NA,0,254,260,267
1998-08-29,0,NA,NA,0,0,NA,NA,0,0,NA,NA,53.898,313.531,NA,0,0,0,0
1998-08-30,0,NA,NA,0,0,NA,NA,0,0,NA,NA,52.684,445.536,NA,0,0,0,0
1998-08-31,0,NA,NA,0,0,NA,NA,0,0,NA,NA,45.555,142.894,NA,0,0,0,0
1998-09-01,37.856,NA,NA,60.32,69.69,NA,NA,0,0,NA,NA,47.073,99.271,NA,0,0,0,0
1998-09-02,0,NA,NA,40.35,71.98,NA,NA,0,0,NA,NA,58.444,454.683,NA,0,0,0,0
1998-09-03,0,NA,NA,0,0,NA,NA,0,0,NA,NA,53.224,245.215,NA,0,0,0,0
1998-09-04,0,NA,NA,0,0,NA,NA,0,0,NA,NA,47.013,0,NA,0,0,0,0
1998-09-05,0,NA,NA,0,0,NA,NA,0,0,NA,NA,40.222,139.007,NA,0,0,0,0
1998-09-06,0,NA,NA,82.49,111.47,NA,NA,0,0,NA,NA,32.969,437.713,NA,0,0,0,0
1998-09-07,0,NA,NA,0,0,NA,NA,0,0,NA,NA,41.934,179.127,NA,0,0,0,0
1998-09-08,0,NA,NA,82.17,111.18,NA,NA,0,0,NA,NA,39.899,175.876,NA,0,0,0,0
1998-09-09,0,NA,NA,0,0,NA,NA,0,0,NA,NA,43.168,772.443,NA,0,0,0,0
1998-09-10,0,NA,NA,40.67,145.51,NA,NA,0,15.568,NA,NA,51.327,2569.427,NA,0,0,0,0
1998-09-11,0,NA,NA,24.11,44.23,NA,NA,0,0,NA,NA,88.429,2074.993,NA,0,0,0,0
1998-09-12,0,NA,NA,0,0,NA,NA,0,0,NA,NA,91.819,770.73,NA,0,0,0,0
1998-09-13,0,NA,NA,0,0,NA,NA,0,0,NA,NA,98.712,680.472,NA,0,0,0,0
1998-09-14,0,NA,NA,0,0,NA,NA,0,0,NA,NA,103.634,661.413,NA,0,0,0,0
1998-09-15,0,NA,NA,0,0,NA,NA,0,0,NA,NA,110.058,552.41,NA,0,0,0,0
1998-09-16,0,NA,NA,181.47,239.04,NA,NA,0,811.947,NA,NA,156.097,742.349,NA,0,0,0,0
1998-09-17,0,NA,NA,133.57,235.26,NA,NA,0,898.397,NA,NA,177.018,447.891,NA,0,0,0,0
1998-09-18,0,NA,NA,80.88,109.97,NA,NA,0,2841.805,NA,NA,209.757,683.595,NA,0,319,331,0
1998-09-19,0,NA,NA,170.48,223.52,NA,NA,0,3721.466,NA,NA,213.618,1902.399,NA,0,686,718,0
1998-09-20,0,NA,NA,80.54,110.58,NA,NA,0,2563.361,NA,NA,186.449,2810.758,NA,0,691,726,0
1998-09-21,0,NA,NA,225.46,239.04,NA,NA,0,3598.921,NA,NA,175.549,2846.918,NA,0,703,736,0
1998-09-22,0,NA,NA,230.95,230.18,NA,NA,0,4212.358,NA,NA,151.038,2825.93,NA,0,983,1026,767
1998-09-23,0,NA,NA,206.84,227.99,NA,NA,0,3622.988,NA,NA,127.551,2494.784,NA,0,1577,1485,1596
1998-09-24,0,NA,NA,187.64,225.73,NA,NA,0,3149.145,NA,NA,115.395,1531.614,NA,0,1658,1359,1487
1998-09-25,0,NA,NA,166.25,189.99,NA,NA,0,2761.12,NA,NA,129.971,1339.211,NA,0,1846,1302,1335
1998-09-26,0,NA,NA,0,0,NA,NA,0,3175.503,NA,NA,119.614,2962.679,NA,0,1997,1345,1329
1998-09-27,0,NA,NA,0,0,NA,NA,0,2383.14,NA,NA,106.702,4436.028,NA,0,1957,1358,1301
1998-09-28,0,NA,NA,78.44,112.05,NA,NA,0,632.306,NA,NA,73.807,4209.391,NA,0,1255,926,898
1998-09-29,0,NA,NA,0,0,NA,NA,0,1011.331,NA,NA,34.117,2166.575,NA,0,752,333,326
1998-09-30,0,NA,NA,0,0,NA,NA,0,0,NA,NA,53.419,1972.374,NA,0,844,0,0
1998-10-01,0,NA,NA,79.16,75.26,NA,NA,0,478.814,NA,NA,53.033,1969.403,NA,0,861,0,0
1998-10-02,0,NA,NA,0,0,NA,NA,0,0,NA,NA,62.814,1323.979,NA,0,491,0,0
1998-10-03,0,NA,NA,0,0,NA,NA,0,0,NA,NA,63.75,1257.31,NA,0,0,0,0
1998-10-04,0,NA,NA,0,0,NA,NA,0,0,NA,NA,63.827,258.991,NA,0,0,0,0
1998-10-05,0,NA,NA,0,0,NA,NA,0,0,NA,NA,51.396,347.392,NA,0,0,0,0
1998-10-06,0,NA,NA,79.51,73.11,NA,NA,0,0,NA,NA,40.503,575.78,NA,0,0,0,0
1998-10-07,0,NA,NA,0,0,NA,NA,0,0,NA,NA,41.194,693.256,NA,0,0,0,0
1998-10-08,0,NA,NA,0,0,NA,NA,0,0,NA,NA,44.492,513.589,NA,0,0,0,0
1998-10-09,0,NA,NA,0,0,NA,NA,0,0,NA,NA,44.125,71.915,NA,0,0,0,0
1998-10-10,0,NA,NA,0,0,NA,NA,0,0,NA,NA,48.942,270.291,NA,0,0,0,0
1998-10-11,0,NA,NA,0,0,NA,NA,0,0,NA,NA,56.512,42.952,NA,0,0,0,0
1998-10-12,0,NA,NA,0,0,NA,NA,0,275.653,NA,NA,66.485,213.724,NA,0,0,0,0
1998-10-13,0,NA,NA,0,0,NA,NA,0,755.103,NA,NA,62.62,415.747,NA,0,0,0,0
1998-10-14,0,NA,NA,0,0,NA,NA,0,242.117,NA,NA,77.695,527.639,NA,0,0,0,0
1998-10-15,0,NA,NA,0,0,NA,NA,0,524.299,NA,NA,97.918,276.108,NA,0,0,0,0
1998-10-16,0,NA,NA,39.69,73.11,NA,NA,0,522.185,NA,NA,118.015,20.664,NA,0,0,0,0
1998-10-17,0,NA,NA,0,0,NA,NA,0,0,NA,NA,126.888,103.848,NA,0,0,0,0
1998-10-18,0,NA,NA,0,0,NA,NA,0,0,NA,NA,141.029,245.154,NA,0,0,0,0
1998-10-19,0,NA,NA,0,0,NA,NA,0,259.238,NA,NA,157.147,237.061,NA,0,0,0,0
1998-10-20,0,NA,NA,80.2,112.05,NA,NA,0,670.508,NA,NA,166.026,379.672,NA,0,0,0,0
1998-10-21,0,NA,NA,0,0,NA,NA,0,665.557,NA,NA,179.678,377.278,NA,0,0,0,0
1998-10-22,0,NA,NA,79.16,112.62,NA,NA,0,709.664,NA,NA,179.229,159.228,NA,0,0,0,0
1998-10-23,0,NA,NA,38.98,74.64,NA,NA,0,523.074,NA,NA,168.312,0,NA,0,0,0,0
1998-10-24,0,NA,NA,0,0,NA,NA,0,517.833,NA,NA,165.222,0,NA,0,0,0,0
1998-10-25,0,NA,NA,0,0,NA,NA,0,519.851,NA,NA,163.301,0,NA,0,0,0,0
1998-10-26,0,NA,NA,0,0,NA,NA,0,521.893,NA,NA,170.281,316.92,NA,0,0,0,0
1998-10-27,0,NA,NA,0,0,NA,NA,0,524.278,NA,NA,168.809,217.342,NA,0,0,0,0
1998-10-28,0,NA,NA,31.75,72.35,NA,NA,0,508.12,NA,NA,174.97,288.773,NA,0,0,0,0
1998-10-29,0,NA,NA,0,0,NA,NA,0,503.022,NA,NA,170.613,65.147,NA,0,0,0,0
1998-10-30,0,NA,NA,0,0,NA,NA,0,262.269,NA,NA,172.291,0,NA,0,0,0,0
1998-10-31,0,NA,NA,0,0,NA,NA,0,0,NA,NA,168.808,0,NA,0,0,0,0
1998-11-01,0,NA,NA,0,0,NA,NA,0,0,NA,NA,174.918,0,NA,0,0,0,0
1998-11-02,18.029,NA,NA,0,0,NA,NA,0,0,NA,NA,180.441,0,NA,0,0,0,0
1998-11-03,21.27,NA,NA,39.34,74.76,NA,NA,0,0,NA,NA,180.076,14.617,NA,0,0,0,0
1998-11-04,0,NA,NA,185.55,220.94,NA,NA,0,1436.699,NA,NA,227.946,150.273,NA,0,418,0,0
1998-11-05,0,NA,NA,365.82,358.37,NA,NA,0,3967.464,NA,NA,362.535,1855.125,NA,0,901,0,0
1998-11-06,0,NA,NA,321.26,351.71,NA,NA,972.665,4750.53,NA,NA,386.543,820.278,NA,0,900,407,388
1998-11-07,0,NA,NA,156.52,170.82,NA,NA,1439.518,4781.396,NA,NA,369.925,330.415,NA,0,868,888,904
1998-11-08,0,NA,NA,0,0,NA,NA,1417.011,4670.737,NA,NA,343.674,1599.508,NA,0,862,873,883
1998-11-09,0,NA,NA,76.92,75.05,NA,NA,1366.049,4196.502,NA,NA,294.466,1247.322,NA,0,863,870,876
1998-11-10,270.625,NA,NA,75.31,111.41,NA,NA,975.831,3617.653,NA,NA,244.755,901.543,NA,0,1144,1175,1209
1998-11-11,499.367,NA,NA,0,0,NA,NA,0,3189.868,NA,NA,215.049,427.786,NA,0,1505,1516,1559
1998-11-12,503.754,NA,NA,74.89,111.12,NA,NA,0,2403.558,NA,NA,189.46,488.842,NA,0,1490,1484,1519
1998-11-13,433.366,NA,NA,81.82,74.11,NA,NA,0,1439.056,NA,NA,166.917,574.505,NA,0,1642,1631,1685
1998-11-14,579.459,NA,NA,0,0,NA,NA,0,452.341,NA,NA,145.692,493.979,NA,0,1700,1678,1726
1998-11-15,577.686,NA,NA,0,0,NA,NA,0,369.853,NA,NA,132.865,494.108,NA,0,1647,1616,1668
1998-11-16,575.389,NA,NA,0,0,NA,NA,0,0,NA,NA,137.421,429.53,NA,0,1597,1566,1616
1998-11-17,574.242,NA,NA,61.23,79.58,NA,NA,0,0,NA,NA,146.714,129.506,NA,0,1551,1520,1562
1998-11-18,598.386,NA,NA,0,0,NA,NA,0,0,NA,NA,156.181,0,NA,0,1130,1089,1098
1998-11-19,244.576,NA,NA,0,0,NA,NA,0,0,NA,NA,159.97,185.004,NA,0,335,335,321
1998-11-20,354.104,NA,NA,0,0,NA,NA,0,637.09,NA,NA,142.989,371.641,NA,0,0,0,0
1998-11-21,576.493,NA,NA,0,0,NA,NA,0,0,NA,NA,125.392,370.684,NA,0,0,0,0
1998-11-22,578.056,NA,NA,0,0,NA,NA,0,0,NA,NA,116.206,258.067,NA,0,0,0,0
1998-11-23,471.871,NA,NA,0,0,NA,NA,0,0,NA,NA,112.601,6.785,NA,0,0,0,0
1998-11-24,334.777,NA,NA,78.8,111.76,NA,NA,0,0,NA,NA,129.595,39.132,NA,0,0,0,0
1998-11-25,267.52,NA,NA,77.69,111.18,NA,NA,0,560.064,NA,NA,143.751,171.091,NA,0,0,0,0
1998-11-26,425.606,NA,NA,0,0,NA,NA,0,0,NA,NA,138.648,259.472,NA,0,0,0,0
1998-11-27,621.748,NA,NA,0,0,NA,NA,0,0,NA,NA,125.523,252.915,NA,0,0,0,0
1998-11-28,655.748,NA,NA,0,0,NA,NA,0,0,NA,NA,112.177,56.562,NA,0,0,0,0
1998-11-29,653.245,NA,NA,0,0,NA,NA,0,0,NA,NA,101.444,0,NA,0,0,0,0
1998-11-30,503.175,NA,NA,77.31,111.47,NA,NA,0,14.051,NA,NA,87.062,15.516,NA,0,0,0,0
1998-12-01,654.259,NA,NA,0,0,NA,NA,0,0,NA,NA,80.187,89.524,NA,0,0,0,0
1998-12-02,653.553,NA,NA,0,0,NA,NA,0,0,NA,NA,83.258,191.175,NA,0,0,0,0
1998-12-03,562.63,NA,NA,0,0,NA,NA,0,65.585,NA,NA,93.547,269.389,NA,0,0,0,0
1998-12-04,534.236,NA,NA,38.43,74.48,NA,NA,0,0,NA,NA,102.021,119.902,NA,0,0,0,0
1998-12-05,469.074,NA,NA,0,0,NA,NA,0,0,NA,NA,116.729,0,NA,0,0,0,0
1998-12-06,486.215,NA,NA,0,0,NA,NA,0,0,NA,NA,129.37,134.977,NA,0,0,0,0
1998-12-07,457.783,NA,NA,122.4,135.48,NA,NA,0,0,NA,NA,122.456,201.599,NA,0,0,0,0
1998-12-08,640.667,NA,NA,38.24,72.06,NA,NA,0,7.24,NA,NA,132.829,13.287,NA,0,0,0,0
1998-12-09,575.48,NA,NA,0,0,NA,NA,0,0,NA,NA,133.824,54.361,NA,0,0,0,0
1998-12-10,576.947,NA,NA,0,0,NA,NA,0,0,NA,NA,123.015,62.128,NA,0,0,0,0
1998-12-11,424.387,NA,NA,38.8,74.48,NA,NA,0,0,NA,NA,109.169,78.262,NA,0,0,0,0
1998-12-12,432.255,NA,NA,147.06,170.92,NA,NA,0,0,NA,NA,109.562,85.554,NA,0,0,0,0
1998-12-13,514.686,NA,NA,76.53,74.33,NA,NA,0,0,NA,NA,110.544,111.482,NA,0,0,0,0
1998-12-14,373.115,NA,NA,76.13,73.93,NA,NA,0,0,NA,NA,122.541,141.163,NA,0,0,0,0
1998-12-15,616.702,NA,NA,0,0,NA,NA,0,0,NA,NA,141.767,115.39,NA,0,0,0,0
1998-12-16,650.669,NA,NA,0,0,NA,NA,0,0,NA,NA,133.518,60.253,NA,0,0,0,0
1998-12-17,649.937,NA,NA,0,0,NA,NA,0,0,NA,NA,119.757,39.103,NA,0,0,0,0
1998-12-18,604.187,NA,NA,0,0,NA,NA,0,22.739,NA,NA,99.894,27.127,NA,0,0,0,0
1998-12-19,572.648,NA,NA,0,0,NA,NA,0,0,NA,NA,87.444,7.471,NA,0,0,0,0
1998-12-20,572.296,NA,NA,0,0,NA,NA,0,0,NA,NA,83.838,41.015,NA,0,0,0,0
1998-12-21,573.803,NA,NA,0,0,NA,NA,0,0,NA,NA,77.415,79.394,NA,0,0,0,0
1998-12-22,495.399,NA,NA,0,0,NA,NA,0,0,NA,NA,65.312,79.716,NA,0,0,0,0
1998-12-23,564.349,NA,NA,0,0,NA,NA,0,0,NA,NA,63.142,80.057,NA,0,0,0,0
1998-12-24,563.909,NA,NA,0,0,NA,NA,0,0,NA,NA,59.399,80.222,NA,0,0,0,0
1998-12-25,522.969,NA,NA,0,0,NA,NA,0,0,NA,NA,51.212,80.094,NA,0,0,0,0
1998-12-26,567.743,NA,NA,0,0,NA,NA,0,0,NA,NA,55.227,100.076,NA,0,0,0,0
1998-12-27,567.422,NA,NA,0,0,NA,NA,0,0,NA,NA,50.537,152.119,NA,0,0,0,0
1998-12-28,421.873,NA,NA,0,0,NA,NA,0,0,NA,NA,56.408,138.039,NA,0,0,0,0
1998-12-29,469.669,NA,NA,59.79,111.76,NA,NA,0,460.448,NA,NA,66.177,21.576,NA,0,0,0,0
1998-12-30,622.433,NA,NA,80.54,110.88,NA,NA,0,523.053,NA,NA,61.945,0,NA,0,0,0,0
1998-12-31,653.664,NA,NA,0,0,NA,NA,0,250.884,NA,NA,62.864,0,NA,0,0,0,0
1999-01-01,639.356,NA,NA,0,0,NA,NA,0,0,NA,NA,75.03,15.147,NA,0,0,0,0
1999-01-02,127.285,NA,NA,99.07,111.47,NA,NA,0,0,NA,NA,87.963,208.692,NA,0,0,0,0
1999-01-03,262.734,NA,NA,112.68,103.77,NA,NA,0,697.283,NA,NA,95.594,149.323,NA,0,0,0,0
1999-01-04,307.177,NA,NA,78.44,110.88,NA,NA,0,600.233,NA,NA,107.311,198.894,NA,0,0,0,0
1999-01-05,466.268,NA,NA,0,110.27,NA,NA,0,0,NA,NA,107.907,168.212,NA,0,0,0,0
1999-01-06,575.916,NA,NA,0,0,NA,NA,0,212.716,NA,NA,104.124,16.892,NA,0,0,0,0
1999-01-07,570.65,NA,NA,0,0,NA,NA,0,674.745,NA,NA,99.752,0,NA,0,0,0,0
1999-01-08,618.079,NA,NA,0,0,NA,NA,0,739.808,NA,NA,93.072,13.407,NA,0,0,0,0
1999-01-09,583.959,NA,NA,0,0,NA,NA,0,0,NA,NA,94.092,126.881,NA,0,0,0,0
1999-01-10,499.494,NA,NA,0,0,NA,NA,0,0,NA,NA,101.75,156.543,NA,0,0,0,0
1999-01-11,462.732,NA,NA,80.2,112.33,NA,NA,0,496.034,NA,NA,108.228,71.668,NA,0,0,0,0
1999-01-12,622.205,NA,NA,0,0,NA,NA,0,520.226,NA,NA,106.494,70.021,NA,0,0,0,0
1999-01-13,655.025,NA,NA,0,0,NA,NA,0,526.613,NA,NA,105.146,0,NA,0,0,0,0
1999-01-14,569.156,NA,NA,0,0,NA,NA,0,528.993,NA,NA,105.957,0,NA,0,0,0,0
1999-01-15,611.045,NA,NA,80.54,112.33,NA,NA,0,718.14,NA,NA,107.289,27.667,NA,0,0,0,0
1999-01-16,574.188,NA,NA,0,0,NA,NA,0,0,NA,NA,107.693,133.709,NA,0,0,0,0
1999-01-17,639.203,NA,NA,0,0,NA,NA,0,0,NA,NA,104.931,38.176,NA,0,0,0,0
1999-01-18,639.432,NA,NA,0,0,NA,NA,0,0,NA,NA,107.317,37.12,NA,0,0,0,0
1999-01-19,642.267,NA,NA,0,0,NA,NA,0,504.393,NA,NA,106.409,51.166,NA,0,0,0,0
1999-01-20,704.797,NA,NA,0,0,NA,NA,0,530.417,NA,NA,108.52,57.83,NA,0,0,0,0
1999-01-21,697.675,NA,NA,79.86,74.93,NA,NA,0,434.3,NA,NA,105.085,56.866,NA,0,0,0,0
1999-01-22,628.599,NA,NA,38.98,74.18,NA,NA,0,676.963,NA,NA,104.056,52.728,NA,0,0,0,0
1999-01-23,582.97,NA,NA,0,0,NA,NA,0,0,NA,NA,98.322,21.701,NA,0,0,0,0
1999-01-24,471.478,NA,NA,0,0,NA,NA,0,0,NA,NA,119.198,83.917,NA,0,0,0,0
1999-01-25,506.529,NA,NA,0,0,NA,NA,0,732.264,NA,NA,130.007,481.527,NA,0,0,0,0
1999-01-26,714.139,NA,NA,0,0,NA,NA,0,493.383,NA,NA,131.247,61.98,NA,0,0,0,0
1999-01-27,753.663,NA,NA,0,0,NA,NA,0,517.258,NA,NA,126.163,46.283,NA,0,0,0,0
1999-01-28,686.986,NA,NA,0,0,NA,NA,0,516.193,NA,NA,111.922,46.428,NA,0,0,0,0
1999-01-29,599.455,NA,NA,0,0,NA,NA,0,519.268,NA,NA,128.038,20.099,NA,0,0,0,0
1999-01-30,595.32,NA,NA,0,0,NA,NA,0,0,NA,NA,121.023,38.587,NA,0,0,0,0
1999-01-31,580.683,NA,NA,0,0,NA,NA,0,0,NA,NA,126.157,138.01,NA,0,0,0,0
1999-02-01,300.076,NA,NA,80.88,75.08,NA,NA,0,507.708,NA,NA,148.412,26.915,NA,0,0,0,0
1999-02-02,555.235,NA,NA,0,0,NA,NA,0,416.163,NA,NA,140.322,29.641,NA,0,0,0,0
1999-02-03,681.659,NA,NA,0,0,NA,NA,0,526.915,NA,NA,112.121,110.326,NA,0,0,0,0
1999-02-04,657.011,NA,NA,0,0,NA,NA,0,525.217,NA,NA,147.166,110.999,NA,0,0,0,0
1999-02-05,597.991,NA,NA,0,0,NA,NA,0,532.132,NA,NA,146.093,110.863,NA,0,0,0,0
1999-02-06,598.426,NA,NA,0,0,NA,NA,0,0,NA,NA,144.613,107.453,NA,0,0,0,0
1999-02-07,608.647,NA,NA,0,0,NA,NA,0,0,NA,NA,134.43,96.95,NA,0,0,0,0
1999-02-08,656.846,NA,NA,0,0,NA,NA,0,567.701,NA,NA,129.714,46.154,NA,0,0,0,0
1999-02-09,559.02,NA,NA,0,0,NA,NA,0,528.31,NA,NA,125.457,47.112,NA,0,0,0,0
1999-02-10,236.064,NA,NA,0,0,NA,NA,0,457.945,NA,NA,118.322,45.041,NA,0,0,0,0
1999-02-11,618.353,NA,NA,0,0,NA,NA,0,522.904,NA,NA,120.486,28.692,NA,0,0,0,0
1999-02-12,626.176,NA,NA,0,0,NA,NA,0,524.808,NA,NA,95.859,28.726,NA,0,0,0,0
1999-02-13,593.807,NA,NA,87.99,120.13,NA,NA,0,0,NA,NA,42.937,28.855,NA,0,0,0,0
1999-02-14,638.661,NA,NA,0,0,NA,NA,0,0,NA,NA,70.529,28.975,NA,0,0,0,0
1999-02-15,625.886,NA,NA,0,0,NA,NA,0,0,NA,NA,70.406,28.273,NA,0,0,0,0
1999-02-16,633.362,NA,NA,81.53,112.33,NA,NA,0,521.838,NA,NA,113.99,28.107,NA,0,0,0,0
1999-02-17,632.656,NA,NA,0,0,NA,NA,0,531.746,NA,NA,98.91,28.117,NA,0,0,0,0
1999-02-18,544.091,NA,NA,64.47,74.64,NA,NA,0,525.365,NA,NA,81.258,28.272,NA,0,0,0,0
1999-02-19,598.451,NA,NA,0,0,NA,NA,0,527.809,NA,NA,76.18,28.528,NA,0,0,0,0
1999-02-20,678.904,NA,NA,0,0,NA,NA,0,0,NA,NA,79.784,28.357,NA,0,0,0,0
1999-02-21,633.804,NA,NA,0,0,NA,NA,0,0,NA,NA,85.732,28.256,NA,0,0,0,0
1999-02-22,635.154,NA,NA,0,0,NA,NA,0,487.822,NA,NA,89.46,28.268,NA,0,0,0,0
1999-02-23,675.142,NA,NA,0,0,NA,NA,0,461.991,NA,NA,87.26,27.632,NA,0,0,0,0
1999-02-24,701.166,NA,NA,0,0,NA,NA,0,0,NA,NA,84.364,27.46,NA,0,0,0,0
1999-02-25,695.71,NA,NA,0,0,NA,NA,0,0,NA,NA,73.896,27.622,NA,0,0,0,0
1999-02-26,301.003,NA,NA,0,0,NA,NA,0,0,NA,NA,67.755,27.298,NA,0,0,0,0
1999-02-27,209.719,NA,NA,0,0,NA,NA,0,0,NA,NA,58.464,43.021,NA,0,0,0,0
1999-02-28,126.072,NA,NA,0,0,NA,NA,0,0,NA,NA,48.144,48.99,NA,0,0,0,0
1999-03-01,111.069,NA,NA,0,0,NA,NA,0,0,NA,NA,39.97,0,NA,0,0,0,0
1999-03-02,73.565,NA,NA,0,0,NA,NA,0,0,NA,NA,37.634,0,NA,0,0,0,0
1999-03-03,91.663,NA,NA,0,0,NA,NA,0,0,NA,NA,33.632,0,NA,0,0,0,0
1999-03-04,106.572,NA,NA,0,0,NA,NA,0,0,NA,NA,6.583,0,NA,0,0,0,0
1999-03-05,146.745,NA,NA,0,0,NA,NA,0,0,NA,NA,0,0,NA,0,0,0,0
1999-03-06,128.999,NA,NA,0,0,NA,NA,0,0,NA,NA,0,0,NA,0,0,0,0
1999-03-07,105.46,NA,NA,0,0,NA,NA,0,0,NA,NA,0,0,NA,0,0,0,0
1999-03-08,150.003,NA,NA,0,0,NA,NA,0,0,NA,NA,66.618,0,NA,0,0,0,0
1999-03-09,105.731,NA,NA,0,0,NA,NA,0,0,NA,NA,26.964,5.402,NA,0,0,0,0
1999-03-10,120.999,NA,NA,0,0,NA,NA,0,0,NA,NA,23.487,17.913,NA,0,0,0,0
1999-03-11,115.691,NA,NA,0,0,NA,NA,0,0,NA,NA,17.209,56.455,NA,0,0,0,0
1999-03-12,144.261,NA,NA,0,0,NA,NA,0,0,NA,NA,15.249,24.391,NA,0,0,0,0
1999-03-13,53.776,NA,NA,0,0,NA,NA,0,0,NA,NA,14.554,24.234,NA,0,0,0,0
1999-03-14,49.435,NA,NA,0,0,NA,NA,0,0,NA,NA,12.491,23.768,NA,0,0,0,0
1999-03-15,34.778,NA,NA,0,0,NA,NA,0,0,NA,NA,14.425,88.697,NA,0,0,0,0
1999-03-16,82.831,NA,NA,0,0,NA,NA,0,0,NA,NA,10.008,512.042,NA,0,0,0,0
1999-03-17,59.176,NA,NA,0,0,NA,NA,0,0,NA,NA,12.003,1062.74,NA,0,0,0,0
1999-03-18,66.189,NA,NA,0,0,NA,NA,0,0,NA,NA,9.879,852.903,NA,0,0,0,0
1999-03-19,100.576,NA,NA,0,0,NA,NA,0,0,NA,NA,12.71,837.026,NA,0,0,0,0
1999-03-20,123.442,NA,NA,0,0,NA,NA,0,0,NA,NA,9.029,923.146,NA,0,0,0,0
1999-03-21,123.008,NA,NA,0,0,NA,NA,0,0,NA,NA,8.642,1039.594,NA,0,0,0,0
1999-03-22,123.017,NA,NA,0,0,NA,NA,0,0,NA,NA,9.944,817.7,NA,0,0,0,0
1999-03-23,158.363,NA,NA,34.63,0,NA,NA,0,0,NA,NA,6.52,944.965,NA,0,0,0,0
1999-03-24,151.25,NA,NA,40.28,0,NA,NA,0,0,NA,NA,8.809,821.347,NA,0,0,0,0
1999-03-25,118.651,NA,NA,10.76,0,NA,NA,0,0,NA,NA,4.127,725.372,NA,0,0,0,0
1999-03-26,138.336,NA,NA,0,14.66,NA,NA,0,0,NA,NA,9.845,1310.499,NA,0,0,0,0
1999-03-27,20.363,NA,NA,0,0,NA,NA,0,0,NA,NA,11.676,946.331,NA,0,0,0,0
1999-03-28,118.429,NA,NA,0,0,NA,NA,0,0,NA,NA,18.339,698.088,NA,0,0,0,0
1999-03-29,107.091,NA,NA,0,0,NA,NA,0,0,NA,NA,23.45,698.953,NA,0,0,0,0
1999-03-30,0,NA,NA,0,0,NA,NA,0,0,NA,NA,30.625,962.976,NA,0,0,0,0
1999-03-31,51.568,NA,NA,0,0,NA,NA,0,0,NA,NA,31.039,850.604,NA,0,0,0,0
1999-04-01,63.598,NA,NA,0,0,NA,NA,0,0,NA,NA,39.634,674.13,NA,0,0,0,0
1999-04-02,109.352,NA,NA,34.63,0,NA,NA,0,0,NA,NA,43.943,722.595,NA,0,0,0,0
1999-04-03,116.651,NA,NA,0,0,NA,NA,0,0,NA,NA,49.564,947.461,NA,0,0,0,0
1999-04-04,116.314,NA,NA,0,0,NA,NA,0,0,NA,NA,58.363,937.422,NA,0,0,0,0
1999-04-05,116.268,NA,NA,37.6,0,NA,NA,0,271.597,NA,NA,58.999,847.211,NA,0,0,0,0
1999-04-06,183.599,NA,NA,37.6,0,NA,NA,0,217.614,NA,NA,64.369,647.417,NA,0,0,0,0
1999-04-07,219.564,NA,NA,10.76,0,NA,NA,0,266.887,NA,NA,72.196,949.64,NA,0,0,0,0
1999-04-08,291.539,NA,NA,0,0,NA,NA,0,274.026,NA,NA,73.155,602.244,NA,0,0,0,0
1999-04-09,213.12,NA,NA,34.77,14.62,NA,NA,0,268.677,NA,NA,82.756,948.541,NA,0,0,0,0
1999-04-10,219.333,NA,NA,0,0,NA,NA,0,0,NA,NA,91.998,922.121,NA,0,0,0,0
1999-04-11,181.994,NA,NA,0,0,NA,NA,0,0,NA,NA,98.102,708.5,NA,0,0,0,0
1999-04-12,196.831,NA,NA,45.28,0,NA,NA,0,255.854,NA,NA,107.437,686.225,NA,0,0,0,0
1999-04-13,205.431,NA,NA,0,0,NA,NA,0,273.876,NA,NA,110.48,763.505,NA,0,0,0,0
1999-04-14,222.745,NA,NA,34.77,0,NA,NA,0,529.558,NA,NA,108.78,935.916,NA,0,0,0,0
1999-04-15,203.132,NA,NA,34.77,0,NA,NA,0,273.013,NA,NA,74.057,524.068,NA,0,0,0,0
1999-04-16,185.459,NA,NA,32.23,0,NA,NA,0,275.97,NA,NA,53.772,571.521,NA,0,0,0,0
1999-04-17,92.247,NA,NA,0,0,NA,NA,0,276.488,NA,NA,76.392,301.76,NA,0,0,0,0
1999-04-18,91.642,NA,NA,0,0,NA,NA,0,276.655,NA,NA,76.677,464.941,NA,0,0,0,0
1999-04-19,115.212,NA,NA,40.28,0,NA,NA,0,231.812,NA,NA,105.073,246.113,NA,0,0,0,0
1999-04-20,251.548,NA,NA,0,0,NA,NA,0,277.864,NA,NA,90.903,245.376,NA,0,0,0,0
1999-04-21,234.899,NA,NA,39.95,0,NA,NA,0,273.753,NA,NA,132.841,240.438,NA,0,0,0,0
1999-04-22,216.965,NA,NA,40.28,0,NA,NA,0,276.467,NA,NA,141.674,236.568,NA,0,0,0,0
1999-04-23,257.182,NA,NA,32.35,0,NA,NA,0,275.521,NA,NA,119.605,235.093,NA,0,0,0,0
1999-04-24,241.281,NA,NA,0,0,NA,NA,0,280.114,NA,NA,112.411,230.131,NA,0,0,0,0
1999-04-25,238.21,NA,NA,0,0,NA,NA,0,272.7,NA,NA,110.554,225.148,NA,0,0,0,0
1999-04-26,177.7,NA,NA,0,0,NA,NA,0,275.412,NA,NA,108.413,496.69,NA,0,0,0,0
1999-04-27,274.316,NA,NA,0,0,NA,NA,0,277.923,NA,NA,112.965,464.007,NA,0,0,0,0
1999-04-28,86.986,NA,NA,0,0,NA,NA,0,277.569,NA,NA,132.521,420.69,NA,0,0,0,0
1999-04-29,57.806,NA,NA,0,0,NA,NA,0,277.54,NA,NA,137.037,357.903,NA,0,0,0,0
1999-04-30,37.567,NA,NA,0,0,NA,NA,0,277.259,NA,NA,131.985,459.877,NA,0,0,0,0
1999-05-01,109.693,NA,NA,0,0,NA,NA,0,0,NA,NA,135.797,527.259,NA,0,0,0,0
1999-05-02,63.467,NA,NA,0,0,NA,NA,0,0,NA,NA,135.946,251.189,NA,0,0,0,0
1999-05-03,106.271,NA,NA,0,0,NA,NA,0,276.304,NA,NA,135.002,418.17,NA,0,0,0,0
1999-05-04,105.722,NA,NA,0,0,NA,NA,0,277.495,NA,NA,138.622,231.701,NA,0,0,0,0
1999-05-05,106.028,NA,NA,0,0,NA,NA,0,273.079,NA,NA,130.171,590.326,NA,0,0,0,0
1999-05-06,147.377,NA,NA,0,14.58,NA,NA,0,211.082,NA,NA,122.035,626.312,NA,0,0,0,0
1999-05-07,176.57,NA,NA,16,0,NA,NA,0,270.642,NA,NA,118.557,801.609,NA,0,0,0,0
1999-05-08,137.495,NA,NA,0,0,NA,NA,0,0,NA,NA,116.041,986.638,NA,0,0,0,0
1999-05-09,68.278,NA,NA,0,0,NA,NA,0,0,NA,NA,116.274,1095.47,NA,0,0,0,0
1999-05-10,0,NA,NA,0,0,NA,NA,0,0,NA,NA,119.303,836.899,NA,0,0,0,0
1999-05-11,0,NA,NA,0,0,NA,NA,0,0,NA,NA,115.858,1427.191,NA,0,0,0,0
1999-05-12,80.935,NA,NA,0,0,NA,NA,0,0,NA,NA,132.842,1185.931,NA,0,0,0,0
1999-05-13,0,NA,NA,0,0,NA,NA,0,0,NA,NA,114.328,2467.292,NA,0,0,0,0
1999-05-14,3.09,NA,NA,0,0,NA,NA,0,0,NA,NA,95.589,2465.311,NA,0,0,0,0
1999-05-15,18.477,NA,NA,0,0,NA,NA,0,0,NA,NA,87.282,2912.291,NA,0,0,0,0
1999-05-16,7.919,NA,NA,0,0,NA,NA,0,0,NA,NA,82.76,2426.313,NA,0,0,0,0
1999-05-17,0,NA,NA,0,0,NA,NA,0,0,NA,NA,71.816,2372.616,NA,0,0,0,0
1999-05-18,22.684,NA,NA,0,0,NA,NA,0,0,NA,NA,60.202,2463.059,NA,0,0,0,0
1999-05-19,44.619,NA,NA,0,0,NA,NA,0,0,NA,NA,45.946,2368.034,NA,0,0,0,0
1999-05-20,15.649,NA,NA,0,0,NA,NA,0,0,NA,NA,44.211,2711.115,NA,0,0,0,0
1999-05-21,30.914,NA,NA,0,0,NA,NA,0,0,NA,NA,37.696,2589.979,NA,0,0,0,0
1999-05-22,58.651,NA,NA,0,0,NA,NA,0,0,NA,NA,29.253,2354.178,NA,0,0,0,0
1999-05-23,50.553,NA,NA,0,0,NA,NA,0,0,NA,NA,35.606,2302.839,NA,0,0,0,0
1999-05-24,198.043,NA,NA,0,0,NA,NA,0,0,NA,NA,30.421,2215.704,NA,0,0,0,0
1999-05-25,148.833,NA,NA,0,0,NA,NA,0,0,NA,NA,25.975,1565.229,NA,0,0,0,0
1999-05-26,126.188,NA,NA,0,0,NA,NA,0,0,NA,NA,20.043,1055.567,NA,0,0,0,0
1999-05-27,175.807,NA,NA,0,0,NA,NA,0,449.816,NA,NA,22.355,499.75,NA,0,0,0,0
1999-05-28,129.304,NA,NA,0,0,NA,NA,0,299.877,NA,NA,25.38,118.276,NA,0,0,0,0
1999-05-29,99.864,NA,NA,0,0,NA,NA,0,0,NA,NA,32.503,0,NA,0,0,0,0
1999-05-30,23.055,NA,NA,0,0,NA,NA,0,0,NA,NA,42.891,0,NA,0,0,0,0
1999-05-31,0,NA,NA,0,0,NA,NA,NA,0,NA,NA,55.474,0,NA,0,0,0,0
1999-06-01,19.647,NA,NA,16.2,14.66,NA,NA,0,0,NA,NA,74.011,0,NA,0,0,0,0
1999-06-02,0,NA,NA,25.14,10.03,NA,NA,0,0,NA,NA,83.805,0,NA,0,0,0,0
1999-06-03,0,NA,NA,167.77,155.78,NA,NA,0,0,NA,NA,88.367,0,NA,0,0,0,0
1999-06-04,0,NA,NA,83.29,74.38,NA,NA,0,0,NA,NA,76.204,26.229,NA,0,0,0,0
1999-06-05,0,NA,NA,0,0,NA,NA,0,0,NA,NA,60.268,34.927,NA,0,0,0,0
1999-06-06,0,NA,NA,0,0,NA,NA,0,0,NA,NA,49.137,34.499,NA,0,0,0,0
1999-06-07,0,NA,NA,133.29,97.27,NA,NA,0,798.426,NA,NA,86.47,28.607,NA,0,0,0,0
1999-06-08,0,NA,NA,258.83,236.58,NA,NA,0,3192.707,NA,NA,155.678,94.446,NA,0,0,0,0
1999-06-09,0,NA,NA,197.52,180.05,NA,NA,0,3634.821,NA,NA,149.644,211.987,NA,0,398,346,331
1999-06-10,0,NA,NA,79.71,72.99,NA,NA,0,3824.522,NA,NA,145.609,281.759,NA,0,602,591,448
1999-06-11,0,NA,NA,209.22,181.44,NA,NA,0,3125.587,NA,NA,155.156,71.76,NA,0,619,601,425
1999-06-12,0,NA,NA,243.62,265.41,NA,NA,0,2188.257,NA,NA,163.273,0,NA,0,634,613,423
1999-06-13,0,NA,NA,229.66,222.34,NA,NA,0,1557.466,NA,NA,155.766,0,NA,0,643,619,424
1999-06-14,0,NA,NA,49.61,73.56,NA,NA,0,526.862,NA,NA,145.639,0,NA,0,641,619,424
1999-06-15,0,NA,NA,79.37,64.01,NA,NA,0,713.995,NA,NA,134.631,0,NA,0,800,767,412
1999-06-16,0,NA,NA,39.52,74.18,NA,NA,0,695.629,NA,NA,139.864,0,NA,0,887,858,371
1999-06-17,0,NA,NA,89.56,72.22,NA,NA,0,1959.646,NA,NA,136.015,0.785,NA,0,898,874,372
1999-06-18,0,NA,NA,79.37,72.67,NA,NA,0,2540.011,NA,NA,137.552,234.814,NA,0,946,926,420
1999-06-19,0,NA,NA,0,0,NA,NA,0,2512.164,NA,NA,139.859,590.292,NA,0,967,936,427
1999-06-20,0,NA,NA,0,0,NA,NA,0,1653.85,NA,NA,126.253,329.865,NA,0,974,952,440
1999-06-21,64.224,NA,NA,81.53,74.48,NA,NA,0,1425.863,NA,NA,106.572,378.657,NA,0,965,953,444
1999-06-22,259.842,NA,NA,201.06,178.45,NA,NA,0,573.191,NA,NA,89.232,372.313,NA,0,964,946,436
1999-06-23,0,NA,NA,149.78,147.12,NA,NA,0,379.912,NA,NA,105.526,245.535,NA,0,958,948,447
1999-06-24,195.147,NA,NA,122.98,74.93,NA,NA,0,1885.729,NA,NA,111.553,371.184,NA,0,975,960,460
1999-06-25,33.5,NA,NA,85.18,34.83,NA,NA,0,1324.345,NA,NA,101.213,576.007,NA,0,1117,1097,648
1999-06-26,231.715,NA,NA,0,0,NA,NA,0,2224.144,NA,NA,106.305,609.554,NA,0,1222,1152,626
1999-06-27,222.07,NA,NA,91.66,80.4,NA,NA,0,1377.228,NA,NA,117.315,1329.403,NA,0,1248,1181,657
1999-06-28,274.641,NA,NA,74.86,80.09,NA,NA,0,42.15,NA,NA,131.459,958.466,NA,0,1265,1204,952
1999-06-29,314.331,NA,NA,90.51,25.16,NA,NA,0,837.783,NA,NA,138.824,834.517,NA,0,1250,1188,1220
1999-06-30,117.808,NA,NA,79.86,74.93,NA,NA,0,1048.399,NA,NA,152.614,1069.966,NA,0,1255,1210,1240
1999-07-01,62.072,NA,NA,79.16,74.64,NA,NA,0,1517.721,NA,NA,155.94,1362.444,NA,0,1257,1206,1234
1999-07-02,0,NA,NA,77.97,74.33,NA,NA,0,1552.798,NA,NA,156.081,1337.311,NA,0,1291,1223,1250
1999-07-03,0,NA,NA,51.74,64.29,NA,NA,0,1295.534,NA,NA,147.96,2687.481,NA,0,1310,1245,1282
1999-07-04,156.107,NA,NA,62.08,49.44,NA,NA,0,450.354,NA,NA,142.767,2565.147,NA,0,1317,1252,1291
1999-07-05,413.127,NA,NA,0,0,NA,NA,0,399.923,NA,NA,145.199,2590.784,NA,0,1310,1237,1269
1999-07-06,457.586,NA,NA,0,0,NA,NA,0,0,NA,NA,132.77,2074.398,NA,0,1277,1217,1242
1999-07-07,606.603,NA,NA,68.91,64.81,NA,NA,0,0,NA,NA,123.054,1809.609,NA,0,1245,1210,1204
1999-07-08,604.457,NA,NA,0,0,NA,NA,0,614.12,NA,NA,109.129,1311.639,NA,0,1212,1177,1163
1999-07-09,605.037,NA,NA,0,0,NA,NA,0,0,NA,NA,100.391,941.554,NA,0,1173,1143,1134
1999-07-10,659.921,NA,NA,0,0,NA,NA,0,0,NA,NA,92.446,756.289,NA,0,1119,1101,1093
1999-07-11,674.41,NA,NA,0,0,NA,NA,0,0,NA,NA,93.502,504.102,NA,0,1068,1044,1040
1999-07-12,675.408,NA,NA,81.33,73.33,NA,NA,0,0,NA,NA,93.25,1101.692,NA,0,817,799,797
1999-07-13,675.529,NA,NA,0,0,NA,NA,0,0,NA,NA,89.143,1161.293,NA,0,603,588,587
1999-07-14,675.246,NA,NA,0,0,NA,NA,0,0,NA,NA,78.473,988.594,NA,0,343,346,352
1999-07-15,708.084,NA,NA,0,0,NA,NA,0,0,NA,NA,71.318,1243.755,NA,0,0,0,0
1999-07-16,773.155,NA,NA,0,0,NA,NA,0,68.057,NA,NA,67.542,803.259,NA,0,0,0,0
1999-07-17,771.82,NA,NA,0,0,NA,NA,0,0,NA,NA,65.902,1561.541,NA,0,0,0,0
1999-07-18,771.277,NA,NA,0,0,NA,NA,0,0,NA,NA,58.165,921.318,NA,0,0,0,0
1999-07-19,771.533,NA,NA,0,0,NA,NA,0,509.809,NA,NA,54.212,993.078,NA,0,0,0,0
1999-07-20,772.645,NA,NA,0,0,NA,NA,0,0,NA,NA,47.64,979.455,NA,0,0,0,0
1999-07-21,768.523,NA,NA,0,0,NA,NA,0,0,NA,NA,51.533,1020.031,NA,0,0,0,0
1999-07-22,419.818,NA,NA,0,0,NA,NA,0,0,NA,NA,60.775,507.195,NA,0,0,0,0
1999-07-23,9.02,NA,NA,0,0,NA,NA,0,346.347,NA,NA,57.411,1275.979,NA,0,0,0,0
1999-07-24,0,NA,NA,0,0,NA,NA,0,0,NA,NA,67.566,859.729,NA,0,0,0,0
1999-07-25,0,NA,NA,0,0,NA,NA,0,0,NA,NA,62.383,808.344,NA,0,0,0,0
1999-07-26,0,NA,NA,77.61,71.75,NA,NA,0,0,NA,NA,49.177,751.956,NA,0,0,0,0
1999-07-27,0,NA,NA,0,0,NA,NA,0,0,NA,NA,36.458,630.189,NA,0,0,0,0
1999-07-28,0,NA,NA,136.88,124.39,NA,NA,0,0,NA,NA,33.387,427.954,NA,0,0,0,0
1999-07-29,0,NA,NA,77.56,59.71,NA,NA,0,0,NA,NA,30.238,515.661,NA,0,0,0,0
1999-07-30,0,NA,NA,32.78,58.13,NA,NA,0,0,NA,NA,26.455,211.01,NA,0,0,0,0
1999-07-31,0,NA,NA,0,0,NA,NA,0,0,NA,NA,28.149,283.369,NA,0,0,0,0
1999-08-01,29.079,NA,NA,0,0,NA,NA,0,0,NA,NA,19.991,122.312,NA,0,0,0,0
1999-08-02,24.938,NA,NA,76.7,68.24,NA,NA,0,0,NA,NA,25.21,85.693,NA,0,0,0,0
1999-08-03,1.641,NA,NA,0,0,NA,NA,0,0,NA,NA,21.443,146.503,NA,0,0,0,0
1999-08-04,0,NA,NA,0,38.75,NA,NA,0,0,NA,NA,22.518,141.848,NA,0,0,0,0
1999-08-05,0,NA,NA,38.19,67.82,NA,NA,0,0,NA,NA,30.504,126.424,NA,0,0,0,0
1999-08-06,0,NA,NA,37.89,67.4,NA,NA,0,0,NA,NA,31.082,126.413,NA,0,0,0,0
1999-08-07,0,NA,NA,0,0,NA,NA,0,0,NA,NA,36.216,127.153,NA,0,0,0,0
1999-08-08,0,NA,NA,0,0,NA,NA,0,0,NA,NA,43.486,125.861,NA,0,0,0,0
1999-08-09,0,NA,NA,0,0,NA,NA,0,0,NA,NA,40.794,125.558,NA,0,0,0,0
1999-08-10,36.591,NA,NA,41.06,72.89,NA,NA,0,0,NA,NA,45.424,125.667,NA,0,0,0,0
1999-08-11,11.975,NA,NA,0,0,NA,NA,0,0,NA,NA,46.239,174.228,NA,0,0,0,0
1999-08-12,0,NA,NA,0,0,NA,NA,0,0,NA,NA,47.869,994.782,NA,0,0,0,0
1999-08-13,0,NA,NA,0,0,NA,NA,0,0,NA,NA,57.732,1003.408,NA,0,0,0,0
1999-08-14,0,NA,NA,0,0,NA,NA,0,0,NA,NA,46.918,1008.266,NA,0,0,0,0
1999-08-15,0,NA,NA,0,0,NA,NA,0,0,NA,NA,117.325,1001.503,NA,0,0,0,0
1999-08-16,0,NA,NA,0,0,NA,NA,0,0,NA,NA,89.463,1001.302,NA,0,0,0,0
1999-08-17,0,NA,NA,44.65,72.89,NA,NA,0,621.827,NA,NA,81.047,1000.853,NA,0,0,0,0
1999-08-18,4.265,NA,NA,40.35,72.22,NA,NA,0,0,NA,NA,84.429,1003.769,NA,0,0,0,0
1999-08-19,8.194,NA,NA,0,0,NA,NA,0,395.587,NA,NA,77.621,990.485,NA,0,0,0,0
1999-08-20,0,NA,NA,81.86,72.89,NA,NA,0,772.996,NA,NA,73.466,1026.572,NA,0,0,0,0
1999-08-21,0,NA,NA,82.17,72.89,NA,NA,0,718.093,NA,NA,77.855,1516.83,NA,0,0,0,0
1999-08-22,0,NA,NA,0,0,NA,NA,0,569.706,NA,NA,66.591,1609.026,NA,0,0,0,0
1999-08-23,0,NA,NA,83.41,75.23,NA,NA,0,533.891,NA,NA,66.319,2329.262,NA,0,0,0,0
1999-08-24,0,NA,NA,86.97,73.11,NA,NA,0,627.132,NA,NA,96.662,3300.333,NA,0,0,0,0
1999-08-25,0,NA,NA,79.86,72.22,NA,NA,0,1729.393,NA,NA,93.177,4153.413,NA,0,0,0,0
1999-08-26,0,NA,NA,39.16,71.28,NA,NA,0,750.934,NA,NA,97.913,4895.982,NA,0,0,0,0
1999-08-27,0,NA,NA,67.66,57.21,NA,NA,0,1124.01,0,NA,106.453,5499.606,NA,0,0,0,0
1999-08-28,0,NA,NA,41.44,38.01,NA,NA,0,649.479,0,NA,94.14,5529.027,NA,0,0,0,0
1999-08-29,0,NA,NA,0,0,NA,NA,0,348.382,0,NA,82.18,4436.667,NA,0,0,0,0
1999-08-30,0,NA,NA,0,0,NA,NA,0,0,0,NA,79.791,3255.354,NA,0,0,0,0
1999-08-31,0,NA,NA,0,0,NA,NA,0,0,0,NA,79.085,3291.153,NA,0,0,0,0
1999-09-01,139.791,NA,NA,39.85,74.48,NA,NA,0,206.914,6.335,NA,89.728,3906.412,NA,0,0,0,0
1999-09-02,317.93,NA,NA,0,0,NA,NA,0,441.187,134.788,NA,114.895,4909.228,NA,0,0,0,0
1999-09-03,495.648,NA,NA,0,0,NA,NA,0,477.743,0,NA,130.427,3532.251,NA,0,0,0,0
1999-09-04,494.378,NA,NA,0,0,NA,NA,0,0,0,NA,172.044,3130.724,NA,0,0,0,0
1999-09-05,494.067,NA,NA,0,0,NA,NA,0,226.211,0,NA,168.183,2744.354,NA,0,0,0,0
1999-09-06,430.366,NA,NA,0,73.33,NA,NA,0,0,0,NA,162.033,2922.488,NA,0,0,0,0
1999-09-07,418.516,NA,NA,81.86,72.44,NA,NA,0,213.043,0,NA,71.592,2741.719,NA,0,0,0,0
1999-09-08,353.905,NA,NA,80.54,72.89,NA,NA,0,563.5,63.147,NA,177.602,2830.733,NA,0,0,0,0
1999-09-09,308.544,NA,NA,80.88,72.89,NA,NA,0,872.528,593.238,NA,275.707,2420.356,NA,0,0,0,0
1999-09-10,277.541,NA,NA,80.88,65.23,NA,NA,0,1008.1,872.229,NA,305.15,1763.321,NA,0,0,0,0
1999-09-11,447.209,NA,NA,226.54,145.78,NA,NA,0,611.879,194.636,NA,321.082,1919.103,NA,0,0,0,0
1999-09-12,361.78,NA,NA,69.87,95.77,NA,NA,0,271.129,0,NA,327.994,1789.603,NA,0,0,0,0
1999-09-13,0,NA,NA,114.72,99.55,NA,NA,0,1508.16,1020.186,NA,315.992,1970.559,NA,0,1164,1282,1323
1999-09-14,44.883,NA,NA,0,44.53,NA,NA,0,865.217,0,NA,357.486,1204.136,NA,0,1813,1804,1653
1999-09-15,268.481,NA,NA,0,0,NA,NA,0,56.418,1568.235,NA,367.633,1588.029,NA,0,1648,1583,1442
1999-09-16,420.928,NA,NA,0,0,NA,NA,0,258.214,539.404,NA,369.515,1843.253,NA,0,570,1103,697
1999-09-17,522.497,NA,NA,0,0,NA,NA,0,266.787,0,NA,311.648,1835.672,NA,0,0,956,0
1999-09-18,380.327,NA,NA,0,0,NA,NA,0,268.013,0,NA,303.762,1173.022,NA,0,0,1062,0
1999-09-19,322.194,NA,NA,0,0,NA,NA,0,454.17,59.355,NA,302.228,1160.329,NA,0,0,1112,0
1999-09-20,279.695,NA,NA,0,65.97,NA,NA,0,1214.409,368.156,NA,307.009,1166.686,NA,0,0,1149,0
1999-09-21,0,NA,NA,80.2,61.32,NA,NA,0,1731.029,735.339,NA,315.126,1687.79,NA,0,0,1098,0
1999-09-22,203.539,NA,NA,79.16,0,NA,NA,0,751.289,424.275,NA,297.66,2789.437,NA,0,0,356,0
1999-09-23,276.29,NA,NA,0,0,NA,NA,0,289.619,0,NA,273.156,2960.955,NA,0,0,0,0
1999-09-24,0,NA,NA,80.2,49.04,NA,NA,0,268.711,0,NA,289.702,2898.784,NA,0,0,0,0
1999-09-25,81.216,NA,NA,0,0,NA,NA,0,271.762,0,NA,318.624,2966.582,NA,0,0,0,0
1999-09-26,24.929,NA,NA,143.52,136.43,NA,NA,0,355.263,54.608,NA,337.375,2658.943,NA,0,0,0,0
1999-09-27,74.905,NA,NA,39.16,34.75,NA,NA,0,2112.725,1376.463,NA,346.13,2659.219,NA,0,0,0,0
1999-09-28,231.625,NA,NA,0,0,NA,NA,0,1880.958,124.279,NA,362.576,2601.559,NA,0,0,0,0
1999-09-29,402.9,NA,NA,0,0,NA,NA,0,588.862,78.197,NA,387.413,2334.475,NA,0,0,0,0
1999-09-30,401.593,NA,NA,0,0,NA,NA,0,263.252,0,NA,395.729,2235.523,NA,0,0,0,0
1999-10-01,524.983,NA,NA,69.21,54.07,NA,NA,0,268.932,0,NA,378.434,2175.295,NA,0,0,0,0
1999-10-02,578.396,NA,NA,0,0,NA,NA,0,273.24,0,NA,347.547,2268.646,NA,0,0,0,0
1999-10-03,580.75,NA,NA,0,0,NA,NA,0,274.99,0,NA,330.586,2448.689,NA,0,0,0,0
1999-10-04,386.928,NA,NA,79.16,56.73,NA,NA,0,267.137,0,NA,324.696,2376.832,NA,0,0,0,0
1999-10-05,86.003,NA,NA,78.44,68.51,NA,NA,0,1781.693,1057.52,NA,329.547,3477.058,NA,0,0,0,0
1999-10-06,273.935,NA,NA,0,0,NA,NA,0,845.344,258.191,NA,339.99,3290.676,NA,0,0,0,0
1999-10-07,355.967,NA,NA,0,0,NA,NA,0,507.39,318.388,NA,345.43,3623.481,NA,0,0,0,0
1999-10-08,472.481,NA,NA,79.16,68.08,NA,NA,0,1754.152,1232.07,NA,290.471,5056.325,NA,0,0,0,0
1999-10-09,306.345,NA,NA,0,0,NA,NA,0,2491.81,670.22,NA,304.529,5606.453,NA,0,0,0,0
1999-10-10,415.706,NA,NA,0,0,NA,NA,0,2352.605,472.142,NA,336.481,6177.852,NA,0,0,0,0
1999-10-11,590.453,NA,NA,0,0,NA,NA,0,1952.982,493.676,NA,362.937,5930.865,NA,0,0,0,0
1999-10-12,434.937,NA,NA,79.16,56.23,NA,NA,0,1461.969,755.033,NA,383.902,5834.937,NA,0,0,0,0
1999-10-13,485.523,NA,NA,77.69,62.33,NA,NA,0,1578.098,992.194,NA,379.673,5603.303,NA,0,420,414,0
1999-10-14,170.945,NA,NA,164.11,130.36,NA,NA,0,1628.776,698.768,NA,304.899,4810.043,NA,0,1162,1204,844
1999-10-15,0,NA,NA,190.9,219.22,NA,NA,0,2454.336,1548.37,NA,187.248,5339.325,NA,0,2427,2235,3453
1999-10-16,0,NA,NA,257.74,223.88,NA,NA,230.544,4438.297,2011.864,NA,0,5987.233,NA,0,2600,2382,4921
1999-10-17,0,NA,NA,254.44,225.18,NA,NA,1028.428,4535.616,2226.866,NA,224.401,6572.438,NA,0,2498,2293,4894
1999-10-18,0,NA,NA,251,225.89,NA,NA,1064.306,4437.538,2057.483,NA,377.722,7321.737,NA,0,2467,2640,4878
1999-10-19,0,NA,NA,248.62,225.75,NA,NA,942.855,4083.788,1909.826,NA,363.537,7643.533,NA,0,2491,2909,4871
1999-10-20,0,NA,NA,247.4,225.97,NA,NA,403.556,4104.975,1625.278,NA,329.644,7428.48,NA,0,2527,2946,1404
1999-10-21,12.194,NA,NA,240.99,224.11,NA,NA,372.234,4145.429,1446.09,NA,271.954,8766.912,NA,0,2495,2865,1334
1999-10-22,113.852,NA,NA,227.79,219.76,NA,NA,591.553,3966.285,933.097,NA,267.954,8359.208,NA,0,2524,2948,1534
1999-10-23,199.417,NA,NA,112.24,111.17,NA,NA,0,3185.745,663.522,NA,320.722,8974.698,NA,0,2449,2863,1295
1999-10-24,390.233,NA,NA,0,0,NA,NA,0,2239.729,431.169,NA,364.056,8487.504,NA,0,2349,2798,1087
1999-10-25,312.349,NA,NA,66.67,56.64,NA,NA,0,1945.161,449.769,NA,372.8,7667.344,NA,0,2236,2696,945
1999-10-26,417.428,NA,NA,56.7,48.35,NA,NA,0,1702.941,575.944,NA,315.917,6289.463,NA,0,2126,2607,3342
1999-10-27,353.825,NA,NA,46.16,38.63,NA,NA,0,1523.489,212.367,NA,263.92,5049.627,NA,0,2133,2005,3442
1999-10-28,279.43,NA,NA,0,45.76,NA,NA,0,518.361,0,NA,270.273,3878.125,NA,0,1579,1819,2620
1999-10-29,385.946,NA,NA,46.61,30.26,NA,NA,0,753.52,0,NA,281.219,3920.791,NA,0,1101,1650,1284
1999-10-30,402.549,NA,NA,0,0,NA,NA,0,688.581,0,NA,289.226,3277.394,NA,0,734,1612,0
1999-10-31,252.527,NA,NA,119.55,131.41,NA,NA,0,633.337,0,NA,292.778,2486.553,NA,0,768,1682,0
1999-11-01,22.089,NA,NA,0,221.67,NA,NA,0,2667.3,698.433,NA,337.048,2635.62,NA,0,1134,1620,0
1999-11-02,0,NA,NA,0,217.27,NA,NA,0,3030.949,1111.083,NA,288.198,2120.059,NA,0,1473,1542,0
1999-11-03,370.732,NA,NA,0,20.26,NA,316.138,0,1672.219,192.28,NA,274.422,2039.229,NA,0,1484,1546,0
1999-11-04,517.417,NA,NA,33.45,33.02,NA,88.534,0,583.741,0,NA,277.598,2070.563,NA,0,1492,1547,0
1999-11-05,565.676,NA,NA,36.12,32.02,NA,0,0,0,0,NA,272.605,2039.681,NA,0,1126,1173,0
1999-11-06,447.523,NA,NA,0,0,NA,0,0,0,0,NA,238.038,2262.046,NA,0,785,851,0
1999-11-07,431.198,NA,NA,0,0,NA,0,0,0,0,NA,205.884,1910.771,NA,0,780,857,0
1999-11-08,417.156,NA,NA,67.77,55.61,NA,0,0,0,0,NA,177.247,1689.922,NA,0,423,475,0
1999-11-09,454.989,NA,NA,33.11,31.08,NA,0,0,0,0,NA,151.672,1753.388,NA,0,0,0,0
1999-11-10,616.559,NA,NA,52.83,43.83,NA,0,0,0,0,NA,136.066,1611.672,NA,0,0,0,0
1999-11-11,663.061,NA,NA,0,0,NA,0,0,0,0,NA,118.352,1316.685,NA,0,0,0,0
1999-11-12,753.32,NA,NA,0,28.28,NA,0,0,169.358,0,NA,107.035,1053.923,NA,0,0,0,0
1999-11-13,755.032,NA,NA,0,0,NA,0,0,0,0,NA,107.12,1131.998,NA,0,0,0,0
1999-11-14,778.144,NA,NA,0,0,NA,0,0,0,0,NA,104.761,811.303,NA,0,0,0,0
1999-11-15,806.835,NA,NA,0,0,NA,0,0,245.896,0,NA,97.271,1088.135,NA,0,0,0,0
1999-11-16,775.764,NA,NA,0,0,NA,0,0,268.682,0,NA,102.432,225.402,NA,0,0,0,0
1999-11-17,685.629,NA,NA,0,0,NA,0,0,269.959,0,NA,123.507,283.474,NA,0,0,0,0
1999-11-18,771.627,NA,NA,0,0,NA,0,0,277.656,0,NA,145.29,281.499,NA,0,0,0,0
1999-11-19,792.087,NA,NA,20.87,22.87,NA,0,0,252.958,0,NA,160.451,272.859,NA,0,0,0,0
1999-11-20,718.155,NA,NA,0,0,NA,0,0,268.132,0,NA,171.426,298.292,NA,0,0,0,0
1999-11-21,696.508,NA,NA,0,0,NA,0,0,268.889,0,NA,180.109,203.753,NA,0,0,0,0
1999-11-22,696.741,NA,NA,28.71,63.73,NA,0,0,400.378,0,NA,183.648,385.7,NA,0,0,0,0
1999-11-23,695.915,NA,NA,0,0,NA,0,0,514.252,11.17,NA,191.363,264.159,NA,0,0,0,0
1999-11-24,699.149,NA,NA,0,0,NA,0,0,514.352,0,NA,192.143,237.378,NA,0,0,0,0
1999-11-25,639.555,NA,NA,0,0,NA,0,0,0,0,NA,189.643,218.119,NA,0,0,0,0
1999-11-26,619.168,NA,NA,0,0,NA,0,0,513.27,0,NA,171.268,177.532,NA,0,0,0,0
1999-11-27,678.022,NA,NA,0,0,NA,0,0,509.027,0,NA,167.995,207.908,NA,0,0,0,0
1999-11-28,742.227,NA,NA,0,0,NA,0,0,513.924,0,NA,176.17,191.233,NA,0,0,0,0
1999-11-29,750.945,NA,NA,64.91,61.08,NA,0,0,507.83,0,NA,182.996,120.302,NA,0,0,0,0
1999-11-30,752.347,NA,NA,0,0,NA,0,0,501.854,0,NA,192.252,173.758,NA,0,0,0,0
1999-12-01,749.972,NA,NA,0,0,NA,0,0,504.213,0,NA,200.859,309.167,NA,0,0,0,0
1999-12-02,742.494,NA,NA,0,0,NA,0,0,494.974,0,NA,197.239,161.569,NA,0,0,0,0
1999-12-03,751.473,NA,NA,0,0,NA,0,0,499.523,0,NA,190.978,179.521,NA,0,0,0,0
1999-12-04,751.132,NA,NA,0,0,NA,0,0,532.058,0,NA,193.207,300.333,NA,0,0,0,0
1999-12-05,725.536,NA,NA,0,0,NA,0,0,489.147,0,NA,198.715,474.749,NA,0,0,0,0
1999-12-06,724.835,NA,NA,0,0,NA,0,0,528.303,0,NA,197.519,814.921,NA,0,0,0,0
1999-12-07,753.118,NA,NA,0,0,NA,0,0,326.624,0,NA,199.131,358.919,NA,0,0,0,0
1999-12-08,798.889,NA,NA,0,0,NA,0,0,519.98,0,NA,193.298,582.978,NA,0,0,0,0
1999-12-09,800.375,NA,NA,0,0,NA,0,0,514.32,0,NA,194.573,407.152,NA,0,0,0,0
1999-12-10,745.36,NA,NA,0,0,NA,0,0,518.835,0,NA,198.011,563.499,NA,0,0,0,0
1999-12-11,769.874,NA,NA,0,0,NA,0,0,516.707,49.069,NA,200.917,513.353,NA,0,0,0,0
1999-12-12,780.884,NA,NA,0,0,NA,0,0,508.909,7.577,NA,204.942,515.035,NA,0,0,0,0
1999-12-13,780.079,NA,NA,0,0,NA,0,0,496.032,17.936,NA,204.081,786.253,NA,0,0,0,0
1999-12-14,780.176,NA,NA,0,0,NA,0,0,498.612,32.026,NA,206.063,483.77,NA,0,0,0,0
1999-12-15,780.219,NA,NA,0,0,NA,0,0,501.052,0,NA,215.408,853.751,NA,0,0,0,0
1999-12-16,767.804,NA,NA,0,0,NA,0,0,249.522,0,NA,219.953,785.55,NA,0,0,0,0
1999-12-17,756.199,NA,NA,0,0,NA,0,0,519.432,0,NA,216.833,580.257,NA,0,0,0,0
1999-12-18,722.712,NA,NA,0,0,NA,32.588,0,715.822,239.035,NA,208.525,799.618,NA,0,0,0,0
1999-12-19,744.262,NA,NA,0,0,NA,0,0,720.546,221.562,NA,203.657,1102.015,NA,0,0,0,0
1999-12-20,797.776,NA,NA,0,0,NA,0.006,0,245.156,0,NA,205.217,1039.118,NA,0,0,0,0
1999-12-21,765.232,NA,NA,59.83,68.01,NA,109.774,0,736.178,94.196,NA,200.425,647.636,NA,0,0,0,0
1999-12-22,769.042,NA,NA,32.25,0,NA,80.375,0,669.466,77.034,NA,201.632,869.864,NA,0,0,0,0
1999-12-23,736.88,NA,NA,0,29.96,NA,84.222,0,688.116,106.455,NA,219.851,1095.995,NA,0,0,0,0
1999-12-24,750.35,NA,NA,0,0,NA,101.908,0,623.975,95.042,NA,232.85,1336.36,NA,0,0,0,0
1999-12-25,796.32,NA,NA,0,0,NA,0,31.847,0,0,NA,217.009,1332.56,NA,0,0,0,0
1999-12-26,798.301,NA,NA,0,0,NA,0,0,581.793,90.502,NA,194.797,1416.639,NA,0,0,0,0
1999-12-27,796.201,NA,NA,0,0,NA,0,0,524.222,0,NA,178.103,1283.049,NA,0,0,0,0
1999-12-28,795.016,NA,NA,0,0,NA,23.108,0,623.101,124.993,NA,185.398,1188.354,NA,0,0,0,0
1999-12-29,794.76,NA,NA,0,0,NA,112.144,0,701.244,115.932,NA,191.602,1218.757,NA,0,0,0,0
1999-12-30,794.602,NA,NA,0,0,NA,0,0,521.34,0,NA,193.021,1089.832,NA,0,0,0,0
1999-12-31,794.475,NA,NA,0,0,NA,0,0,533.611,21.866,NA,193.342,1211.404,NA,0,0,0,0
2000-01-01,811.97,NA,NA,0,0,NA,0,0,521.396,0,NA,193.371,1156.634,NA,0,0,0,0
2000-01-02,832.291,NA,NA,0,0,NA,0,0,515.992,18.659,NA,194.323,1153.074,NA,0,0,0,0
2000-01-03,832.414,NA,NA,0,0,NA,0,0,524.656,0,NA,191.181,1144.302,NA,0,0,0,0
2000-01-04,808.412,NA,NA,0,0,NA,0,0,0,0,NA,187.737,1181.28,NA,0,0,0,0
2000-01-05,808.611,NA,NA,0,0,NA,0,0,560.729,0,NA,173.091,1307.325,NA,0,0,0,0
2000-01-06,825.565,NA,NA,0,0,NA,0,0,494.376,0,NA,167.018,1123.335,NA,0,0,0,0
2000-01-07,849.578,NA,NA,0,0,NA,11.268,0,517.742,10.538,NA,178.105,1099.211,NA,0,0,0,0
2000-01-08,791.498,NA,NA,0,0,NA,0,0,516.944,0,NA,181.529,1215.057,NA,0,0,0,0
2000-01-09,802.863,NA,NA,0,0,NA,0,0,503.92,12.427,NA,176.832,1111.318,NA,0,0,0,0
2000-01-10,779.765,NA,NA,0,0,NA,0,0,503.39,0,NA,170.107,1076.652,NA,0,0,0,0
2000-01-11,815.935,NA,NA,0,0,NA,0,0,521.54,0,NA,172.05,1102.9,NA,0,0,0,0
2000-01-12,861.496,NA,NA,0,0,NA,0,0,508.059,0,NA,180.877,1163.528,NA,0,0,0,0
2000-01-13,860.647,NA,NA,0,0,NA,0,0,501.581,0,NA,181.842,1171.744,NA,0,0,0,0
2000-01-14,518.98,NA,NA,0,0,NA,0,0,510.275,0,NA,193.167,1118.206,NA,0,0,0,0
2000-01-15,93.768,NA,NA,0,0,NA,0,0,479.367,0,NA,200.569,956.691,NA,0,0,0,0
2000-01-16,73.993,NA,NA,0,0,NA,0,0,521.486,0,NA,189.402,1092.785,NA,0,0,0,0
2000-01-17,139.856,NA,NA,0,0,NA,0,0,511.798,0,NA,189.249,1184.375,NA,0,0,0,0
2000-01-18,0,NA,NA,0,0,NA,0,0,500.825,0,NA,189.811,843.455,NA,0,0,0,0
2000-01-19,54.035,NA,NA,0,0,NA,0,0,493.516,0,NA,204.688,953.209,NA,0,0,0,0
2000-01-20,0,NA,NA,0,0,NA,0,158.146,325.679,0,NA,230.667,1151.433,NA,0,0,0,0
2000-01-21,0,NA,NA,0,0,NA,0,512.941,0,0,NA,262.293,1087.167,NA,0,0,0,0
2000-01-22,69.673,NA,NA,0,0,NA,0,846.51,0,0,NA,288.024,1015.808,NA,0,0,0,0
2000-01-23,60.674,NA,NA,0,0,NA,0,771.431,0,0,NA,276.782,947.255,NA,0,0,0,0
2000-01-24,14.138,NA,NA,0,0,NA,0,0,848.395,575.958,NA,279.719,1329.338,NA,0,0,0,0
2000-01-25,0,NA,NA,0,0,NA,73.671,0,724.669,917.835,NA,260.981,1296.01,NA,0,0,0,0
2000-01-26,35.94,NA,NA,0,0,NA,0,0,0,0,NA,233.415,1385.14,NA,0,0,0,0
2000-01-27,84.989,NA,NA,32.75,0,NA,0,57.242,0,0,NA,203.634,986.096,NA,0,0,0,0
2000-01-28,0,NA,NA,0,24.11,NA,0,263.349,638.94,64.184,NA,201.86,724.582,NA,0,0,0,0
2000-01-29,0,NA,NA,0,0,NA,0,1451.599,0,0,NA,225.803,896.077,NA,0,0,0,0
2000-01-30,0,NA,NA,0,0,NA,0,1067.555,0,0,NA,242.198,1031.37,NA,0,0,0,0
2000-01-31,0,NA,NA,62.52,39.44,NA,0,303.128,0,0,NA,251.328,1154.078,NA,0,0,0,0
2000-02-01,49.749,NA,NA,0,0,NA,0,380.448,0,0,NA,253.008,926.603,NA,0,0,0,0
2000-02-02,62.624,NA,NA,0,0,NA,0,278.003,0,0,NA,262.579,989.234,NA,0,0,0,0
2000-02-03,23.58,NA,NA,0,0,NA,0,0,0,0,NA,253.184,1189.578,NA,0,0,0,0
2000-02-04,18.096,NA,NA,0,0,NA,0,0,0,0,NA,213.172,1117.245,NA,0,0,0,0
2000-02-05,67.628,NA,NA,0,0,NA,0,0,0,0,NA,187.22,1102.719,NA,0,0,0,0
2000-02-06,38.528,NA,NA,0,0,NA,54.062,0,0,122.147,NA,168.211,925.017,NA,0,0,0,0
2000-02-07,22.683,NA,NA,0,0,NA,105.428,0,0,111.972,NA,147.235,1044.501,NA,0,0,0,0
2000-02-08,8.703,NA,NA,0,0,NA,0,0,0,0,NA,139.7,1031.594,NA,0,0,0,0
2000-02-09,0,NA,NA,0,0,NA,5.654,0,532.474,138.886,NA,124.475,907.712,NA,0,0,0,0
2000-02-10,0,NA,NA,0,0,NA,2.534,0,692.61,6.061,NA,170.84,970.024,NA,0,0,0,0
2000-02-11,47.327,NA,NA,0,0,NA,0,0,0,0,NA,231.985,987.572,NA,0,0,0,0
2000-02-12,70.487,NA,NA,0,0,NA,0,0,0,0,NA,237.278,1073.637,NA,0,0,0,0
2000-02-13,8.152,NA,NA,0,0,NA,0,0,0,0,NA,202.519,1000.139,NA,0,0,0,0
2000-02-14,0.679,NA,NA,0,0,NA,0,0,0,0,NA,167.184,765.199,NA,0,0,0,0
2000-02-15,0,NA,NA,0,0,NA,0,0,0,0,NA,161.786,1029.23,NA,0,0,0,0
2000-02-16,0,NA,NA,0,0,NA,0,0,0,0,NA,143.242,1096.77,NA,0,0,0,0
2000-02-17,0,NA,NA,0,0,NA,0,0,0,0,NA,135.433,773.931,NA,0,0,0,0
2000-02-18,78.817,NA,NA,0,0,NA,0,0,0,0,NA,133.744,957.364,NA,0,0,0,0
2000-02-19,81.356,NA,NA,0,0,NA,0,0,0,0,NA,99.771,1117.915,NA,0,0,0,0
2000-02-20,23.604,NA,NA,0,0,NA,0,0,0,0,NA,109.261,1108.708,NA,0,0,0,0
2000-02-21,20.386,NA,NA,0,0,NA,0,0,0,0,NA,99.422,1035.228,NA,0,0,0,0
2000-02-22,64.015,NA,NA,0,0,NA,0,10.264,0,0,NA,89.279,1037.187,NA,0,0,0,0
2000-02-23,73.129,NA,NA,0,0,NA,0,0,0,0,NA,86.001,1054.926,NA,0,0,0,0
2000-02-24,34.518,NA,NA,0,0,NA,0,0,0,0,NA,78.24,1458.483,NA,0,0,0,0
2000-02-25,0,NA,NA,0,0,NA,0,0,0,0,NA,76.879,1873.413,NA,0,0,0,0
2000-02-26,73.996,NA,NA,0,0,NA,0,0,0,0,NA,68.478,2098.731,NA,0,0,0,0
2000-02-27,29.997,NA,NA,0,0,NA,0,0,0,0,NA,68.536,1893.475,NA,0,0,0,0
2000-02-28,45.509,NA,NA,0,0,NA,0,0,0,0,NA,68.443,1513.188,NA,0,0,0,0
2000-02-29,123.087,NA,NA,0,0,NA,0,0,0,0,NA,23.759,1020.817,NA,0,0,0,0
2000-03-01,122.6,NA,NA,0,0,NA,0,466.858,0,0,NA,0,590.433,NA,0,0,0,0
2000-03-02,122.948,NA,NA,0,0,NA,0,692.513,0,0,NA,0,462.3,NA,0,0,0,0
2000-03-03,122.768,NA,NA,0,0,NA,0,170.8,0,0,NA,0,427.172,NA,0,0,0,0
2000-03-04,122.837,NA,NA,0,0,NA,0,1090.492,0,0,NA,0,328.823,NA,0,0,0,0
2000-03-05,122.919,NA,NA,0,0,NA,0,917.659,0,0,NA,0,503.74,NA,0,0,0,0
2000-03-06,147.539,NA,NA,0,0,NA,0,599.728,0,0,NA,0,337.292,NA,0,0,0,0
2000-03-07,93.004,NA,NA,0,0,NA,0,0,0,0,NA,0,311.333,NA,0,0,0,0
2000-03-08,113.736,NA,NA,0,0,NA,0,8.21,202.742,0,NA,0,258.215,NA,0,0,0,0
2000-03-09,189.762,NA,NA,0,0,NA,0,0,283.392,0,NA,0,283.94,NA,0,0,0,0
2000-03-10,202.381,NA,NA,0,0,NA,0,0,268.15,0,NA,0,299.861,NA,0,0,0,0
2000-03-11,155.059,NA,NA,0,0,NA,0,0,0,0,NA,0,90.922,NA,0,0,0,0
2000-03-12,52.661,NA,NA,0,0,NA,0,0,0,0,NA,0,165.41,NA,0,0,0,0
2000-03-13,140.796,NA,NA,0,0,NA,0,0,276.359,0,NA,84.044,68.124,NA,0,0,0,0
2000-03-14,176.13,NA,NA,0,0,NA,0,132.698,0,0,NA,95.382,24.961,NA,0,0,0,0
2000-03-15,122.294,NA,NA,0,0,NA,0,417.235,150.286,0,NA,103.363,80.618,NA,0,0,0,0
2000-03-16,134.394,NA,NA,0,0,NA,0,344.253,283.838,0,NA,86.939,138.226,NA,0,0,0,0
2000-03-17,172.826,NA,NA,0,0,NA,0,382.773,286.451,0,NA,134.648,352.645,NA,0,0,0,0
2000-03-18,75.026,NA,NA,0,0,NA,0,707.405,0,0,NA,148.529,183.285,NA,0,0,0,0
2000-03-19,0,NA,NA,4.96,5.73,NA,0,663.396,104.204,0,NA,237.953,251.718,NA,0,0,0,0
2000-03-20,0,NA,NA,88.05,62.8,NA,1080.495,0,3208.355,1395.811,NA,268.636,299.874,NA,0,0,0,0
2000-03-21,99.311,NA,NA,0,0,NA,1597.697,0,2891.264,1134.878,NA,386.576,209.383,NA,0,0,0,0
2000-03-22,229.861,NA,NA,57.09,43.66,NA,690.246,0,1114.97,336.734,NA,419.884,193.127,NA,0,0,0,0
2000-03-23,294.267,NA,NA,0,0,NA,0,0,0,0,NA,431.42,266.017,NA,0,0,0,0
2000-03-24,318.862,NA,NA,0,0,NA,0,0,0,0,NA,428.535,243.111,NA,0,0,0,0
2000-03-25,316.384,NA,NA,0,0,NA,0,0,0,0,NA,395.341,168.383,NA,0,0,0,0
2000-03-26,326.148,NA,NA,0,0,NA,0,0,0,0,NA,347.253,235.046,NA,0,0,0,0
2000-03-27,319.695,NA,NA,0,0,NA,0,0,30.345,0,NA,289.035,271.307,NA,0,0,0,0
2000-03-28,243.697,NA,NA,0,0,NA,0,0,0,0,NA,280.667,478.223,NA,0,0,0,0
2000-03-29,250.274,NA,NA,0,0,NA,0,0,72.577,0,NA,263.163,456.659,NA,0,0,0,0
2000-03-30,170.041,NA,NA,0,0,NA,0,0,615.943,0,NA,229.706,585.23,NA,0,0,0,0
2000-03-31,252.132,NA,NA,0,0,NA,0,0,0,0,NA,249.039,748.214,NA,0,0,0,0
2000-04-01,416.892,NA,NA,0,0,NA,0,0,0,0,NA,239.714,1287.802,NA,0,0,0,0
2000-04-02,412.847,NA,NA,0,0,NA,0,0,0,0,NA,197.679,1600.2,NA,0,0,0,0
2000-04-03,174.549,NA,NA,0,0,NA,0,0,0,0,NA,53.513,1585.566,NA,0,0,0,0
2000-04-04,0,NA,NA,0,0,NA,0,0,0,0,NA,0,1594.892,NA,0,0,0,0
2000-04-05,32.779,NA,NA,0,0,NA,0,0,0,0,NA,60.24,1531.817,NA,0,0,0,0
2000-04-06,59.519,NA,NA,0,0,NA,0,0,173.886,0,NA,71.692,1542.576,NA,0,0,0,0
2000-04-07,0,NA,NA,0,0,NA,0,0,253.023,0,NA,71.328,1392.124,NA,0,0,0,0
2000-04-08,0,NA,NA,0,0,NA,0,0,0,0,NA,71.236,1390.415,NA,0,0,0,0
2000-04-09,18.925,NA,NA,0,0,NA,0,0,0,0,NA,53.353,1410.228,NA,0,0,0,0
2000-04-10,8.757,NA,NA,0,0,NA,0,0,0,0,NA,0,1372.017,NA,0,0,0,0
2000-04-11,0,NA,NA,0,0,NA,0,0,0,0,NA,0,1182.204,NA,0,0,0,0
2000-04-12,0,NA,NA,0,0,NA,0,0,0,0,NA,0,1229.653,NA,0,0,0,0
2000-04-13,0,NA,NA,0,0,NA,0,0,827.599,172.609,NA,114.575,1452.569,NA,0,0,0,0
2000-04-14,0,NA,NA,97.05,83.03,NA,595.169,0,2341.891,489.682,NA,247.623,1621.919,NA,0,373,0,0
2000-04-15,0,NA,0,110.23,64.46,NA,1096.551,0,3247.176,674.346,NA,337.029,1395.859,NA,0,748,0,0
2000-04-16,0,NA,0,170.87,66.68,NA,1121.207,0,3173.872,1108.309,NA,359.021,1364.189,NA,0,800,0,0
2000-04-17,326.522,NA,0,85.14,48.39,NA,1167.636,0,2775.464,1193.115,NA,360.729,1200.963,NA,0,795,320,353
2000-04-18,505.038,NA,0,0,31.11,NA,1166.737,0,1997.487,827.556,NA,361.076,1110.275,NA,0,741,744,771
2000-04-19,654.563,NA,0,0,0,NA,209.874,0,419.999,168.539,NA,370.382,1616.581,NA,0,723,728,758
2000-04-20,646.543,NA,0,0,0,NA,0,0,0,0,NA,372.091,1555.643,NA,0,703,712,741
2000-04-21,565.778,0,0,0,34.5,NA,0,0,0,0,NA,391.189,1443.82,NA,0,689,699,726
2000-04-22,707.239,0,0,0,0,NA,0,0,0,0,NA,355.143,1212.477,NA,0,670,679,706
2000-04-23,667.974,0,0,0,0,NA,0,0,0,0,NA,245.871,1101.036,NA,0,651,661,688
2000-04-24,676.788,0,0,0,0,NA,0,0,0,0,NA,183.687,1022.653,NA,0,629,638,665
2000-04-25,679.939,0,0,0,0,NA,0,2.045,0,0,NA,135.338,1134.108,NA,0,608,619,647
2000-04-26,712.814,0,201.409,0,0,NA,0,178.266,277.881,0,NA,135.413,752.114,NA,0,592,604,633
2000-04-27,733.24,0,241.718,0,0,NA,0,0,354.867,0,NA,141.83,544.944,NA,0,571,579,608
2000-04-28,736.572,0,217.886,85.14,32.69,NA,0,0,582.984,0,NA,148.688,579.781,NA,0,554,555,579
2000-04-29,734.342,0,190.206,0,0,NA,0,0,600.544,0,NA,208.805,683.822,NA,0,530,530,552
2000-04-30,733.274,0,151.018,0,0,NA,0,0,605.838,0,NA,272.761,204.961,NA,0,501,502,522
2000-05-01,727.667,0,76.273,0,0,NA,0,0,589.655,0,NA,344.777,242.471,NA,0,233,221,214
2000-05-02,729.031,0,0,0,0,NA,0,0,595.919,0,NA,357.372,351.557,NA,0,0,0,0
2000-05-03,729.568,0,0,0,0,NA,24.099,0,528.878,118.745,NA,354.581,426.988,NA,0,0,0,0
2000-05-04,736.877,0,0,0,0,NA,161.975,0,588.026,392.299,NA,406.594,210.327,NA,0,0,0,0
2000-05-05,741.853,0,0,0,0,NA,139.49,0,526.12,181.617,NA,309.173,130.603,NA,0,0,0,0
2000-05-06,739.716,0,0,0,0,NA,175.599,0,528.597,203.104,NA,279.638,28.865,NA,0,0,0,0
2000-05-07,710.405,0,0,0,0,NA,111.966,0,551.513,166.042,NA,243.9,0,NA,0,0,0,0
2000-05-08,750.545,0,0,0,0,NA,122.919,0,539.155,165.136,NA,228.063,0,NA,0,0,0,0
2000-05-09,750.372,0,0,0,0,NA,118.537,0,514.417,164.45,NA,218.104,0,NA,0,0,0,0
2000-05-10,739.762,0,0,0,0,NA,126.87,0,563.36,173.708,NA,210.48,3.501,NA,0,0,0,0
2000-05-11,744.821,0,0,0,0,NA,124.237,0,531.542,177.382,NA,220.299,0,NA,0,0,0,0
2000-05-12,763.962,0,0,0,0,NA,113.895,0,532.454,175.539,NA,218.701,0,NA,0,0,0,0
2000-05-13,757.48,0,0,0,0,NA,0,0,529.306,0,NA,213.035,0,NA,0,0,0,0
2000-05-14,756.453,0,0,0,0,NA,0,0,544.781,0,NA,204.902,21.663,NA,0,0,0,0
2000-05-15,737.185,0,0,0,0,NA,0,0,542.176,0,NA,166.251,16.38,NA,0,0,0,0
2000-05-16,750.882,0,0,0,0,NA,0,0,554.86,0,NA,153.551,0,NA,0,0,0,0
2000-05-17,753.081,0,0,0,0,NA,0,0,555.656,0,NA,143.975,0,NA,3.149,0,0,0
2000-05-18,765.522,0,0,0,0,NA,0,0,542.459,0,NA,111.966,0,NA,0,0,0,0
2000-05-19,430.047,0,0,0,0,NA,0.52,0,546.312,0,NA,84.097,0,NA,0,0,0,0
2000-05-20,184.573,0,0,0,0,NA,0,0,510.945,0,NA,106.158,0,NA,0,0,0,0
2000-05-21,154.191,0,0,0,0,NA,0,0,194.969,0,NA,148.05,0,NA,0,0,0,0
2000-05-22,128.099,0,0,0,0,NA,0,0,0,0,NA,139.855,0,NA,0,0,0,0
2000-05-23,152.797,0,0,0,0,NA,0,0,0,0,NA,113.716,0,NA,0,0,0,0
2000-05-24,186.939,0,0,0,0,NA,0,0,0,0,NA,108.204,0,NA,0,0,0,0
2000-05-25,140.448,0,0,0,0,NA,0,0,0,0,NA,82.943,0,NA,0,0,0,0
2000-05-26,157.873,0,0,0,0,NA,0,0,0,0,NA,83.949,0,NA,0,0,0,0
2000-05-27,145.86,0,0,0,0,NA,0,0,0,0,NA,71.342,0,NA,0,0,0,0
2000-05-28,181.222,0,0,0,0,NA,0,0,0,0,NA,71.13,0,NA,0,0,0,0
2000-05-29,137.422,0,0,0,0,NA,0,0,0,0,NA,48.405,0,NA,0,0,0,0
2000-05-30,76.383,0,0,0,8.41,NA,0,0,0,0,NA,32.166,0,NA,0,0,0,0
2000-05-31,0,0,0,0,0,NA,0,0,0,0,NA,23.584,0,NA,0,0,0,0
2000-06-01,0,0,0,0,0,NA,0,0,0,0,NA,0,0,NA,0,0,0,0
2000-06-02,37.561,0,0,0,0,NA,0,0,0,0,NA,0,0,NA,0,0,0,0
2000-06-03,116.749,0,0,0,0,NA,0,0,0,0,NA,0,0,NA,0,0,0,0
2000-06-04,115.626,0,0,0,0,NA,0,0,0,0,NA,0,0,NA,0,0,0,0
2000-06-05,210.338,0,0,0,0,NA,0,0,206.83,0,NA,0,0,NA,0,0,0,0
2000-06-06,93.982,0,0,0,0,NA,0,0,271.148,0,NA,68.829,0,NA,0,0,0,0
2000-06-07,114.672,0,0,0,0,NA,0,0,191.583,0,NA,46.094,0,NA,0,0,0,0
2000-06-08,70.456,0,0,0,1.19,NA,0,0,279.585,0,NA,34.091,0,NA,0,0,0,0
2000-06-09,29.745,0,0,0,0,NA,0,0,277.225,0,0,27.249,0,NA,0,0,0,0
2000-06-10,0,0,0,0,0,NA,0,0,0,0,0,21.495,0,NA,0,0,0,0
2000-06-11,0,0,0,0,0,NA,0,0,0,0,0,41.763,0,NA,0,0,0,0
2000-06-12,0,0,0,0,0,NA,0,0,0,0,0,27.13,0,NA,0,0,0,0
2000-06-13,0,0,0,0,0,NA,0,0,0,0,0,26.578,0,NA,0,0,0,0
2000-06-14,0,0,0,0,0,NA,0,0,0,0,0,22.367,0.478,NA,0,0,0,0
2000-06-15,43.476,0,0,0,0,NA,0,0,0,0,0,6.211,0,NA,0,0,0,0
2000-06-16,48.116,0,0,0,0,NA,0,0,0,0,0,11.73,0,NA,0,0,0,0
2000-06-17,91.639,0,0,0,0,NA,0,0,0,0,0,17.685,0,NA,0,0,0,0
2000-06-18,116.984,0,0,0,0,NA,0,0,0,0,0,0,0,NA,0,0,0,0
2000-06-19,116.235,0,0,0,0,NA,0,0,0,0,0,21.05,0,NA,0,0,0,0
2000-06-20,116.074,0,0,0,0,NA,0,0,281.218,0,0,0,0,NA,0,0,0,0
2000-06-21,116.428,0,0,0,0,NA,0,0,270.811,0,0,6.695,0,NA,0,0,0,0
2000-06-22,116.978,0,0,0,0,NA,0,0,272.73,0,0,28.541,0,NA,0,0,0,0
2000-06-23,116.981,0,0,0,0,NA,0,0,257.395,0,0,27.281,0,NA,0,0,0,0
2000-06-24,107.468,0,0,0,0,NA,0,0,0,0,0,44.15,0,NA,0,0,0,0
2000-06-25,0,0,0,0,0,NA,0,0,0,0,0,30.023,0,NA,0,0,0,0
2000-06-26,0,0,0,0,0,NA,0,0,648.615,0,0,23.494,0,NA,0,0,0,0
2000-06-27,0,0,0,0,0,NA,0,0,276.353,0,0,44.284,0,NA,0,0,0,0
2000-06-28,0,0,0,0,0,NA,0,0,0,0,0,54.106,25.432,NA,0,0,0,0
2000-06-29,0,0,0,0,0,NA,0,0,0,0,0,71.247,63.732,NA,0,0,0,0
2000-06-30,0,0,0,0,1.19,NA,0,0,34.341,0,0,42.892,116.676,NA,0,0,0,0
2000-07-01,0,0,0,0,0,NA,0,0,0,0,0,49.911,145.739,NA,0,0,0,0
2000-07-02,0,0,0,0,0,NA,0,0,0,0,0,45.21,31.922,NA,0,0,0,0
2000-07-03,0,0,0,0,0,NA,0,0,557.242,0,0,66.982,107.735,NA,0,0,0,0
2000-07-04,0,0,0,0,0,NA,0,0,708.445,148.239,0,114.482,23.632,NA,0,0,0,0
2000-07-05,0,0,0,0,0,NA,0,0,769.236,175.087,0,196.631,44.302,NA,0,0,0,0
2000-07-06,48.04,0,0,0,0,NA,0,0,640.804,0,0,245.732,0,NA,0,0,0,0
2000-07-07,6.224,0,0,0,0,NA,0,0,403.621,0,70.026,271.63,0,NA,0,0,0,0
2000-07-08,0,0,0,0,0,NA,22.066,0,748.484,141.704,0,330.263,17.572,NA,0,0,0,0
2000-07-09,0,0,0,68.96,56.4,NA,1039.56,0,2718.922,1586.627,0,255.042,39.695,NA,0,0,0,0
2000-07-10,0,0,0,0,0,NA,434.077,0,1823.624,1196.865,69.58,323.638,0,NA,0,0,0,0
2000-07-11,0,0,0,66.87,58.67,NA,233.749,0,832.564,588.687,78.754,351.03,0,NA,0,0,0,0
2000-07-12,0,0,0,59.94,47.63,NA,0,0,732.202,346.925,78.444,280.042,0,NA,0,0,0,0
2000-07-13,0,0,0,0,0,NA,62.217,0,665.412,109.845,78.539,261.474,0,NA,0,0,0,0
2000-07-14,0,0,0,44.56,64.15,NA,0,0,676.166,147.143,78.663,299.412,0,NA,0,0,0,0
2000-07-15,0,0,0,0,0,NA,0,0,521.942,0,78.754,320.728,0,NA,0,0,0,0
2000-07-16,0,0,0,0,0,NA,0,0,467.24,0,78.465,317.019,0,NA,0,0,0,0
2000-07-17,0,0,0,0,0,NA,0,0,0,0,85.988,323.106,0,NA,0,0,0,0
2000-07-18,0,0,0,78.28,60.77,NA,0,0,7.097,0,40.492,290.163,0,NA,0,0,0,0
2000-07-19,0,0,0,0,0,NA,0,0,0,0,78.901,238.027,0,NA,0,0,0,0
2000-07-20,0,0,0,0,0,NA,73.955,0,662.116,53.978,84.2,193.611,0,NA,0,0,0,0
2000-07-21,0,0,0,0,0,NA,0,0,455.793,0,78.881,200.834,0.864,NA,0,0,0,0
2000-07-22,0,0,0,0,0,NA,0,0,0,0,78.282,264.483,0,NA,0,0,0,0
2000-07-23,0,0,0,0,0,NA,115.521,0,680.483,70.645,78.486,225.875,70.809,NA,0,0,0,0
2000-07-24,0,0,0,0,0,NA,0,0,0,0,127.895,216.329,321.958,NA,0,0,0,0
2000-07-25,0,0,0,75.82,64.62,NA,146.155,0,675.959,24.854,78.604,234.539,273.72,NA,0,0,0,0
2000-07-26,0,0,0,55.85,43.77,NA,0,0,0,0,78.688,254.533,287.414,NA,0,0,0,0
2000-07-27,0,0,0,39,67.93,NA,0,0,0,0,78.461,223.719,493.911,NA,0,0,0,0
2000-07-28,0.022,0,0,0,3.4,NA,40.361,0,680.96,0,78.432,194.612,644.386,NA,0,0,0,0
2000-07-29,0,0,0,133.41,108.38,NA,0,0,0,0,78.314,220.593,337.559,NA,0,0,0,0
2000-07-30,0,0,0,0,0,NA,0,0,0,0,78.452,212.021,458.083,NA,0,0,0,0
2000-07-31,0,0,0,0,0,NA,3.582,0,683.444,0,78.464,167.309,734.908,NA,0,0,0,0
2000-08-01,0,0,0,79.03,66.5,NA,0,0,467.517,0,78.348,213.938,707.501,NA,0,0,0,0
2000-08-02,0,0,0,48.52,32.7,NA,0,0,1065.293,0,78.073,281.208,689.062,NA,0,0,0,0
2000-08-03,0,0,0,38.1,49.7,NA,0,0,628.55,0,78.114,372.988,538.572,NA,0,0,0,0
2000-08-04,0,0,0,0,0,NA,284.203,0,725.085,156.435,78.122,425.43,636.717,NA,0,0,0,0
2000-08-05,0,0,0,0,0,NA,312.876,0,518.728,200.073,78.347,415.649,624.413,NA,0,0,0,0
2000-08-06,0,0,0,0,0,NA,0,0,0,0,78.335,363.059,545.196,NA,0,0,0,0
2000-08-07,0,0,0,0,62.67,NA,430.605,0,1057.131,244.847,77.994,235.801,479.61,NA,0,0,0,0
2000-08-08,0,0,0,0,0,NA,330.01,0,1201.952,149.649,78.099,217.405,274.219,NA,0,0,0,0
2000-08-09,0,0,0,0,0,NA,0,0,506.513,0,78.325,296.718,464.201,NA,0,0,0,0
2000-08-10,0,0,0,0,0,NA,0,0,264.876,0,78.331,357.343,496.787,NA,0,0,0,0
2000-08-11,0,0,0,0,0,NA,0,0,216.929,0,69.711,335.614,112.142,NA,0,0,0,0
2000-08-12,0,0,0,0,0,NA,0,0,248.993,0,78.579,281.916,0,NA,0,0,0,0
2000-08-13,0,0,0,0,0,NA,0,0,119.341,0,78.438,256.262,141.507,NA,0,0,0,0
2000-08-14,0,0,0,0,0,NA,0,0,0,0,84.955,219.625,36.847,NA,0,0,0,0
2000-08-15,0,0,0,0,0,NA,0,0,0,0,78.436,161.179,122.812,NA,0,0,0,0
2000-08-16,0,0,0,89.31,61.84,NA,0,0,0,0,78.626,157.427,0,NA,0,0,0,0
2000-08-17,0,0,0,0,0,NA,0,0,0,0,35.366,139.403,0,NA,0,0,0,0
2000-08-18,0,0,0,84.54,56.54,NA,0,0,0,0,78.743,102.549,0,NA,0,0,0,0
2000-08-19,0,0,0,0,0,NA,0,0,0,0,79.401,67.554,0,NA,0,0,0,0
2000-08-20,0,0,0,0,0,NA,0,0,0,0,78.606,67.658,0,NA,0,0,0,0
2000-08-21,0,0,0,73.23,27.52,NA,0,0,0,0,80.534,50.588,2.443,NA,0,0,0,0
2000-08-22,0,0,0,86.92,63.79,NA,0,0,0,0,69.74,43.621,14.154,NA,0,0,0,0
2000-08-23,0,0,0,75.02,48.87,NA,177.116,0,1251.626,26.956,78.645,48.103,65.266,NA,0,388,400,726
2000-08-24,0,113.422,187.45,0,0,NA,0,0,102.724,0,82.904,12.702,31.748,NA,0,287,307,588
2000-08-25,177.061,124.784,332.437,64.9,47.16,NA,0,0,0,0,70.452,0,0,NA,0,0,0,0
2000-08-26,61.176,74.646,305.471,0,0,NA,0,0,0,0,70.082,0,1.263,NA,0,0,0,0
2000-08-27,0,70.94,281.617,0,0,NA,0,0,0,0,57.083,0,0,NA,0,0,0,0
2000-08-28,0,27.443,257.412,0,0,NA,0,0,283.374,0,70.093,0,0,NA,0,0,0,0
2000-08-29,0,0,98.048,0,0,NA,0,0,765.017,0,39.777,0,0,NA,0,0,0,0
2000-08-30,0,0,0,0,0,NA,0,0,0,0,282.219,0,0,NA,0,0,0,0
2000-08-31,0,0,0,0,0,NA,0,0,619.997,143.708,287.175,188.218,0,NA,0,0,0,0
2000-09-01,6.101,0,0,0,0,NA,141.369,0,578.507,186.235,228.565,387.83,55.495,NA,0,0,0,0
2000-09-02,0,0,0,0,0,NA,0,0,0,0,70.021,375.69,121.249,NA,0,0,0,0
2000-09-03,0,0,0,0,0,NA,0,0,0,0,70.388,216.446,48.463,NA,0,0,0,0
2000-09-04,0,0,0,0,0,NA,0,0,0,0,61.487,144.062,2.535,NA,0,0,0,0
2000-09-05,0,0,0,0,0,NA,0,0,0,0,80.924,132.559,0,NA,0,0,0,0
2000-09-06,0,0,75.919,0,0,NA,0,0,0,0,78.909,143.618,52.9,NA,0,0,0,0
2000-09-07,0,0,44.924,0,0,NA,33.171,0,500.089,0,70.043,141.233,94.799,NA,0,0,0,0
2000-09-08,4.445,0,0,0,0,NA,0,0,603.692,0,79.166,239.176,212.533,NA,0,0,0,0
2000-09-09,0,0,0,0,0,NA,35.48,0,725.842,6.835,70.166,210.1,321.03,NA,0,0,0,0
2000-09-10,0,0,0,0,0,NA,0,0,660.06,0,70.087,281.775,458.294,NA,0,0,0,0
2000-09-11,0,0,0,0,0,NA,0,0,651.29,32.268,83.037,297.885,454.186,NA,0,0,0,0
2000-09-12,0,0,0,0,0,NA,0,0,554.855,80.457,82.886,131.795,359.882,NA,0,0,0,0
2000-09-13,0,0,170.886,0,0,NA,0,0,0,0,82.681,227.761,399.115,NA,0,0,0,0
2000-09-14,0,0,272.02,0,0,NA,0,0,0,0,170.257,224.887,447.887,NA,0,0,0,0
2000-09-15,0,0,278.9,61.7,47.13,NA,0,0,0,0,164.504,148.634,315.578,NA,0,0,0,0
2000-09-16,0,0,277.828,74.42,60.54,NA,0,0,292.023,0,69.648,117.109,300.767,NA,0,0,0,0
2000-09-17,0,0,273.92,0,0,NA,0,0,0,0,69.607,174.16,781.186,NA,0,0,0,0
2000-09-18,0,0,114.663,0,0,NA,569.06,0,1952.4,227.123,72.831,165.676,777.814,NA,0,0,0,0
2000-09-19,0,0,0,86.33,61.44,NA,977.651,0,2471.304,127.071,82.797,16.606,694.448,NA,0,0,0,0
2000-09-20,0,0,0,83.95,64.69,NA,1047.562,0,2543.449,577.26,0,0,762.793,NA,0,0,0,0
2000-09-21,0,0,0,0,0,NA,567.502,0,974.15,239.732,78.333,0,765.138,NA,0,0,0,0
2000-09-22,0,0,201.53,0,0,NA,132.693,0,982.491,10.956,0,0.2,656.61,NA,0,0,0,0
2000-09-23,0,0,330.638,0,0,NA,0,0,335.255,0,633.558,0,852.411,NA,0,0,0,0
2000-09-24,0,0,326.098,0,0,NA,0,0,0,0,69.907,0,932.588,NA,0,0,0,0
2000-09-25,0,0,320.294,0,0,NA,0,0,0,0,48.352,0,1001.852,NA,0,0,0,0
2000-09-26,0,0,313.114,0,0,NA,62.512,0,672.519,13.975,0,7.881,425.587,NA,0,0,0,0
2000-09-27,0,0,141.413,0,0,NA,0,0,0,0,0,40.319,0,NA,0,0,0,0
2000-09-28,0,NA,NA,86.26,61.52,NA,0,0,331.229,0,1057.547,75.263,163.176,NA,0,0,0,0
2000-09-29,0,NA,NA,85.73,62.04,NA,612.474,0,2055.046,259.314,0,5.733,356.174,NA,0,0,0,0
2000-09-30,0,NA,NA,0,0,NA,362.851,0,816.526,0,54.555,0,58.851,NA,0,0,0,0
2000-10-01,0,NA,NA,0,0,NA,537.982,0,604.271,315.178,0,118.995,27.454,NA,0,0,0,0
2000-10-02,0,NA,NA,0,3.3,NA,1054.081,0,1422.554,845.909,0,210.478,176.867,NA,0,0,0,0
2000-10-03,0,NA,NA,142.89,152.41,NA,869.886,0,1417.228,632.158,0,341.047,142.158,NA,0,0,0,0
2000-10-04,0,NA,NA,285.78,206.52,NA,1474.426,0,3096.039,1230.743,628.416,339.49,220.76,NA,0,490,475,504
2000-10-05,0,NA,NA,0,167.73,NA,1802.728,0,4260.099,2301.407,465.437,334.318,146.83,NA,0,850,857,902
2000-10-06,0,NA,NA,285.78,81.36,NA,1509.456,0,4234.121,3012.834,774.931,313.362,409.071,NA,0,846,845,876
2000-10-07,0,NA,NA,285.78,67.43,NA,1335.526,0,3679.195,2368.478,639.986,298.081,510.821,NA,0,850,850,873
2000-10-08,0,NA,NA,0,0,NA,1179.204,0,2975.882,1895.012,639.087,293.693,163.993,NA,0,851,848,868
2000-10-09,0,NA,NA,85.73,64.49,NA,1105.685,0,2392.311,2202.582,412.127,305.455,40.097,NA,0,855,851,868
2000-10-10,0,NA,NA,85.73,67.35,NA,961.272,0,1872.289,1022.025,593.974,305.912,254.421,NA,0,859,855,868
2000-10-11,0,NA,NA,88.71,0,NA,408.451,0,854.617,36.853,426.41,268.154,209.526,NA,0,433,873,874
2000-10-12,0,NA,NA,0,0,NA,0,0,717.289,231.996,75.365,302.774,49.963,NA,0,0,493,908
2000-10-13,0,NA,NA,85.73,65.03,NA,0,0,878.124,98.458,510.271,321.869,171.98,NA,0,0,0,399
2000-10-14,0,NA,NA,0,0,NA,0,0,675.782,0,176.911,298.308,269.323,NA,0,0,0,0
2000-10-15,0,NA,NA,0,0,NA,0,0,319.311,0,205.585,251.367,302.909,NA,0,0,0,0
2000-10-16,0,NA,NA,0,0,NA,0,0,0,0,204.67,93.032,43.869,NA,0,0,0,0
2000-10-17,0,NA,NA,0,0,NA,0,0,0,0,69.521,0,26.296,NA,0,0,0,0
2000-10-18,0,NA,NA,0,0,NA,0,0,0,0,506.721,0,89.1,NA,0,0,0,0
2000-10-19,0,NA,NA,0,0,NA,0,0,0,0,60.298,0,140.692,NA,0,0,0,0
2000-10-20,0,NA,NA,0,0,NA,0,0,0,0,60.152,0,12.684,NA,0,0,0,0
2000-10-21,0,0,0,0,0,NA,0,0,0,0,0,0,0,NA,0,0,0,0
2000-10-22,0,0,0,0,0,NA,0,0,0,0,0,0,0,NA,0,0,0,0
2000-10-23,0,0,0,85.14,65.38,NA,0,0,0,0,0,0,0,NA,0,0,0,0
2000-10-24,0,0,0,0,0,NA,0,0,0,0,124.42,0,0,NA,0,0,0,0
2000-10-25,0,0,0,95.84,0,NA,0,0,0,0,118.042,0,0,NA,0,0,0,0
2000-10-26,0,0,0,0,0,NA,0,0,0,0,59.871,0,0,NA,0,0,0,0
2000-10-27,0,0,39.488,0,0,NA,0,0,0,0,86.277,0,0,NA,0,0,0,0
2000-10-28,0,0,202.849,0,0,NA,0,0,0,0,0,0,0,NA,0,0,0,0
2000-10-29,0,0,195.597,0,0,NA,0,0,0,0,0,0,0,NA,0,0,0,0
2000-10-30,0,0,215.684,0,0,NA,0,0,4.496,0,61.595,0,0,NA,0,0,0,0
2000-10-31,0,0,235.419,84.54,0,NA,0,0,0,0,59.439,0,0,NA,0,0,0,0
2000-11-01,0,0,180.983,0,0,NA,0,0,0,0,54.925,0,0,NA,0,0,0,0
2000-11-02,0,0,143.64,0,0,NA,0,0,0,0,59.351,0,0,NA,0,0,0,0
2000-11-03,0,0,204.011,0,0,NA,0,0,76.596,0,37.847,0.545,0,NA,0,0,0,0
2000-11-04,0,0,205.694,0,0,NA,0,0,0,0,0,0,0,NA,0,0,0,0
2000-11-05,0,0,203.505,0,0,NA,0,0,0,0,0,0,0,NA,0,0,0,0
2000-11-06,0,0,234.032,0,0,NA,0,0,0,0,58.988,0,0.753,NA,0,0,0,0
2000-11-07,12.393,0,294.097,0,0,NA,0,0,0,0,49.345,0,0,NA,0,0,0,0
2000-11-08,17.741,0,276.567,0,0,NA,0,0,0,0,31.608,0,0,NA,0,0,0,0
2000-11-09,65.193,0,241.537,0,0,NA,0,207.507,0,0,57.93,0,0,NA,0,0,0,0
2000-11-10,66.473,0,246.885,0,0,NA,0,224.4,0,0,0,0,0,NA,0,0,0,0
2000-11-11,0,0,246.618,0,0,NA,0,223.249,0,0,0,0,0,NA,0,0,0,0
2000-11-12,0,0,244.683,0,0,NA,0,245.624,0,0,0,0,0,NA,0,0,0,0
2000-11-13,69.145,0,209.852,0,0,NA,0,231.041,0,0,0,0,0,NA,0,0,0,0
2000-11-14,61.01,0,237.003,0,0,NA,0,216.071,0,0,26.613,0,0,NA,0,0,0,0
2000-11-15,93.121,0,279.137,0,0,NA,0,242.317,0,0,28.384,0,0,NA,0,0,0,0
2000-11-16,156.414,0,272.504,0,0,NA,0,201.976,0,0,45.659,0,0,NA,0,0,0,0
2000-11-17,99.521,0,286.378,0,0,NA,0,209.22,0,0,30.124,0,0,NA,0,0,0,0
2000-11-18,98.406,0,284.033,0,0,NA,0,208.222,0,0,0,0,0,NA,0,0,0,0
2000-11-19,37.51,0,279.499,0,0,NA,0,134.564,0,0,0,0,0,NA,0,0,0,0
2000-11-20,0,0,279.539,0,0,NA,0,216.513,0,0,42.888,0,0,NA,0,0,0,0
2000-11-21,23.617,0,282.962,0,0,NA,0,243.248,0,0,41.708,0,0,NA,0,0,0,0
2000-11-22,72.147,0,282.168,0,0,NA,0,258.512,0,0,28.735,0,0,NA,0,0,0,0
2000-11-23,12.41,0,274.7,0,0,NA,0,212.068,0,0,0,0,0,NA,0,0,0,0
2000-11-24,32.858,0,266.367,0,0,NA,0,176.522,0,0,0,0,0,NA,0,0,0,0
2000-11-25,0,0,270.302,0,0,NA,0,178.93,0,0,0,0,0,NA,0,0,0,0
2000-11-26,0,0,266.172,0,0,NA,0,126.171,0,0,0,0,0,NA,0,0,0,0
2000-11-27,13.385,0,260.986,0,0,NA,0,227.514,0,0,0,0,0,NA,0,0,0,0
2000-11-28,46.893,0,160.072,0,0,NA,0,246.469,0,0,0,0,0,NA,0,0,0,0
2000-11-29,8.165,0,97.38,80.92,62.73,NA,0,253.318,0,0,0,0,0,NA,0,0,0,0
2000-11-30,0,0,80.194,86.33,0,NA,0,266.41,0,0,0,0,0,NA,0,0,0,0
2000-12-01,96.418,0,158.155,0,0,NA,0,152.378,0,0,0,0,0,NA,0,0,0,0
2000-12-02,31.19,0,153.723,0,0,NA,276.756,0,0,0,0,0,0,NA,0,0,0,0
2000-12-03,2.11,0,150.099,0,0,NA,483.263,0,0,0,0,0,0,NA,0,0,0,0
2000-12-04,60.725,0,147.33,0,0,NA,490.162,0,0,0,0,0,0,NA,0,0,0,0
2000-12-05,14.139,0,83.514,0,0,NA,490.114,0,0,0,0,0,0,NA,0,0,0,0
2000-12-06,39.831,0,0,0,0,NA,492.43,0,0,0,0,0,0,NA,0,0,0,0
2000-12-07,0,0,0,0,0,NA,489.666,0,0,0,0,0,0,NA,0,0,0,0
2000-12-08,3.772,0,0,0,0,NA,468.566,0,0,0,0,0,0,NA,0,0,0,0
2000-12-09,32.716,0,0,0,0,NA,489.169,0,0,0,0,0,0,NA,0,0,0,0
2000-12-10,13.872,0,0,0,0,NA,489.314,0,0,0,0,0,0,NA,0,0,0,0
2000-12-11,0,0,0,79.97,62.61,NA,470.632,0,0,0,0,0,0,NA,0,0,0,0
2000-12-12,2.333,0,0,0,0,NA,488.594,0,0,0,0,0,0,NA,0,0,0,0
2000-12-13,60.729,0,0,0,0,NA,481.376,0,0,0,0,0,0,NA,0,0,0,0
2000-12-14,19.246,0,0,89.31,61.52,NA,484.136,0,0,0,0,0,0,NA,0,0,0,0
2000-12-15,0,0,0,0,0,NA,465.476,0,0,0,0,0,0,NA,0,0,0,0
2000-12-16,10.474,0,0,0,0,NA,480.339,0,0,0,0,0,0,NA,0,0,0,0
2000-12-17,37.344,0,0,0,0,NA,511.873,0,0,0,0,0,0,NA,0,0,0,0
2000-12-18,0,0,0,0,0,NA,561.883,0,0,0,0,0,0,NA,0,0,0,0
2000-12-19,125.637,0,0,0,0,NA,578.057,0,0,0,0,0,0,NA,0,0,0,0
2000-12-20,161.699,0,0,0,0,NA,561.536,0,0,0,39.867,0,0,NA,0,0,0,0
2000-12-21,0,0,0,0,0,NA,582.141,0,7.151,0,18.062,0,0,NA,0,0,0,0
2000-12-22,29.678,0,0,0,0,NA,599.848,0,0,0,0,0,0,NA,0,0,0,0
2000-12-23,43.05,0,0,0,0,NA,585.748,0,0,0,0,0,0,NA,0,0,0,0
2000-12-24,0,0,0,0,0,NA,581.271,0,0,0,0,0,0,NA,0,0,0,0
2000-12-25,0,0,0,0,0,NA,582.088,0,0,0,0,0,0,NA,0,0,0,0
2000-12-26,5.783,0,0,0,0,NA,582.723,0,0,0,0,0,0,NA,0,0,0,0
2000-12-27,115.518,0,0,0,0,NA,202.231,0,0,0,193.969,0,0,NA,0,0,0,0
2000-12-28,120.179,0,0,0,0,NA,578.304,0,0,0,0,0,0,NA,0,0,0,0
2000-12-29,66.853,0,0,0,0,NA,567.541,0,0,0,0,0,0,NA,0,0,0,0
2000-12-30,226.239,0,0,0,0,NA,564.603,0,0,0,0,0,0,NA,0,0,0,0
2000-12-31,115.273,0,0,0,0,NA,578.928,0,0,0,0,0,0,NA,0,0,0,0
2001-01-01,12.928,0,0,0,0,NA,573.434,0,0,0,0,0,0,NA,0,0,0,0
2001-01-02,22.187,0,0,0,0,NA,570.583,0,0,0,0,0,0,NA,0,0,0,0
2001-01-03,59.799,0,0,0,0,NA,548.226,0,0,0,0,0,0,NA,0,0,0,0
2001-01-04,20.335,0,0,0,0,NA,568.496,0,0,0,0,0,0,NA,0,0,0,0
2001-01-05,94.345,0,0,0,0,NA,552.691,0,0,0,0,0,0,NA,0,0,0,0
2001-01-06,0,0,0,0,0,NA,570.563,0,0,0,0,0,0,NA,0,0,0,0
2001-01-07,0,0,0,0,0,NA,574.416,0,0,0,0,0,0,NA,0,0,0,0
2001-01-08,0,0,0,0,0,NA,570.474,0,0,0,0,0,0,NA,0,0,0,0
2001-01-09,56.97,0,0,0,0,NA,565.339,0,0,0,0,0,0,NA,0,0,0,0
2001-01-10,120.553,0,0,0,0,NA,569.609,0,0,0,0,0,0,NA,0,0,0,0
2001-01-11,0,0,0,0,0,NA,588.565,0,0,0,0,0,0,NA,0,0,0,0
2001-01-12,0,0,0,0,0,NA,563.748,0,0,0,0,0,0,NA,0,0,0,0
2001-01-13,17.275,0,0,0,0,NA,557.499,0,0,0,0,0,0,NA,0,0,0,0
2001-01-14,44.76,0,0,0,0,NA,559.428,0,0,0,0,0,0,NA,0,0,0,0
2001-01-15,0,0,0,0,0,NA,540.381,0,0,0,0,0,0,NA,0,0,0,0
2001-01-16,29.381,0,0,0,0,NA,582.016,0,0,0,0,0,0,NA,0,0,0,0
2001-01-17,35.065,0,0,0,0,NA,366.856,0,0,0,0,0,0,NA,0,0,0,0
2001-01-18,23.115,0,0,0,0,NA,0,0,0,0,0,0,0,NA,0,0,0,0
2001-01-19,52.805,0,0,0,0,NA,0,0,0,0,0,0,0,NA,0,0,0,0
2001-01-20,0,0,0,0,0,NA,0,0,0,0,0,0,0,NA,0,0,0,0
2001-01-21,0,0,0,0,0,NA,0,0,0,0,0,0,0,NA,0,0,0,0
2001-01-22,0,0,0,0,0,NA,26.949,0,0,0,0,0,0,NA,0,0,0,0
2001-01-23,0,0,0,0,0,NA,35.11,0,0,0,18.645,0,0,NA,0,0,0,0
2001-01-24,0,0,0,0,0,NA,0,0,0,0,0,0,0,NA,0,0,0,0
2001-01-25,32.465,0,0,0,0,NA,0,0,0,0,0,0,0,NA,0,0,0,0
2001-01-26,53.086,0,0,0,0,NA,0,0,0,0,34.795,0,0,NA,0,0,0,0
2001-01-27,0,0,0,0,0,NA,0,0,0,0,0,0,0,NA,0,0,0,0
2001-01-28,56.409,0,0,0,0,NA,0,0,0,0,0,0,0,NA,0,0,0,0
2001-01-29,5.105,0,0,0,0,NA,0,0,0,0,0,0,0,NA,0,0,0,0
2001-01-30,61.054,0,0,0,0,NA,0,0,0,0,0,0,0,NA,0,0,0,0
2001-01-31,21.297,0,0,0,0,NA,0,0,0,0,0,0,0,NA,0,0,0,0
2001-02-01,39.588,0,0,0,0,NA,0,0,0,0,0,0,0,NA,0,0,0,0
2001-02-02,60.092,0,0,0,0,NA,0,0,0,0,0,0,0,NA,0,0,0,0
2001-02-03,17.672,0,0,0,0,NA,15.744,0,0,0,0,0,0,NA,0,0,0,0
2001-02-04,21.797,0,0,0,0,NA,0,0,0,0,0,0,0,NA,0,0,0,0
2001-02-05,60.237,0,0,0,0,NA,0,0,0,0,0,0,0,NA,0,0,0,0
2001-02-06,93.646,0,0,0,0,NA,0,0,0,0,0,0,0,NA,0,0,0,0
2001-02-07,175.349,0,0,0,0,NA,0,0,0,0,0,0,0,NA,0,0,0,0
2001-02-08,140.954,0,0,0,0,NA,28.477,0,0,0,0,0,0,NA,0,0,0,0
2001-02-09,54.623,0,0,0,0,NA,37.322,0,0,0,0,0,0,NA,0,0,0,0
2001-02-10,77.03,0,0,0,0,NA,37.725,0,0,0,0,0,0,NA,0,0,0,0
2001-02-11,24.569,0,0,0,0,NA,43.422,0,0,0,0,0,0,NA,0,0,0,0
2001-02-12,45.434,0,0,0,0,NA,25.238,0,0,0,0,0,0,NA,0,0,0,0
2001-02-13,59.475,0,0,0,0,NA,42.865,0,0,0,0,0,0,NA,0,0,0,0
2001-02-14,81.938,0,0,0,0,NA,33.088,0,0,0,0,0,0,NA,0,0,0,0
2001-02-15,136.062,0,0,0,0,NA,34.731,0,0,0,0,0,0,NA,0,0,0,0
2001-02-16,145.318,0,0,0,0,NA,31.467,0,0,0,0,0,0,NA,0,0,0,0
2001-02-17,146.693,0,0,0,0,NA,37.694,0,0,0,0,0,0,NA,0,0,0,0
2001-02-18,192.287,0,0,0,0,NA,35.423,0,0,0,0,0,0,NA,0,0,0,0
2001-02-19,150.312,0,0,0,0,NA,18.061,0,0,0,0,0,0,NA,0,0,0,0
2001-02-20,157.43,0,0,0,0,NA,30.303,0,0,0,0,0,0,NA,0,0,0,0
2001-02-21,214.433,0,0,0,0,NA,39.818,0,0,0,0,0,0,NA,0,0,0,0
2001-02-22,119.924,0,0,0,0,NA,7.87,0,166.932,0,0,0,0,NA,0,0,0,0
2001-02-23,139.002,0,0,0,0,NA,0,0,0,0,0,0,0,NA,0,0,0,0
2001-02-24,122.109,0,0,0,0,NA,0,0,0,0,0,0,0,NA,0,0,0,0
2001-02-25,129.392,0,0,0,0,NA,0,0,0,0,0,0,0,NA,0,0,0,0
2001-02-26,94.232,0,0,0,0,NA,0,0,0,0,0,0,0,NA,0,0,0,0
2001-02-27,134.14,0,0,0,0,NA,0,0,162.43,0,0,0,0,NA,0,0,0,0
2001-02-28,63.209,0,0,0,0,NA,0,0,0,0,0,0,0,NA,0,0,0,0
2001-03-01,161.296,0,0,0,0,NA,0,0,101.347,0,0,0,0,NA,0,0,0,0
2001-03-02,178.979,0,0,0,0,NA,0,0,30.225,0,0,0,0,NA,0,0,0,0
2001-03-03,207.415,0,0,0,0,NA,0,0,0,0,0,0,0,NA,0,0,0,0
2001-03-04,76.092,0,0,0,0,NA,0,0,0,0,0,0,0,NA,0,NA,NA,NA
2001-03-05,0,0,0,0,0,NA,0,24.671,50.429,0,0,0,0,NA,0,NA,NA,NA
2001-03-06,0,0,0,0,0,NA,0,0,0,0,0,0,0,NA,0,NA,NA,NA
2001-03-07,7.527,0,0,0,0,NA,0,0,0,0,0,0,0,NA,0,NA,NA,NA
2001-03-08,14.633,0,0,0,0,NA,0,0,0,0,0,0,0,NA,0,NA,NA,NA
2001-03-09,14.109,0,0,0,0,NA,0,0,36.813,0,0,0,0,NA,0,NA,NA,NA
2001-03-10,5.029,0,0,0,0,NA,145.702,0,240.719,75.838,0,0,0,NA,0,NA,NA,NA
2001-03-11,20.367,0,0,0,0,NA,178.282,0,263.398,75.8,0,0,0,NA,0,NA,NA,NA
2001-03-12,7.023,0,0,0,0,NA,138.235,0,150.545,0,0,0,0,NA,0,NA,NA,NA
2001-03-13,21.625,0,0,0,0,NA,149.647,0,222.277,97.582,0,0,0,NA,0,NA,NA,NA
2001-03-14,17.754,0,0,0,0,NA,102.886,0,112.63,0,0,0,0,NA,0,NA,NA,NA
2001-03-15,23.116,0,0,0,0,NA,156.275,0,257.013,90.68,0,0,0,NA,0,NA,NA,NA
2001-03-16,22.384,0,0,0,0,NA,135.637,0,112.834,0,0,0,0,NA,0,NA,NA,NA
2001-03-17,5.868,0,0,0,0,NA,143.418,0,257.969,91.222,0,0,0,NA,0,NA,NA,NA
2001-03-18,0,0,0,0,0,NA,168.133,0,138.089,0,0,0,0,NA,0,NA,NA,NA
2001-03-19,0,0,0,0,0,NA,104.053,0,0,0,0,0,0,NA,0,NA,NA,NA
2001-03-20,0,0,0,59.54,49.34,NA,171.037,0,0,0,0,0,0,NA,0,NA,NA,NA
2001-03-21,0,0,0,0,0,NA,112.607,0,0,0,0,0,0,NA,0,NA,NA,NA
2001-03-22,0,0,0,0,0,NA,0,0,0,0,0,0,0,NA,0,NA,NA,NA
2001-03-23,0,0,0,0,0,NA,0,0,0,0,0,0,0,NA,0,NA,NA,NA
2001-03-24,0,0,0,0,0,NA,0,0,0,0,0,0,0,NA,0,0,0,0
2001-03-25,0,0,0,0,0,NA,0,0,0,0,0,0,0,NA,0,0,0,0
2001-03-26,0,0,0,0,0,NA,0,0,0,0,0,0,0,NA,0,0,0,0
2001-03-27,0,0,0,0,0,NA,0,0,0,0,0,0,0,NA,0,0,0,0
2001-03-28,0,0,0,0,0,NA,0,0,0,0,0,0,0,NA,0,0,0,0
2001-03-29,0,0,0,49.72,45.91,NA,0,0,0,0,0,0,0,NA,0,0,0,0
2001-03-30,0,0,0,79.93,44.21,NA,0,0,1048.883,16.442,0,105.133,0,NA,0,0,0,0
2001-03-31,0,0,0,0,0,NA,0,0,860.797,0,523.396,112.618,0,NA,0,0,0,0
2001-04-01,0,0,0,0,0,NA,0,0,270.707,0,426.781,183.345,0,NA,0,0,0,0
2001-04-02,0,0,0,0,0,NA,0,0,0,0,0,173.391,0,NA,0,0,0,0
2001-04-03,0,0,0,0,0,NA,0,0,0,0,0,144.811,0,NA,0,0,0,0
2001-04-04,0,0,0,0,0,NA,0,0,0,0,0,37.221,0,NA,0,0,0,0
2001-04-05,0,0,0,0,0,NA,0,0,0,0,0,0,0,NA,0,0,0,0
2001-04-06,0,0,0,0,0,NA,0,0,0,0,0,0,0,NA,0,0,0,0
2001-04-07,0,0,0,0,0,NA,0,0,0,0,0,0,0,NA,0,0,0,0
2001-04-08,0,0,0,0,0,NA,0,0,0,0,0,0,0,NA,0,0,0,0
2001-04-09,0,0,0,0,0,NA,0,0,0,0,0,0,0,NA,0,0,0,0
2001-04-10,0,0,0,0,0,NA,0,0,0,0,0,0,0,NA,0,0,0,0
2001-04-11,0,0,0,0,0,NA,0,0,0,0,0,0,0,NA,0,0,0,0
2001-04-12,0,0,0,0,0,NA,0,0,0,0,0,0,0,NA,0,0,0,0
2001-04-13,0,0,0,0,0,NA,0,0,0,0,0,0,0,NA,0,0,0,0
2001-04-14,0,0,0,0,0,NA,0,0,0,0,0,0,0,NA,0,0,0,0
2001-04-15,0,0,0,0,0,NA,0,0,0,0,0,0,0,NA,0,0,0,0
2001-04-16,0,0,0,0,0,NA,0,0,0,0,0,0,0,NA,0,0,0,0
2001-04-17,0,0,0,0,0,NA,0,0,0,0,0,0,0,NA,0,0,0,0
2001-04-18,0,0,0,0,0,NA,0,0,0,0,0,0,0,NA,0,0,0,0
2001-04-19,0,0,0,0,0,NA,0,0,0,0,0,0,0,NA,0,0,0,0
2001-04-20,2.864,0,0,0,5.08,NA,0,0,0,0,0,0,0,NA,0,0,0,0
2001-04-21,0,0,0,0,0,NA,0,0,0,0,0,0,0,NA,0,0,0,0
2001-04-22,10.294,0,0,0,0,NA,0,0,0,0,0,0,0,NA,0,0,0,0
2001-04-23,0,0,0,0,0,NA,0,0,0,0,0,0,0,NA,0,0,0,0
2001-04-24,5.264,0,0,0,0,NA,0,0,0,0,0,0,0,NA,0,0,0,0
2001-04-25,2.498,0,0,0,0,NA,0,0,0,0,0,0,0,NA,0,0,0,0
2001-04-26,0,0,0,0,0,NA,0,0,13.092,0,0,0,0,NA,0,0,0,0
2001-04-27,1.603,0,0,0,0,NA,0,0,0,0,0,0,0,NA,0,0,0,0
2001-04-28,9.357,0,0,1.49,0,NA,0,0,0,0,0,0,0,NA,0,0,0,0
2001-04-29,11.23,0,0,0,0,NA,0,0,234.956,0,0,0,0,NA,0,0,0,0
2001-04-30,0,0,0,0,0,NA,0,0,0,0,116.622,0,0,NA,0,0,0,0
2001-05-01,7.988,0,0,0,0,NA,0,0,5.844,0,0,0,0,NA,0,0,0,0
2001-05-02,0,0,0,0,0,NA,0,0,0,0,0,0,0,NA,0,0,0,0
2001-05-03,0,0,0,0,0,NA,0,0,4.278,0,0,0,0,NA,0,0,0,0
2001-05-04,0,0,0,0,0,NA,0,0,0,0,0,0,0,NA,0,0,0,0
2001-05-05,0,0,0,0,0,NA,0,0,0,0,0,0,0,NA,0,0,0,0
2001-05-06,0,0,0,0,0,NA,0,0,0,0,0,0,0,NA,0,0,0,0
2001-05-07,0,0,0,0,0,NA,0,0,0,0,0,0,0,NA,0,0,0,0
2001-05-08,0,0,0,0,0,NA,0,0,0,0,0,0,0,NA,0,0,0,0
2001-05-09,0,0,0,0,0,NA,0,0,0,0,0,0,0,NA,0,0,0,0
2001-05-10,0,0,0,0,0,NA,0,0,0,0,0,0,0,NA,0,0,0,0
2001-05-11,0,0,0,2.69,2.01,NA,0,0,33.223,0,0,0,0,NA,0,0,0,0
2001-05-12,0,0,0,0,0,NA,0,0,0,0,0,0,0,NA,0,0,0,0
2001-05-13,0,0,0,0,0,NA,58.969,0,0,0,0,0,0,NA,0,0,0,0
2001-05-14,0,0,0,0,0,NA,70.048,0,0,0,0,0,0,NA,0,0,0,0
2001-05-15,0,0,0,0,0,NA,37.175,0,0,0,0,0,0,NA,0,0,0,0
2001-05-16,0,0,0,0,0,NA,0,0,0,0,0,0,0,NA,0,0,0,0
2001-05-17,0,0,0,0,0,NA,0,0,0,0,0,0,0,NA,0,0,0,0
2001-05-18,0,0,0,0,0,NA,0,0,13.286,0,0,0,0,NA,0,0,0,0
2001-05-19,1.607,0,0,0,0,NA,85.058,0,119.931,0,0,0,0,NA,0,NA,0,0
2001-05-20,0.826,0,0,0,0,NA,196.589,0,240.018,0,0,0,0,NA,0,NA,0,0
2001-05-21,0,0,0,0,0,NA,0,0,0,0,0,0,0,NA,0,NA,0,0
2001-05-22,0,0,0,0,0,NA,0,0,0,0,0,0,0,NA,0,NA,0,0
2001-05-23,0,0,0,0,0,NA,0,0,0,0,0,0,0,NA,0,0,0,0
2001-05-24,0,0,0,0,0,NA,0,0,0,0,0,0,0,NA,0,0,0,0
2001-05-25,0,0,0,0,0,NA,0,0,0,0,0,0,0,NA,0,0,0,0
2001-05-26,0,0,0,0,0,NA,0,0,0,0,0,0,0,NA,0,0,0,0
2001-05-27,0,0,0,0,0,NA,0,0,0,0,0,0,0,NA,0,0,0,0
2001-05-28,0,0,0,0,0,NA,0,0,0,0,0,0,0,NA,0,0,0,0
2001-05-29,0,0,0,0,0,NA,0,0,0,0,0,0,0,NA,0,0,0,0
2001-05-30,0,0,0,0,0,NA,0,0,0,0,0,0,0,NA,0,0,0,0
2001-05-31,0,0,0,0,0,NA,0,0,0,0,0,0,0,NA,0,0,0,0
2001-06-01,0,0,0,0,0,NA,0,0,0,0,0,0,0,NA,0,0,0,0
2001-06-02,0,0,0,125.77,88.54,NA,0,0,0,0,0,0,0,NA,0,0,0,0
2001-06-03,0,0,0,0,0,NA,0,0,0,0,0,0,0,NA,0,0,0,0
2001-06-04,95.845,0,0,0,0,NA,0,0,0,0,0,0,0,NA,0,0,0,0
2001-06-05,0.179,0,0,0,0,NA,0,0,0,0,0,0,0,NA,0,0,0,0
2001-06-06,0,0,0,0,0,NA,42.791,0,0,0,0,0,0,NA,0,0,0,0
2001-06-07,0,0,0,79.69,51.31,NA,244.08,0,0,0,0,0,0,NA,0,0,0,0
2001-06-08,0,0,0,67.87,22.25,NA,171.175,0,287.033,18.321,0,0,0,NA,0,0,0,0
2001-06-09,0,0,0,0,0,NA,0,0,0,0,0,0,0,NA,0,0,0,0
2001-06-10,0,0,0,0,0,NA,0,0,0,0,0,0,0,NA,0,0,0,0
2001-06-11,0,0,0,0,0,NA,0,0,0,0,0,0,0,NA,0,0,0,0
2001-06-12,0,0,0,193.86,81.44,NA,0,0,0,0,0,0,0,NA,0,0,0,0
2001-06-13,0,0,0,116.89,108.77,NA,0,0,0,0,0,0,0,NA,0,0,0,0
2001-06-14,0,0,0,34.67,31.17,NA,0,0,0,0,0,0,0,NA,0,0,0,0
2001-06-15,0,0,0,0,0,NA,0,0,0,0,0,0,0,NA,0,0,0,0
2001-06-16,0,0,0,0,0,NA,0,0,0,0,0,0,0,NA,0,0,0,0
2001-06-17,0,0,0,0,0,NA,0,0,0,0,0,0,0,NA,0,0,0,0
2001-06-18,0,0,0,0,0,NA,0,0,0,0,0,0,0,NA,0,0,0,0
2001-06-19,0,0,0,0,0,NA,0,0,0,0,0,0,39.503,NA,0,0,0,0
2001-06-20,7.069,0,0,0,0.89,NA,0,0,0,0,0,0,0,NA,0,0,0,0
2001-06-21,0,0,0,0,0,NA,0,0,0,0,0,0,0,NA,0,0,0,0
2001-06-22,0,0,0,107.93,82.35,NA,0,0,0,0,0,0,0,NA,0,0,0,0
2001-06-23,0,0,0,0,0,NA,0,0,0,0,0,0,0,NA,0,0,0,0
2001-06-24,0,0,0,88.89,37.06,NA,0,0,0,0,0,0,0,NA,0,0,0,0
2001-06-25,0,0,0,0,0,NA,0,0,270.637,0,0,0,0,NA,0,0,0,0
2001-06-26,0,0,0,34.84,57.49,NA,0,0,258.381,0,0,0,23.337,NA,0,0,0,0
2001-06-27,0,0,0,145.58,142.5,NA,0,0,81.817,0,0,0,62.882,NA,0,0,0,0
2001-06-28,0,0,0,196.74,192.11,NA,0,0,970.088,0,0,0,99.363,NA,0,0,0,0
2001-06-29,0,0,0,78.1,39.75,NA,0,0,526.524,0,265.568,0,132.846,NA,0,0,0,0
2001-06-30,0,0,0,71.11,53.83,NA,0,0,0,0,0,0,183.383,NA,0,0,0,0
2001-07-01,0,0,0,0,0,NA,0,0,0,0,0,0,299.997,NA,0,0,0,0
2001-07-02,0,0,0,0,0,NA,0,0,0,0,0,0,251.687,NA,0,0,0,0
2001-07-03,0,0,0,80.94,55.09,NA,0,0,0,0,0,0,132.237,NA,0,0,0,0
2001-07-04,0,0,0,0,0,NA,0,0,0,0,0,0,127.968,NA,0,0,0,0
2001-07-05,0,0,0,0,0,NA,0,0,0,0,251.86,0,389.181,NA,0,0,0,0
2001-07-06,0,0,0,0,0,NA,0,0,0,0,300.544,0,179.96,NA,0,0,0,0
2001-07-07,0,0,0,0,0,NA,0,0,0,0,0,0,267.03,NA,0,0,0,0
2001-07-08,0,0,0,0,0,NA,0,0,0,0,0,0,269.998,NA,0,0,0,0
2001-07-09,0,0,0,185.74,142.01,NA,0,0,1.311,0,0,0,234.997,NA,0,0,0,0
2001-07-10,0,0,0,65.94,57.64,NA,0,0,220.793,0,0,0,259.716,NA,0,0,0,0
2001-07-11,0,0,0,68.71,63.59,NA,0,0,1612.687,0,480.456,0,314.825,NA,0,0,0,0
2001-07-12,0,0,0,0,0,NA,0,0,732.62,0,605.325,0,275.964,NA,0,0,0,0
2001-07-13,0,0,0,67.89,60.01,NA,0,0,1445.391,0,519.433,0,479.189,NA,0,0,0,0
2001-07-14,0,0,0,0,0,NA,0,0,480.339,0,700.51,0,536.843,NA,0,0,0,0
2001-07-15,0,0,0,85.59,67.78,NA,0,0,458.948,0,704.478,0,1085.053,NA,0,0,0,0
2001-07-16,0,0,0,70.81,59.58,NA,0,0,2016.88,0,972.489,0,841.182,NA,0,0,0,0
2001-07-17,0,0,0,102.2,129.48,NA,0,0,1569.64,0,953.724,0,960.796,NA,0,0,0,0
2001-07-18,0,0,0,131.82,197.43,NA,0,0,1612.169,0,2032.063,0,1154.876,NA,0,0,0,0
2001-07-19,0,0,0,128.89,192.21,NA,0,0,1074.217,0,2683.072,0,1181.991,NA,0,0,0,0
2001-07-20,0,0,0,155.93,99.48,NA,0,0,250.638,0,1921.595,0,1050.587,NA,0,0,0,0
2001-07-21,0,0,0,294.76,124.55,NA,236.956,0,294.418,0,1327.405,0,934.718,NA,0,0,0,0
2001-07-22,0,0,0,192.96,113.09,NA,281.009,0,452.1,0,587.369,0,1114.373,NA,0,0,0,0
2001-07-23,0,0,0,182.84,141.19,NA,446.412,0,2373.871,0,0,0,1172.313,NA,0,0,0,0
2001-07-24,0,0,0,126.99,202.25,NA,550.634,0,3553.25,0,1083.252,0,1143.752,NA,0,739,0,453
2001-07-25,0,0,0,124.98,195.16,NA,328.431,0,2797.79,0,1213.344,0,1091.299,NA,0,1307,NA,791
2001-07-26,0,0,0,118.14,186.18,NA,0,0,2013.951,0,565.015,0,898.004,NA,0,1302,731,781
2001-07-27,0,0,0,192.01,64.43,NA,0,0,1776.112,0,880.966,0,606.144,NA,0,985,728,776
2001-07-28,0,0,0,0,0,NA,0,0,474.94,0,823.028,0,720.304,NA,0,694,729,772
2001-07-29,0,0,0,0,0,NA,0,0,0,0,810.406,0,780.754,NA,0,687,724,763
2001-07-30,0,0,0,75.49,57.18,NA,0,0,512.73,0,472.691,0,760.442,NA,0,707,365,367
2001-07-31,0,0,0,68.31,57.33,NA,0,0,925.306,0,640.9,0,651.258,NA,0,756,0,0
2001-08-01,0,0,0,78.85,54.58,NA,0,0,1396.409,0,1789.352,0,789.559,NA,0,784,0,0
2001-08-02,0,0,0,174.41,137.31,NA,238.462,0,2722.744,50.724,2643.805,0,1433.879,NA,0,845,0,0
2001-08-03,0,0,0,245.93,185.14,NA,1010.801,0,3999.995,12.191,2837.753,0,1702.995,NA,0,1213,842,458
2001-08-04,0,0,0,237.24,118.4,NA,586.141,0,3296.564,0,3169.124,0,1617.403,NA,0,1409,1433,771
2001-08-05,0,0,0,215.93,34.61,NA,105.104,0,2474.701,0,3176.636,0,2210.835,NA,0,1402,1393,744
2001-08-06,0,0,0,0,0,NA,65.906,0,2631.434,0,2994.287,0,1750.842,NA,0,1399,1396,744
2001-08-07,0,0,0,72.79,54.07,NA,0,0,2173.471,0,2910.13,0,1802.084,NA,0,1384,1377,735
2001-08-08,0,0,0,0,0,NA,0,0,1224.844,0,1544.357,0,2498.184,NA,0,1366,1363,724
2001-08-09,0,0,0,77.77,55.31,NA,0,0,1265.031,0,406.045,0,3789.273,NA,0,1015,1007,728
2001-08-10,0,0,0,80.22,58.25,NA,0,0,497.504,0,677.247,0,3466.532,NA,0,742,694,485
2001-08-11,0,0,0,0,0,NA,0,0,0,0,690.775,0,3562.331,NA,0,752,699,0
2001-08-12,0,0,0,0,0,NA,0,0,0,0,673.495,0,2690.956,NA,0,753,693,0
2001-08-13,0,0,0,78.69,55.64,NA,76.247,0,0,0,610.863,0,2272.101,NA,0,748,687,0
2001-08-14,0,0,0,0,0,NA,407.377,0,0,0,459.863,0,2304.382,NA,0,745,684,0
2001-08-15,0,0,0,75.01,55.95,NA,405.498,0,0,0,122.387,0,1767.192,NA,0,542,216,0
2001-08-16,0,0,0,0,0,NA,404.785,0,0,0,0,0,1939.213,NA,0,214,0,0
2001-08-17,0,0,0,0,0,NA,368.89,0,0,0,0,0,1776.301,NA,0,0,0,0
2001-08-18,0,0,0,0,0,NA,340.766,0,0,0,0,0,1712.708,NA,0,0,0,0
2001-08-19,0,0,0,0,0,NA,311.154,0,0,0,0,0,1529.574,NA,0,0,0,0
2001-08-20,0,0,0,0,0,NA,349.397,0,0,0,0,0,1066.231,NA,0,0,0,0
2001-08-21,0,0,0,79.25,55.18,NA,340.54,0,0,0,0,0,1337.816,NA,0,0,0,0
2001-08-22,0,0,0,77.6,54.53,NA,181.251,0,256.148,0,0,0,1419.156,NA,0,0,0,0
2001-08-23,181.534,0,0,78.06,62.09,NA,21.246,0,643.036,0,0,0,1315.53,NA,0,0,0,0
2001-08-24,0,0,0,0,0,NA,76.041,0,514.304,0,0,0,1049.651,NA,0,0,0,0
2001-08-25,0,0,0,0,0,NA,282.901,0,0,0,0,0,855.901,NA,0,0,0,0
2001-08-26,0,0,0,0,0,NA,301.761,0,0,0,0,0,579.048,NA,0,0,0,0
2001-08-27,0,0,0,0,0,NA,296.727,0,0,0,0,0,1012.742,NA,0,0,0,0
2001-08-28,0,0,0,0,0,NA,317.335,0,0,0,0,0,944.497,NA,0,0,0,0
2001-08-29,0,0,0,0,0,NA,278.594,0,0,0,0,0,762.767,NA,0,0,0,0
2001-08-30,0,0,0,0,0,NA,324.265,0,0,0,0,0,775.215,NA,0,0,0,0
2001-08-31,0,0,0,0,0,NA,282.43,0,0,0,0,0,816.612,NA,0,0,0,0
2001-09-01,0,0,0,0,0,NA,317.383,0,0,0,0,0,738.244,NA,0,0,0,0
2001-09-02,0,0,0,0,0,NA,430.7,0,0,0,0,0,455.58,NA,0,0,0,0
2001-09-03,0,0,0,0,0,NA,421.786,0,0,0,0,0,226.18,NA,0,0,0,0
2001-09-04,0,0,0,0,0,NA,342.544,0,0,0,0,0,308.43,NA,0,0,0,0
2001-09-05,0,0,0,0,0,NA,232.518,0,0,0,0,0,508.642,NA,0,0,0,0
2001-09-06,0,0,0,0,0,NA,273.994,0,209.835,0,0,0,844.206,NA,0,0,0,0
2001-09-07,0,0,0,77.7,57.1,NA,210.275,0,660.582,0,414.889,21.207,1357.685,NA,0,0,0,0
2001-09-08,0,0,0,0,0,NA,350.329,0,0,0,207.461,5.449,1390.944,NA,0,0,0,0
2001-09-09,0,0,0,0,41.57,NA,108.969,0,1147.936,0,207.309,24.422,980.66,NA,0,0,0,0
2001-09-10,0,0,0,68.38,45.86,NA,0,0,2517.467,0,1642.421,95.213,1895.592,NA,0,0,0,0
2001-09-11,0,0,0,77.13,56.81,NA,0,0,1747.387,0,2176.484,20.669,2239.538,NA,0,0,0,0
2001-09-12,0,0,0,79.4,62.24,NA,0,0,1748.463,0,2097.477,0,2767.913,NA,0,0,0,0
2001-09-13,0,0,0,177.36,135.9,NA,0,0,1974.481,0,2073.495,19.485,3735.272,NA,0,0,0,0
2001-09-14,0,0,0,344.63,192.84,NA,131.127,0,2577.483,0,2055.886,0,4484.981,NA,0,583,596,613
2001-09-15,0,0,0,256.65,189.45,NA,0,0,2809.712,0,2172.908,0,5101.635,NA,0,793,819,859
2001-09-16,0,0,0,202.52,141.84,NA,0,0,1255.024,0,2345.903,0,5675.263,NA,0,797,817,848
2001-09-17,0,0,0,76.56,53.44,NA,0,0,619.651,0,1286.324,0,6219.494,NA,0,398,415,435
2001-09-18,0,0,0,77.1,53.14,NA,0,0,506.816,0,723.791,1.539,6373.552,NA,0,0,0,0
2001-09-19,0,0,0,24.76,17.93,NA,0,0,506.669,0,587.478,27.61,6216.504,NA,0,0,0,0
2001-09-20,0,0,0,38.05,50.97,NA,0,0,419.576,0,548.466,23.491,6015.685,NA,0,0,0,0
2001-09-21,0,0,0,0,0,NA,0,0,0,0,207.202,16.217,5336.789,NA,0,0,0,0
2001-09-22,0,0,0,0,0,NA,0,0,0,0,206.853,0.07,5171.259,NA,0,0,0,0
2001-09-23,0,0,0,0,0,NA,0,0,0,0,207.224,56.479,4970.656,NA,0,0,0,0
2001-09-24,0,0,0,77.67,56.61,NA,0,0,739.815,0,832.538,0,4790.91,NA,0,0,0,0
2001-09-25,0,0,0,122.45,83.61,NA,0,0,596.671,0,918.641,0,4376.519,NA,0,0,0,0
2001-09-26,0,0,0,190,77.65,NA,0,0,200.356,0,207.471,0,4453.921,NA,0,0,0,0
2001-09-27,0,0,0,190.33,142.98,NA,148.242,0,2402.153,0,1249.355,23.555,4974.518,NA,0,438,429,440
2001-09-28,0,0,0,168.14,33.41,NA,0,0,2139.258,0,413.047,0,4642.943,NA,0,787,809,852
2001-09-29,0,0,0,257.7,128.34,NA,220.379,0,2777.296,0,2537.718,0,4620.725,NA,0,819,831,857
2001-09-30,0,0,0,254.42,186.15,NA,397.783,0,3483.731,0,2921.616,0,4351.204,NA,0,825,833,861
2001-10-01,0,0,0,138.45,100.96,NA,0,0,2353.963,0,2936.363,12.066,4815.006,NA,0,355,365,374
2001-10-02,0,0,0,43.29,0,NA,0,0,1277.43,0,2699.255,0,4836.878,NA,0,0,0,0
2001-10-03,0,0,0,78.92,58.78,NA,0,0,685.244,0,1529.337,0,4595.109,NA,0,0,0,0
2001-10-04,0,0,0,77.92,58.12,NA,0,0,698.838,0,1041.145,0,4382.167,NA,0,0,0,0
2001-10-05,0,0,0,77.8,58.03,NA,0,0,746.854,0,790.653,0.073,3965.915,NA,0,0,0,0
2001-10-06,0,0,0,0,0,NA,0,0,0,0,0,149.787,3636.804,NA,0,0,0,0
2001-10-07,0,0,0,77.01,55.78,NA,0,0,0,0,0,0.072,3395.305,NA,0,0,0,0
2001-10-08,0,0,0,0,0,NA,0,0,571.447,0,0,159.766,3308.027,NA,0,0,0,0
2001-10-09,0,0,0,68.05,81.64,NA,0,0,0,0,0,133.6,3204.684,NA,0,0,0,0
2001-10-10,0,0,0,0,0,NA,0,0,0,0,0,85.044,2924.931,NA,0,0,0,0
2001-10-11,0,0,0,0,0,NA,0,0,0,0,0,0,2512.828,NA,0,0,0,0
2001-10-12,0,0,0,74.21,55.03,NA,0,0,558.169,0,0,0,2117.815,NA,0,0,0,0
2001-10-13,0,0,0,0,0,NA,0,0,0,0,0,0,2082.745,NA,0,0,0,0
2001-10-14,0,0,0,0,0,NA,0,0,0,0,0,0,2041.484,NA,0,0,0,0
2001-10-15,0,0,0,67.14,55.59,NA,0,0,0,0,0,0,1789.12,NA,0,0,0,0
2001-10-16,0,0,0,0,0,NA,0,0,627.503,0,225.014,81.476,1446.956,NA,0,0,0,0
2001-10-17,0,0,0,69.49,55.16,NA,0,0,407.5,0,486.792,117.716,1404.088,NA,0,0,0,0
2001-10-18,0,0,0,70.63,53.67,NA,0,0,521.306,0,763.821,61.433,1485.305,NA,0,0,0,0
2001-10-19,0,0,0,44.25,44.85,NA,0,0,0,0,653.16,0,1435.398,NA,0,0,0,0
2001-10-20,0,0,0,0,0,NA,0,0,202.196,0,670.864,0,1149.321,NA,0,0,0,0
2001-10-21,0,0,0,0,0,NA,0,0,0,0,0,0,1150.462,NA,0,0,0,0
2001-10-22,0,0,0,75.46,57.42,NA,0,0,1395.511,0,0,0,1419.76,NA,0,0,0,0
2001-10-23,0,0,0,69.1,59.42,NA,0,0,1707.653,0,1715.073,0,1504.974,NA,0,0,0,0
2001-10-24,374.667,0,0,78.59,59.06,NA,0,0,677.105,0,1200.14,0,1516.84,NA,0,0,0,0
2001-10-25,587.71,0,0,75.8,56.15,NA,123.664,0,3043.28,0,1660.886,9.514,1623.817,NA,0,0,0,0
2001-10-26,549.988,0,0,77.47,54.66,NA,0,0,2615.682,0,2509.63,0,1798.565,NA,0,0,0,0
2001-10-27,593.199,0,0,0,0,NA,0,0,1254.142,0,1451.172,0,2625.175,NA,0,0,0,0
2001-10-28,595.512,0,0,0,0,NA,0,0,1389.781,0,1701.504,0,2277.477,NA,0,0,0,0
2001-10-29,632.059,0,0,38.63,53.87,NA,0,0,1034.1,0,2214.233,0,2649.361,NA,0,0,0,0
2001-10-30,747.592,0,0,73.49,55.56,NA,0,0,722.952,0,2016.049,0,2763.974,NA,0,0,0,0
2001-10-31,667.571,0,0,0,0,NA,0,0,500.912,0,1056.719,0.26,2364.792,NA,0,0,0,0
2001-11-01,564.29,0,0,74.46,50.23,NA,0,0,503.887,0,638.417,46.413,2009.507,NA,0,0,0,0
2001-11-02,568.071,0,0,117.51,84.19,NA,0,0,518.229,0,575.862,13.082,1825.221,NA,0,483,502,0
2001-11-03,552.875,0,0,173.98,72.51,NA,0,0,386.681,0,510.7,33.016,1788.565,NA,0,887,932,0
2001-11-04,654.581,0,0,85.23,4.48,NA,0,0,672.616,0,1012.176,0,1683.607,NA,0,885,929,0
2001-11-05,494.046,0,0,0,0,NA,0,0,553.287,0,656.874,0,1603.618,NA,0,385,NA,0
2001-11-06,712.116,0,0,0,0,NA,0,0,1595.551,0,0,0,1586.785,NA,0,0,0,0
2001-11-07,859.762,0,0,0,0,NA,0,0,1481.823,0,0,0,1317.015,NA,0,0,0,0
2001-11-08,888.684,0,0,0,0,NA,0,0,608.346,0,267.626,0,1269.176,NA,0,0,0,0
2001-11-09,823.833,0,0,0,0,NA,0,0,644.152,0,470.919,0,1343.603,NA,0,0,0,0
2001-11-10,814.942,0,0,0,0,NA,0,0,464.062,0,103.727,0,1506.826,NA,0,0,0,0
2001-11-11,814.943,0,0,0,0,NA,0,0,0,0,103.633,0,1394.388,NA,0,0,0,0
2001-11-12,814.66,0,0,0,0,NA,0,0,0,0,103.51,0,1310.932,NA,0,0,0,0
2001-11-13,586.652,0,0,75.7,58.32,NA,0,0,0,0,103.396,0,1191.702,NA,0,0,0,0
2001-11-14,578.108,0,48.189,0,0,NA,0,0,0,0,548.597,0,1076.233,NA,0,0,0,0
2001-11-15,732.199,0,87.571,0,0,NA,0,0,0,0,489.32,0,848.061,NA,0,0,0,0
2001-11-16,734.317,0,10.69,0,0,NA,0,0,0,0,640.152,0,703.514,NA,0,0,0,0
2001-11-17,677.633,0,59.6,0,0,NA,0,0,0,0,0,0,1001.737,NA,0,0,0,0
2001-11-18,627.654,0,148.541,0,0,NA,0,0,0,0,0,0,957.244,NA,0,0,0,0
2001-11-19,652.549,0,124.598,0,0,NA,0,0,0,0,0,21.155,722.401,NA,0,0,0,0
2001-11-20,652.498,0,206.618,0,0,NA,0,0,76.033,0,0,15.933,743.766,NA,0,0,0,0
2001-11-21,654.002,0,387.401,75.7,54.01,NA,0,0,0,0,0,0,895.099,NA,0,0,0,0
2001-11-22,654.401,0,396.307,0,0,NA,0,0,0,0,0,0,959.532,NA,0,0,0,0
2001-11-23,350.44,0,390.972,0,0,NA,0,0,0,0,0,0,669.495,NA,0,0,0,0
2001-11-24,28.645,0,388.469,0,0,NA,0,0,0,0,0,0,584.609,NA,0,0,0,0
2001-11-25,0,0,386.617,0,0,NA,0,0,0,0,0,0,576.45,NA,0,0,0,0
2001-11-26,0,0,383.002,0,0,NA,0,0,0,0,0,0,719.856,NA,0,0,0,0
2001-11-27,0,0,375.734,0,0,NA,55.354,0,0,0,0,0,503.33,NA,0,0,0,0
2001-11-28,0,0,372.85,0,0,NA,495.247,0,0,0,0,0,306.582,NA,0,0,0,0
2001-11-29,7.845,0,371.34,0,5.41,NA,489.467,0,0,0,0,0,771.111,NA,0,0,0,0
2001-11-30,18.187,0,357.391,0,0,NA,469.866,0,0,0,0,0,854.096,NA,0,0,0,0
2001-12-01,12.108,0,236.777,0,0,NA,485.918,0,0,0,0,0,275.493,NA,0,0,0,0
2001-12-02,0,0,78.726,0,0,NA,510.165,0,0,0,0,0,400.192,NA,0,0,0,0
2001-12-03,0,0,174.011,0,0,NA,292.823,0,0,0,0,0,588.48,NA,0,0,0,0
2001-12-04,0,0,320.292,0,0,NA,0,0,0,0,0,0,480.578,NA,0,0,0,0
2001-12-05,5.788,0,26.376,0,0,NA,402.595,0,0,0,0,0,477.114,NA,0,0,0,0
2001-12-06,4.615,0,0,0,0,NA,395.653,0,0,0,0,0,550.13,NA,0,0,0,0
2001-12-07,0,0,6.112,79.65,57.65,NA,468.787,0,0,0,0,0,549.119,NA,0,0,0,0
2001-12-08,0,0,91.366,0,0,NA,414.611,0,0,0,0,0,472.739,NA,0,0,0,0
2001-12-09,1.594,0,257.799,0,0,NA,404.917,0,0,0,0,0,514.857,NA,0,0,0,0
2001-12-10,38.938,0,375.179,0,0,NA,410.544,0,0,0,0,0,627.362,NA,0,0,0,0
2001-12-11,19.142,0,381.738,0,0,NA,408.05,0,0,0,0,0,513.317,NA,0,0,0,0
2001-12-12,132.226,0,374.419,0,0,NA,330.55,0,0,0,0,0,486.789,NA,0,0,0,0
2001-12-13,70.377,0,365.407,0,0,NA,437.73,0,0,0,0,0,454.088,NA,0,0,0,0
2001-12-14,47.032,0,188.941,58.16,37.55,NA,461.05,0,0,0,0,0,604.783,NA,0,0,0,0
2001-12-15,51.952,0,0,0,0,NA,438.033,0,0,0,0,0,526.976,NA,0,0,0,0
2001-12-16,78.649,0,0,0,0,NA,437.503,0,0,0,0,0,517.416,NA,0,0,0,0
2001-12-17,100.381,0,42.329,0,0,NA,432.42,0,0,0,0,0,508.781,NA,0,0,0,0
2001-12-18,88.997,0,337.055,0,0,NA,413.224,0,0,0,0,0,587.742,NA,0,0,0,0
2001-12-19,110.643,0,365.46,0,0,NA,449.398,0,0,0,0,0,538.461,NA,0,0,0,0
2001-12-20,88.48,0,358.976,80.24,55.96,NA,465.858,0,21.839,0,0,0,491.87,NA,0,0,0,0
2001-12-21,93.462,0,354.284,0,0,NA,442.622,0,0,0,0,0,471.146,NA,0,0,0,0
2001-12-22,83.078,0,348.044,0,0,NA,475.209,0,0,0,0,0,395.099,NA,0,0,0,0
2001-12-23,74.29,0,341.889,0,0,NA,391.522,0,0,0,0,0,383.145,NA,0,0,0,0
2001-12-24,74.24,0,337.217,0,0,NA,441.85,0,0,0,0,0,430.494,NA,0,0,0,0
2001-12-25,74.268,0,230.164,0,0,NA,462.476,0,0,0,0,0,534.502,NA,0,0,0,0
2001-12-26,38.115,0,255.225,0,0,NA,483.389,0,0,0,0,24.759,456.952,NA,0,0,0,0
2001-12-27,109.815,0,343.84,0,0,NA,460.466,0,0,0,0,9.623,409.687,NA,0,0,0,0
2001-12-28,145.868,0,342.678,0,0,NA,390.241,0,45.761,0,0,0,406.899,NA,0,0,0,0
2001-12-29,90.665,0,239.189,0,0,NA,546.991,0,0,0,0,0,405.492,NA,0,0,0,0
2001-12-30,85.17,0,80.672,0,0,NA,468.942,0,0,0,0,0,365.491,NA,0,0,0,0
2001-12-31,36.409,0,2.496,67.66,51.38,NA,463.811,0,0,0,0.072,0,361.666,NA,0,0,0,0
2002-01-01,0,0,0,0,0,NA,0,0,0,0,207.536,0,331.325,NA,0,0,0,0
2002-01-02,29.73,0,0,53.9,49.27,NA,0,0,0,0,207.526,0,401.241,NA,0,0,0,0
2002-01-03,103.814,0,1.286,0,0,NA,0,0,0,0,207.579,0,600.312,NA,0,0,0,0
2002-01-04,123.159,0,2.533,0,0,NA,0,0,0,0,207.617,0,410.585,NA,0,0,0,0
2002-01-05,72.445,0,0,0,0,NA,0,0,0,0,207.563,0,252.075,NA,0,0,0,0
2002-01-06,57.925,0,0,0,0,NA,0,0,0,0,207.49,0,453.552,NA,0,0,0,0
2002-01-07,151.157,0,1.206,0,0,NA,0,0,408.988,0,278.489,0,351.015,NA,0,0,0,0
2002-01-08,203.521,0,1.192,0,0,NA,0,0,0,0,218.956,0,373.478,NA,0,0,0,0
2002-01-09,137.042,0,1.136,0,0,NA,0,0,0,0,227.01,0,373.35,NA,0,0,0,0
2002-01-10,90.724,0,1.146,0,0,NA,0,0,0,0,192.319,0,309.435,NA,0,0,0,0
2002-01-11,91.844,0,1.16,0,0,NA,0,0,54.01,0,213.671,0,280.686,NA,0,0,0,0
2002-01-12,95.484,0,0,0,0,NA,0,0,0,0,206.794,0,266.8,NA,0,0,0,0
2002-01-13,91.376,0,0,0,0,NA,0,0,0,0,207.767,0,454.566,NA,0,0,0,0
2002-01-14,87.431,0,1.131,0,0,NA,0,0,255.823,0,227.1,0,347.072,NA,0,0,0,0
2002-01-15,33.125,0,0.525,0,0,NA,0,0,641.091,0,207.923,0,390.501,NA,0,0,0,0
2002-01-16,84.146,0,1.512,0,0,NA,0,0,390.133,0,207.898,0,406.884,NA,0,0,0,0
2002-01-17,109.54,0,1.202,0,0,NA,0,0,280.89,0,207.975,0,373.352,NA,0,0,0,0
2002-01-18,66.934,0,1.141,0,0,NA,0,0,581.993,0,207.957,0,487.54,NA,0,0,0,0
2002-01-19,71.287,0,0,0,0,NA,0,94.743,0,0,207.93,0,525.734,NA,0,0,0,0
2002-01-20,85.305,0,0,0,0,NA,0,226.516,0,0,207.96,0,424.733,NA,0,0,0,0
2002-01-21,59.835,0,0,0,0,NA,0,278.853,0,0,207.977,0,371.225,NA,0,0,0,0
2002-01-22,105.667,0,1.131,0,0,NA,0,223.822,6.344,0,208.006,0,416.784,NA,0,0,0,0
2002-01-23,138.344,0,1.121,0,0,NA,0,262.105,0,0,207.99,0,417.8,NA,0,0,0,0
2002-01-24,184.729,0,1.136,0,0,NA,0,211.463,0,0,208.055,0,395.723,NA,0,0,0,0
2002-01-25,154.063,0,1.112,0,0,NA,0,283.277,0,0,207.147,0,373.872,NA,0,0,0,0
2002-01-26,251.408,0,0,0,0,NA,0,240.656,0,0,207.827,0,412.709,NA,0,0,0,0
2002-01-27,247.954,0,0,0,0,NA,0,278.843,0,0,207.86,0,436.25,NA,0,0,0,0
2002-01-28,229.665,0,1.622,0,0,NA,0,286.883,0,0,205.225,0,371.726,NA,0,0,0,0
2002-01-29,202.195,0,1.066,0,0,NA,0,255.873,0,0,207.906,0,386.605,NA,0,0,0,0
2002-01-30,149.065,0,1.04,0,0,NA,0,253.971,0,0,207.89,0,418.039,NA,0,0,0,0
2002-01-31,155.491,0,0.732,0,0,NA,0,277.251,0,0,207.862,0,390.204,NA,0,0,0,0
2002-02-01,48.292,0,0,0,0,NA,0,284.8,0,0,207.861,0,322.226,NA,0,0,0,0
2002-02-02,69.133,0,0,0,0,NA,0,251.993,0,0,207.97,0,364.543,NA,0,0,0,0
2002-02-03,117.902,0,0,0,0,NA,0,272.58,0,0,208.061,0,292.93,NA,0,0,0,0
2002-02-04,241.233,0,1.226,0,0,NA,0,316.966,0,0,208.105,0,289.992,NA,0,0,0,0
2002-02-05,285.472,0,1.081,0,0,NA,0,331.492,0,0,208.093,0,330.895,NA,0,0,0,0
2002-02-06,222.308,0,1.029,0,0,NA,0,311.582,0,0,207.246,0,290.046,NA,0,0,0,0
2002-02-07,167.503,0,1.018,0,0,NA,0,273.501,0,0,207.97,0,307.711,NA,0,0,0,0
2002-02-08,215.163,0,1.007,0,0,NA,0,286.438,0,0,208.071,0,373.273,NA,0,0,0,0
2002-02-09,118.752,0,0,0,0,NA,0,310.18,0,0,208.229,0,286.506,NA,0,0,0,0
2002-02-10,0,0,0,0,0,NA,0,227.306,424.534,0,138.728,61.631,370.813,NA,0,0,0,0
2002-02-11,0,0,0,78.4,57.83,NA,0,0,2956.341,0,1477.143,81.789,383.317,NA,0,0,0,0
2002-02-12,0,0,0,80.23,52,NA,0,0,2983.561,6.956,2138.089,136.274,410.048,NA,0,113,0,0
2002-02-13,361.366,0,0,78.98,70.39,NA,0,0,1772.863,0,2116.152,141.371,324.036,NA,0,276,0,0
2002-02-14,585.923,0,0,39.08,51.75,NA,0,0,1120.437,0,2073.141,139.098,348.005,NA,0,274,0,0
2002-02-15,733.869,0,0,37.84,29.9,NA,0,0,352.04,0,1352.947,132.07,360.525,NA,0,272,0,0
2002-02-16,384.768,0,0,0,0,NA,0,22.515,878.358,0,957.935,133.025,382.63,NA,0,272,0,0
2002-02-17,491.391,0,0,0,0,NA,0,0,406.438,0,845.589,120.01,315.287,NA,0,274,0,0
2002-02-18,552.372,0,0,0,0,NA,0,0,0,0,128.561,134.242,280.946,NA,0,274,0,0
2002-02-19,600.781,0,1.254,78.06,61.04,NA,0,0,758.996,0,0,88.95,385.133,NA,0,271,0,0
2002-02-20,628.634,0,1.075,76.86,65.78,NA,0,0,0,0,0,0,359.339,NA,0,268,0,0
2002-02-21,590.169,0,0,0,0,NA,0,0,595.8,0,442.061,84.462,349.771,NA,0,267,0,0
2002-02-22,468.745,0,0,69.23,48.42,NA,0,0,1366.365,0,834.745,106.16,380.942,NA,0,267,0,0
2002-02-23,59.686,0,0,0,0,NA,0,0,529.445,0,1135.965,0,474.693,NA,0,270,0,0
2002-02-24,428.095,0,0,0,0,NA,0,0,1282.163,0,124.267,86.249,401.943,NA,0,272,0,0
2002-02-25,706.562,0,0,77.17,66.65,NA,0,0,796.156,0,682.985,192.304,390.242,NA,0,270,0,0
2002-02-26,570.874,0,1.188,0,0,NA,0,0,0,0,206.943,125.958,409.35,NA,0,269,0,0
2002-02-27,580.73,0,1.17,0,0,NA,0,0,0,0,106.796,82.08,465.602,NA,0,269,0,0
2002-02-28,710.673,0,0,0,0,NA,0,0,0,0,57.911,0,440.064,NA,0,266,0,0
2002-03-01,659.876,0,0,0,0,NA,0,0,0,0,37.284,0,373.124,NA,0,264,0,0
2002-03-02,731.609,0,0,0,0,NA,0,0,0,0,0,0,510.042,NA,0,259,0,0
2002-03-03,756.452,0,0,0,0,NA,0,0,0,0,0,0,399.544,NA,0,259,0,0
2002-03-04,757.275,0,0,0,73.22,NA,0,0,217.823,0,24.382,0,400.812,NA,0,261,0,0
2002-03-05,761.091,0,1.071,76.3,0,NA,0,0,0,0,0,0,351.325,NA,0,259,0,0
2002-03-06,758.38,0,1.062,0,0,NA,0,0,21.349,0,0,0,343.681,NA,0,256,0,0
2002-03-07,369.088,0,0,0,0,NA,0,0,998.423,0,33.374,0,423.9,NA,0,257,0,0
2002-03-08,398.685,0,1.136,0,0,NA,0,0,376.21,0,0,0,710.308,NA,0,259,0,0
2002-03-09,802.526,0,0,0,0,NA,0,0,0,0,0,0,467.691,NA,0,258,0,0
2002-03-10,644.493,0,0,0,0,NA,0,0,0,0,0,0,523.018,NA,0,257,0,0
2002-03-11,786.495,0,1.068,0,0,NA,0,0,0,0,0,0,326.921,NA,0,257,0,0
2002-03-12,745.54,0,0,0,0,NA,0,0,0,0,28.847,0,379.819,NA,0,257,0,0
2002-03-13,500.105,0,0,0,0,NA,0,0,0,0,71.235,0,445.149,NA,0,256,0,0
2002-03-14,0,0,1.05,0,0,NA,0,95.011,0,0,0,0,412.441,NA,0,256,0,0
2002-03-15,0,0,0,0,0,NA,0,0,62.115,0,25.717,0,383.635,NA,0,116,0,0
2002-03-16,0,0,0,0,0,NA,0,0,0,0,0,0,406.007,NA,0,0,0,0
2002-03-17,0,0,0,0,0,NA,0,0,0,0,0,0,362.321,NA,0,0,0,0
2002-03-18,93.601,0,0.815,0,0,NA,0,0,0,0,21.278,0,456.661,NA,0,0,0,0
2002-03-19,62.981,0,0.904,0,0,NA,0,0,0,0,15.394,0,356.358,NA,0,0,0,0
2002-03-20,71.889,0,1.861,0,0,NA,0,0,0,0,0,0,419.505,0,0,0,0,0
2002-03-21,73.174,0,0.897,0,0,NA,0,0,0,0,27.129,0,380.687,0,0,0,0,0
2002-03-22,73.15,0,0.891,0,0,NA,0,0,0,0,6.364,0,322.961,0,0,0,0,0
2002-03-23,85.759,0,0,0,0,NA,0,0,0,0,0,0,401.322,0,0,0,0,0
2002-03-24,87.966,0,0,0,0,NA,0,0,0,0,0,0,444.974,0,0,0,0,0
2002-03-25,87.316,0,0.894,0,0,NA,0,0,0,0,44.675,0,317.511,0,0,0,0,0
2002-03-26,123.52,0,0.897,0,0,NA,0,0,0,0,0,0,343.969,0,0,0,0,0
2002-03-27,128.783,0,0.82,0,0.95,NA,0,0,0,0,0,0,364.461,0,0,0,0,0
2002-03-28,94.576,0,0.585,0,0,NA,0,0,4.433,0,24.996,0,364.905,0,0,0,0,0
2002-03-29,114.916,0,0,0,0,NA,0,0,0,0,11.297,0,366.053,0,0,0,0,0
2002-03-30,149.067,0,0,0,0,NA,0,0,0,0,0,0,445.295,0,0,0,0,0
2002-03-31,125.602,0,0,0,0,NA,0,0,0,0,10.946,0,302.66,0,0,0,0,0
2002-04-01,149.614,0,0.712,0,0,NA,0,0,30.088,0,10.074,0,322.297,0,0,0,0,0
2002-04-02,119.329,0,0,0,0,NA,0,0,0,0,3.519,0,376.242,0,0,0,0,0
2002-04-03,99.671,0,0,0,0,NA,0,0,0,0,50.824,0,382.94,0,0,0,0,0
2002-04-04,126.911,0,0,0,0,NA,0,0,6.599,0,0,0,399.592,0,0,0,0,0
2002-04-05,155.774,0,0,0,0,NA,0,0,0,0,27.198,0,337.771,0,0,NA,NA,NA
2002-04-06,108.196,0,0,0,0,NA,0,0,0,0,0,0,306.203,0,0,NA,NA,NA
2002-04-07,121.319,0,0,0,0,NA,0,0,0,0,29.505,0,302.87,0,0,NA,NA,NA
2002-04-08,127.738,0,0,0,0,NA,0,0,0,0,0,0,297.507,0,0,NA,NA,NA
2002-04-09,170.964,0,0,0,0,NA,0,0,0,0,14.085,0,294.896,0,0,NA,NA,NA
2002-04-10,266.161,0,0,0,0,NA,0,0,0,0,0,0,268.105,0,0,NA,NA,NA
2002-04-11,208.733,0,0,0,0,NA,0,0,0,0,0,0,257.242,0,0,NA,NA,NA
2002-04-12,191.536,0,0,0,0,NA,0,0,0,0,29.316,0,360.98,0,0,NA,NA,NA
2002-04-13,167.159,0,0,0,0,NA,0,0,0,0,0,0,278.868,0,0,NA,NA,NA
2002-04-14,41.556,0,NA,0,0,NA,0,0,0,0,19.536,0,248.241,0,0,NA,NA,NA
2002-04-15,0,0,NA,0,0,NA,0,0,0,0,22.337,0,381.045,0,0,NA,NA,NA
2002-04-16,50.164,0,0,0,0,NA,0,0,0,0,9.854,0,413.598,0,0,NA,NA,NA
2002-04-17,153.554,0,0,0,0,NA,0,0,0,0,21.661,0,346.335,0,0,NA,NA,NA
2002-04-18,263.758,0,0,0,0,NA,0,0,64.278,0,15.645,0,376.751,0,0,NA,NA,NA
2002-04-19,258.096,0,0,0,0,NA,0,0,0,0,18.399,0,316.296,0,0,NA,NA,NA
2002-04-20,219.366,0,0,0,0,NA,0,0,0,0,0,0,374.866,0,0,NA,NA,NA
2002-04-21,263.678,0,0,0,0,NA,0,0,0,0,18.93,0,429.044,0,0,NA,NA,NA
2002-04-22,198.063,0,0,0,0,NA,0,0,0,0,26.397,0,382.169,0,0,NA,NA,NA
2002-04-23,290.137,0,0,0,0,NA,0,0,0,0,0,0,317.12,0,0,NA,NA,NA
2002-04-24,243.819,0,0,0,0.91,NA,0,0,0,0,0,0,222.747,0,0,NA,NA,NA
2002-04-25,378.633,6.326,0,0,0,NA,0,0,0,0,0,0,351.568,0,0,NA,NA,NA
2002-04-26,332.596,51.176,0,0,0,NA,0,0,115.619,0,0,0,362.393,0,0,NA,NA,NA
2002-04-27,354.235,114.867,0,0,0,NA,0,0,0,0,0,0,296.775,0,0,NA,NA,NA
2002-04-28,382.983,189.106,0,0,0,NA,0,0,0,0,0,0,293.806,0,0,NA,NA,NA
2002-04-29,303.236,255.296,0,0,0,NA,0,0,219.294,0,0,0,237.865,0,0,NA,NA,NA
2002-04-30,310.575,229.786,0,0,0,NA,0,0,0,0,0,0,324.533,0,0,NA,NA,NA
2002-05-01,409.258,235.769,0,0,0,NA,0,0,0,0,0,0,399.984,0,0,NA,NA,NA
2002-05-02,359.791,224.459,0,0,0,NA,0,0,0,0,0,0,273.499,0,0,NA,NA,NA
2002-05-03,413.894,81.19,0,0,0,NA,0,0,139.392,0,0,0,332.294,0,0,NA,NA,NA
2002-05-04,352.93,0,0,0,0,NA,0,0,0,0,0,0,345.705,0,0,NA,NA,NA
2002-05-05,375.095,0,0,0,0,NA,0,0,0,0,0,0,257.541,0,0,0,0,0
2002-05-06,336.431,136.037,0,0,0,NA,0,0,546.626,0,255.396,0,269.997,0,0,0,0,0
2002-05-07,389.043,246.191,0,0,0,NA,0,0,595.845,0,437.969,0,300.922,0,0,0,0,0
2002-05-08,413.239,239.381,0,0,0,NA,0,0,596.562,0,492.032,0,294.62,0,0,0,0,0
2002-05-09,395.287,240.024,0,0,0,NA,0,0,577.624,0,478.443,0,282.331,0,0,0,0,0
2002-05-10,426.026,238.762,0,0,0,NA,0.461,0,579.529,0,459.927,0,235.61,0,0,0,0,0
2002-05-11,467.701,272.808,0,0,0,NA,0,0,584.016,0,436.242,0,153.425,0,0,0,0,0
2002-05-12,465.466,253.637,0,0,0,NA,0,0,593.686,0,436.104,0,234.233,0,0,0,0,0
2002-05-13,361.004,111.269,0,0,0,NA,0,0,609.141,0,444.643,0,257.432,0,0,0,0,0
2002-05-14,160.541,120.977,0,0,0,NA,0,0,851.693,0,547.453,0,265.707,0,0,0,0,0
2002-05-15,181.349,252.836,0,0,0,NA,0,0,890.104,0,713.694,0,186.093,0,0,0,0,0
2002-05-16,101.528,108.689,0,0,0,NA,0,0,NA,0,764.152,0,258.778,0,0,0,0,0
2002-05-17,0,0,0,0,0,NA,0,0,NA,0,376.705,0,281.909,0,0,0,0,0
2002-05-18,0,0,0,0,0,NA,0,0,0,0,13.848,0,225.646,0,0,0,0,0
2002-05-19,0,0,0,0,0,NA,0,0,0,0,0,0,282.866,0,0,0,0,0
2002-05-20,0,0,0,0,0,NA,0,0,0,0,0,0,347.701,0,0,0,0,0
2002-05-21,0,0,0,0,0,NA,0,0,139.378,0,0,0,225.054,0,0,0,0,0
2002-05-22,0,0,0,0,0,NA,0,0,0,0,221.964,0,216.783,0,0,0,0,0
2002-05-23,0,0,0,0,0,NA,0,0,0,0,0,0,251.984,0,0,0,0,0
2002-05-24,0,0,0,0,0,NA,0,0,0,0,0,0,118.218,0,0,0,0,0
2002-05-25,0,0,0,0,0,NA,0,0,0,0,0,0,55.583,0,0,0,0,0
2002-05-26,0,0,0,0,0,NA,0,0,0,0,0,0,144.719,0,0,0,0,0
2002-05-27,9.637,0,0,0,0,NA,0,0,0,0,0,0,151.255,0,0,0,0,0
2002-05-28,92.105,0,0,0,0,NA,0,0,0,0,72.91,0,111.662,0,0,0,0,0
2002-05-29,105.003,0,0,0,0,NA,0,0,0,0,0,0,168.408,0,0,0,0,0
2002-05-30,212.616,0,0,0,0,NA,0,0,56.015,0,0,0,126.406,0,0,0,0,0
2002-05-31,43.223,161.145,0,0,0,NA,0,0,224.361,0,215.615,0,234.411,0,0,0,0,0
2002-06-01,95.236,277.367,0,0,0,NA,0,0,0,0,0,0,258.205,0,0,0,0,0
2002-06-02,121.135,253.191,0,0,0,NA,0,0,0,0,0,0,179.089,0,0,0,0,0
2002-06-03,135.15,235.546,0,0,0,NA,0,0,226.456,0,139.82,0,177.772,0,0,0,0,0
2002-06-04,151.484,236.235,0,0,0,NA,0,0,556.611,0,436.442,0,198.249,0,0,0,0,0
2002-06-05,185.357,237.522,0,0,0,NA,0,0,592.65,0,523.449,0,183.866,0,0,0,0,0
2002-06-06,105.045,203.581,0,0,0,NA,0,0,537.823,0,538.385,0,176.36,0,0,0,0,0
2002-06-07,65.438,212.926,0,0,0,NA,0,0,587.893,0,516.687,0,161.257,0,0,0,0,0
2002-06-08,0,230.388,0,0,0,NA,0,0,0,0,88.033,0,159.749,0,0,0,0,0
2002-06-09,0,224.237,0,0,0,NA,0,0,0,0,0,0,140.974,0,0,0,0,0
2002-06-10,0,88.46,0,0,0,NA,0,0,0,0,0,0,148.407,0,0,0,0,0
2002-06-11,0,0,0,0,0,NA,0,0,0,0,0,0,175.51,0,0,0,0,0
2002-06-12,0,0,0,0,0,NA,0,0,0,0,0,0,142.622,0,0,0,0,0
2002-06-13,0,0,0,0,0,NA,0,0,58.37,0,0,0,142.649,0,0,0,0,0
2002-06-14,0,0,0,0,0,NA,0,0,618.748,0,0,0,217.597,0,0,0,0,0
2002-06-15,0,0,0,0,0,NA,0,0,638.575,0,393.738,0,287.837,0,0,0,0,0
2002-06-16,0,0,0,56.74,39.93,NA,0,0,470.014,0,353.75,0,301.442,0,0,0,0,0
2002-06-17,0,0,0,75.67,58.5,NA,0,0,2002.159,0,755.639,0,366.737,0,0,0,0,0
2002-06-18,0,0,0,81.24,64.93,NA,0,0,2277.958,0,1148.602,0,297.989,0,0,0,0,0
2002-06-19,0,0,0,76.98,66.51,NA,0,0,957.61,0,461.254,0,327.389,0,0,0,0,0
2002-06-20,0,NA,0,72.75,44.9,NA,0,0,2200.983,0,902.77,0,342.138,0,0,0,0,0
2002-06-21,0,NA,0,80.97,63,NA,112.75,0,2680.088,67.487,1599.875,0,734.717,0,0,0,0,0
2002-06-22,0,NA,0,81.76,44.32,NA,263.752,0,3187.847,216.747,2140.958,0,895.847,0,0,0,0,0
2002-06-23,0,NA,0,0,0,NA,11.885,0,2591.296,0,2362.311,0,859.119,0,0,0,0,0
2002-06-24,0,NA,0,78.35,63.26,NA,126.969,0,3399.663,306.603,2315.055,0,785.648,1.044,0,0,0,0
2002-06-25,0,NA,0,111,92.92,NA,363.723,0,3745.456,985.346,2338.923,31.99,1308.142,0,0,605,0,0
2002-06-26,0,NA,0,76.9,62.86,NA,706.811,0,3384.328,622.443,2009.966,80.958,1852.045,0,0,839,0,0
2002-06-27,0,NA,0,77.19,0,NA,0,0,2387.602,58.786,2009.671,141.36,3033.188,0,0,839,0,0
2002-06-28,0,NA,0,78.34,64.7,NA,0,0,1381.61,0,2190.598,155.239,3629.136,0,0,812,383,373
2002-06-29,0,NA,0,0,0,NA,0,0,474.061,0,2504.035,212.368,4276.36,0,0,741,759,785
2002-06-30,0,NA,0,0,0,NA,0,0,1300.718,0,2183.033,192.577,4679.454,0,0,732,747,771
2002-07-01,0,NA,0,181.38,173.72,NA,0,0,2021.077,0,2154.308,172.508,4872.222,0,0,733,747,771
2002-07-02,0,NA,0,54.15,41.86,NA,0,0,2596.618,0,2190.21,156.488,4306.323,0,0,738,754,779
2002-07-03,0,NA,0,77.37,51.47,NA,0,0,1518.209,0,2257.805,122.585,5360.46,0,0,866,886,921
2002-07-04,0,NA,0,0,0,NA,0,0,1049.078,0,2138.466,132.09,5262.731,0,0,NA,NA,NA
2002-07-05,0,NA,0,87.65,46.04,NA,0,0,864.441,0,1713.475,99.798,5641.062,0,0,1028,1061,1121
2002-07-06,0,NA,0,83.11,69.67,NA,0,0,381.581,0,1392.38,188.841,5474.266,0,0,1056,1086,1138
2002-07-07,0,NA,0,0,0,NA,0,0,1399.809,0,1001.183,174.229,5978.065,0,0,1058,1102,1151
2002-07-08,0,NA,0,76.34,67.8,NA,0,0,1794.264,0,1003.703,161.57,5891.575,0,0,1047,1092,1139
2002-07-09,0,NA,0,177.29,176.18,NA,0,0,2702.847,0,1457.946,156.019,5347.066,0,0,1050,1099,1144
2002-07-10,0,NA,0,254.1,235.88,NA,0,0,2941.692,0,1885.812,173.398,4769.595,0,0,1059,1116,1156
2002-07-11,0,NA,0,117.38,112.75,NA,0,0,2482.646,0,2169.435,157.19,4262.559,0,0,1069,1128,1164
2002-07-12,138.352,NA,0,259.02,232.87,NA,0,0,2046.671,0,2579.276,122.858,5387.762,0,0,1084,1135,1167
2002-07-13,0,NA,0,245.64,233.12,NA,0,0,2600.698,0,2422.7,118.263,5549.17,0,0,1127,1166,1198
2002-07-14,0,NA,0,186.25,157.66,NA,0,0,1316.528,0,2397.72,80.486,5991.374,0,0,1125,1169,1201
2002-07-15,13.015,NA,0,110.82,100.74,NA,0,0,453.388,0,2102.334,78.553,6369.277,0,0,1119,1169,1200
2002-07-16,214.773,NA,0,107.67,89.3,NA,0,0,724.516,0,1002.245,43.666,6140.988,0,0,1109,1163,1184
2002-07-17,256.649,NA,0,67.78,67.52,NA,0,0,625.54,0,470.34,145.982,5645.324,0,0,1101,1149,1170
2002-07-18,89.676,NA,0,177.42,166.89,NA,0,0,0,0,390.259,73.313,5114.584,0,0,1087,1142,1169
2002-07-19,190.732,NA,0.009,254.53,226.99,NA,0,0,485.736,0,328.931,73.802,4754.258,0,0,1077,1139,1165
2002-07-20,291.643,NA,0,84.81,75.81,NA,0,0,0,0,0,0,4299.062,0,0,1060,1122,1146
2002-07-21,322.882,NA,0,0,0,NA,0,0,0,0,0,0,4147.597,0,0,1037,1102,1129
2002-07-22,310.508,NA,0,66.89,65.3,NA,0,0,417.726,0,30.635,0,4468.041,0,0,1022,1078,1114
2002-07-23,423.585,NA,0,38.69,70.83,NA,0,0,214.162,0,289.498,0,4794.445,0,0,1005,1060,1092
2002-07-24,423.507,NA,0,57.23,73.35,NA,0,0,0,0,0,0,4270.189,0,0,981,1043,1076
2002-07-25,422.357,NA,0,75.13,64,NA,0,0,0,0,0,0,4097.189,0,0,950,1012,1047
2002-07-26,418.925,NA,0,63.82,52.01,NA,0,0,0,0,315.126,0,4288.831,0,0,991,318,307
2002-07-27,415.988,NA,0,0,0,NA,0,0,0,0,0,0,3681.138,0,0,1099,0,0
2002-07-28,416.168,NA,0,0,0,NA,0,0,0,0,0,0,3875.167,0,0,1130,0,0
2002-07-29,414.607,NA,0,0,0,NA,0,0,580.422,0,0,69.153,3223.005,0,0,1147,0,0
2002-07-30,416.463,NA,0,0,0,NA,0,0,857.256,0,237.671,138.574,3176.017,0,0,419,0,0
2002-07-31,416.247,NA,0,0,0,NA,0,0,853.671,0,258.02,125.411,3267.877,0,0,0,0,0
2002-08-01,351.83,NA,0,0,0,NA,0,0,852.243,0,361.781,138.887,3201.297,0,0,0,0,0
2002-08-02,280.018,247.509,0,0,0,NA,0,0,845.047,0,188.018,164.265,3371,0,0,0,0,0
2002-08-03,419.861,0,0,0,0,NA,0,0,854.994,0,0,112.524,3363.78,0,0,0,0,0
2002-08-04,419.418,0,0,0,0,NA,0,0,857.96,0,0,131.573,3181.245,0,0,0,0,0
2002-08-05,429.825,0,0,77.15,69.36,NA,0,0,853.01,0,331.29,113.839,3184.635,0,0,0,0,0
2002-08-06,366.689,0,0,39.68,0,NA,0,0,855.144,0,448.036,148.926,3091.197,0,0,0,0,0
2002-08-07,364.224,0,0,39.55,0,NA,0,0,854.259,0,36.779,150.493,3053.658,0,0,0,0,0
2002-08-08,422.984,0,0,39.46,0,NA,0,0,856.543,0,831.079,91.13,3111.759,0,0,0,0,0
2002-08-09,422.612,0,0,39.49,0,NA,0,0,851.585,0,761.216,0,3047.608,0,0,0,0,0
2002-08-10,421.912,0,15.01,0,0,NA,0,0,853.53,0,129.844,0,2847.374,0,0,0,0,0
2002-08-11,421.773,0,41.854,0,0,NA,0,0,862.367,0,130.029,0,2965.996,0,0,0,0,0
2002-08-12,371.537,0,42.359,78.52,47.31,NA,0,0,858.289,0,577.564,0,2830.325,0,0,0,0,0
2002-08-13,247.566,0,80.987,38.92,0,NA,0,0,503.988,0,619.861,0,2974.366,0,0,0,0,0
2002-08-14,0,0,110.023,79.9,0,NA,0,0,1235.815,0,1372.593,0,3075.795,0,0,0,0,0
2002-08-15,113.084,0,88.9,39.5,0,NA,0,0,818.384,0,555.332,0,3322.436,0,0,0,0,0
2002-08-16,422.69,0,105.75,0,0,NA,0,0,1495.244,0,1368.814,0,3771.97,0,0,0,0,0
2002-08-17,422.099,0,58.888,0,0,NA,0,0,1540.794,0,786.544,0,4252.329,0,0,0,0,0
2002-08-18,421.448,0,67.247,0,0,NA,0,0,1376.574,0,132.829,0,5055.989,0,0,0,0,0
2002-08-19,374.138,0,78.945,78.26,44.89,NA,0,0,1614.806,0,1134.776,0,4846.738,0,0,0,0,0
2002-08-20,564.747,21.472,97.648,76.48,32.19,NA,0,0,1654.229,0,1794.77,0,4834.159,0,0,0,0,0
2002-08-21,328.859,0,78.745,76.98,23,NA,0,0,2020.177,0,1725.106,0,5119.149,0,0,0,0,0
2002-08-22,492.108,0,87.904,38.64,0,NA,0,0,2238.855,0,1807.382,0,5925.24,0,0,0,0,0
2002-08-23,410.781,0,78.981,40.27,0,NA,0,0,2684.975,0,1809.075,0,6058.47,0,0,0,0,0
2002-08-24,409.904,0,74.063,0,0,NA,0,0,2624.674,0,1890.903,0,5977.232,0,0,0,0,0
2002-08-25,411.993,0,77.239,0,0,NA,0,0,1768.357,0,2226.802,366.703,5628.014,0,0,0,0,0
2002-08-26,441.737,0,0.424,78.12,65.46,NA,0,0,1502.153,0,2368.698,194.308,5479.265,0,0,0,0,0
2002-08-27,445.536,0,0.434,77.59,67.7,NA,0,0,1300.611,0,2159.191,149.934,5263.7,0,0,0,0,0
2002-08-28,538.851,0,0.406,75.25,67.57,NA,0,0,1864.82,0,1834.545,97.012,5180.343,0,0,0,0,0
2002-08-29,330.34,0,49.337,38.83,0,NA,0,0,1594.959,0,1716.714,80.5,4868.03,0,0,0,0,0
2002-08-30,493.388,0,110.931,78,67.17,NA,0,0,2018.458,0,1253.832,95.87,5123.529,0,0,0,0,0
2002-08-31,430.449,0,106.994,0,0,NA,0,0,2494.61,0,1405.748,174.267,6625.466,0,0,0,0,0
2002-09-01,396.807,0,113.924,0,0,NA,0,0,2169.988,0,1548.401,206.867,7466.247,0,0,0,0,0
2002-09-02,505.05,0,115.096,0,0,NA,0,0,2000.236,0,1635.724,197.774,7698.803,0,0,0,0,0
2002-09-03,395.94,0,111.379,68.99,63.77,NA,0,0,1662.899,0,1907.256,238.697,7597.71,0,0,0,0,0
2002-09-04,147.39,0,134.251,37.35,0,NA,0,0,1659.145,0,2077.104,166.379,7249.542,0,0,0,0,0
2002-09-05,203.236,0,140.301,97.04,72.62,NA,0,0,1778.586,0,1717.399,166.098,7205.96,0,0,0,0,0
2002-09-06,344.327,0,141.177,0,0,NA,0,0,2403.469,0,1860.93,141.858,7385.9,0,0,0,0,0
2002-09-07,422.508,0,67.279,0,0,NA,0,0,2204.516,0,2003.179,153.616,7891.605,0,0,0,0,0
2002-09-08,422.29,0,43.182,0,0,NA,0,0,1683.185,0,1879.593,182.185,7095.812,0,0,0,0,0
2002-09-09,423.353,0,143.234,75.01,62.13,NA,0,0,1681.116,0,1604.989,171.831,7278.609,0,0,0,0,0
2002-09-10,424.441,0,145.72,0,0,NA,0,0,1683.226,0,841.605,194.578,5839.183,0,0,0,0,0
2002-09-11,329.082,0,142.021,37.01,24.92,NA,0,0,1585.136,0,798.025,195.78,6166.898,0,0,0,0,0
2002-09-12,102.805,0,152.679,37.83,46.25,NA,0,0,1639.981,0,868.451,198.705,5764.099,0,0,0,0,0
2002-09-13,427.519,0,143.028,0,0,NA,0,0,1233.671,0,900.031,203.788,5316.899,0,0,0,0,0
2002-09-14,429.488,0,100.504,0,0,NA,0,0,1516.441,0,640.673,201.894,5252.667,0,0,0,0,0
2002-09-15,427.79,0,39.445,0,0,NA,0,0,1498.163,0,598.52,198.498,4902.688,0,0,0,0,0
2002-09-16,427.694,0,40.164,0,0,NA,0,0,1464.145,0,461.604,206.097,5046.336,0,0,0,0,0
2002-09-17,430.321,0,92.134,0,0,NA,0,0,1513.01,0,820.646,204.924,5273.042,0,0,0,0,0
2002-09-18,429.474,0,116.814,0,0,NA,0,0,1477.11,0,901.858,201.807,5180.994,0,0,0,0,0
2002-09-19,429.496,0,45.729,37.96,0,NA,0,0,1513.915,0,907.481,200.502,4625.115,0,0,0,0,0
2002-09-20,428.116,0,159.888,38.91,0,NA,0,0,1471.519,0,936.293,199.04,4662.905,0,0,0,0,0
2002-09-21,455.639,0,199.042,0,0,NA,0,0,1184.593,0,905.275,194.977,4212.092,0,0,0,0,0
2002-09-22,494.194,0,177.854,0,0,NA,0,0,1296.163,0,823.85,178.215,4199.408,0,0,0,0,0
2002-09-23,423.402,0,45.621,38.89,0,NA,0,0,1266.788,0,817.166,144.109,4191.095,0,0,0,0,0
2002-09-24,421.657,0,0,38.79,0,NA,0,0,1286.722,0,385.065,196.007,3869.245,0,0,0,0,0
2002-09-25,422.823,0,0,38.84,0,NA,0,0,1461.82,0,570.644,201.686,4095.819,0,0,0,0,0
2002-09-26,545.501,0,96.314,38.59,0,NA,0,0,1478.359,0,829.306,192.946,4216.923,0,0,0,0,0
2002-09-27,571.375,0,132.038,0,0,NA,0,0,1393.898,0,742.338,167.846,4192.647,0,0,0,0,0
2002-09-28,569.784,0,126.329,0,0,NA,0,0,1474.312,0,100.865,189.57,3589.919,0,0,0,0,0
2002-09-29,571.209,0,122.464,0,0,NA,0,0,1470.107,0,207.892,210.617,3364.672,0,0,0,0,0
2002-09-30,570.248,0,88.177,0,0,NA,0,0,1580.708,0,941.31,156.902,3368.91,0,0,0,0,0
2002-10-01,139.424,0,98.684,0,0,NA,0,0,1487.279,0,865.949,154.715,3187.789,0,0,0,0,0
2002-10-02,0,0,101.756,0,0,NA,0,0,1523.686,0,873.759,150,2762.342,0,0,0,0,0
2002-10-03,0,0,47.458,0,0,NA,0,0,451.007,0,799.75,166.45,3015.22,0,0,0,0,0
2002-10-04,0,0,0,0,0,NA,0,0,0,0,0,209.39,2512.174,0,0,0,0,0
2002-10-05,0,0,0,0,0,NA,0,0,0,0,0,208.2,2212.051,0,0,0,0,0
2002-10-06,0,0,0,0,0,NA,0,0,0,0,1.521,204.812,2248.662,0,0,0,0,0
2002-10-07,0,0,117.458,0,0,NA,0,0,1133.14,0,681.517,55.761,2071.904,0,0,0,0,0
2002-10-08,138.013,0,166.174,0,0,NA,0,0,1678.797,0,755.477,0,1877.099,0,0,0,0,0
2002-10-09,58.523,0,167.065,0,0,NA,0,0,1618.493,0,867.991,0,2082.552,0,0,0,0,0
2002-10-10,53.178,0,169.228,0,0,NA,0,0,1168.371,0,1441.928,0,1721.694,0,0,0,0,0
2002-10-11,161.201,81.949,169.187,0,0,NA,0,0,1652.088,0,1365.217,0,1664.275,0,0,0,0,0
2002-10-12,162.488,190.156,159.322,0,0,NA,0,0,1578.318,0,1376.031,0,1404.579,0,0,0,0,0
2002-10-13,124.596,183.744,131.421,0,0,NA,0,0,1662.071,0,1174.052,0,1459.762,0,0,0,0,0
2002-10-14,12.507,177.894,0,0,0,NA,0,0,1410.705,0,2011.408,195.984,1788.99,0,0,0,0,0
2002-10-15,0,74.153,45.27,0,0,NA,0,0,810.611,0,2153.792,332.881,1375.782,0,0,0,0,0
2002-10-16,90.96,0,0,0,0,NA,0,0,1242.75,0,1571.515,195.81,1577.8,0,0,0,0,0
2002-10-17,151.938,0,123.801,0,0,NA,0,0,1599.529,0,1542.693,134.228,1813.104,0,0,0,0,0
2002-10-18,215.744,0,156.982,0,0,NA,0,0,1613.037,0,1456.087,175.216,1315.697,0,0,0,0,0
2002-10-19,35.573,0,155.192,0,0,NA,0,0,1621.541,0,1481.317,158.932,989.398,0,0,0,0,0
2002-10-20,79.425,0,155.277,0,0,NA,0,0,1542.612,0,1411.014,161.075,1063.157,0,0,0,0,0
2002-10-21,83.186,0,162.045,0,0,NA,0,0,1644.626,0,1409.898,126.44,1323.553,0,0,0,0,0
2002-10-22,152.339,0,165.562,0,0,NA,0,0,1685.618,0,1351.896,152.875,1144.286,0,0,0,0,0
2002-10-23,105.434,0,167.769,0,0,NA,0,0,1618.055,0,1137.099,158.71,1077.741,0,0,0,0,0
2002-10-24,257.628,0,162.136,0,0,NA,0,0,1180.556,0,1308.208,199.869,1226.418,0,0,0,0,0
2002-10-25,81.614,0,164.468,0,0,NA,0,0,870.95,0,1468.134,169.823,1008.076,0,0,0,0,0
2002-10-26,68.059,0,168.133,0,0,NA,0,0,1426.613,0,1149.826,176.245,1310.656,0,0,0,0,0
2002-10-27,125.233,0,170.128,0,0,NA,0,0,967.863,0,1178.778,178.691,922.023,0,0,0,0,0
2002-10-28,136.909,0,171.352,0,0,NA,0,0,1429.716,0,1103.473,175.755,1200.646,0,0,0,0,0
2002-10-29,304.348,0,170.681,0,0,NA,0,0,1115.711,0,889.241,141.904,1251.437,0,0,0,0,0
2002-10-30,298.875,0,166.956,0,0,NA,0,0,868.22,0,1266.262,141.712,891.701,0,0,0,0,0
2002-10-31,161.881,0,166.699,0,0,NA,0,0,878.341,0,1085.034,148.379,838.881,0,0,0,0,0
2002-11-01,178.583,0,169.422,0,0,NA,0,0,645.906,0,1042.129,178.653,1048.542,0,0,0,0,0
2002-11-02,61.141,0,166.2,0,0,NA,0,0,801.037,0,67.671,171.291,803.643,0,0,0,0,0
2002-11-03,52.954,0,163.888,0,0,NA,0,0,815.558,0,0,202.244,875.436,0,0,0,0,0
2002-11-04,124.481,0,164.181,0,0,NA,0,0,764.99,0,1096.047,135.2,643.859,0,0,0,0,0
2002-11-05,124.282,0,167.99,0,0,NA,0,0,798.905,0,1009.979,96.889,603.553,0,0,0,0,0
2002-11-06,124.459,0,166.9,0,0,NA,0,0,797.973,0,928.397,143.01,904.039,0,0,0,0,0
2002-11-07,176.479,0,163.38,0,0,NA,0,0,808.08,0,654.93,177.517,747.495,0,0,0,0,0
2002-11-08,156.483,0,164.004,0,0,NA,0,0,51.369,0,246.242,66.397,511.02,0,0,0,0,0
2002-11-09,55.811,0,164.07,0,0,NA,0,0,0,0,0,0,693.861,0,0,0,0,0
2002-11-10,124.449,0,159.736,0,0,NA,0,0,0,0,29.386,0,464.678,0,0,0,0,0
2002-11-11,88.295,0,156.985,0,0,NA,0,0,0,0,0,0,603.258,0,0,0,0,0
2002-11-12,189.064,0,157.195,0,0,NA,0,0,0,0,24.559,0,408.616,0,0,0,0,0
2002-11-13,148.621,0,149.901,0,0,NA,0,0,50.202,0,0,0,536.858,0,0,0,0,0
2002-11-14,166.052,0,151.338,0,0,NA,0,0.28,0,0,0,0,380.925,0,0,0,0,0
2002-11-15,45.478,0,52.101,0,0,NA,0,0,63.546,0,37.042,0,598.213,0,0,0,0,0
2002-11-16,2.234,0,0,0,0,NA,0,0,0.003,0,0,0,1198.873,0,0,0,0,0
2002-11-17,18.314,0,0,0,0,NA,0,0,2948.306,0,122.794,211.775,1205.678,0,0,0,0,0
2002-11-18,109.365,0,84.379,0,0,NA,0,284.713,1012.322,0,747.675,310.702,846.675,0,0,0,0,0
2002-11-19,0,0,167.449,0,0,NA,0,133.254,265.867,0,779.743,352.363,912.196,0,0,0,0,0
2002-11-20,0,0,149.13,0,0,NA,0,0,0,0,207.968,332.335,735.817,0,0,0,0,0
2002-11-21,0,0,0,0,0,NA,0,0,1328.676,0,836.888,321.299,885.087,0,0,0,0,0
2002-11-22,0,0,66.396,0,0,NA,0,265.95,747.304,0,938.543,316.405,827.188,0,0,0,0,0
2002-11-23,0,0,178.94,0,0,NA,0,180.49,809.775,0,828.174,298.789,861.995,0,0,0,0,0
2002-11-24,0,0,175.636,0,0,NA,0,119.378,819.861,0,207.82,310.208,797.505,0,0,0,0,0
2002-11-25,0,0,169.744,0,0,NA,0,182.592,803.417,0,838.569,261.567,643.528,0,0,0,0,0
2002-11-26,46.869,0,171.953,0,0,NA,0,103.204,771.242,0,829.388,235.959,610.579,0,0,0,0,0
2002-11-27,66.313,0,176.06,0,0,NA,0,0,802.329,0,811.089,202.585,600.526,0,0,0,0,0
2002-11-28,13.037,0,175.955,0,0,NA,0,0,0,0,207.803,249.579,635.776,0,0,0,0,0
2002-11-29,123.661,0,174.682,0,0,NA,0,0,802.014,0,7.145,231.756,715.019,0,0,0,0,0
2002-11-30,69.997,0,174.69,0,0,NA,0,0,768.519,0,0,241.392,535.593,0,0,0,0,0
2002-12-01,103.186,0,172.257,0,0,NA,0,0,769.693,0,0,251,650.371,0,0,0,0,0
2002-12-02,103.622,0,171.551,0,0,NA,0,0,104.929,0,741.246,258.777,808.445,0,0,0,0,0
2002-12-03,132.006,0,172.481,0,0,NA,0,0,674.129,0,687.719,222.545,711.477,0,0,0,0,0
2002-12-04,132.143,0,170.195,0,0,NA,0,0,662.902,0,740.396,203.519,617.082,0,0,0,0,0
2002-12-05,103.8,0,165.919,0,0,NA,0,118.987,0,0,704.276,216.712,721.904,0,0.431,0,0,0
2002-12-06,55.96,0,0,0,0,NA,0,233.175,532.981,0,654.513,181.491,863.504,0,0,0,0,0
2002-12-07,106.182,0,112.153,0,0,NA,0,75.958,550.007,0,207.039,186.857,807.489,0,0,0,0,0
2002-12-08,62.461,0,175.923,0,0,NA,0,21.85,550.503,0,208.063,204.745,636.254,0,0,0,0,0
2002-12-09,46.186,0,59.382,0,0,NA,0,0,1459.667,0,977.357,212.304,736.279,0,0,0,0,0
2002-12-10,231.988,0,0,76.53,53.92,NA,0,0,1890.69,0,975.358,244.137,2318.525,0,0,0,0,0
2002-12-11,581.199,0,0,0,0,NA,0,0,1706.173,0,1053.405,363.998,2544.524,0,0,0,0,0
2002-12-12,567.706,0,0,0,0,NA,0,0,1423.408,0,1573.956,397.743,3354.99,0,0,0,0,0
2002-12-13,563.426,156.954,0,76.46,67.03,NA,0,0,1636.514,0,1238.508,385.02,5938.079,0,0,0,0,0
2002-12-14,567.847,300.848,0,0,0,NA,0,0,1897.502,0,150.275,355.38,5890.492,0,0,0,0,0
2002-12-15,571.635,300.232,135.263,0,0,NA,0,0,1677.626,0,0,419.805,5851.067,0,0,0,0,0
2002-12-16,571.759,137.273,184.302,0,0,NA,0,0,1519.721,0,1933.094,316.294,5760.348,0,0,0,0,0
2002-12-17,628.516,0,179.557,0,0,NA,0,0,1585.036,0,1809.32,311.439,5560.049,0,0,0,0,0
2002-12-18,729.068,0,65.04,0,0,NA,0,80.511,1522.599,0,1086.023,410.681,5545.301,0,0,0,0,0
2002-12-19,731.105,0,0,0,0,NA,0,45.558,1483.671,0,1154.805,361.461,4998.948,0,0,0,0,0
2002-12-20,660.972,0,76.682,0,0,NA,0,36.034,1761.967,0,1290.28,405.048,5282.806,0,0,0,0,0
2002-12-21,581.82,0,185.915,0,0,NA,0,0,1933.44,0,1372.13,392.554,4899.27,0,0,0,0,0
2002-12-22,711.933,0,191.913,0,0,NA,0,0,1544.935,0,1399.515,390.307,5024.326,0,0,0,0,0
2002-12-23,725.762,0,187.262,0,0,NA,0,0,1455.946,0,1922.933,344.081,4879.237,0,0,0,0,0
2002-12-24,722.944,0,61.14,0,0,NA,0,28.853,1111.46,0,2288.599,164.519,4758.451,0,0,0,0,0
2002-12-25,704.339,0,110.042,0,0,NA,0,0.809,159.458,0,207.434,256.043,5470.408,0,0,0,0,0
2002-12-26,741.549,74.823,191.764,0,0,NA,0,0,1326.384,0,1046.072,173.391,5241.66,0,0,0,0,0
2002-12-27,783.172,76.991,187.19,0,0,NA,0,0,1484.679,0,951.681,226.468,5179.196,0,0,0,0,0
2002-12-28,737.955,0,183.559,0,0,NA,0,0,1297.657,0,761.345,290.178,5636.382,0,0,0,0,0
2002-12-29,736.822,0,182.379,0,0,NA,0,0,1479.562,0,207.783,348.344,5897.881,0,0,0,0,0
2002-12-30,736.06,0,181.116,0,0,NA,0,51.531,1502.516,0,931.672,306.219,6177.425,0,0,0,0,0
2002-12-31,733.158,50.085,115.618,0,0,NA,0,0,1111.345,0,1193.248,347.015,6470.829,0,0,0,0,0
2003-01-01,732.879,89.598,112.662,0,0,NA,0,0,0,0,207.771,394.161,7875.311,0,0,0,0,0
2003-01-02,737.983,30.64,180.202,0,0,NA,0,0,1450.111,0,1008.744,270.493,8078.245,0,0,0,0,0
2003-01-03,736.884,0,126.836,0,0,NA,0,0,1570.764,0,1029.39,297.113,8575.117,0,0,0,0,0
2003-01-04,740.745,0,183.733,0,0,NA,0,0,1352.132,0,1045.632,376.711,9580.835,0,0,0,0,0
2003-01-05,741.297,0,183.061,0,0,NA,0,0,1484.821,0,1041.759,363.397,10348.658,0,0,0,0,0
2003-01-06,740.705,52.963,181.967,0,0,NA,0,0,1338.776,0,1033.913,290.454,10611.792,0,0,0,0,0
2003-01-07,739.858,144.459,174.912,0,0,NA,0,0,1243.512,0,1039.236,372.449,10992.628,0,0,0,0,562
2003-01-08,738.517,72.92,168.389,0,0,NA,0,0,920.508,0,1148.515,332.558,11344.66,0,0,0,0,910
2003-01-09,737.133,0,172.711,0,0,NA,0,0,1399.5,0,79.675,272.566,11254.732,0,0,0,0,912
2003-01-10,735.864,0,173.755,0,0,NA,0,121.222,1062.473,0,701.185,278.901,10981.909,0,0,0,0,908
2003-01-11,736.629,0,172.863,0,0,NA,0,155.017,942.315,0,207.798,314.534,11093.073,0,0,0,0,912
2003-01-12,736.157,0,170.974,0,0,NA,0,4.814,1455.607,0,0,385.091,10671.036,0,0,0,0,912
2003-01-13,740.329,0,170.3,0,0,NA,0,103.259,1474.01,0,1132.154,398.662,10438.762,0,0,0,0,907
2003-01-14,654.994,0,20.539,0,0,NA,0,127.953,1468.484,0,1207.28,348.583,10177.117,0,0,0,0,910
2003-01-15,774.023,47.062,117.167,0,0,NA,0,176.226,1165.182,0,1222.921,403.817,9506.669,0,0,0,0,910
2003-01-16,727.798,216.985,170.423,0,0,NA,0,0,1074.023,0,1135.224,397.963,8166.682,0,0,0,0,908
2003-01-17,711.364,108.789,159.645,0,0,NA,0,0,869.47,0,1095.122,378.417,7644.986,0,0,0,0,905
2003-01-18,567.041,0,148.053,0,0,NA,0,0,865.11,0,1011.183,317.429,6261.911,0,0,0,0,908
2003-01-19,568.726,0,152.457,0,0,NA,0,0,866.924,0,207.687,296.955,6020.048,0,0,0,0,904
2003-01-20,576.478,0,154.496,0,0,NA,0,184.538,870.838,0,989.837,271.389,4912.343,0,0,0,0,899
2003-01-21,578.3,0,153.825,0,0,NA,0,281.114,882.793,0,992.831,277.74,5291.915,0,0,0,0,895
2003-01-22,577.886,0,150.913,0,0,NA,0,267.943,672.578,0,988.48,264.492,4430.895,0,0,0,0,892
2003-01-23,584.233,0,149.789,0,0,NA,0,84.447,0,0,207.969,278.762,4620.907,0,0,0,0,897
2003-01-24,522.331,0,134.419,0,0,NA,0,0,0,0,158.804,260.308,3718.585,0,0,0,0,908
2003-01-25,522.526,0,116.885,0,0,NA,0,0,1234.897,0,19.274,220.54,3454.887,0,0,0,0,900
2003-01-26,609.41,0,121.444,0,0,NA,0,0,1650.868,0,0,196.04,3627.575,0,0,0,0,892
2003-01-27,534.721,0,131.704,0,0,NA,0,199.117,1241.626,0,284.539,357.663,2637.27,0,0,0,0,890
2003-01-28,604.733,0,138.06,0,0,NA,0,21.158,824.225,0,311.798,352.941,2811.753,0,0,0,0,885
2003-01-29,690.802,0,138.768,0,0,NA,0,0,848.002,0,496.743,342.466,2397.995,0,0,0,0,880
2003-01-30,606.477,0,135.804,0,0,NA,0,0,844.594,0,395.773,343.496,2154.651,0,0,0,0,878
2003-01-31,606.137,0,137.276,0,0,NA,0,0,625.184,0,503.795,335.803,1845.254,0,0,0,0,873
2003-02-01,605.935,0,142.905,0,0,NA,0,176.649,419.038,0,208.169,278.701,1711.53,0,0,0,0,871
2003-02-02,607.878,0,142.971,0,0,NA,0,0,412.301,0,208.237,284.652,1658.641,0,0,0,0,865
2003-02-03,606.902,0,142.979,0,0,NA,0,0,428.765,0,394.313,231.413,1347.437,0,0,0,0,858
2003-02-04,605.065,0,141.977,0,0,NA,0,0,0,0,126.779,286.551,1362.204,0,0,0,0,1101
2003-02-05,606.5,0,135.348,0,0,NA,0,0,325.721,0,691.917,280.768,1599.633,0,0,0,0,775
2003-02-06,606.71,0,133.32,0,0,NA,0,0,266.62,0,655.5,273.819,1329.116,0,0,0,0,454
2003-02-07,605.09,0,132.361,0,0,NA,0,0,429.471,0,705.388,248.188,1186.39,0,0,0,0,454
2003-02-08,606.72,0,130.638,0,0,NA,0,0,410.546,0,207.497,197.162,1106.742,0,0,0,0,455
2003-02-09,605.612,0,132.585,0,0,NA,0,0,418.471,0,208.252,212.865,1009.418,0,0,0,0,452
2003-02-10,604.934,0,129.911,0,0,NA,0,0,407.591,0,648.269,237.921,920.524,0,0,0,0,449
2003-02-11,604.665,0,132.234,0,0,NA,0,0,0,0,484.748,252.368,748.799,0,0,0,0,440
2003-02-12,602.624,0,130.961,0,0,NA,0,0,412.178,0,21.552,200.021,814.34,0,0,0,0,431
2003-02-13,435.815,0,122.588,0,0,NA,0,0,415.302,0,0,84.582,747.311,0,0,0,0,433
2003-02-14,197.739,0,117.085,0,0,NA,0,46.432,421.068,0,5.141,0,629.069,0,0,0,0,435
2003-02-15,120.863,0,111.366,0,0,NA,0,158.446,0,0,17.987,0,478.048,0,0,0,0,438
2003-02-16,114.26,0,87.441,0,0,NA,0,147.587,0,0,11.69,0,421.711,0,0,0,0,436
2003-02-17,142.662,0,0.378,0,0,NA,0,296.964,0,0,24.906,0,539.32,0,0,0,0,438
2003-02-18,187.927,0,79.016,0,0,NA,0,36.759,0,0,448.78,0,622.642,0,0,0,0,172
2003-02-19,213.144,0,113.36,0,0,NA,0,0,3.105,0,733.561,0,446.884,0,0,0,0,0
2003-02-20,0,0,27.792,0,0,NA,0,0,153.641,0,730.609,0,611.968,0,0,0,0,0
2003-02-21,0,0,0,0,0,NA,39.899,0,272.559,0,488.199,103.539,595.594,0,0,0,0,0
2003-02-22,0,0,0,0,0,NA,0,0,971.02,0,316.931,198.393,375.918,0,0,0,0,0
2003-02-23,0,0,0,0,0,NA,0,0,702.884,0,367.065,198.613,904.395,0,0,0,0,0
2003-02-24,0,0,83.7,0,0,NA,0,11.404,0,0,208.579,60.405,793.49,0,0,0,0,0
2003-02-25,0,0,124.777,0,0,NA,0,0,0,0,208.573,0,348.519,0,0,0,0,0
2003-02-26,0,0,113.955,0,0,NA,0,0,0,0,208.575,0,640.225,0,0,0,0,0
2003-02-27,0,0,113.047,0,0,NA,0,0,0,0,207.473,0,618.483,0,0,0,0,0
2003-02-28,0,0,112.166,0,0,NA,0,0,0,0,207.74,0,357.511,0,0,0,0,0
2003-03-01,0,0,114.541,0,0,NA,0,0,0,0,208.457,0,501.012,0,0,0,0,0
2003-03-02,0,0,109.339,0,0,NA,0,0,0,0,208.452,0,494.952,0,0,0,0,0
2003-03-03,0,0,107.821,0,0,NA,0,0,63.076,0,208.544,0,384.322,0,0,0,0,0
2003-03-04,0,0,105.895,0,0,NA,0,0,0,0,208.423,0,222.954,0,0,0,0,0
2003-03-05,0,0,107.248,0,0,NA,0,0,473.982,0,73.298,0,267.997,0,0,0,0,0
2003-03-06,0,0,106.559,0,0,NA,0,0,263.628,0,24.582,0,537.723,0,0,0,0,0
2003-03-07,0,0,105.979,0,0,NA,0,0,112.597,0,5.606,0,370.645,0,0,0,0,0
2003-03-08,76.612,0,103.723,0,0,NA,0,0,0,0,13.907,0,288.117,0,0,0,0,0
2003-03-09,12.749,0,109.039,0,0,NA,0,0,0,0,13.823,0,295.364,0,0,0,0,0
2003-03-10,76.033,0,120.949,0,0,NA,0,0,485.958,0,8.374,0,291.934,0,0,0,0,0
2003-03-11,59.648,0,118.442,0,0,NA,0,0,14.614,0.035,21.443,0,88.931,0,0,0,0,0
2003-03-12,51.206,0,120.637,0,0,NA,0,0,0,0,0,0,647.864,0,0,0,0,0
2003-03-13,40.516,0,102.03,0,0,NA,0,0,399.722,0,8.343,0.153,257.213,0,0,0,0,0
2003-03-14,0,0,0,0,0,NA,0,0,0,0.321,23.018,0,428.902,0,0,0,0,0
2003-03-15,0,0,0.817,0,0,NA,0,0,0,0,0,0,471.332,0,0,0,0,0
2003-03-16,0,0,25.64,0,0,NA,0,0,0,0,13.463,0,216.05,0,0,0,0,0
2003-03-17,0,0,0,0,0,NA,106.888,0,1920.384,90.114,597.551,75.407,978.005,0,0,0,0,0
2003-03-18,118.142,0,0,0,0,NA,112.454,0,2060.386,19.414,651.609,25.348,726.867,0,0,0,0,0
2003-03-19,406.899,0,0,0,0,NA,0,0,961.665,0,617.802,222.459,980.77,0,0,0,0,0
2003-03-20,591.63,0,73.909,0,0,NA,0,0,481.479,0,1046.145,239.63,955.083,0,0,0,0,0
2003-03-21,553.239,0,100.29,0,0,NA,0,0,803.017,0,632.233,230.273,801.673,0,0,0,0,0
2003-03-22,554.019,0,34.498,0,0,NA,0,0,646.052,0,560.513,287.851,1136.383,0,0,0,0,0
2003-03-23,553.732,0,0,0,0,NA,0,0,453.391,0,638.556,256.034,1852.467,0,0,0,0,0
2003-03-24,553.05,0,0,80.98,49.83,NA,0,0,463.332,0,575.972,254.745,2555.124,0,0,0,0,0
2003-03-25,556.03,0,74.816,0,0,NA,0,0,0,0,445.12,124.302,2292.715,0,0,0,0,0
2003-03-26,555.198,0,48.356,0,4.6,NA,0,0,0,0,0,173.464,2532.75,0,0,0,0,0
2003-03-27,554.208,0,0,80.23,47.67,NA,0,0,782.777,0,327.28,153.469,3360.731,0,0,0,0,0
2003-03-28,554.375,0,0,76.4,46.55,NA,0,0,2518.66,494.139,809.649,142.241,2971.738,0,0,0,0,0
2003-03-29,556.2,0,0,0,0,NA,0,0,772.096,0,674.649,242.773,2963.747,0,0,0,0,0
2003-03-30,557.208,0,57.745,0,0,NA,0,0,539.457,0,509.484,285.975,3090.17,0,0,0,0,0
2003-03-31,611.573,0,84.446,0,0,NA,0,0,512.034,0,522.399,249.212,2954.031,0,0,0,0,0
2003-04-01,641.83,0,108.705,0,0,NA,0,0,0,0,459.236,118.866,2343.864,0,0,0,0,0
2003-04-02,683.425,0,95.714,0,0,NA,0,0,0,0,22.532,0,2173.352,0,0,0,0,0
2003-04-03,683.279,0,87.492,0,0,NA,0,0,0,0,4.011,0,2905.154,0,0,0,0,0
2003-04-04,682.378,0,88.317,0,0,NA,0,0,148.593,0,32.991,0,2956.078,0,0,0,0,0
2003-04-05,681.286,0,85.748,0,0,NA,0,0,0,0,0,0,2703.496,0,0,0,0,0
2003-04-06,679.65,0,75.959,0,0,NA,0,0,0,0,28.81,0,2492.043,0,0,0,0,0
2003-04-07,678.624,0,69.433,0,0,NA,0,0,398.344,0,9.091,0,2532.567,0,0,0,0,0
2003-04-08,677.199,0,69.406,0,0,NA,0,0,0,0,21.537,0,2609.882,0,0,0,0,0
2003-04-09,676.759,0,57.908,0,0,NA,0.132,0,173.925,0,0,0,2569.898,0,0,0,0,0
2003-04-10,677.156,0,63.467,0,5.89,NA,0,0,223.16,0,8.626,0,2732.982,0,0,0,0,0
2003-04-11,677.268,0,71.871,0,0,NA,0,0,0,0,0,0,2491.152,0,0,0,0,0
2003-04-12,301.574,0,63.589,0,0,NA,0,0,0,0,0,0,2006.957,0,0,0,0,0
2003-04-13,30.114,0,56.637,0,0,NA,0,0,0,0,0,0,2172.842,0,0,0,0,0
2003-04-14,92.392,0,51.28,0,0,NA,0,0,275.809,0,22.901,0,2330.914,0,0,0,0,0
2003-04-15,39.181,0,14.712,0,0,NA,0,0,266.21,0,0,0,2304.553,0,0,0,0,0
2003-04-16,65.803,0,0,0,0,NA,0,0,269.962,0,0,0,2202.704,0,0,0,0,0
2003-04-17,83.638,0,0,0,0,NA,0,0,533.895,0,0,0,2127.115,0,0,0,0,0
2003-04-18,88.327,0,0,0,0,NA,0,0,206.344,0,0,0,2132.495,0,0,0,0,0
2003-04-19,0,0,0,0,0,NA,0,0,0,0,0,0,2139.53,0,0,0,0,0
2003-04-20,0,0,0,0,0,NA,0,0,544.093,0,23.787,0,1936.512,0,0,0,0,0
2003-04-21,97.051,0,0,0,0,NA,0,0,180.903,0,0,0.313,1609.689,0,0,0,0,0
2003-04-22,150.808,0,0,0,0,NA,0,0,267.223,0,0,0,1949.828,0,0,0,0,0
2003-04-23,225.87,0,0,0,0,NA,0,0,261.37,0,28.725,0,2099.519,0,0,0,0,0
2003-04-24,230.12,0,0,0,0,NA,0,0,290.738,0,0,0,1646.052,0,0,0,0,0
2003-04-25,188.59,0,0,0,0,NA,0,0,258.415,0,0,0,1251.055,0,0,0,0,0
2003-04-26,21.073,0,0,0,0,NA,0,0,1599.85,0,0,143.554,2044.338,0,0,0,0,0
2003-04-27,0,0,0,0,0,NA,0,0,445.707,0,0,303.539,1789.781,0,0,0,0,0
2003-04-28,146.332,0,0,0,0,NA,0,0,889.161,0,333.453,304.786,1288.761,0,0,0,0,0
2003-04-29,308.829,0,0,81.76,64.34,NA,551.745,0,2743.331,663.567,1282.107,293.453,1314.446,0,0,0,0,0
2003-04-30,118.841,0,0,36.08,33.31,NA,0,0,1609.367,0,1356.978,152.7,1455.848,0,0,0,0,0
2003-05-01,98.288,0,0,0,0,NA,0,0,490.466,0,748.149,174.862,1305.221,0,0,0,0,0
2003-05-02,456.472,0,48.722,0,0,NA,0,0,520.49,0,474.452,301.354,1424.853,0,0,0,0,0
2003-05-03,402.487,0,82.375,0,0,NA,0,0,499.588,0,208.568,302.387,1250.11,0,0,0,0,0
2003-05-04,403.406,0,78.339,0,0,NA,0,0,0,0,208.654,299.514,1041.434,0,0,0,0,0
2003-05-05,402.654,0,71.876,0,0,NA,0,0,0,0,208.695,293.239,1365.934,0,0,0,0,0
2003-05-06,460.102,0,74.364,0,0,NA,0,0,351.1,0,101.065,128.836,1196.522,0,0,0,0,0
2003-05-07,404.135,0,21.042,0,0,NA,0,0,529.683,0,0,0,997.57,0,0,0,0,0
2003-05-08,539.273,0,0,0,0,NA,0,0,285.108,0,0,0,1249.37,0,0,0,0,0
2003-05-09,310.27,0,0,0,0,NA,0,0,385.759,0,40.713,0,1285.996,0,0,0,0,0
2003-05-10,50.513,0,0,0,0,NA,0,0,533.567,0,0,0,1041.755,0,0,0,0,0
2003-05-11,5.102,0,0,0,0,NA,0,0,0,0,0,0,1005.191,0,0,0,0,0
2003-05-12,85.23,0,0,0,0,NA,0,0,440.23,0,0,0,897.096,0,0,0,0,0
2003-05-13,64.184,0,0,0,0,NA,1.666,0,121.858,1.928,0,0,891.301,0,0,0,0,0
2003-05-14,158.329,0,0,0,0,NA,0,0,356.962,0,0,0.156,859.698,0,0,0,0,0
2003-05-15,172.575,0,0,0,0,NA,0,0,449.335,0,0,0,809.664,0,0,0,0,0
2003-05-16,132.269,0,0,0,0,NA,0,0,162.019,0,0,0,700.348,0,0,0,0,0
2003-05-17,59.13,0,0,0,0,NA,0,0,0,0,0,0,702.773,0,0,0,0,0
2003-05-18,25.156,0,0,0,0,NA,0,0,0,0,0,0,683.251,0,0,0,0,0
2003-05-19,134.064,0,0,0,0,NA,0,0,0,0,0,0,605.428,0,0,0,0,0
2003-05-20,92.41,0,0,0,0,NA,5.061,0,0,24.106,0,0,1050.622,0,0,0,0,0
2003-05-21,90.921,0,0,0,0,NA,0,0,0,0,0,0,679.728,0,0,0,0,0
2003-05-22,0,0,0,0,0,NA,0,0,0,0,0,0,431.553,0,0,0,0,0
2003-05-23,0,0,0,0,0,NA,0,0,0,0,0,0,705.517,0,0,0,0,0
2003-05-24,0,0,0,0,0,NA,0,0,0,0,0,0,852.9,0,0,0,0,0
2003-05-25,0,0,0,0,0,NA,0,0,716.564,0,0,0,586.113,0,0,0,0,0
2003-05-26,0,0,0,0,0,NA,0,0,144.697,0,0,66.26,432.381,0,0,0,0,0
2003-05-27,0,0,0,56.47,167.38,NA,0,0,607.192,0,0,225.041,839.888,0,0,0,0,0
2003-05-28,0,0,0,137.09,102.91,NA,421.166,0,2363.692,318.048,562.132,282.217,1021.444,0,0,379,269,426
2003-05-29,0,0,0,11.8,16.57,NA,575.811,0,2430.405,264.25,766.19,258.084,773.65,0,0,626,650,792
2003-05-30,179.972,0,0,0,0,NA,0,0,941.605,71.511,1181.793,287.908,523.297,0,0,853,883,933
2003-05-31,378.9,0,0,0,0,NA,0,0,790.721,0,663.962,291.721,427.871,0,0,889,878,942
2003-06-01,397.166,0,0,0,0,NA,0,0,137.586,0,454.468,300.816,436.877,0,0,745,762,805
2003-06-02,296.199,0,0,79.75,67.16,NA,0,0,0,0,0,306.341,427.54,0,0,554,620,679
2003-06-03,328.648,0,0,40.12,0,NA,0,0,376.179,0,371.043,294.534,625.056,0,0,440,184,194
2003-06-04,292.026,0,0,40.67,63.69,NA,0,0,1001.981,0,224.649,68.332,501.857,0,0,491,0,0
2003-06-05,446.645,0,0,0,3.64,NA,0,0,716.755,0,424.05,269.482,429.231,0,0,538,0,0
2003-06-06,395.972,0,0,156.07,131.68,NA,0,0,440.334,0,522.914,293.086,580.342,0,0,180,0,0
2003-06-07,428.803,0,0,60.53,54.74,NA,0,69.507,488.426,0,384.974,152.643,349.089,0,0,0,0,0
2003-06-08,521.01,0,0,0,0,NA,0,0,753.555,0,394.944,223.356,487.514,0,0,0,0,0
2003-06-09,201.382,0,0,0,53.9,NA,0,0,1426.688,0,777.354,223.215,764.206,0,0,0,0,0
2003-06-10,101.187,0,0,82.1,68.15,NA,0,0,442.567,0,374.286,156.927,610.558,0,0,0,0,0
2003-06-11,188.855,0,0,77.62,67.39,NA,0,0,550.631,0,448.072,293.694,640.879,0,0,0,0,0
2003-06-12,410.403,0,0,71.87,68.1,NA,0,0,389.973,0,318.404,247.263,604.057,0,0,0,0,0
2003-06-13,316.229,0,0,126.21,23.64,NA,0,0,394.265,0,442.466,177.049,217.949,0,0,249,0,0
2003-06-14,558.84,0,0,0,0,NA,0,0,297.88,0,386.242,141.41,512.141,0,0,400,0,0
2003-06-15,471.032,0,0,0,0,NA,0,0,0,0,0,252.897,424.92,0,0,388,0,0
2003-06-16,391.059,0,0,0,0,NA,0,0,14.804,0,1162.295,175.71,693.68,0,0,380,0,0
2003-06-17,543.883,0,0,0,0,NA,0,0,399.322,0,0,165.174,411.639,0,0,104,0,0
2003-06-18,591.107,0,0,77.96,67.2,NA,0,0,151.97,0,0,210.09,252.603,0,0,0,0,0
2003-06-19,556.631,0,0,81.39,71.32,NA,0,0,1623.172,0,348.358,103.759,832.214,0,0,0,0,0
2003-06-20,559.565,0,0,78.34,0,NA,0,0.573,476.166,0,259.174,259.253,1377.647,0,0,0,0,0
2003-06-21,490.153,0,0,0,50.93,NA,0,0,1756.222,0,718.057,235.486,1177.77,0,0,0,0,0
2003-06-22,236.438,0,0,0,0,NA,88.927,0,1826.847,138.798,723.371,295.524,1347.107,0,0,0,0,0
2003-06-23,0,0,0,0,0,NA,225.601,0,2131.444,333.673,1409.481,296.821,1544.951,0,0,0,0,0
2003-06-24,346.326,0,0,0,0,NA,0,0,1428.86,0,1620.431,234.374,1586.704,0,0,0,0,0
2003-06-25,497.424,0,0,55.3,44.92,NA,0,0,496.533,0,1081.352,181.515,1372.855,0,0,0,0,0
2003-06-26,549.792,0,0,78.46,67.77,NA,0,0,521.401,0,833.29,251.948,1520.673,0,0,0,0,0
2003-06-27,517.342,0,0,73.74,69.58,NA,0,0,326.452,0,370.178,259.777,1119.026,0,0,0,0,0
2003-06-28,479.1,0,0,77.92,74.6,NA,0,0,0,0,382.326,177.617,1040.167,0,0,0,0,0
2003-06-29,549.919,0,0,0,0,NA,0,0,0,0,0,216.776,1294.492,0,0,0,0,0
2003-06-30,471.1,0,40.12,0,0,NA,0,0,0,0,0,159.583,1005.527,0,0,0,0,0
2003-07-01,516.404,0,118.867,0,0,NA,0,0,0,0,0,118.923,866.981,0,0,314,0,0
2003-07-02,418.764,0,97.16,0,0,NA,0,0.036,0,0,0,0,1197.992,0,0,410,0,0
2003-07-03,555.452,0,77.714,0,0,NA,0,0,718.62,0,0,30.059,1207.924,0,0,128,0,0
2003-07-04,554.803,0,90.504,0,0,NA,0,0,0,0,0,225.057,1131.488,0,0,0,0,0
2003-07-05,554.783,0,78.552,0,0,NA,0,0,0,0,0,158.137,1541.507,0,0,0,0,0
2003-07-06,567.701,0,0,0,0,NA,0,0,0,0,0,149.748,1566.082,0,0,0,0,0
2003-07-07,484.033,0,0,0,0,NA,0,0,0,0,0,92.758,1078.856,0,0,0,0,0
2003-07-08,560.463,0,0,0,0,NA,0,0,0,0,0,0,1119.369,0,0,0,0,0
2003-07-09,437.68,0,0,0,0,NA,0,0,0,0,0,0,1373.284,0,0,0,0,0
2003-07-10,506.758,0,0,0,0,NA,0,0,0,0,0,0,1469.602,0,0,0,0,0
2003-07-11,391.333,0,0,0,0,NA,0,0,0,0,0,0,1394.364,0,0,0,0,0
2003-07-12,257.817,0,0,0,0,NA,0,0,0,0,0,0,1175.108,0,0,0,0,0
2003-07-13,109.836,0,0,0,0,NA,0,0,0,0,0,0,1161.695,0,0,0,0,0
2003-07-14,15.176,0,0,0,0,NA,0,0,0,0,0,0,1191.526,0,0,0,0,0
2003-07-15,31.699,0,0,0,0,NA,0,0,0,0,0,0,1269.083,0,0,0,0,0
2003-07-16,34.414,0,0,0,0,NA,0,0,559.456,0,0,70.242,875.938,0,0,0,0,0
2003-07-17,44.355,0,0,0,0,NA,0,0,732.652,0,449.657,90.748,1336.398,0,0,0,0,0
2003-07-18,0,0,0,0,0,NA,0,0,536.089,0,588.679,81.038,1331.182,0,0,0,0,0
2003-07-19,0,0,0,0,0,NA,0,0,477.008,0,573.591,0,1221.921,0,0,0,0,0
2003-07-20,0,0,0,0,0,NA,0,0,365.24,0,632.387,0,1385.385,0,0,0,0,0
2003-07-21,0,0,48.089,0,0,NA,0,0,0,0,122.785,54.119,1126.997,0,0,0,0,0
2003-07-22,0,0,62.98,0,0,NA,0,0,0,0,0,0,1444.727,0,0,0,0,0
2003-07-23,0,0,54.192,0,0,NA,0,0,524.14,0,0,207.805,NA,0,0,0,0,0
2003-07-24,0,0,16.322,0,0,NA,0,0,1521.702,0,665.915,280.988,NA,0,0,0,0,0
2003-07-25,0,0,0,0,0,NA,0,0,506.007,0,523.831,330.301,NA,0,0,0,0,0
2003-07-26,0,0,0,0,0,NA,0,0,586.895,0,208.924,344.889,NA,0,0,0,0,0
2003-07-27,0,0,0,0,0,NA,0,0,675.19,0,208.922,342.973,NA,0,0,0,0,0
2003-07-28,10.034,0,0,0,0,NA,0,0,706.289,0,315.134,314.667,NA,0,0,0,0,0
2003-07-29,16.125,0,0,0,0,NA,0,0,780.486,0,319.41,300.142,NA,0,0,0,0,0
2003-07-30,18.19,0,0,0,0,NA,0,0,512.596,0,258.68,272.253,1946.864,0,0,0,0,0
2003-07-31,0,0,0,113.77,90.19,NA,0,0,1395.766,0,212.898,295.084,2065.67,0,0,0,0,0
2003-08-01,15.37,0,0,81.15,69.81,NA,0,0,824.144,0,392.254,340.309,2080.532,0,0,0,0,0
2003-08-02,0,0,0,82.17,73.28,NA,0,0,1593.139,0,208.212,358.76,2293.663,0,0,0,0,0
2003-08-03,0,0,0,0,0,NA,0,0,674.971,0,925.634,337.453,2278.997,0,0,0,0,0
2003-08-04,0,0,0,170.76,150.7,NA,219.807,0,2167.419,0,1275.279,305.711,2024.889,0,0,0,0,0
2003-08-05,0,0,0,167.11,148.16,NA,308.269,0,2460.158,390.638,1396.109,321.341,2407.276,0,0,0,0,0
2003-08-06,0,0,0,78.1,47.86,NA,456.324,0,2210.702,351.416,1404.104,302.946,2870.842,0,0,0,0,0
2003-08-07,262.981,0,0,78.88,70.37,NA,62.988,0,1616.464,80.41,1366.494,327.258,3431.627,0,0,0,0,0
2003-08-08,424.827,0,0,0,72.81,NA,0,0,575.922,0,1345.108,322.091,3213.98,0,0,0,0,0
2003-08-09,335.001,0,0,77.94,73.51,NA,567.928,0,2665.113,429.166,1049.968,291.946,4160.845,0,0,0,0,0
2003-08-10,0,0,0,78.79,75.87,NA,454.008,0,2688.355,689.001,1105.364,311.287,4840.63,0,0,0,0,0
2003-08-11,74.735,0,0,77.35,68.3,NA,495.072,0,2987.529,967.749,1255.793,309.688,4782.147,0,0,0,0,0
2003-08-12,370.251,0,0,119.96,106.73,NA,433.213,0,3132.578,1341.066,1270.224,313.941,5225.607,0,0,0,0,0
2003-08-13,435.986,0,0,84.52,24.91,NA,58.857,0,2653.328,409.58,1271.76,314.787,5532.59,0,0,0,0,0
2003-08-14,324.218,0,0,72.15,65.11,NA,0,98.088,2538.906,0,2178.098,303.724,6237.312,0,0,0,0,0
2003-08-15,503.957,0,0,0,0,NA,0,23.489,2665.593,0,2373.572,303.213,6508.321,0,0,586,0,0
2003-08-16,578.007,0,0,0,0,NA,0,52.785,1795.885,0,2324.838,302.611,5946.826,0,0,874,0,0
2003-08-17,577.865,0,0,0,0,NA,0,3.565,618.689,0,1238.278,297.593,6345.38,0,0,862,0,0
2003-08-18,577.443,0,0,77.97,64.89,NA,0,14.305,1792.791,0,1409.581,273.28,6385.232,0,0,854,0,0
2003-08-19,483.854,0,0,0,0,NA,0,125.043,2310.71,0,1552.786,265.053,7391.134,0,0,863,0,0
2003-08-20,152.764,0,0,88.36,78.91,NA,0,24.776,2432.421,0,1897.081,272.169,6232.385,0,0,878,0,0
2003-08-21,211.519,0,0,68.02,66.97,NA,0,1.047,2338.788,0,2269.481,269.634,8309.921,0,0,895,0,0
2003-08-22,433.1,0,0,0,0,NA,0,0,1688.161,0,2050.654,297.578,7962.207,0,0,899,0,0
2003-08-23,433.566,0,0,0,0,NA,0,0,1574.127,0,1652.439,303.907,7937.916,0,0,896,0,0
2003-08-24,434.643,0,0,78.23,71.96,NA,0,0,1225.179,0,1495.396,285.566,8792.097,0,0,896,0,0
2003-08-25,553.738,0,0,77.81,71.55,NA,0,0.569,1342.151,0,1068.768,237.956,9650.448,0,0,894,0,0
2003-08-26,448.996,0,0,77.09,72.11,NA,0,60.475,943.061,0,1256.082,170.949,9677.108,0,0,891,0,0
2003-08-27,410.213,0,0,75.99,68.86,NA,0,365.233,804.847,0,1110.286,195.249,10769.557,0,0,892,0,0
2003-08-28,374.64,0,0,95.35,61.47,NA,0,507.671,364.303,0,705.024,200.366,9884.314,0,0,632,0,0
2003-08-29,389.529,0,0,68.14,71.13,NA,0,65.899,1882.14,0,1491.155,88.02,10489.023,0,0,501,0,0
2003-08-30,427.745,0,0,0,0,NA,0,93.918,1080.099,0,1768.567,0,10654.812,0,0,506,0,0
2003-08-31,594.172,0,0,85.37,43.34,NA,0,95.845,86.515,0,1045.664,0,11360.838,0,0,506,0,0
2003-09-01,547.659,0,0,85.88,0,NA,0,33.443,428.513,0,207.436,0,12051.506,0,0,504,0,0
2003-09-02,266.655,0,0,42.6,103.67,NA,0,364.011,727.235,0,864.702,0,12835.573,0,0,502,0,0
2003-09-03,340.229,0,0,45.41,24.75,NA,0,161.078,701.535,0,959.608,0,13284.055,0,0,501,0,0
2003-09-04,286.42,0,0,0,29.22,NA,0,162.987,579.749,0,814.767,0,13193.541,0,0,502,0,0
2003-09-05,371.8,0,0,0,0,NA,0,258.628,896.017,0,1378.472,0,12711.709,0,0,506,0,0
2003-09-06,372.716,0,0,0,68.65,NA,0,43.374,322.279,0,748.507,0,13378.438,0,0,522,0,0
2003-09-07,427.282,0,0,0,0,NA,0,24.295,623.122,0,207.415,0,12756.264,0,0,538,0,0
2003-09-08,473.031,0,0,0,0,NA,0,0,651.19,0,718.053,0,12304.828,0,0,539,0,0
2003-09-09,332.757,0,0,0,0,NA,0,0,555.693,0,746.396,159.209,12024.553,0,0,538,0,0
2003-09-10,425.372,0,0,0,0,NA,0,0,276.619,0,612.771,185.714,11633.074,0,0,532,0,0
2003-09-11,433.146,0,0,0,52.87,NA,0,0,0,0,382.36,141.281,11304.785,0,0,531,0,0
2003-09-12,432.587,0,0,0,42.03,NA,0,0,0,0,0,69.041,10587.503,0,0,530,0,0
2003-09-13,433.274,0,0,0,0,NA,0,0,0,0,0,0,10267.112,0,0,528,0,0
2003-09-14,433.23,0,0,0,0,NA,0,0,0,0,0,0,9475.626,0,0,528,0,0
2003-09-15,481.289,0,0,72.81,65.72,NA,0,0,481.725,0,0,0,8881.838,0,0,529,0,0
2003-09-16,434.631,NA,NA,0,0,NA,0,0,0,0,28.532,0,7834.392,0,0,528,0,0
2003-09-17,434.003,0,96.96,0,0,NA,0,0,0,0,0,0,6442.107,0,0,184,0,0
2003-09-18,173.719,0,136.704,0,0,NA,0,0,0,0,48.023,0,5019.548,0,0,0,0,0
2003-09-19,0,0,134.3,0,0,NA,0,0,0,0,6.107,0.894,4157.03,0,0,0,0,0
2003-09-20,0,0,133.219,0,0,NA,0,0,0,0,0,0,3175.46,0,0,0,0,0
2003-09-21,0,0,132.336,0,0,NA,0,0,0,0,0,0,3303.112,0,0,0,0,0
2003-09-22,0,0,133.582,0,0,NA,0,0.065,0,0,0,24.102,2799.564,0,0,0,0,0
2003-09-23,0,0,80.117,0,0,NA,0,0,0,0,36.183,4.027,2484.702,0,0,0,0,0
2003-09-24,0,0,0,0,0,NA,0,0,0,0,0,1.941,2713.811,0,0,0,0,0
2003-09-25,0,0,0,0,0,NA,0,0,0,0,0,67.94,2638.858,0,0,0,0,0
2003-09-26,0,0,0,75.34,68.1,NA,0,0,1544.388,0,295.544,297.126,2570.197,0,0,0,0,0
2003-09-27,0,0,0,0,0,NA,0,0.054,422.792,0,323.918,293.262,2527.259,0,0,0,0,0
2003-09-28,0,0,0,76.62,69.24,NA,0,0,1822.425,0,1160.607,211.482,2870.955,0,0,0,0,0
2003-09-29,0,0,0,76.17,69.53,NA,0,0,2390.451,0,1620.823,253.975,3590.164,0,0,0,0,0
2003-09-30,364.189,0,0,76.24,0,NA,55.264,0,2938.518,0,2164.903,307.131,3957.73,0,0,0,0,0
2003-10-01,533.682,0,0,0,0,NA,0,0,2041.072,0,2503.705,266.843,3003.565,0,0,0,0,0
2003-10-02,605.399,0,91.467,0,0,NA,0,0,1002.358,0,2060.859,233.562,4301.161,0,0,0,0,0
2003-10-03,528.219,0,152.097,0,0,NA,0,0,441.443,0,544.407,155.889,3962.184,0,0,0,0,0
2003-10-04,569.286,0,149.263,0,0,NA,0,0,0,0,104.013,0,3361.37,0,0,0,0,0
2003-10-05,609.117,0,145.87,0,0,NA,0,0,859.89,0,103.934,0,2924.436,0,0,0,0,0
2003-10-06,601.265,0,144.22,0,0,NA,0,0,0,0,175.257,0,2532.756,0,0,0,0,0
2003-10-07,597.766,0,143.748,0,0,NA,0,0,0,0,207.19,0,2515.892,0,0,0,0,0
2003-10-08,613.58,0,143.496,0,69,NA,0,0,0,0,99.775,0,1952.46,0,0,0,0,0
2003-10-09,617.323,0,143.692,0,0,NA,0,0,0,0,0,0,1858.18,0,0,0,0,0
2003-10-10,618.595,0,142.844,0,0,NA,0,0,0,0,0,0.898,1663.619,0,0,0,0,0
2003-10-11,634.187,0,141.078,0,0,NA,0,0,0,0,0,0,1435.791,0,0,0,0,0
2003-10-12,646.377,0,140.348,0,0,NA,0,0,0,0,0,0,1388.691,0,0,0,0,0
2003-10-13,612.707,0,139.348,0,0,NA,0,0,0,0,0,0,1374.982,0,0,0,0,0
2003-10-14,515.69,0,132.278,0,0,NA,0,0,0,0,0,0,1356.004,0,0,0,0,0
2003-10-15,388.311,0,133.069,0,0,NA,0,0,0,0,0,0,1008.594,0,0,0,0,0
2003-10-16,94.246,0,136.349,0,0,NA,0,0,0,0,0,0,889.291,0,0,0,0,0
2003-10-17,0,0,137.915,0,0,NA,0,0,0,0,0,0,1544.376,0,0,0,0,0
2003-10-18,0,0,174.029,0,0,NA,0,0,0,0,0,0,965.847,0,0,0,0,0
2003-10-19,0,0,189.011,0,0,NA,0,0,0,0,0,0,928.296,0,0,0,0,0
2003-10-20,0,0,182.12,0,0,NA,0,0,0,0,0,0,1082.444,0,0,0,0,0
2003-10-21,0,0,180.591,0,0,NA,0,0,0,0,0,0,1049.333,0,0,0,0,0
2003-10-22,0,0,183.796,0,0,NA,0,0,0,0,0,0,1029.379,0,0,0,0,0
2003-10-23,0,0,184.288,0,0,NA,0,0,0,0,0,0,866.046,0,0,0,0,0
2003-10-24,0,0,184.233,0,0,NA,0,0,160.791,0,0,0,1402.694,0,0,0,0,0
2003-10-25,0,0,175.87,0,0,NA,0,0,0,0,0,0,1848.88,0,0,0,0,0
2003-10-26,0,0,173.806,0,0,NA,0,0,0,0,0,0,900.065,0,0,0,0,0
2003-10-27,0,0,177.084,0,0,NA,0,0,276.331,0,0,0,734.48,0,0,0,0,0
2003-10-28,0,0,175.649,0,0,NA,0,0,280.144,0,0,0,707.876,0,0,0,0,0
2003-10-29,0,0,22.97,0,0,NA,0,0,266.289,0,0,0,841.253,0,0,0,0,0
2003-10-30,0,0,0,0,0,NA,0,0,279.011,0,0,0,1085.961,0,0,0,0,0
2003-10-31,60.598,0,0,0,0,NA,0,0,277.418,0,0,0,632.218,0,0,0,0,0
2003-11-01,0,0,0,0,0,NA,0,0,279.577,0,0,0,514.713,0,0,0,0,0
2003-11-02,0,0,0,0,0,NA,0,0,279.227,0,0,0,753.111,0,0,0,0,0
2003-11-03,0,0,0,0,0,NA,0,0,430.135,0,89.772,61.286,817.635,0,0,0,0,0
2003-11-04,0,0,0,0,0,NA,0,0,631.151,0,207.326,215.095,798.747,0,0,0,0,0
2003-11-05,0,0,0,88.55,68.84,NA,0,0,499.393,0,497.018,217.149,772.053,0,0,0,0,0
2003-11-06,0,0,0,54.75,113.79,NA,0,0,1996.318,0,1426.108,169.252,865.454,0,0,0,0,0
2003-11-07,0,0,0,197.28,109.31,NA,0,0,1198.67,0,968.491,247.549,1184.787,0,0,0,0,0
2003-11-08,0,0,0,114.29,63.23,NA,0,0,0,0,208.021,283.523,845.092,0,0,0,0,0
2003-11-09,0,0,0,78.85,40.02,NA,0,0,927.974,0,950.513,270.411,826.408,0,0,0,0,0
2003-11-10,0,0,0,80.13,0,NA,0,0,647.793,0,822.955,264.472,804.462,0,0,0,0,0
2003-11-11,0,0,0,0,0,NA,0,0,638.928,0,162.063,210.445,920.477,0,0,0,0,0
2003-11-12,0,0,0,75.93,45.78,NA,0,0,168.038,0,35.112,0,826.729,0,0,0,0,0
2003-11-13,0,0,0,0,0,NA,0,0,0,0,0,0,661.578,0,0,0,0,0
2003-11-14,0,0,0,0,1.58,NA,0,0,51.958,0,4.551,0,784.779,0,0,0,0,0
2003-11-15,0,0,0,0,0,NA,0,0,0,0,0,0,762.387,0,0,0,0,0
2003-11-16,0,0,0,0,0,NA,0,0,0,0,0,0,666.263,0,0,0,0,0
2003-11-17,0,0,0,0,0,NA,0,0,0,0,0,0,649.079,0,0,0,0,0
2003-11-18,0,0,0,0,0,NA,0,0,0,0,0,0,679.211,0,0,0,0,0
2003-11-19,0,0,0,68.43,43.53,NA,0,0,0,0,0,0,781.984,0,0,0,0,0
2003-11-20,0,0,0,0,0,NA,0,0,0,0,3.832,0,773.316,0,0,0,0,0
2003-11-21,0,0,0,0,0,NA,0,0,0,0,1.373,0,649.299,0,0,0,0,0
2003-11-22,0,0,0,0,0,NA,0,0,0,0,0,0,523.106,0,0,0,0,0
2003-11-23,0,0,0,0,0,NA,0,0,0,0,0,0,656.419,0,0,0,0,0
2003-11-24,0,0,0,0,0,NA,0,0,270.528,0,0,0,761.626,0,0,0,0,0
2003-11-25,0,0,0,0,0,NA,0,0,266.742,0,0,0,470.604,0,0,0,0,0
2003-11-26,0,0,0,7.73,0,NA,0,0,266.99,0,0,0,566.432,0,0,0,0,0
2003-11-27,0,0,0,0,0,NA,0,0,0,0,0,0,700.53,0,0,0,0,0
2003-11-28,0,0,0,0,0,NA,0,0,0,0,0,0,689.644,0,0,0,0,0
2003-11-29,0.029,0,0,0,0,NA,0,0,0,0,0,0,584.707,0,0,0,0,0
2003-11-30,0,0,0,0,0,NA,0,0,0,0,0,0,557.119,0,0,0,0,0
2003-12-01,0,0,0,0,0,NA,0,0,261.91,0,20.698,0,546.019,0,0,0,0,0
2003-12-02,0,0,0,0,0,NA,0,0,0,0,0,0,535.76,0,0,0,0,0
2003-12-03,0,0,0,0,0,NA,0,0,0,0,0,0,518.349,0,0,0,0,0
2003-12-04,0,0,0,0,0,NA,0,0,0,0,0,0,512.13,0,0,0,0,0
2003-12-05,37.731,0,0,0,0,NA,0,0,209.733,0,0,0,547.327,0,0,0,0,0
2003-12-06,0,0,0,0,0,NA,0,0,0,0,0,0,649.567,0,0,0,0,0
2003-12-07,0,0,0,0,0,NA,0,0,0,0,0,0,564.714,0,0,0,0,0
2003-12-08,0,0,0,0,0,NA,0,0,5.635,0,0,0,473.199,0,0,0,0,0
2003-12-09,10.842,0,0,0,0,NA,0,0,0,0,0,0,472.247,0,0,0,0,0
2003-12-10,0,0,0,0,0,NA,0,0,0,0,22.14,0,581.053,0,0,0,0,0
2003-12-11,0,0,0,75.99,52,NA,0,0,0,0,0,0,639.088,0,0,0,0,0
2003-12-12,0,0,0,0,0,NA,0,0,0,0,0,0,348.309,0,0,0,0,0
2003-12-13,0,0,0,0,0,NA,0,0,0,0,0,0,0,0,0,0,0,0
2003-12-14,0,0,0,0,0,NA,0,0,177.411,0,30.076,3.072,177.393,0,0,0,0,0
2003-12-15,0,0,0,71.07,49.79,NA,0,0,2007.982,0,1219.87,164.634,613.307,0,0,0,0,0
2003-12-16,0,0,0,79.96,48.48,NA,0,0,147.195,0,1384.012,5.988,789.451,0,0,0,0,0
2003-12-17,0,0,0,88.37,54.9,NA,0,0,658.281,0,479.66,29.179,1557.184,0,0,0,0,0
2003-12-18,0,0,0,75.16,48.95,NA,0,0,770.131,0,485.958,0,1495.062,0,0,0,0,0
2003-12-19,0,0,0,0,0,NA,0,0,468.617,0,390.393,0,930.377,0,0,0,0,0
2003-12-20,0,0,0,0,0,NA,0,0,0,0,0,0,678.068,0,0,0,0,0
2003-12-21,0,0,0,0,0,NA,0,0,0,0,0,0,935.703,0,0,0,0,0
2003-12-22,57.747,0,0,0,0,NA,0,0,0,0,0,0,1123.253,0,0,0,0,0
2003-12-23,0,0,0,76.68,42.43,NA,0,0,0,0,0,0,975.902,0,0,0,0,0
2003-12-24,0,0,0,45.66,27.31,NA,0,0,0,0,0,0,643.642,0,0,0,0,0
2003-12-25,0,0,0,0,0,NA,0,0,0,0,0,0,816.691,0,0,0,0,0
2003-12-26,0,0,0,0,0,NA,0,0,0,0,0,0,1049.706,0,0,0,0,0
2003-12-27,0,0,0,0,0,NA,0,0,0,0,0,0,941.265,0,0,0,0,0
2003-12-28,0,0,0,0,0,NA,0,0,0,0,0,0,560.096,0,0,0,0,0
2003-12-29,0,0,0,0,0,NA,0,0,0,0,0,0,867.247,0,0,0,0,0
2003-12-30,57.833,0,0,0,0,NA,0,0,0,0,0,0,1365.859,0,0,0,0,0
2003-12-31,130.902,0,0,0,0,NA,0,0,0,0,23.521,0,1475.368,0,0,0,0,0
2004-01-01,81.827,0,0,0,0,NA,0,0,0,0,0,0,1903.295,0,0,0,0,0
2004-01-02,10.385,0,0,0,0,NA,0,0,130.827,0,0,0,2086.003,0,0,0,0,0
2004-01-03,0,0,0,0,0,NA,0,0,0,0,0,0,2134.83,0,0,0,0,0
2004-01-04,0,0,0,0,0,NA,0,0,0,0,0,0,2199.807,0,0,0,0,0
2004-01-05,0,0,0,0,0,NA,0,0,176.611,0,0,0,2263.438,0,0,0,0,0
2004-01-06,52.191,0,0,0,0,NA,0,0,174.892,0,0,0,2256.521,0,0,0,0,0
2004-01-07,0,0,0,0,0,NA,0,0,129.066,0,0,0.303,2266.45,0,0,0,0,0
2004-01-08,62.885,0,0,0,0,NA,0,0,61.501,0,15.412,0,2106.551,0,0,0,0,0
2004-01-09,48.216,0,0,0,0,NA,0,0,143.027,0,0,0,1969.09,0,0,0,0,0
2004-01-10,1.476,0,0,0,0,NA,0,0,277.117,0,0,0,2042.561,0,0,0,0,0
2004-01-11,0,0,0,0,0,NA,0,0,275.033,0,0,0,2180.717,0,0,0,0,0
2004-01-12,77.865,0,0,0,0,NA,0,0,258.915,0,0,0,1281.649,0,0,0,0,0
2004-01-13,74.338,0,0,0,0,NA,0,0,260.501,0,86.133,0,1771.571,0,0,0,0,0
2004-01-14,93.737,0,0,0,0,NA,0,0,416.204,0,208.487,0,2069.72,0,0,0,0,0
2004-01-15,119.102,0,0,0,0,NA,0,0,764.789,0,159.032,13.057,2286.639,0,0,0,0,0
2004-01-16,114.678,0,0,0,0,NA,0,0,750.283,0,62.489,0,2051.985,0,0,0,0,0
2004-01-17,17.956,0,0,0,0,NA,0,0,726.175,0,0,0,1582.615,0,0,0,0,0
2004-01-18,0,0,0,0,0,NA,0,0,758.423,0,0,0,2089.223,0,0,0,0,0
2004-01-19,0,0,0,0,0,NA,0,0,749.846,0,0,0,2550.407,0,0,0,0,0
2004-01-20,126.14,0,0,0,0,NA,0,0,508.336,0,14.783,0,2027.937,0,0,0,0,0
2004-01-21,54.748,0,0,0,0,NA,0,0,408.398,0,51.671,0,1905.649,0,0,0,0,0
2004-01-22,49.91,0,0,0,0,NA,0,0,530.125,0,36.864,0,1846.318,0,0,0,0,0
2004-01-23,78.676,0,0,0,0,NA,0,0,454.632,0,104.319,0,1717.845,0,0,0,0,0
2004-01-24,71.123,0,0,0,0,NA,0,0,516.068,0,104.281,0,1668.548,0,0,0,0,0
2004-01-25,72.663,0,0,0,0,NA,0,0,359.077,0,104.278,0,1536.925,0,0,0,0,0
2004-01-26,59.809,0,0,0,0,NA,0,0,194.074,0,123.779,0,1471.806,0,0,0,0,0
2004-01-27,0,0,0,0,0,NA,0,0,331.217,0,82.13,0,1745.94,0,0,0,0,0
2004-01-28,0,0,0,0,0,NA,0,0,276.455,0,104.338,0,1378.039,0,0,0,0,0
2004-01-29,53.289,0,0,0,0,NA,0,0,475.751,21.467,102.553,0,1467.802,0,0,0,0,0
2004-01-30,0,0,0,78.56,57.13,NA,0,0,411.806,0,147.786,0,1612.422,0,0,0,0,0
2004-01-31,0,0,0,0,0,NA,0,0,1776.434,0,676.165,0,1701.97,0,0,0,0,0
2004-02-01,0,NA,NA,96.64,91.1,NA,0,0,1036.281,0,713.399,0,1364.848,0,0,0,0,0
2004-02-02,332.609,NA,NA,0,0,NA,0,0,1357.253,0,1248.946,136.673,1447.474,0,0,0,0,0
2004-02-03,419.306,NA,NA,0,0,NA,0,0,485.015,0,1183.94,133.899,1420.837,0,0,0,0,0
2004-02-04,411.354,NA,NA,0,0,NA,0,0,0,0,560.639,236.054,1401.147,0,0,0,0,0
2004-02-05,410.866,NA,NA,0,1.1,NA,0,0,270.276,0,91.988,81.989,1384.588,0,0,0,0,0
2004-02-06,410.481,NA,NA,0,74.41,NA,0,0,202.22,0,77.009,27.15,695.881,0,0,0,0,0
2004-02-07,410.904,NA,NA,0,0,NA,0,0,0,0,78.347,0,178.367,0,0,0,0,0
2004-02-08,411.572,NA,NA,0,0,NA,0,0,0,0,69.093,0,173.532,0,0,0,0,0
2004-02-09,411.659,NA,NA,0,0,NA,0,0,254.14,0,88.246,0,169.129,0,0,0,0,0
2004-02-10,411.487,0,185.963,0,0,NA,0,0,218.614,0,76.402,0,169.406,0,0,0,0,0
2004-02-11,410.69,0,183.566,0,0,NA,0,0,139.841,0,33.03,0,172.225,0,0,0,0,0
2004-02-12,410.738,0,182.99,0,0,NA,0,0,244.713,0,30.342,0,823.479,0,0,0,0,0
2004-02-13,410.944,0,64.451,0,0,NA,0,0,270.031,0,63.311,0,1832.502,0,0,0,0,0
2004-02-14,411.076,0,121.173,0,0,NA,0,0,0,0,59.55,0,1492.241,0,0,0,0,0
2004-02-15,410.304,0,59.395,0,0,NA,0,0,0,0,0,0,1465.858,0,0,0,0,0
2004-02-16,449.011,0,124.427,0,0,NA,0,0,0,0,0,0,1657.137,0,0,0,0,0
2004-02-17,557.7,0,185.4,77.51,67.22,NA,0,0,425.079,0,0,0,1721.114,0,0,0,0,0
2004-02-18,557.351,0,180.946,0,0,NA,0,0,0,0,70.075,0,1606.807,0,0,0,0,0
2004-02-19,556.652,0,178.591,0,0,NA,0,0,205.915,0,104.328,0,1428.884,0,0,0,0,0
2004-02-20,171.657,0,176.744,0,0,NA,0,0,221.229,0,22.269,0,1563.932,0,0,0,0,0
2004-02-21,0,0,178.291,0,0,NA,0,0,0,0,0,0,1616.209,0,0,0,0,0
2004-02-22,0,0,174.728,0,0,NA,0,0,0,0,0,0,1538.21,0,0,0,0,0
2004-02-23,0,0,172.865,0,0,NA,0,0,0,0,0,0,1334.246,0,0,0,0,0
2004-02-24,0,0,175.837,0,0,NA,0,0,476.262,0,31.805,0,1154.411,0,0,0,0,0
2004-02-25,0,0,82.009,0,0,NA,0,0,1041.335,11.359,295.338,50.027,1862.435,0,0,0,0,0
2004-02-26,234.07,0,2.395,89.65,63.56,NA,0,0,2058.558,0,1270.599,33.796,2332.367,0,0,0,0,0
2004-02-27,461.92,0,115.959,0,0,NA,0,0,1899.874,0,2070.874,0,1210.551,0,0,0,0,0
2004-02-28,497.9,0,177.909,0,0,NA,0,0,45.747,0,1799.35,35.561,1241.012,0,0,0,0,0
2004-02-29,521.948,0,175.951,0,0,NA,0,0,0,0,680.798,0,1889.996,0,0,0,0,0
2004-03-01,409.99,0,174.161,77.92,79.67,NA,0,0,0,0,590.691,0,1845.367,0,0,0,0,0
2004-03-02,410.01,0,173.784,0,0,NA,0,0,0,0,718.13,0,1899.532,0,0,0,0,0
2004-03-03,512.582,NA,172.477,0,0,NA,0,0,0,0,717.896,0,1578.629,0,0,0,0,0
2004-03-04,555.942,NA,169.994,0,0,NA,0,0,0,0,716.07,0,1505.455,0,0,0,0,0
2004-03-05,556.61,NA,169.196,0,0,NA,0,0,0,0,714.007,0,1497.538,0,0,0,0,0
2004-03-06,556.369,NA,170.833,0,0,NA,0,0,0,0,720.349,0,1474.119,0,0,0,0,0
2004-03-07,556.205,NA,170.971,0,0,NA,0,0,0,0,720.759,0,1448.421,0,0,0,0,0
2004-03-08,556.056,NA,169.909,0,0,NA,0,0,0,0,725.952,0,1435.897,0,0,0,0,0
2004-03-09,556.512,NA,164.139,0,0,NA,0,0,0,0,726.921,0,1373.233,0,0,0,0,0
2004-03-10,554.542,NA,155.423,0,0,NA,0,0,0,0,728.296,0,1343.266,0,0,0,0,0
2004-03-11,209.621,NA,NA,0,0,NA,0,0,0,0,728.702,0,1324.236,0,0,0,0,0
2004-03-12,0,NA,131.779,0,0,NA,0,0,0,0,727.999,0,1304.976,0,0,0,0,0
2004-03-13,0,NA,128.514,0,0,NA,0,0,0,0,727.226,0,1286.803,0,0,0,0,0
2004-03-14,0,NA,123.202,0,0,NA,0,0,0,0,726.76,0,1261.456,0,0,0,0,0
2004-03-15,59.48,NA,125.404,0,0,NA,0,0,0,0,725.328,0,1159.199,0,0,0,0,0
2004-03-16,0,NA,67.681,0,0,NA,0,0,0,0,723.957,0,1233.805,0,0,0,0,0
2004-03-17,40.865,0,1.271,0,0,NA,0,0,0,0,515.718,0,1544.438,0,0,0,0,0
2004-03-18,35.377,0,83.37,0,0,NA,0,0,433.8,0,0,0,1427.809,0,0,0,0,0
2004-03-19,2.683,0,124.805,0,0,NA,0,0,525.718,0,0,0,873.511,0,0,0,0,0
2004-03-20,0,0,117.54,0,0,NA,0,0,0,0,0,0,1339.019,0,0,0,0,0
2004-03-21,0,0,118.702,0,0,NA,0,0,0,0,0,0,1213.703,0,0,0,0,0
2004-03-22,63.584,0,117.34,0,0,NA,0,0,272.799,0,0,0,911.682,0,0,0,0,0
2004-03-23,77.868,0,108.038,0,0,NA,0,0,207.673,0,10.34,0,1177.702,0,0,0,0,0
2004-03-24,41.807,0,99.678,0,0,NA,0,0,0,0,0,0,780.896,0,3.74,0,0,0
2004-03-25,61.992,0,99.466,0,0,NA,0,0,0,0,1.997,0,1106.286,0,0,0,0,0
2004-03-26,27.36,0,98.049,0,0,NA,0,0,80.995,0,51.825,0,1126,0,0,0,0,0
2004-03-27,36.546,0,102.109,0,0,NA,0,0,0,0,59.742,0,837.689,0,0,0,0,0
2004-03-28,18.156,0,104.63,0,0,NA,0,0,0,0,48.507,0,680.895,0,0,0,0,0
2004-03-29,61.319,0,46.649,0,0,NA,0,0,0,0.214,56.645,0,859.883,0,0,0,0,0
2004-03-30,127.432,0,0,0,0,NA,0,0,0,0,56.705,0,899.358,0,0,0,0,0
2004-03-31,125.005,0,0,0,0,NA,0,0,0,0,30.902,0,838.558,0,0,0,0,0
2004-04-01,89.897,0,0,0,0,NA,0,0,275.542,0,0,0,650.782,0,0,0,0,0
2004-04-02,44.117,0,0,0,0,NA,0,0,0,0,0,0,504.25,0,0,0,0,0
2004-04-03,89.024,0,0,0,0,NA,0,0,0,0,0,0,NA,0,0,0,0,0
2004-04-04,93.065,0,0,0,0,NA,0,0,0,0,0,0,680.708,0,0,0,0,0
2004-04-05,174.655,0,0,0,0,NA,0,0,0,0,0,0,482.209,0,0,0,0,0
2004-04-06,172.276,0,0,0,0,NA,0,0,243.758,0,0,0,245.977,0,0,0,0,0
2004-04-07,176.546,0,0,0,0,NA,0,0,264.931,0,0,0,315.85,0,0,0,0,0
2004-04-08,110.81,0,0,0,0,NA,0,0,205.58,0,0,0,524.864,0,0,0,0,0
2004-04-09,0,0,0,0,0,NA,0,0,181.523,0,0,0,594.38,0,0,0,0,0
2004-04-10,0,0,0,0,0,NA,0,0,0,0,0,0,391.54,0,0,0,0,0
2004-04-11,0,0,0,0,0,NA,0,0,0,0,0,0,110.208,0,0,0,0,0
2004-04-12,0,0,0,0,0,NA,0,0,655.898,0,0,0,1407.791,0,0,0,0,0
2004-04-13,0,0,0,0,0,NA,0,0,616.856,0,0,0,1194.544,0,0,0,0,0
2004-04-14,0,0,0,0,0,NA,0,0,0,0,0,0,769.865,0,0,0,0,0
2004-04-15,0,0,0,0,0,NA,0,0,202.233,0,51.562,0,651.661,0,0,0,0,0
2004-04-16,132.264,0,0,0,0,NA,0,0,78.185,0,39.45,0,636.473,0,0,0,0,0
2004-04-17,7.608,0,0,0,0,NA,0,0,0,0,55.797,0,446.665,0,0,0,0,0
2004-04-18,123.539,0,0,0,0,NA,0,0,0,0,21.109,0,398.151,0,0,0,0,0
2004-04-19,9.108,0,0,0,0,NA,0,0,15.927,0,12.654,0,548.383,0,0,0,0,0
2004-04-20,0,0,0,0,0,NA,0,0,271.314,0,0,0,486.244,0,0,0,0,0
2004-04-21,79.573,0,0,0,0,NA,0,0,28.851,0,0,0,355.335,0,0,0,0,0
2004-04-22,0,0,0,0,0,NA,0,0,0,0,77.341,0,267.848,0,0,0,0,0
2004-04-23,107.459,0,0,0,0,NA,0,0,217.949,0,0,0,326.128,0,0,0,0,0
2004-04-24,25.678,0,0,0,0,NA,0,0,0,0,0,0,198.805,0,0,0,0,0
2004-04-25,95.698,0,0,0,0,NA,0,0,0,0,0,0,305.745,0,0,0,0,0
2004-04-26,41.826,0,0,0,0,NA,0,0,169.882,0,128.166,0,428.303,0,0,0,0,0
2004-04-27,0,0,0,0,0,NA,0,0,237.374,0,0,0,425.214,0,0,0,0,0
2004-04-28,108.769,0,0,0,0,NA,0,0,98.838,0,33.744,0,387.145,0,0,0,0,0
2004-04-29,12.291,0,0,0,0,NA,0,0,0,0,0,0,62.339,0,0,0,0,0
2004-04-30,2.414,0,0,0,0,NA,0,0,0,0,0,0,217.434,0,0,0,0,0
2004-05-01,110.293,0,0,0,0,NA,0,0,0,0,0,0,448.159,0,0,0,0,0
2004-05-02,19.09,0,0,0,0,NA,0,0,0,0,0,0,230.197,0,0,0,0,0
2004-05-03,71.904,0,0,0,0,NA,0,0,0,0,0,0,225.235,0,0,0,0,0
2004-05-04,0,0,0,0,0,NA,0,0,0,0,0,4.733,627.707,0,0,0,0,0
2004-05-05,105.142,0,0,0,0,NA,0,0,0,0,0,0,351.788,0,0,0,0,0
2004-05-06,145.975,0,0,0,0,NA,0,0,0,0,0,0,379.998,0,0,0,0,0
2004-05-07,121.135,0,0,0,0,NA,0,0,263.375,0,0,0,361.006,0,0,0,0,0
2004-05-08,3.903,0,0,0,0,NA,0,0,0,0,0,0,87.137,0,0,0,0,0
2004-05-09,97.154,0,0,0,0,NA,0,0,0,0,0,0,454.085,0,0,0,0,0
2004-05-10,52.241,0,0,0,0,NA,0,0,0,0,0,0,182.048,0,0,0,0,0
2004-05-11,121.026,0,0,0,0,NA,0,0,0,0,0,0,510.355,0,0,0,0,0
2004-05-12,120.446,0,0,0,0,NA,0,0,207.826,0,0,0,418.324,0,0,0,0,0
2004-05-13,119.684,0,0,39.36,27.02,NA,0,0,65.45,0,0,0,228.996,0,0,0,0,0
2004-05-14,188.123,0,0,35.46,28.57,NA,0,0,634.398,0,30.71,0,339.241,0,0,0,0,0
2004-05-15,119.866,0,0,0,0,NA,0,0,832.774,0,0,0,245.873,0,0,0,0,0
2004-05-16,106.244,0,0,0,0,NA,0,0,837.574,0,0,0,255.932,0,0,0,0,0
2004-05-17,46.242,0,0,38.89,11.72,NA,0,0,454.54,0,13.975,110.266,351.845,0,0,0,0,0
2004-05-18,140.156,0,0,38.7,0,NA,0,0,266.222,0,0,152.662,214.136,0,0,0,0,0
2004-05-19,247.595,0,0,38.55,0,NA,0,0,273.415,0,0,160.732,337.571,0,0,0,0,0
2004-05-20,114.918,0,0,0,0,NA,0,0,263.497,0,147.428,65.339,331.648,0,0,0,0,0
2004-05-21,97.58,0,0,32.98,0,NA,0,0,0,0,210.112,0,289.755,0,0,0,0,0
2004-05-22,218.208,0,0,0,0,NA,0,0,0,0,138.94,52.067,254.38,0,0,0,0,0
2004-05-23,177.702,0,0,0,0,NA,0,0,0,0,105.067,76.001,344.272,0,0,0,0,0
2004-05-24,247.796,0,0,0,0,NA,0,0,412.505,0,105.087,71.217,396.398,0,0,0,0,0
2004-05-25,228.116,0,0,0,0,NA,0,0,832.053,0,105.055,42.112,413.626,0,0,0,0,0
2004-05-26,252.49,0,0,0,0,NA,0,0,479.922,0,32.923,195.212,218.723,0,0,0,0,0
2004-05-27,106.936,0,0,0,0,NA,0,0,11.041,0,0,298.695,142.024,0,0,0,0,0
2004-05-28,0.194,0,0,0,0,NA,0,0,0,0,12.002,185.836,168.315,0,0,0,0,0
2004-05-29,73.482,0,0,0,0,NA,0,0,282.335,0,0,110.309,445.887,0,0,0,0,0
2004-05-30,61.889,0,0,0,0,NA,0,0,274.302,0,0,74.269,290.543,0,0,0,0,0
2004-05-31,93.136,0,0,0,0,NA,0,0,285.709,0,0,55.764,215.982,0,0,0,0,0
2004-06-01,87.6,0,0,0,0,NA,0,0,268.966,0,0,36.98,126.91,0,0,0,0,0
2004-06-02,117.826,0,0,0,0,NA,0,0,269.189,0,0,25.176,417.518,0,0,0,0,0
2004-06-03,68.982,0,0,0,0,NA,0,0,251.63,0,111.746,10.566,420.092,0,0,0,0,0
2004-06-04,37.779,0,0,0,0,NA,0,0,494.94,0,206.625,21.029,335,0,0,0,0,0
2004-06-05,218.232,0,0,0,0,NA,0,0,281.366,0,210.158,25.775,297.464,0,0,0,0,0
2004-06-06,86.364,0,0,0,0,NA,0,0,763.657,0,210.149,29.902,320.229,0,0,0,0,0
2004-06-07,105.082,0,0,0,0,NA,0,0,1545.897,0,107.044,63.021,359.535,0,0,0,0,0
2004-06-08,64.413,0,0,0,0,NA,0,0,570.726,0,172.369,268.637,452.492,0,0,0,0,0
2004-06-09,125.707,0,0,0,0,NA,0,0,595.292,0,636.717,253.813,363.296,0,0,0,0,0
2004-06-10,79.828,0,0,0,0,NA,0,0,873.429,0,634.262,177.99,175.587,0,0,0,0,0
2004-06-11,103.009,0,0,0,0,NA,0,0,572.057,0,209.972,156.85,213.208,0,0,0,0,0
2004-06-12,0,0,0,0,0,NA,0,0,752.519,0,209.879,199.627,338.504,0,0,0,0,0
2004-06-13,66.898,0,0,0,0,NA,0,0,551.321,0,209.962,199.737,282.402,0,0,0,0,0
2004-06-14,81.921,0,0,0,0,NA,0,0,452.504,0,209.914,178.278,320.454,0,0,0,0,0
2004-06-15,136.81,0,0,0,0,NA,0,0,0,0,208.749,159.832,384.921,0,0,0,0,0
2004-06-16,118.994,0,0,0,0,NA,0,0,668.558,0,195.453,115.55,340.727,0,0,0,0,0
2004-06-17,245.541,0,0,0,0,NA,0,0,711.902,0,196.357,111.532,312.613,0,0,0,0,0
2004-06-18,250.109,0,0,0,0,NA,0,0,383.638,0,196.04,119.833,296.571,0,0,0,0,0
2004-06-19,135.906,0,0,0,0,NA,0,0,0,0,196,95.23,257.189,0,0,0,0,0
2004-06-20,161.487,0,0,0,0,NA,0,0,783.679,0,195.249,71.276,274.22,0,0,0,0,0
2004-06-21,109.441,0,0,0,0,NA,0.507,0,559.522,0,195.514,86.123,299.667,0,0,0,0,0
2004-06-22,91.022,0,0,0,0,NA,0,0,791.777,0,195.962,133.415,268.037,0,0,0,0,0
2004-06-23,91.849,0,0,0,0,NA,0,0,678.428,0,643.353,136.808,242.01,0,0,0,0,0
2004-06-24,140.409,0,0,0,0,NA,0,0,314.145,0,645.659,131.428,155.711,0,0,0,0,0
2004-06-25,112.316,0,0,0,0,NA,0,0,0,0,468.869,71.77,142.11,0,0,0,0,0
2004-06-26,48.243,0,0,0,0,NA,0,0,0,0,193.822,0,220.09,0,0,0,0,0
2004-06-27,119.345,0,0,0,0,NA,0,0,0,0,142.412,0,171.827,0,0,0,0,0
2004-06-28,118.546,0,0,0,0,NA,0,0,0,0,47.227,2.241,165.872,0,0,0,0,0
2004-06-29,118.398,0,0,0,0,NA,0,0,83.827,0.058,210.068,0,164.515,0,0,0,0,0
2004-06-30,118.267,0,0,0,0,NA,0,0,159.985,0,2.004,0,164.303,0,0,0,0,0
2004-07-01,117.941,0,0,0,0,NA,0,0,0,0,54.689,0,164.635,0,0,0,0,0
2004-07-02,117.775,0,0,0,0,NA,0,0,326.396,0,35.782,0,169.036,0,0,0,0,0
2004-07-03,117.088,0,0,0,0,NA,0,0,0,0,0,0,169.16,0,0,0,0,0
2004-07-04,116.193,0,0,0,0,NA,167.174,0,539.046,0,0,0,169.523,0,0,0,0,0
2004-07-05,45.841,0,0,0,0,NA,247.356,0,242.446,0,0,0,208.345,0,0,0,0,0
2004-07-06,76.337,0,0,0,0,NA,86.654,0,228.502,0,36.59,0,289.339,0,0,0,0,0
2004-07-07,143.274,0,0,0,0,NA,0,0,48.928,0,0,0,384.138,0,0,0,0,0
2004-07-08,104.347,0,0,0,0,NA,19.76,0,337.871,0,0,0,234.972,0.204,0,0,0,0
2004-07-09,140.384,0,0,0,0,NA,88.947,0,552.521,0,90.75,0,160.116,0,0,0,0,0
2004-07-10,25.483,0,0,0,0,NA,283.3,0,516.415,0,100.086,0,123.555,0,0,0,0,0
2004-07-11,72.204,0,0,0,0,NA,328.927,0,493.261,0,51.964,0,363.539,0,0,0,0,0
2004-07-12,91.283,0,0,0,0,NA,332.116,0,459.198,0,140.341,0,282.215,0,0,0,0,0
2004-07-13,114.046,0,0,0,0,NA,310.351,0,305.078,0,127.939,0,262.682,0,0,0,0,0
2004-07-14,100.032,0,0,0,0,NA,286.906,0,295.784,0,94.026,0,358.795,0,0,0,0,0
2004-07-15,173.199,0,0,0,0,NA,10.463,0,259.435,0,0,0,314.788,0,0,0,0,0
2004-07-16,91.998,0,0,0,0,NA,369.954,0,1207.028,0,0,0,292.26,0,0,0,0,0
2004-07-17,0,0,0,0,0,NA,74.499,0,413.672,0,113.546,0,288.172,0,0,0,0,0
2004-07-18,0,0,0,0,0,NA,0,0,499.606,0,196.109,0,207.226,0,0,0,0,0
2004-07-19,72.384,0,0,0,0,NA,0,0,1269.72,0,1073.145,35.012,190.773,0,0,0,0,0
2004-07-20,0,0,0,0,0,NA,0,0,466.311,0,1273.716,0,259.966,0,0,0,0,0
2004-07-21,0,0,0,0,0,NA,0,0,467.921,0,452.272,83.175,296.418,0,0,0,0,0
2004-07-22,0,0,0,0,0,NA,0.185,0,439.316,0,317.134,66.432,301.28,0,0,0,0,0
2004-07-23,2.359,0,0,0,0,NA,0,0,397.79,0,359.812,0,300.72,0,0,0,0,0
2004-07-24,47.582,0,0,0,0,NA,0,0,0,0,195.296,0,228.343,0,0,0,0,0
2004-07-25,0,0,0,0,0,NA,0,0,555.967,0,192.973,0,157.47,0,0,0,0,0
2004-07-26,0,0,0,0,0,NA,0,0,427.753,0,600.108,0,157.293,0,0,0,0,0
2004-07-27,0,0,0,0,0,NA,0,0,507.008,0,436.242,0,174.948,0,0,0,0,0
2004-07-28,0,0,0,0,0,NA,0,0,1248.927,0,476.585,0,191.236,0,0,0,0,0
2004-07-29,0,0,0,0,0,NA,0,0,474.397,0,1251.964,94.471,214.445,0,0,0,0,0
2004-07-30,0,0,0,0,0,NA,0,0,957.325,0,569.376,106.64,376.872,0,0,0,0,0
2004-07-31,0,0,0,0,0,NA,0,0,0,0,192.374,311.331,422.476,0,0,0,0,0
2004-08-01,0,0,0,0,0,NA,0,0,585.823,0,189.458,239.413,371.808,0,0,0,0,0
2004-08-02,0,0,0,0,0,NA,0,0,1451.936,0,852.254,146.426,340.24,0,0,0,0,0
2004-08-03,0,0,0,0,0,NA,0,0,2896.333,0,1222.081,233.729,337.763,0,0,0,0,0
2004-08-04,0,0,0,0,0,NA,0.504,0,2678.533,0,1841.524,410.727,335.479,0,0,0,0,0
2004-08-05,0,0,0,0,0,NA,0,0,2071.592,0,2191.26,344.451,438.197,0,0,0,0,0
2004-08-06,0,0,0,0,0,NA,0,0,1467.593,0,2351.994,319.282,409.046,0,0,0,0,0
2004-08-07,0,0,0,0,0,NA,0,0,1088.006,0,1891.364,254.949,295.368,0,0,0,0,0
2004-08-08,0,0,0,0,0,NA,0,0,679.348,0,1736.958,151.088,351.422,0,0,0,0,0
2004-08-09,0,0,0,41.36,0,NA,0,0,638.351,0,535.237,172.413,551.964,0,0,0,0,0
2004-08-10,0,0,0,40.16,0,NA,0,0,1120.5,0,636.24,245.588,536.253,0,0,0,0,0
2004-08-11,0,0,0,178.62,164.05,NA,0,0,289.128,0,668.892,266.148,587.017,0,0,0,0,0
2004-08-12,0,0,0,142.8,127.02,NA,0,0,2090.079,0,549.851,147.908,642.654,0,0,275,264,0
2004-08-13,0,0,0,92.55,24.41,NA,0,0,1703.181,0,1313.428,281.552,760.283,0,0,385,394,0
2004-08-14,0,0,0,0,0,NA,0,0,464.878,0,1539.324,218.943,943.688,0,0,391,392,0
2004-08-15,0,0,0,0,0,NA,0,0,840.939,0,858.517,133.389,1090.342,0,0,398,399,0
2004-08-16,0,0,0,0,0,NA,0,0,1285.817,0,821.136,143.275,1304.151,0,0,401,401,0
2004-08-17,0,0,0,0,0,NA,0,0,1842.291,0,955.825,187.637,1417.008,0,0,404,402,0
2004-08-18,0.893,0,0,0,0,NA,0,0,1623.023,0,1226.959,206.775,1749.254,0,0,133,145,0
2004-08-19,0,0,0,35.37,0,NA,0,0,1752.292,0,1434.981,174.131,2014.643,0,0,0,0,0
2004-08-20,0,0,0,0,0,NA,0,0,1504.583,0,1917.189,190.929,2025.272,0,0,0,0,0
2004-08-21,0,0,0,0,0,NA,0,0,604.619,0,1793.317,130.328,1828.787,0,0,0,0,0
2004-08-22,0,0,0,0,0,NA,0,0,1654.803,0,1169.166,19.777,1964.234,0,0,0,0,0
2004-08-23,0,0,0,0,0,NA,0,0,1176.482,0,1339.666,50.932,1859.218,0,0,0,0,0
2004-08-24,0,0,0,0,0,NA,0,0,481.962,0,1331.416,65.215,1833.264,0,0,0,0,0
2004-08-25,0,0,0,79.04,61.35,NA,0,0,1692.398,0,1039.577,27.618,1380.051,0,0,0,0,0
2004-08-26,0.062,0,0,79.55,51.54,NA,0,0,2448.302,0,1447.44,57.246,1431.423,0,0,0,0,0
2004-08-27,0,0,0,0.5,0,NA,0,0,1792.563,0,2175.816,54.637,1137.644,0,0,0,0,0
2004-08-28,0,0,0,39.28,21.29,NA,0,0,1036.242,0,2120.991,17.253,1995.211,0,0,0,0,0
2004-08-29,0,0,0,0,0,NA,0,0,471.158,0,1405.284,0,1474.694,0,0,0,0,0
2004-08-30,0,0,0,0,46.43,NA,0,0,642.56,0,896.998,0,1522.368,0,0,0,0,0
2004-08-31,0,0,0,75.12,103.13,NA,0,0,539.729,0,741.063,0,1611.501,0,0,0,0,0
2004-09-01,0,NA,0,161.49,149.4,NA,0,0,1088.613,0,651.536,30.566,1337.318,0,0,0,0,0
2004-09-02,0,NA,0,105.58,75.16,NA,0,0,762.803,0,943.05,0,1385.893,0,0,0,607,635
2004-09-03,0,NA,0,102.59,1.1,NA,0,0,371.827,0,826.543,0,2858.731,0,0,0,820,842
2004-09-04,0,NA,0,107.15,50.99,NA,0,0,917.373,0,340.939,0,3349.946,0,0,0,839,860
2004-09-05,0,NA,0,142.89,126.52,NA,0,0,2103.475,0,826.81,0,3425.752,0,0,0,781,822
2004-09-06,0,NA,0,262.41,241.11,NA,664.979,114.069,4231.848,0,1977.511,0,5210.94,0,0,0,848,856
2004-09-07,0,NA,0,253.99,236.02,NA,1066.501,218.119,4665.903,0,2865.708,0,7475.563,0,0,890,1428,1265
2004-09-08,0,NA,0,248.46,235.89,NA,1106.975,14.388,4697.325,0,3121.505,0,9473.48,0,0,1248,1543,1324
2004-09-09,0,NA,0,239.91,234.65,NA,1147.268,0,4732.129,0,3215.441,0,9767.127,0,0,1231,1555,1288
2004-09-10,0,NA,0,218.96,229.61,NA,1064.993,0,4302.488,0,3223.942,0,9596.985,0,0,1636,1742,1757
2004-09-11,0,NA,0,159.51,222.44,NA,949.2,0,3554.646,0,3209.235,0,9838.018,0,0,1634,1496,1697
2004-09-12,0.053,NA,0,74.19,147.44,NA,338.03,0,2424.356,0,3188.706,0,10665.998,0,0,1570,1396,1551
2004-09-13,0,NA,0,52.65,0,NA,0,0,1368.1,0,3157.07,0,10827.069,0,0,1519,1330,1440
2004-09-14,0,NA,0,65.51,29.06,NA,0,0,976.373,0,2682.284,0,11423.768,0,0,1480,1292,1343
2004-09-15,0,NA,0,54.27,32.95,NA,0,0,514.677,0,1705.767,0,11140.275,0,0,786,1028,881
2004-09-16,0,NA,0,68.56,33.88,NA,0,0,277.753,0,860.353,0,11530.78,0,0,460,1103,547
2004-09-17,0,NA,0,73.88,25.13,NA,0,0,0,0,721.73,0,11779.525,0,0,471,1160,580
2004-09-18,0,NA,0,0,0,NA,0,0,686.101,0,376.714,5.393,11660.668,0,0,472,1176,591
2004-09-19,0,NA,0,0,0,NA,0,0,784.319,0,397.229,67.313,11075.639,0,0,467,1173,592
2004-09-20,0,NA,0,130.26,53.74,NA,0,0,1110.775,0,608.59,63.57,11541.456,0,0,464,1164,592
2004-09-21,0,NA,0,119.58,86.6,NA,274.529,0,2982.517,0,1171.661,249.556,11972.029,0,0,376,1191,605
2004-09-22,0,NA,0,175.58,109.2,NA,401.404,0,4025.617,0,2321.799,275.94,11749.169,0,0,343,1292,657
2004-09-23,0,NA,0,110.02,125.92,NA,34.316,0,3420.089,0,2672.195,330.517,11236.912,0,0,357,1349,683
2004-09-24,0,NA,0,207.3,163.17,NA,0,0,2648.953,0,2985.706,294.039,11018.135,0,0,361,1353,690
2004-09-25,0,NA,0,171.1,79.72,NA,0,0,2157.421,0,2656.935,182.53,11228.365,0,0,364,1330,683
2004-09-26,0,NA,0,261.94,179.16,NA,660.382,146.854,3249.677,359.701,2900.422,0,15171.657,0,0,346,1296,669
2004-09-27,99.456,NA,0,205.58,199.24,991.393,1419.897,387.044,4824.637,0,3161.068,0,20447.346,0,0,2724,3276,2641
2004-09-28,132.713,NA,0,249.58,192.77,976.743,1264.622,261.343,4832.886,0,3114.53,0,20343.104,0,0,1790,1758,1563
2004-09-29,195.44,NA,0,236.86,190.66,959.436,1267.076,0,4798.479,0,2597.399,0,19719.577,0,0,1698,1622,1379
2004-09-30,243.41,NA,0,220.97,172.4,840.39,1266.797,0,4701.89,0,3165.178,40.827,19623.529,0,0,1679,1566,1299
2004-10-01,178.325,NA,0,159.46,118.03,591.099,1205.577,0,4487.492,0,3130.572,268.584,19632.087,0,0,1658,1510,1238
2004-10-02,205.107,NA,0,48.22,45.42,553.719,1048.883,0,3674.662,0,2745.629,352.624,20042.465,0,0,1663,1491,1212
2004-10-03,117.766,NA,0,139.75,99.23,560.698,913.776,0,2986.005,0,2630.192,406.417,19678.21,0,0,1689,1638,1234
2004-10-04,288.809,NA,0,117.16,86.97,562.08,587.671,0,2688.338,0,2640.677,402.358,12734.847,0,0,1655,1584,1174
2004-10-05,402.441,NA,0,120.12,89.71,355.097,0,0,2124.864,0,2653.564,343.737,13298.804,0,0,1616,1532,1104
2004-10-06,305.563,NA,0,126.97,95.67,0,0,166.786,2001.686,0,2630.809,284.477,12568.203,0,0,1606,1568,1124
2004-10-07,79.294,NA,0,109.74,132,7.682,507.952,0,3326.895,0,2627.26,241.977,11879.036,0,0,1547,1650,1222
2004-10-08,50.33,NA,0,144.84,155.68,0,0,0,2536.159,0,2634.43,274.731,11034.495,0,0,1594,1597,1170
2004-10-09,397.98,NA,0,0,0,0,0,383.526,804.135,0,2566.649,132.442,10071.635,0,0,1566,1526,1084
2004-10-10,417.993,NA,0,0,0,0,0,275.333,0,0,2150.649,0,9156.856,0,0,1530,1477,1006
2004-10-11,416.675,NA,0,0,0,0,0,36.025,874.27,0,1019.152,105.634,9034.324,0,0,1476,1412,952
2004-10-12,415.175,NA,0,75.46,57.63,0,0,0,745.828,0,787.543,193.362,8242.449,0,0,1386,1272,996
2004-10-13,466.275,NA,0,75.7,58.18,0,0,0,553.046,0,465.791,163.01,7574.192,0,0,526,655,549
2004-10-14,566.919,NA,0,58.64,56.99,0,0,0,256.3,0,507.106,150.339,6309.775,0,0,0,353,0
2004-10-15,465.416,NA,0,53.58,61.09,0,0,0,350.821,0,421.939,112.562,5130.738,0,0,0,261,0
2004-10-16,416.604,NA,0,0,0,0,0,0,0,0,179.55,90.741,4579.226,0,0,0,0,0
2004-10-17,417.77,NA,0,0,0,0,0,0,0,0,109.412,28.739,4133.861,0,0,0,0,0
2004-10-18,492.322,NA,0,0,0,0,0,0,0,0,0,0,3894.603,0,0,0,0,0
2004-10-19,567.12,NA,0,0,0,0,0,0,0,0,0,0,3378.363,0,0,0,0,0
2004-10-20,378.895,NA,0,0,0,18.82,0,0,0,0,0,0,4182.103,0,0,0,0,0
2004-10-21,0.091,NA,0,0,0,35.11,0,0,0,0,0,0,3813.563,0,0,0,0,0
2004-10-22,0,NA,0,77.78,53.19,0,42.097,0,570.3,108.378,0,0,3779.619,0,0,0,0,0
2004-10-23,0,NA,0,0,0,0,0,0,0,0,0,0,3954.298,0,0,0,0,0
2004-10-24,0,NA,0,0,0,0,0,0,0,0,0,0,3467.793,0,0,0,0,0
2004-10-25,0,NA,0,0,0,232.271,0,0,0,0,27.905,0,3398.569,0,0,0,0,0
2004-10-26,0,NA,0,0,0,NA,0,0,0,0,16.612,0,3660.214,0,0,0,0,0
2004-10-27,0,0,0,0,0,NA,0,0,0,0,0,0,3664.536,0,0,0,0,0
2004-10-28,0,0,0,0,0,NA,0,0,200.971,0,0,0,3224.481,0,0,0,0,0
2004-10-29,0,0,0,69.73,53.04,0,0,0,278.072,0,0,0,2714.801,0,0,0,0,0
2004-10-30,0,0,0,0,0,0,0,0,0,0,0,0,2837.487,0,0,0,0,0
2004-10-31,0,0,0,0,0,0,0,0,0,0,0,0,2741.114,0,0,0,0,0
2004-11-01,0,0,0,0,0,0,0,0,152.631,0,0,0,2869.157,0,0,0,0,0
2004-11-02,0,0,0,0,0,0,0,0,282.753,0,55.336,0,2648.622,0,0,0,0,0
2004-11-03,0,0,0,0,0,0,0,0,162.68,0,176.328,0,2327.39,0,0,0,0,0
2004-11-04,0,0,0,0,0,37.374,0,0,0,0,123.81,0,2484.721,0,0,0,0,0
2004-11-05,0,0,0,0,0,0,0,0,271.968,0,31.124,0,2334.904,0,0,0,0,0
2004-11-06,0,0,0,0,0,0,0,0,0,0,0,0,2112.742,0,0,0,0,0
2004-11-07,0,0,0,0,0,0,0,0,0,0,0,0,1875.382,0,0,0,0,0
2004-11-08,35.67,0,0,0,0,0,0,0,514.324,0,0,0,1808.528,0,0,0,0,0
2004-11-09,0,0,0,0,0,0,0,0,0,0,0,0,2167.682,0,0,0,0,0
2004-11-10,0,0,0,0,0,0,0,0,148.716,0,0,0,1937.518,0,0,0,0,0
2004-11-11,0,0,0,0,0,0,0,0,0,0,0,0,1943.287,0,0,0,0,0
2004-11-12,0,0,0,0,0,0,0,0,483.077,0,0,0,2513.75,0,0,0,0,0
2004-11-13,0,0,0,0,0,0,0,0,0,0,0,0,2043.204,0,0,0,0,0
2004-11-14,0,0,0,0,0,0,0,0,0,0,0,0,2045.955,0,0,0,0,0
2004-11-15,0,0,0,0,0,0,0,0,125.24,0,0,0,1718.51,0,0,0,0,0
2004-11-16,0,0,0,0,0,0,0,0,278.295,0,0,0,1973.435,0,0,0,0,0
2004-11-17,0,0,0,66.71,59.52,0,0,0,213.907,0,0,0,1819.654,0,0,0,0,0
2004-11-18,109.38,0,0,0,0,66.105,0,0,0,0,0,0,1857.971,0,0,0,0,0
2004-11-19,45.923,0,0,38.31,0,0,0,0,0,0,0,21.964,1700.376,0,0,0,0,0
2004-11-20,0,0,0,0,0,0,0,132.384,0,0,0,67.956,1620.656,0,0,0,0,0
2004-11-21,0,0,0,0,0,0,0,15.9,0,0,0,67.646,1676.554,0,0,0,0,0
2004-11-22,0,0,0,0,0,0,0,0,0,0,0,68.208,1674.818,0,0,0,0,0
2004-11-23,80.304,0,0,64.38,56.92,0,0,0,270.175,0,0,68.313,1698.949,0,0,0,0,0
2004-11-24,0,0,0,0,0,NA,0,62.402,0,0,0,68.358,1734.493,0,0,0,0,0
2004-11-25,40.066,0,0,0,0,NA,0,3.55,0,0,0,68.583,1729.62,0,0,0,0,0
2004-11-26,18.172,0,0,0,0,NA,0,46.558,0,0,0,69.034,1563.596,0,0,0,0,0
2004-11-27,28.03,0,0,0,0,NA,0,1.204,0,0,0,69.211,1649.332,0,0,0,0,0
2004-11-28,28.095,0,0,0,0,NA,0,17.898,0,0,0,69.418,1667.707,0,0,0,0,0
2004-11-29,42.409,0,0,0,0,NA,0,105.53,0,0,0,30.273,1597.687,0,0,0,0,0
2004-11-30,23.326,0,0,0,0,NA,0,0,280.306,0,0,0,1435.388,0,0,0,0,0
2004-12-01,68.003,0,75.135,0,0,NA,0,0,386.821,0,0,78.288,1397.647,0,0,0,0,0
2004-12-02,77.254,0,111.431,0,0,NA,0,0,237.825,0,0,131.355,1438.465,0,0,0,0,0
2004-12-03,61.937,0,111.699,0,0,11.503,0,0,534.016,0,0,136.54,1463.019,0,0,0,0,0
2004-12-04,49.074,0,110.73,0,0,0,0,0,0,0,0,136.955,1415.034,0,0,0,0,0
2004-12-05,85.692,0,108.719,0,0,0,0,0,0,0,0,121.717,1463.709,0,0,0,0,0
2004-12-06,11.56,0,107.588,0,0,0,0,127.276,0,0,0,192.367,1468.385,0,0,0,0,0
2004-12-07,131.498,0,106.227,0,0,0,0,329.39,0,0,0,185.332,1420.98,0,0,0,0,0
2004-12-08,78.207,0,107.559,0,0,0,0,442.62,0,0,0,186.145,1335.858,0,0,0,0,0
2004-12-09,0,0,107.572,0,0,0,0,284.281,349.303,0,0,195.217,1203.774,0,0,0,0,0
2004-12-10,55.94,0,107.994,0,0,26.14,0,184.175,564.612,0,0,203.322,1314.81,0,0,0,0,0
2004-12-11,5.265,0,109.306,0,0,0,0,10.945,567.399,0,0,207.285,1326.481,0,0,0,0,0
2004-12-12,0,0,109.441,0,0,0,0,0,376.392,0,0,192.96,1259.269,0,0,0,0,0
2004-12-13,44.098,0,136.051,0,0,0,0,0,249.001,0,0,186.394,769.29,0,0,0,0,0
2004-12-14,10.38,0,152.314,0,0,0,0,0,371.041,0,0,194.414,1693.251,0,0,0,0,0
2004-12-15,53.015,0,150.416,0,0,0,0,0,276.768,0,0,236.05,1297.484,0,0,0,0,0
2004-12-16,7.8,0,137.497,0,0,0,0,43.598,459.911,0,73.246,271.157,1062.014,0,0,0,0,0
2004-12-17,0,0,116.243,0,0,0,0,137.261,567.489,0,286.183,190.114,1131.871,0,0,0,0,0
2004-12-18,0,0,0,0,0,0,0,123.557,630.034,0,0,0,1119.193,0,0,0,0,0
2004-12-19,63.171,0,90.523,0,0,0,0,393.142,0,0,101.854,130.655,1068.035,0,0,0,0,0
2004-12-20,0,0,130.518,0,0,0,0,288.118,430.925,0,181.483,207.251,958.925,0,0,0,0,0
2004-12-21,59.962,0,124.56,0,0,0,0,401.448,311.422,0,169.242,205.884,963.983,0,0,0,0,0
2004-12-22,0,0,59.335,0,0,0,0,308.026,716.346,0,90.453,77.936,879.433,0,0,0,0,0
2004-12-23,0,0,0,0,0,0,0,395.666,0,0,0,0,809.399,0,0,0,0,0
2004-12-24,0,0,0,0,0,0,0,151.064,0,0,0,0,1101.266,0,0,0,0,0
2004-12-25,0,0,0,0,0,0,0,0,0,0,0,0,1089.904,0,0,0,0,0
2004-12-26,0,0,0,0,0,0,0,0,0,0,0,0,1440.043,0,0,0,0,0
2004-12-27,136.648,0,107.601,0,0,0,0,192.82,0,0,113.628,0,2166.58,0,0,0,0,0
2004-12-28,96.916,0,131.697,0,0,0,0,257.535,0,0,231.909,144.957,1261.569,0,0,0,0,0
2004-12-29,14.563,0,127.037,0,0,0,0,194.1,0,0,191.492,74.788,952.902,0,0,0,0,0
2004-12-30,58.148,0,129.147,0,0,0,0,158.293,0,0,175.528,0,1039.348,0,0,0,0,0
2004-12-31,9.355,0,128.626,0,0,0,0,190.176,0,0,181.622,0,1176.565,0,0,0,0,0
2005-01-01,0,0,132.253,0,0,0,0,199.502,0,0,182.072,0,1174.27,0,0,0,0,0
2005-01-02,0,0,132.531,0,0,0,0,186.564,0,0,182.26,0,1323.196,0,0,0,0,0
2005-01-03,44.148,0,134.108,0,0,0,0,53.579,0,0,129.326,0,1275.912,0,0,0,0,0
2005-01-04,5.399,0,136.029,0,0,0,0,0,0,0,90.824,0,1024.077,0,0,0,0,0
2005-01-05,47.741,0,133.116,0,0,0,0,0,0,0,90.153,0,1016.659,0,0,0,0,0
2005-01-06,21.18,0,121.106,0,0,0,0,240.11,0,0,146.703,138.825,1150.618,0,0,0,0,0
2005-01-07,64.819,0,113.987,0,0,0,0,202.038,0,0,182.696,217.736,949.611,0,0,0,0,0
2005-01-08,18.52,0,110.7,0,0,0,0,165.44,0,0,178.165,214.033,969.364,0,0,0,0,0
2005-01-09,0,0,106.979,0,0,0,0,143.53,0,0,178.511,208.024,988.424,0,0,0,0,0
2005-01-10,0,0,101.345,0,0,0,0,66.918,0,0,308.384,73.708,986.553,0,0,0,0,0
2005-01-11,54.299,0,89.217,0,0,0,0,48.65,0,0,168.544,0,965.339,0,0,0,0,0
2005-01-12,15.903,0,97.699,0,0,0,0,59.272,0,0,330.362,0,986.763,0,0,0,0,0
2005-01-13,0,0,104.336,0,0,0,0,136.102,0,0,126.332,4.406,694.948,0,0,0,0,0
2005-01-14,0,0,39.725,0,0,0,0,103.383,0,0,100.221,29.498,1128.967,0,0,0,0,0
2005-01-15,0,0,0,0,0,0,0,0,928.406,0,174.08,136.022,1125.252,0,0,0,0,0
2005-01-16,0,0,0,0,0,0,0,0,822.53,0,172.247,176.842,942.086,0,0,0,0,0
2005-01-17,0,0,88.591,0,0,0,0,0,564.616,0,172.46,205.986,1017.487,0,0,0,0,0
2005-01-18,0,0,136.87,0,0,0,0,25.581,0,0,583.827,173.266,845.836,0,0,0,0,0
2005-01-19,0,0,118.09,0,0,0,0,11.957,0,0,488.619,0,692.551,0,0,0,0,0
2005-01-20,0,0,111.022,0,0,0,0,0,0,0,436.02,48.416,786.814,0,0,0,0,0
2005-01-21,0,0,120.972,0,0,0,0,0,0,0,333.074,40.213,945.692,0,0,0,0,0
2005-01-22,0,0,119.43,0,0,0,0,0,0,0,0,0,861.733,0,0,0,0,0
2005-01-23,0,0,105.889,0,0,0,0,0,0,0,0,0,949.193,0,0,0,0,0
2005-01-24,0,0,101.987,0,0,0,0,409.785,0,0,53.219,86.873,888.311,0,0,0,0,0
2005-01-25,0,0,93.888,0,0,0,0,136.099,0,0,51.824,49.209,908.472,0,0,0,0,0
2005-01-26,0,0,105.537,0,0,0,0,0,0,0,43.076,0,663.485,0,0,0,0,0
2005-01-27,0,0,113.219,0,0,0,0,0.983,0,0,82.261,0,876.877,0,0,0,0,0
2005-01-28,0,0,107.795,0,0,0,0,0,0,0,61.663,32.687,808.152,0,0,0,0,0
2005-01-29,0,0,105.998,0,0,0,0,0,0,0,0,34.404,790.541,0,0,0,0,0
2005-01-30,0,0,103.111,0,0,0,0,0,0,0,0,33.641,848.205,0,0,0,0,0
2005-01-31,0,0,65.19,0,0,0,0,0,0,0,0,38.941,945.32,0,0,0,0,0
2005-02-01,7.805,0,82.411,0,0,0,0,0,0,0,0,0,875.497,0,0,0,0,0
2005-02-02,50.15,0,122.407,0,0,0,0,0,0,0,24.827,0,788.878,0,0,0,0,0
2005-02-03,18.457,0,118.27,0,0,0,0,0,0,0,0.662,0,857.73,0,0,0,0,0
2005-02-04,51.7,0,106.531,0,0,0,0,0,95.223,0,0,0,857.233,0,0,0,0,0
2005-02-05,1.443,0,109.223,0,0,0,0,33.521,0,0,0,0,869.101,0,0,0,0,0
2005-02-06,0,0,98.116,0,0,0,0,74.206,0,0,0,0,828.491,0,0,0,0,0
2005-02-07,0,0,91.052,0,0,0,0,72.425,0,0,0,0,662.008,0,0,0,0,0
2005-02-08,0,0,91.419,0,0,0,0,0,131.32,0,0,0,697.843,0,0,0,0,0
2005-02-09,35.524,0,85.684,0,0,0,0,0,0,0,0,0,889.038,0,0,0,0,0
2005-02-10,125.549,0,85.567,0,0,33.609,0,0,0,0,0,0,893.688,0,0,0,0,0
2005-02-11,126.023,0,72.868,0,0,39.977,0,0,0,0,1.498,0,811.176,0,0,0,0,0
2005-02-12,126.573,0,52.843,0,0,0,0,0,0,0,0,0,766.534,0,0,0,0,0
2005-02-13,125.803,0,29.773,0,0,0,0,0,0,0,0,0,830.348,0,0,0,0,0
2005-02-14,2.655,0,46.815,0,0,0,0,0,0,0,0,0,816.156,0,0,0,0,0
2005-02-15,0,0,59.294,0,0,0,0,0,0,0,0,0,408.452,0,0,0,0,0
2005-02-16,94.628,0,63.714,0,0,0,0,0,0,0,0,0,0,0,0,0,0,0
2005-02-17,0,0,65.439,0,0,0,0,0,0,0,0,0,280.233,0,0,0,0,0
2005-02-18,45.765,0,57.985,0,0,0,0,0,0,0,0,0,823.707,0,0,0,0,0
2005-02-19,42.847,0,22.971,0,0,0,0,0,0,0,0,0,810.032,0,0,0,0,0
2005-02-20,0,0,0,0,0,0,0,0,0,0,0,0,795.997,0,0,0,0,0
2005-02-21,82.19,0,0,0,0,0,0,0,0,0,0,0,859.984,0,0,0,0,0
2005-02-22,98.252,0,0,0,0,0,0,0,0,0,0,0,814.225,0,0,0,0,0
2005-02-23,22.12,0,0,0,0,0,0,0,0,0,0,0,819.485,0,0,0,0,0
2005-02-24,124.378,0,0,0,0,0,0,0,0,0,114.31,0,841.963,0,0,0,0,0
2005-02-25,33.645,0,0,0,0,42.505,0,0,927.78,0,182.214,187.258,828.613,0,0,0,0,0
2005-02-26,0,0,0,0,0,0,0,0,1161.817,0,65.969,248.586,933.827,0,0,0,0,0
2005-02-27,0,0,0,0,0,0,0,0,1145.874,0,132.57,274.598,1248.909,0,0,0,0,0
2005-02-28,80.203,0,0,0,0,22.318,0,0,865.146,0,596.965,303.36,1440.084,0,0,0,0,0
2005-03-01,258.881,145.968,38.057,0,0,0,0,0,308.816,0,657.509,233.25,1071.005,0,0,0,0,0
2005-03-02,239.317,98.316,77.201,0,0,0,0,86.152,0,0,230.221,99.557,160.517,0,0,0,0,0
2005-03-03,121.013,0,19.485,0,0,0,0,8.239,231.659,0,2.265,272.437,627.913,0,0,0,0,0
2005-03-04,0,0,0,0,0,0,0,0,1158.929,0,0,279.361,1288.708,0,0,0,0,0
2005-03-05,0,0,0,0,0,0,0,0,0,0,168.695,348.886,1430.098,0,0,0,0,0
2005-03-06,87.68,0,0,0,0,0,0,0,0,0,88.304,312.616,1279.723,0,0,0,0,0
2005-03-07,39.274,0.52,0,0,0,0,0,0,0,0,0,264.876,1175.974,0,0,0,0,0
2005-03-08,33.833,0,0,0,0,0,0,0,630.767,0,0,208.401,1140.381,0,0,0,0,0
2005-03-09,0,0,0,0,0,0,0,0,1164.67,0,19.366,287.329,1085.822,0,0,0,0,0
2005-03-10,0,0,0,106.53,80.42,0,782.054,0,2979.366,982.752,536.586,354.462,1387.649,0,0,0,0,0
2005-03-11,0,0,0,104.3,81.93,0,657.739,0,1803.938,281.559,551.318,304.801,1471.909,0,0,0,0,0
2005-03-12,0,0,0,0,0,0,0,0,852.35,0,174.577,348.52,1200.621,0,0,0,0,0
2005-03-13,0,0,0,0,0,0,0,0,620.584,0,174.814,362.947,1054.658,0,0,0,0,0
2005-03-14,0,0,0,76.82,58.14,0,0,0,0,0,253.844,357.595,1322.74,0,0,0,0,0
2005-03-15,0,0,0,40.5,0,0,0,3.947,37.414,0,136.179,272.449,2029.487,0,0,0,0,0
2005-03-16,0,0,0,102.81,83.31,14.395,0,0,244.193,0,0,235.419,1649.418,0,0,0,0,0
2005-03-17,0,0,0.2,39.65,43.79,10.139,0,0,909.477,0,0,227.041,2037.313,0,0,0,0,0
2005-03-18,0,0,0,168.56,96.79,9.741,838.186,0,2680.529,1023.107,34.221,311.946,2449.55,0,0,0,0,0
2005-03-19,0,0,0,0,0,0,534.23,0,1878.517,538.013,172.471,347.904,2131.899,0,0,0,0,0
2005-03-20,0,0,0,0,0,0,125.071,0,1058.313,178.573,323.177,359.126,2535.216,0,0,0,0,0
2005-03-21,0,0,0,40.32,0,0,0,0,226.621,0,342.231,356.338,3185.825,0,0,0,0,0
2005-03-22,0,0,0,40.32,0,28.952,0,0,435.172,0,216.611,330.714,3847.955,0,0,0,0,0
2005-03-23,0,0,0,40.25,0,0,0,0,659.557,0,0,331.526,4555.314,0,0,0,0,0
2005-03-24,75.657,0,0,0,0,0,0,0,436.039,0,49.454,345.359,3832.116,0,0,0,0,0
2005-03-25,136.093,0,67.16,0,0,0,0,0,0,0,157.591,342.285,3784.845,0,0,0,0,0
2005-03-26,140.748,0,74.635,0,0,0,0,0,0,0,0,266.505,3947.239,0,0,0,0,0
2005-03-27,140.681,0,0,0,0,0,0,0,0,0,0,197.497,3994.703,0,0,0,0,0
2005-03-28,297.429,0,37.469,40.7,52.55,0.513,0,0,266.431,0,0,138.428,3830.252,0,0,0,0,0
2005-03-29,423.609,0,103.716,0,0,0,0,0,0,0,0,94.995,4245.753,0,0,0,0,0
2005-03-30,423.731,0,98.713,0,0,54.424,0,0,0,0,0,71.426,4279.587,0,0,0,0,0
2005-03-31,423.024,0,93.242,0,0,0,0,0,0,0,0,24.685,3848.102,0,0,0,0,0
2005-04-01,422.274,0,89.415,40.97,0,0,0,25.014,0,0,0,0,3914.975,0,0,0,0,0
2005-04-02,421.287,0,85.141,0,0,0,0,0,0,0,0,0,4164.932,0,0,0,0,0
2005-04-03,421.124,0,85.143,0,0,0,0,21.952,0,0,0,0,4329.445,0,0,0,0,0
2005-04-04,422.197,0,88.782,0,0,0,0,2.562,0,0,3.3,0,3764.05,0,0,0,0,0
2005-04-05,420.788,0,83.111,0,0,0.426,0,27.291,0,0,0,0,3680.58,0,0,0,0,0
2005-04-06,65.911,0,80.235,62.81,0,41.375,0,0,0,0,0,0,3852.803,0,0,0,0,0
2005-04-07,0,0,46.911,0,0,45.025,0,0,212.307,0,0,0,4662.313,0,0,0,0,0
2005-04-08,0,0,0,0,67.8,0,0,0,347.355,0,0,0,4963.796,0,0,0,0,0
2005-04-09,0,0,0,0,0,0,0,0,0,0,0,0,3359.254,0,0,0,0,0
2005-04-10,0,0,0,0,0,0,0,87.413,0,0,0,0,3182.276,0,0,0,0,0
2005-04-11,0,0,55.577,0,0,36.378,0,0,272.9,0,0,0,2807.578,0,0,0,0,0
2005-04-12,52.102,86.314,76.457,0,0,0,0,0,283.882,0,0,0.1,2387.273,0,0,0,0,0
2005-04-13,0,123.575,81.173,0,75.19,0,0,0,222.658,0,0,0,1972.903,0,0,0,0,0
2005-04-14,0,73.741,84.6,0,0,8.801,0,0,266.798,0,0,97.369,2288.817,0,0,0,0,0
2005-04-15,117.913,55.9,84.358,0,0,0,0,0,277.699,0,0,133.703,3389.872,0,0,0,0,0
2005-04-16,0,57.047,83.398,0,0,0,0,0,0,0,0,0,2955.688,0,0,0,0,0
2005-04-17,11.817,58.012,80.907,0,0,0,0,115.788,0,0,0,0,2829.318,0,0,0,0,0
2005-04-18,181.593,149.189,76.992,0,0,37.298,0,0,328.26,0,0,0,2940.409,0,0,0,0,0
2005-04-19,139.66,196.431,75.821,0,0,0,0,0,354.58,0,0,0,3028.805,0,0,0,0,0
2005-04-20,91.101,185.988,70.207,0,0,0,0,0,0,0,0,0,2818.896,0,0,0,0,0
2005-04-21,54.768,181.081,19.884,0,0,48.81,317.401,0,0,0,0,0,2580.519,0,0,0,0,0
2005-04-22,60.073,182.192,0,0,0,3.701,16.927,0,283.35,0,0,0,2400.033,0,0,0,0,0
2005-04-23,52.063,184.95,0,0,0,0,0,0,278.494,0,0,0,2275.44,0,0,0,0,0
2005-04-24,6.508,185.932,0,0,0,0,0,0,282.38,0,0,0,2107.089,0,0,0,0,0
2005-04-25,142.222,185.192,0,0,0,0,0,0,279.597,0,0,0,1874.126,0,0,0,0,0
2005-04-26,124.48,74.015,0,0,0,0,0,0,277.843,0,0,0,1556.947,0,0,0,0,0
2005-04-27,98.135,0,0,0,0,7.673,0,0,283.809,0,0,0,2104.729,0,0,0,0,0
2005-04-28,174.757,0,0,0,0,39.376,0,0,297.043,0,0,0,1848.133,0,0,0,0,0
2005-04-29,124.222,0.32,0,0,0,49.202,0,0,273.502,0,0,0,1430.909,0,0,0,0,0
2005-04-30,64.572,0,0,0,0,0,0,0,293.031,0,0,0,1211.419,0,0,0,0,0
2005-05-01,46.467,0,0,0,0,0,0,0,292.406,0,0,0,1272.794,0,0,0,0,0
2005-05-02,59.512,0,0,0,0,0,0,0,299.369,0,0,0,1230.837,0,0,0,0,0
2005-05-03,73.54,0,0,0,0,0,0,0,304.857,0,0,0,1305.48,0,0,0,0,0
2005-05-04,0,0,0,0,0,0,0,0,538.789,0,0,19.507,1651.727,0,0,0,0,0
2005-05-05,0,0,0,0,0,0,502.491,0,2671.658,982.342,0,140.92,1852.398,0,0,0,0,0
2005-05-06,172.466,0,0,0,0,0,249.078,0,1417.279,224.401,155.837,169.104,1881.894,0,0,0,0,0
2005-05-07,259.175,0,0,0,0,0,0,0,463.371,0,177.274,283.159,1559.749,0,0,0,0,0
2005-05-08,258.424,0,0,0,0,0,0,0,269.808,0,335.06,289.251,1741.44,0,0,0,0,0
2005-05-09,137.375,0,0,0,0,0,0,0,0,0,183.783,212.667,2178.759,0,0,0,0,0
2005-05-10,88.796,0,0,0,0,0,0,0,0,0,138.951,10.572,2248.496,0,0,0,0,0
2005-05-11,111.204,0,0,0,0,0,0,0,210.83,0,92.442,0,2361.612,0,0,0,0,0
2005-05-12,102.644,0,0,0,0,0,0,0,125.444,0,31.159,0.452,1857.818,0,0,0,0,0
2005-05-13,124.529,0,0,0,0,6.4,0,0,279.437,0,0,0,1258.2,0,0,0,0,0
2005-05-14,62.309,0,0,0,0,0,0,0,127.273,0,0,0,1871.493,0,0,0,0,0
2005-05-15,124.003,0,0,0,0,0,0,0,272.223,0,0,0,1931.912,0,0,0,0,0
2005-05-16,92.067,0,0,0,0,0,0,0,329.203,0,0,0.412,1489.272,0,0,0,0,0
2005-05-17,0,0,0,0,0,0,0,0,227.028,0,0,0,1445.221,0,0,0,0,0
2005-05-18,114.195,0,0,0,0,0,0,0,261.703,0,0,0,1603.541,0,0,0,0,0
2005-05-19,209.528,0,0,0,0,0.868,0,0,198.252,0,0,0,1433.116,0,0,0,0,0
2005-05-20,183.947,0,0,0,0,0,0,0,233.781,0,0,0,1406.58,0,0,0,0,0
2005-05-21,112.452,0,0,0,0,0,0,0,266.474,0,0,0,1251.207,0,0,0,0,0
2005-05-22,189.463,0,0,0,0,0,0,0,245.108,0,0,0,1136.813,0,0,0,0,0
2005-05-23,178.098,0,0,0,0,0,0,0,280.4,0,0,0,1255.416,0,0,0,0,0
2005-05-24,87.233,0,0,0,0,0.698,0,0,247.537,0,0,0,1201.337,0,0,0,0,0
2005-05-25,61.835,0,0,0,0,124.304,0,0,281.357,0,0,0,1187.404,0,0,0,0,0
2005-05-26,0,0,0,0,0,250.762,0,0,283.452,0,0,0,1176.564,0,0,0,0,0
2005-05-27,0,0,0,73.65,77.19,249.569,0,0,495.037,0,0,7.47,1308.251,0,0,0,0,0
2005-05-28,0,0,0,4.47,0,249.502,0,0,595.038,0,0,143.947,1244.082,0,0,0,0,0
2005-05-29,0,0,0,0,0,249.216,0,0,406.369,0,0,46.445,1084.468,0,0,0,0,0
2005-05-30,0,0,0,47.45,16.89,99.567,0,0,175.122,0,0,0,991.881,0,0,0,0,0
2005-05-31,0,0,0,175.45,136.18,0,0,0,608.401,0,0,111.143,1676.268,0,0,0,0,0
2005-06-01,0,0,0,121.29,93.46,81.058,644.964,0,2321.412,668.107,408.467,229.339,1681.096,0,0,0,0,0
2005-06-02,0,0,0,109.4,177.76,98.041,1185.385,0,2980.194,1361.362,520.107,261.106,3510.277,0,0,0,0,0
2005-06-03,161.268,0,0,177.55,213.46,91.65,1483.969,0,3501.517,1037.683,515.027,123.897,5019.348,0,0,236,223,0
2005-06-04,261.287,0,0,204.06,131.31,0,1464.371,0,4054.916,277.413,515.814,0,7145.176,0,0,391,388,0
2005-06-05,67.922,0,0,0,0,0,1323.968,0,3754.058,389.956,512.387,0,7504.638,0,0,393,389,0
2005-06-06,0,0,0,80.88,64.95,0.042,990.914,0,2893.831,571.739,512.456,0,7555.318,0,0,404,404,0
2005-06-07,0,0,0,0,27.72,120.629,796.153,0,2024.511,180.567,514.497,0,6977.546,0,0,965,603,506
2005-06-08,177.649,0,0,80.07,31.49,121.339,72.416,0,856.555,57.446,517.691,0,6270.231,0,0,1163,646,733
2005-06-09,381.131,0,0,80.04,33.35,154.672,0,0,272.113,121.16,516.933,0,5816.335,0,0,1111,607,694
2005-06-10,184.589,0,0,243.84,203.95,120.028,0,0,675.154,0,305.488,0,4804.588,0,0,1085,590,679
2005-06-11,0,0,0,82.05,51.85,0,487.174,0,1854.723,509.043,532.654,0,4830.082,0,0,1079,592,678
2005-06-12,451.236,0,0,0,0,0,190.909,0,985.134,224.105,696.052,0,4456.826,0,0,1062,577,664
2005-06-13,363.076,0,0,0,0,0,0,0,388.952,0,691.371,0,3931.034,0,0,1023,557,648
2005-06-14,384.851,0,0,82.49,70.62,77.178,0,0,0,0,531.233,0.368,3442.935,0,0,973,534,626
2005-06-15,401.634,0,0,0,0,122.524,0,0,0,0,196.411,0,3342.495,0,0,908,503,600
2005-06-16,451.246,0,0,77.68,73.52,64.764,0,0,0,0,0,140.945,3342.721,0,0,644,467,565
2005-06-17,223.686,0,0,77.14,27.11,0,0,0,0,0,0,144.917,3101.095,0,0,466,474,NA
2005-06-18,416.977,0,0,0,0,0,0,0,0,0,0,101.402,3037.793,0,0,442,454,NA
2005-06-19,249.479,0,0,134.69,113.29,0,0,0,0,0,0,103.459,2669.915,0,0,438,448,NA
2005-06-20,0,0,0,179.4,180.48,59.706,0,0,565.383,0,123.078,73.074,3472.776,0.108,0,438,448,NA
2005-06-21,0,0,0,144.46,64.04,104.153,0,0,526.948,0,270.596,77.015,3987.167,0,0,462,472,NA
2005-06-22,0,0,0,0,0,51.154,0,0,0,0,620.114,85.391,4427.437,0,0,463,467,NA
2005-06-23,0,0,0,84.18,64.55,161.51,0,0,141.478,0,663.012,0,5298.929,0,0,469,466,NA
2005-06-24,0,0,0,117.44,98.05,137.039,0,0,403.314,0,435.71,0,4723.156,0,0,457,456,NA
2005-06-25,0,0,0,77.45,69.13,123.766,0,0,0,0,400.12,0,5768.447,0,0,428,432,NA
2005-06-26,0,0,0,0,0,108.444,0,0,0,0,396.768,0,6327.446,0,0,408,412,NA
2005-06-27,0,0,0,82.98,27.54,83.068,0,0,1072.228,0,290.811,0,7131.002,0,0,396,416,NA
2005-06-28,0,0,0,77.45,52.6,86.302,86.122,0,1417.989,0,611.631,74.182,7217.507,0,0,439,169,304
2005-06-29,0,0,0,175.57,160.64,112.628,1382.092,0,1651.295,0,1127.015,103.029,8000.669,0,0,560,0,0
2005-06-30,227.167,0,0,263.56,241.74,116.958,1083.391,0,1646.912,9.593,1154.37,0,8384.671,0,0,625,0,0
2005-07-01,316.023,0,0,255.11,236.56,171.441,539.671,0,1297.956,0,800.972,0,10466.547,0,0,651,0,0
2005-07-02,566.807,0,0,155.01,76.51,204.384,0,0,437.519,0,634.965,0,10902.412,0,0,661,0,0
2005-07-03,567.147,0,0,21.88,78.59,100.411,0,0,0,0,503.082,0,10439.082,0,0,667,0,0
2005-07-04,499.227,0,0,170.21,114.83,0,0,0,0,0,504.207,0,10420.648,0,0,674,0,0
2005-07-05,316.291,0,0,171.12,124.68,0,0,0,0,0,513.21,0,10021.904,0,0,673,0,0
2005-07-06,343.286,0,0.16,165.12,108.13,0,0,0,0,0,294.762,0,9750.862,0,0,672,0,0
2005-07-07,381.24,0,0.291,165.62,88.37,0,0,0,0,0,115.884,0,10354.54,0,0,660,0,0
2005-07-08,557.405,0,0.328,106.14,118.62,0,0,0,389.595,0,148.312,0,10534.105,0,0,NA,332,824
2005-07-09,108.493,0,0.404,66.22,71.12,0,0,0,725.211,0,181.034,26.81,10857.548,0,0,820,25,864
2005-07-10,0,0,0.26,0,0,0,0,0,347.25,0,183.144,211.602,11160.348,0,0,682,0,740
2005-07-11,407.778,0,0.152,0,0,162.404,0,0,379.434,0,333.381,160.297,11042.982,0,0,476,0,501
2005-07-12,563.376,0,0.053,0,0,244.393,0,0,291.771,0,311.178,100.504,10800.232,0,0,420,188,216
2005-07-13,532.796,0,0,0,0,76.562,0,0,0,0,183.405,247.647,10653.366,0,0,494,0,0
2005-07-14,538.681,0,0,0,0,NA,0,0,503.138,0,185.819,76.173,10453.764,0,0,508,0,0
2005-07-15,544.333,0,0,72.07,47.93,NA,0,0,575.739,0,181.666,30.718,10174.187,0,0,503,0,0
2005-07-16,542.959,0,0,0,0,NA,0,0,0,0,183.926,225.609,10027.872,0,0,500,0,0
2005-07-17,541.361,0,0,0,0,NA,0,0,0,0,183.164,122.726,9744.689,0,0,486,0,0
2005-07-18,467.623,0,0,0,0,NA,0,0,565.342,0.027,222.884,28.448,9634.58,0,0,468,0,0
2005-07-19,399.592,0,0,0,0,NA,0,0,280.337,0,185.988,126.827,9281.466,0,0,144,0,0
2005-07-20,476.222,0,0,66.46,43.95,0,0,0,0,0,114.257,52.921,8496.074,0,0,0,0,0
2005-07-21,499.246,90.985,0,46.76,17.96,0.852,0,0,0,0,0,55.819,8062.515,0,0,0,0,0
2005-07-22,560.367,61.463,0,54.64,27.86,0,0,0,0,0,0,110.336,7261.37,0,0,0,0,0
2005-07-23,424.284,0,0,0,0,0,0,0,0,0,0,145.883,6153.201,0,0,0,0,0
2005-07-24,361.662,0,0,0,0,0,0,0,0,0,0,33.304,4890.53,0,0,0,0,0
2005-07-25,402.775,0,0,0,0,0,0,0,0,0,0,0,4532.844,0,0,0,0,0
2005-07-26,195.333,0,0,0,0,0.602,0,0,0,0,0,0,4479.16,0,0,0,0,0
2005-07-27,0,0,0,0,0,30.309,0,0,0,0,0,0,4254.335,0,0,0,0,0
2005-07-28,47.449,0,0,0,0,6.344,0,1.221,0,0,0,0,4508.862,0,0,0,0,0
2005-07-29,0,0,0,0,0,0,0,14.176,0,0,0,0,4241.458,0,0,0,0,0
2005-07-30,97.32,0,0,0,0,0,0,72.471,0,0,0,0,3834.088,0,0,0,0,0
2005-07-31,105.856,0,0,78.02,58.51,0,0,52.162,0,0,0,0,3482.635,0,0,0,0,0
2005-08-01,121.456,0,0,0,0,0,0,21.201,163.839,0,0,0,3519.669,0,0,0,0,0
2005-08-02,33.438,0,0,0,0,159.165,0,0,656.636,0,0,0,3375.74,0,0,0,0,0
2005-08-03,0,0,0,0,0,58.089,0,0,498.86,0,0,0,2920.453,0,0,0,0,0
2005-08-04,0,0,0,0,0,0,0,0,0,0,0,50.18,2949.472,0,0,0,0,0
2005-08-05,0,0,0,78.11,66.28,25.901,0,0,0,0,73.881,63.769,3368.5,0,0,0,0,0
2005-08-06,0,0,0,0,0,NA,0,0,0,0,184.51,0,3275.871,0,0,0,0,0
2005-08-07,0,0,0,36.55,57.34,NA,0,0,0,0,65.518,0,2965.766,0,0,0,0,0
2005-08-08,0,0,0,61.19,70.1,NA,0,0,0,0,0,0,2736.181,0,0,0,0,0
2005-08-09,0,0,0,24.92,0,NA,0,0,0,0,0,0.484,2685.405,0,0,0,0,0
2005-08-10,0,0,0,61.31,14.86,NA,0,0,0,0,0,0,2898.613,0,0,0,0,0
2005-08-11,0,0,0,0,0,NA,0,0,0,0,25.798,0,2768.239,0,0,0,0,0
2005-08-12,0,0,0,38.72,20.45,NA,0,0,0,0,0,0,2489.328,0,0,0,0,0
2005-08-13,0,0,0,0,0,NA,0,0,0,0,0,0,3197.1,0,0,0,0,0
2005-08-14,0,0,0,0,0,NA,0,0,0,0,0,0,2906.588,0,0,0,0,0
2005-08-15,0,0,0,33.42,52.96,NA,0,0,0,0,22.7,0,2956.959,0,NA,0,0,0
2005-08-16,0,0,0,0,0,NA,0,0,0,0,0,0,3175.742,0,NA,0,0,0
2005-08-17,0,0,0,0,0,0,0,0,0,0,0,0,2455.499,0,NA,0,0,0
2005-08-18,0,0,0,0,0,30.264,0,0,0,0,22.943,0,2626.052,0,NA,0,0,0
2005-08-19,0,0,0,55.45,51.36,0,0,0,0,0,0,0,2689.037,0,NA,0,0,0
2005-08-20,0,0,0,0,0,0,0,0,0,0,0,0,2739.895,0,NA,0,0,0
2005-08-21,0,0,0,0,0,0,0,0,0,0,25.906,0,2783.267,0,NA,0,0,0
2005-08-22,0,0,0,0,0,146.516,0,2.089,0,0,14.306,99.965,2662.649,0,NA,0,0,0
2005-08-23,0,0,0,0,0,77.169,0,0,0,0,61.392,145.332,2457.409,0,NA,0,0,0
2005-08-24,0,0,0,167.57,179.98,0,0,0,836.736,0,157.081,141.109,2402.726,0,NA,0,0,0
2005-08-25,0,0,0,222.38,215.45,3.552,0,0,599.264,0,568.303,68.236,2647.355,0,NA,0,0,0
2005-08-26,0,0,68.685,95.44,34.19,0,0,0,202.788,0,479.289,111.219,2633.504,0,NA,0,0,0
2005-08-27,0,0,35.896,0,0,22.892,0,0,0,0,181.925,213.89,2835.616,0,NA,0,0,0
2005-08-28,0,0,0,0,0,20.284,0,0,784.076,0,104.993,183.587,2871.268,0,NA,0,0,0
2005-08-29,0,0,0,0,0,112.096,0,0,415.389,0,245.824,142.797,3124.564,0,NA,0,0,480
2005-08-30,0,0,0,76.99,70.68,88.592,0,0,314.48,0,294.657,94.189,3399.117,0,NA,0,0,900
2005-08-31,0,0,0,76.4,65.83,3.751,0,0,0,0,241.445,78.495,3563.997,0,NA,0,0,905
2005-09-01,0,0,0,0,0,22.61,0,0,508.33,0,56.26,72.074,3819.183,0,NA,0,0,909
2005-09-02,0,0,0,19.3,24.4,0,0,0,561.246,0,18.197,220.661,3947.34,0,NA,0,0,680
2005-09-03,0,0,0,52.19,62.76,0,0,0,316.442,0,151.747,203.82,4349.912,0,NA,0,0,0
2005-09-04,0,0,0,46.09,50.49,15.787,0,0,380.164,0,151.59,199.613,4372.639,0,NA,0,0,0
2005-09-05,0,0,0,54.63,61.14,6.323,0,0,377.307,0,333.729,184.773,4241.4,0,NA,0,0,0
2005-09-06,0,0,0,86.68,86.51,31.014,0,0,595.006,0,367.51,198.41,4272.768,0,NA,0,0,0
2005-09-07,0,0,0,41.07,22.07,0,0,0,515.508,0,326.186,206.725,4173.54,0,NA,0,0,0
2005-09-08,0,0,0,75.73,0,15.847,0,0,269.16,0,345.706,209.025,3967.064,0,NA,0,0,0
2005-09-09,0,0,0,0,43.73,0,0,0,0,0,174.805,212.469,3874.354,0,NA,0,0,0
2005-09-10,0,0,0,0,0,14.437,0,0,0,0,175.069,96.461,3635.609,0,NA,0,0,0
2005-09-11,0,0,0,0,0,13.088,0,0,0,0,102.262,0,3532.389,0,NA,0,0,0
2005-09-12,0,0,0,76.14,51.67,0,0,0,0,0,0,39.314,3448.723,0,NA,0,0,0
2005-09-13,0,0,0,0,0,20.762,0,0,0,0,0,60.398,3283.369,0,NA,0,0,0
2005-09-14,0,0,0,0,0,0,0,0,0,0,0,0,3146.165,0,NA,0,0,0
2005-09-15,0,0,0,0,0,0,0,0,0,0,0,31.304,2864.791,0,NA,0,0,0
2005-09-16,0,0,0,81.98,45.24,63.834,0,0,0,0,0,22.308,2618.659,0,NA,0,0,0
2005-09-17,0,0,0,0,0,0,0,0,0,0,0,0,2356.197,0,NA,0,0,0
2005-09-18,0,0,0,0,0,0,0,0,0,0,0,0,2510.137,0,NA,0,0,0
2005-09-19,0,0,0,105.73,176.99,0,0,0,0,0,0,0,2211.115,0,NA,0,0,0
2005-09-20,0,0,0,80.43,85.87,20.114,0,0,492.75,0,103.348,127.856,1973.208,0,NA,0,0,0
2005-09-21,0,0,0,0,0,0,0,0,0,0,127.758,48.418,2177.805,0,NA,0,0,0
2005-09-22,0,0,0,0,0,15.191,0,0,0,0,0,0,2293.045,0,NA,0,0,0
2005-09-23,0,0,0,0,0,0,0,0,0,0,0,0,1883.457,0,NA,0,0,0
2005-09-24,0,0,0,0,0,21.102,0,0,0,0,0,0,1637.759,0,NA,0,0,0
2005-09-25,0,0,0,0,0,0,0,0,0,0,0,0,1428.965,0,NA,0,0,0
2005-09-26,0,0,0,0,0,8.669,0,0,0,0,22.201,0,1494.895,0,NA,0,0,0
2005-09-27,0,0,28.873,0,0,106.356,0,0,134.05,0,0,0,1449.312,0,NA,0,0,0
2005-09-28,0,0,NA,0,0,324.841,0,3.95,51.536,0,132.23,39.665,1266.475,0,NA,0,0,0
2005-09-29,0,0,NA,29.53,69.52,323.658,0,0,352.36,0,206.146,49.387,1528.595,0,NA,0,0,0
2005-09-30,0,0,NA,0,0,270.811,0,0,214.482,0,197.525,13.183,1685.657,0,NA,0,0,0
2005-10-01,0,0,NA,0,0,105.288,0,0,0,0,86.978,0,1372.926,0,NA,0,0,0
2005-10-02,0,0,NA,0,0,0,0,0,0,0,0,0,1292.757,0,NA,0,0,0
2005-10-03,0,0,NA,43.1,35.22,76.678,0,0,302.786,0,174.786,40.965,1283.132,0,NA,0,0,0
2005-10-04,0,0,NA,122.93,173.84,115.639,0,0,646.401,0,277.898,64.284,1263.164,0,NA,0,0,0
2005-10-05,0,0,0,64.33,93.13,118.089,0,0,1208.985,0,292.375,162.705,1279.658,0,NA,0,0,0
2005-10-06,0,0,0,0,0,38.542,0,0,879.713,0,770.108,217.105,1133.365,0,NA,0,0,0
2005-10-07,0,0,0,44.62,98.42,68.932,0,0,1057.695,0,728.336,172.158,1235.437,0,NA,0,0,0
2005-10-08,0,0,0,0,0,112.259,0,0,103.332,0,917.745,162.29,1210.429,0,NA,0,0,0
2005-10-09,0,0,0,0,0,0,0,0,0,0,450.614,136.026,1354.719,0,NA,0,0,0
2005-10-10,0,0,0,32.01,36.58,81.461,0,0,0,0,82.857,141.238,1063.85,0,NA,0,0,0
2005-10-11,0,0,0,0,0,119.779,0,0,1413.894,0,32.888,180.282,1091.17,0,NA,0,0,0
2005-10-12,0,0,0,80.14,38.17,119.445,0,0,470.325,0,81.348,291.997,1135.284,0,NA,0,0,0
2005-10-13,0,0,0,0,0,51,0,0,395.452,0,221.34,397.356,1253.597,0,NA,0,0,0
2005-10-14,0,0,0,0,0,42.664,0,0,136.59,0,326.321,322.735,1184.94,0,NA,0,0,0
2005-10-15,0,0,0,0,0,0,0,0,0,0,174.441,236.179,1129.257,0,NA,0,0,0
2005-10-16,0,0,0,0,0,0,0,0,0,0,63.971,48.765,944.148,0,NA,0,0,0
2005-10-17,0,0,0,0,0,28.775,0,0,0,0,0,44.21,933.187,0,NA,0,0,0
2005-10-18,0,0,0,83.08,72.51,0,0,0,0,0,0,59.424,1011.566,0,NA,0,0,0
2005-10-19,0,0,0,74.4,163.72,0,0,0,385.628,0,0,36.291,998.818,0,NA,0,0,0
2005-10-20,0,0,0,117.85,79.11,0,0,0,816.725,0,149.889,190.768,906.777,0,NA,0,0,0
2005-10-21,0,0,0,115.49,0.08,0,0,0,110.772,0,313.212,154.65,874.519,0,NA,0,0,0
2005-10-22,0,0,0,116.84,0,0,0,0,413.676,0,251.459,129.224,848.833,0,NA,0,0,0
2005-10-23,0,0,0,114.24,1.15,98.777,0,0,174.288,0,364.442,50.672,1164.71,0,NA,0,0,0
2005-10-24,0,0,0,114.44,35.44,157.965,0,0,928.828,0,297.851,0,4436.338,0,NA,0,0,0
2005-10-25,0,0,89.62,0,45.72,167.413,0,0,2430.194,0,599.316,0,4623.969,0,NA,0,0,0
2005-10-26,518.996,0,199.034,89.8,55.86,344.794,84.869,0,2871.761,400.224,928.455,0,7768.699,0,NA,0,0,0
2005-10-27,649.71,0,142.575,90.9,66.59,602.634,24.08,0,1998.616,0,1125.598,0,9561.118,0,NA,0,0,0
2005-10-28,222.869,0,143.247,45.46,30.72,1028.808,0,0,1406.842,0,1222.039,0,10322.192,0,NA,0,0,0
2005-10-29,382.324,0,127.474,0,0,816.501,0,203.401,572.071,0,1134.983,0,10412.817,0,NA,0,0,0
2005-10-30,265.947,0,125.466,0,0,410.284,0,233.147,722.269,0,1033.879,0,10441.344,0,NA,0,0,0
2005-10-31,329.21,0,124.988,75.11,59.17,166.588,0,165.645,643.232,0,956.681,0,10118.266,0,NA,0,0,0
2005-11-01,246.095,0,41.958,59.16,70.23,242.691,0,135.022,374.395,0,753.157,0,10486.651,0,NA,0,0,0
2005-11-02,0,0,0,0,75.28,246.654,0,86.885,1265.489,0,723.209,0,10867.016,0,NA,0,0,0
2005-11-03,77.487,0,0,0,75.26,329.714,0,0,628.265,0,477.233,0,10726.696,0,NA,0,0,0
2005-11-04,0,0,0,0,65.82,328.612,0,0,511.894,0,368.093,0,9857.628,0,NA,0,0,0
2005-11-05,0,0,129.988,77.7,28.98,330.747,0,0,395.865,0,410.433,0,9041.79,0,NA,0,0,0
2005-11-06,0,0,146.507,0,0,341.021,0,0,328.661,0,417.41,0,7618.106,0,NA,0,0,0
2005-11-07,0,0,127.387,0,0,217.226,0,0,0,0,410.055,0,6099.384,0,NA,0,0,0
2005-11-08,0,0,126.216,0,0,121.715,0,0,0,0,393.821,0,6125.882,0,NA,0,0,0
2005-11-09,273.519,0,126.858,0,0,190.099,0,0,323.996,0,394.045,0,5064.673,0,NA,0,0,0
2005-11-10,345.849,0,127.464,85.7,74.64,241.92,0,0,0,0,418.742,10.901,5371.154,0,NA,0,0,0
2005-11-11,361.741,0,127.202,0,0,240.886,0,0,0,0,297.881,41.502,4993.069,0,NA,0,0,0
2005-11-12,372.898,0,126.274,0,0,239.354,0,0,0,0,0,36.462,4281.387,0,NA,0,0,0
2005-11-13,424.322,0,124.563,0,0,173.934,0,0,0,0,0,70.452,4398.518,0,NA,0,0,0
2005-11-14,134.674,0,79.059,58.34,45.11,43.17,0,0,27.39,0,20.564,50.215,4079.144,0,NA,0,0,0
2005-11-15,0,0,0,0,0,0,0,183.782,0,0,0,0,3736.834,0,NA,0,0,0
2005-11-16,0,0,0,0,0,0,0,341.906,0,0,0,59.72,3633.653,0,NA,0,0,0
2005-11-17,0,0,93.369,0,0,0,0,365.54,0,0,0,69.894,3394.575,0,NA,0,0,0
2005-11-18,0,0,36.421,74.47,59.55,0,0,150.387,341.215,0,0,69.361,3105.864,0,NA,0,0,0
2005-11-19,0,0,0,0,0,0,0,0,0,0,0,0.743,3152.063,0,NA,0,0,0
2005-11-20,0,0,0,0,0,0,0,0,1370.417,0,81.324,219.082,3173.833,0,NA,0,0,0
2005-11-21,0,0,0,75.21,62.59,1.599,0,0,728.238,0,172.258,248.724,3090.715,0,NA,0,0,0
2005-11-22,0,0,0,55.72,21.55,187.043,0,0,825.305,0,369.304,328.441,2884.019,0,NA,0,0,0
2005-11-23,0,0,0,36.78,44.78,337.318,0,0,503.525,0,419.164,317.433,2812.383,0,NA,0,0,0
2005-11-24,0,0,0,0,0,105.125,0,0,0,0,2.474,281.492,2653.714,0,NA,0,0,0
2005-11-25,0,0,0,0,0,0,0,0,0,0,0,279.527,2166.572,0,NA,0,0,0
2005-11-26,0,0,0,0,0,0,0,0,0,0,0,260.589,2211.034,0,NA,0,0,0
2005-11-27,0,0,0,0,0,0,0,0,0,0,0,154.364,2171.871,0,NA,0,0,0
2005-11-28,0,0,0,0,0,0,0,0,0,0,102.932,67.289,2055.445,0,NA,0,0,0
2005-11-29,0,0,0,74.21,0,0,0,0,0,0,169.638,0.095,2219.17,0,NA,0,0,0
2005-11-30,0,0,0,74.37,0,0,0,0,0,0,72.477,2.213,2196.558,0,NA,0,0,0
2005-12-01,0,0,0,74.08,0,0,0,0,0,0,0,77.114,1867.341,0,NA,0,0,0
2005-12-02,0,0,0,0,0,0,0,0,0,0,0,0,1717.412,0,NA,0,0,0
2005-12-03,0,0,0,0,0,0,0,0,0,0,0,46.309,2048.196,0,NA,0,0,0
2005-12-04,0,0,80.765,0,0,0,0,0,0,0,0,0,1886.247,0,NA,0,0,0
2005-12-05,0,0,106.537,0,0,0,0,0,0,0,0,0,1806.943,0,NA,0,0,0
2005-12-06,0,0,0,74.73,0,0,0,0,0,0,0,0,1936.715,0,NA,0,0,0
2005-12-07,0,0,0,74.21,0,31.273,0,0,3.596,0,0,0,1958.424,0,NA,0,0,0
2005-12-08,0,0,0,0,0,0,0,432.7,0,0,0,0,1690.409,0,NA,0,0,0
2005-12-09,0,0,0,74.47,0,0,0,358.087,0,0,0,0,1555.817,0,NA,0,0,0
2005-12-10,0,0,0,0,0,0,0,0,0,0,0,0,1549.275,0,NA,0,0,0
2005-12-11,0,0,0,0,0,0,0,0,0,0,0,0,1626.716,0,NA,0,0,0
2005-12-12,0,0,0,0,0,72.934,0,0,0,0,0,0,1753.05,0,NA,0,0,0
2005-12-13,0,0,78.877,0,0,121.533,0,0,0,0,0,0,1509.14,0,NA,0,0,0
2005-12-14,0,0,122.927,0,0,121.312,0,0,0,0,0,0,1539.78,0,NA,0,0,0
2005-12-15,0,0,72.87,0,0,60.36,0,0,0,0,0,0,1513.181,0,NA,0,0,0
2005-12-16,0,0,0,80.47,0,32.577,0,0,0,0,0,0,1516.773,0,NA,0,0,0
2005-12-17,0,0,0,0,0,0,0,0,0,0,0,0,1548.511,0,NA,0,0,0
2005-12-18,0,0,0,0,0,0,0,0,0,0,0,0,1709.731,0,NA,0,0,0
2005-12-19,0,0,0,80.41,0,0,0,0,0,0,0,0,1808.442,0,NA,0,0,0
2005-12-20,0,0,0,0,0,0,0,0,0,0,0,0,1609.296,0,NA,0,0,0
2005-12-21,0,0,83.655,0,0,29.065,0,0,0,0,0,0,1487.672,0,NA,0,0,0
2005-12-22,0,0,147.843,79.86,0,0,0,0,0,0,0,0,1695.405,0,NA,0,0,0
2005-12-23,0,0,173.074,0,0,0,0,0,0,0,0,0,1596.645,0,NA,0,0,0
2005-12-24,0,0,167.657,0,0,0,0,0,0,0,0,0,1369.519,0,NA,0,0,0
2005-12-25,0,0,165.947,0,0,0,0,0,0,0,0,0,1513.081,0,NA,0,0,0
2005-12-26,0,0,164.975,0,0,0,0,0,0,0,0,0,1551.974,0,NA,0,0,0
2005-12-27,22.933,0,164.674,0,0,0,0,0,0,0,0,0,1451.265,0,NA,0,0,0
2005-12-28,0,0,164.401,0,0,0,0,0,0,0,0,0,1427.578,0,NA,0,0,0
2005-12-29,0,0,162.559,0,0,0,0,0,0,0,0,0,1528.144,0,NA,0,0,0
2005-12-30,0,0,161.557,0,0,18.033,0,0.23,0,0,0,0,1509.716,0,NA,0,0,0
2005-12-31,0,0,161.38,0,0,0,0,0,0,0,0,0,1536.481,0,NA,0,0,0
2006-01-01,0,0,159.743,0,0,0,0,0,0,0,0,0,1621.15,0,NA,0,0,0
2006-01-02,0,0,158.811,0,0,0,0,0,0,0,0,0,1554.477,0,NA,0,0,0
2006-01-03,0,0,161.002,0,0,0,0,0,0,0,0,0,1492.618,0,NA,0,0,0
2006-01-04,0,0,160.623,0,0,55.107,0,0,0,0,0,0,1440.136,0,NA,0,0,0
2006-01-05,0,0,159.675,0,0,121.812,0,0,0,0,0,0,1350.313,0,NA,0,0,0
2006-01-06,44.327,99.019,156.64,0,0,44.025,0,0,0,0,0,0,1237.738,0,NA,0,0,0
2006-01-07,52.362,138.614,140.036,0,0,0,0,0,0,0,0,0,1336.508,0,NA,0,0,0
2006-01-08,31.095,59.013,103.365,0,0,0,0,0,0,0,0,0,1511.38,0,NA,0,0,0
2006-01-09,0,5.356,98.329,0,0,0,0,0,0,0,0,0,1440.245,0,NA,0,0,0
2006-01-10,0,0,99.197,0,0,0,0,0.665,0,0,0,0,1190.513,0,NA,0,0,0
2006-01-11,0,0,104.421,0,0,0,0,0,0,0,0,0,1298.305,0,NA,0,0,0
2006-01-12,0,0,107.265,0,0,0,0,0,0,0,0,0,1419.978,0,NA,0,0,0
2006-01-13,0,0,105.053,0,0,0,0,0,0,0,0,0,1255.927,0,NA,0,0,0
2006-01-14,57.038,0,100.835,0,0,0,0,0,0,0,0,0,1338.241,0,NA,0,0,0
2006-01-15,50.039,0,97.474,0,0,0,0,0,0,0,0,0,1304.185,0,NA,0,0,0
2006-01-16,0,0,96.426,0,0,0,0,0,0,0,0,0,1306.115,0,NA,0,0,0
2006-01-17,0,0,99.381,75.86,0,0,0,0,0,0,0,0,1190.623,0,NA,0,0,0
2006-01-18,0,0,103.494,0,0,0,0,0,20.023,0,0,0,1339.342,0,NA,0,0,0
2006-01-19,0,0,103.371,0,0,0,0,0,0,0,13.626,0,1414.505,0,NA,0,0,0
2006-01-20,0,0,101.018,0,0,52.154,0,0,0,0,0,0,1379.627,0,NA,0,0,0
2006-01-21,0,0,100.874,0,0,119.732,0,0,0,0,0,0,1245.87,0,NA,0,0,0
2006-01-22,0,0,99.401,0,0,118.849,0,0,0,0,0,0,1180.154,0,NA,0,0,0
2006-01-23,0,0,98.584,0,0,120.483,0,0,0,0,0,0,1396.291,0,NA,0,0,0
2006-01-24,0,0,101.517,0,0,43.799,0,0,0,0,17.309,0,1353.972,0,NA,0,0,0
2006-01-25,73.534,0,98.766,0,0,0,0,0,0,0,0,0,1517.193,0,NA,0,0,0
2006-01-26,120.779,0,95.137,0,0,0,0,0,0,0,21.429,0,1124.896,0,NA,0,0,0
2006-01-27,85.534,0,91.401,0,0,0,0,0,0,0,14.631,0,1151.817,0,NA,0,0,0
2006-01-28,64.209,0,88.573,0,0,0,0,0,0,0,16.784,0,1153.962,0,NA,0,0,0
2006-01-29,41.758,0,88.572,0,0,0,0,0,0,0,0,0,1066.287,0,NA,0,0,0
2006-01-30,0,0,84.437,0,0,0,0,0.063,0,0,13.567,0,1245.83,0,NA,0,0,0
2006-01-31,0,0,88.924,0,0,0,0,0,0,0,19.933,0,1356.573,0,NA,0,0,0
2006-02-01,47.352,0,94.664,0,0,0,0,0,0,0,5.011,0,1101.023,0,NA,0,0,0
2006-02-02,72.94,0,90.881,0,0,0,0,0,0,0,0.428,0,1029.558,0,NA,0,0,0
2006-02-03,0,0,28.362,59.67,0,0,0,0,0,0,0,0,1275.772,0,NA,0,0,0
2006-02-04,0,0,0,86.34,0,81.579,0,0,2605.969,0,33.1,24.095,2428.069,0,NA,0,0,0
2006-02-05,0,0,0,0,0,302.917,99.071,0,3663.608,277.609,100.847,356.923,1939.969,0,NA,0,0,0
2006-02-06,0,0,0,0,0,1262.95,45.94,0,2991.795,1110.327,493.551,383.046,2134.872,0,NA,0,0,0
2006-02-07,0,0,0,0,0,1470.575,0,0,1735.689,0,1052.192,364.861,2063.628,0,NA,0,0,0
2006-02-08,153.612,0,0,80.2,0,1852.558,0,0,851.823,0,912.24,353.49,2145.298,0,NA,0,0,0
2006-02-09,263.328,0,0,0,0,390.384,0,0,282.786,0,830.757,331.165,1856.285,0,NA,0,0,0
2006-02-10,264.541,0,0,0,0,0,0,0,303.702,0,490.424,79.267,1811.021,0,NA,0,0,0
2006-02-11,351.068,0,0,0,0,0,0,0,0,0,397.229,0,1757.514,0,NA,0,0,0
2006-02-12,270.168,0,108.154,0,0,0,0,0,0,0,176.325,0,1595.806,0,NA,0,0,0
2006-02-13,125.529,0,143.26,0,0,0,0,0,0,0,314.918,1.42,1501.826,0,NA,0,0,0
2006-02-14,43.754,0,46.326,0,0,0,0,0,0,0,221.67,0,1430.152,0,NA,0,0,0
2006-02-15,0,0,0,0,0,0,0,0,0,0,57.96,0,1336.945,0,NA,0,0,0
2006-02-16,0,0,0,0,0,8.37,0,0.879,0,0,0,0,1310.344,0,NA,0,0,0
2006-02-17,0,0,71.969,0,0,0,0,0,0,0,12.595,0,1270.834,0,NA,0,0,0
2006-02-18,0,0,108.333,0,0,0,0,0,0,0,0,0,1221.92,0,NA,0,0,0
2006-02-19,0,0,109.434,0,0,0,0,0,0,0,0,0,1196.605,0,NA,0,0,0
2006-02-20,0,0,109.768,0,0,0,0,0,0,0,17.035,0,1172.263,0,NA,0,0,0
2006-02-21,0,0,109.781,0,0,0,0,0,0,0,0,0,1206.188,0,NA,0,0,0
2006-02-22,0,0,108.473,0,0,0,0,0,274.798,0,0,0,1195.931,0,NA,0,0,0
2006-02-23,22.693,0,107.463,0,0,36.429,0,0,0,0,0,0,1103.675,0,NA,0,0,0
2006-02-24,18.625,0,87.561,0,0,10.58,0,0,0,0,13.138,0,1228.406,0,NA,0,0,0
2006-02-25,0,0,0,0,0,0,0,0,0,0,0,0,1213.073,0,NA,0,0,0
2006-02-26,0,0,0,59.38,33.82,0,0,0,529.678,0,0,113.855,1162.074,0,NA,0,0,0
2006-02-27,0,0,106.351,0,0,0.255,0,0,89.853,0,0,131.933,1200.827,0,NA,0,0,0
2006-02-28,46.796,0,145.831,0,0,0.426,0,0,0,0,12.187,0,1064.909,0,NA,0,0,0
2006-03-01,0,0,140.226,0,0,1.023,0,0,15.264,0,0,0,1197.064,0,NA,0,0,0
2006-03-02,0,0,137.331,0,0,40.17,0,0,0,0,9.852,0,998.922,0,NA,0,0,0
2006-03-03,0,0,143.022,0,0,6.022,0,0,0,0,0,0,1026.854,0,NA,0,0,0
2006-03-04,0,0,138.66,0,0,0,0,0,0,0,5.103,0,1004.916,0,NA,0,0,0
2006-03-05,0,0,137.536,0,0,0,0,0,0,0,8.226,0,879.103,0,NA,0,0,0
2006-03-06,0,0,137.018,0,0,0,0,0,0,0,0,0,936.912,0,NA,0,0,0
2006-03-07,78.237,0,133.442,0,0,0,0,0,0,0,8.885,0,1056.981,0,NA,0,0,0
2006-03-08,50.695,0,128.635,0,0,0,0,0,0,0,0,0,870.384,0,NA,0,0,0
2006-03-09,46.896,0,123.018,0,0,35.901,0,0,0,0,8.1,0.299,767.177,0,NA,0,0,0
2006-03-10,38.076,0,122.073,0,0,0,0,0,0,0,0,0,958.496,0,NA,0,0,0
2006-03-11,53.361,0,119.809,0,0,0,0,0,0,0,11.744,0,933.716,0,NA,0,0,0
2006-03-12,76.291,0,117.367,0,0,0,0,0,0,0,0,0,824.945,0,NA,0,0,0
2006-03-13,81.172,0,117.086,0,0,0,0,0,0,0,11.772,0,797.773,0,NA,0,0,0
2006-03-14,50.907,0,122.193,0,0,0,0,0,0,0,0,0,822.479,0,NA,0,0,0
2006-03-15,164.61,0,116.055,0,0,0,0,0,0,0,0,0,646.064,0,NA,0,0,0
2006-03-16,252.616,0,108.463,0,0,35.303,0,0,0,0,9.927,0,499.324,0,NA,0,0,0
2006-03-17,177.815,0,107.961,0,0,0,0,0,0,0,2.656,0,786.661,0,NA,0,0,0
2006-03-18,270.577,0,102.28,0,0,0,0,0,0,0,0,0,888.449,0,NA,0,0,0
2006-03-19,277.853,0,90.941,0,0,0,0,0,0,0,0,0,529.75,0,NA,0,0,0
2006-03-20,259.627,0,29.567,0,0,0,0,0,0,0,0,0,384.341,0,NA,0,0,0
2006-03-21,111.364,0,0,0,0,0,0,0,0,0,0,0,568.036,0,NA,0,0,0
2006-03-22,152.972,12.455,0,0,0,0,0,0,0,0,0,0,471.428,0,NA,0,0,0
2006-03-23,90.18,54.174,0,0,0,21.604,0,0,264.097,0,14.527,59.88,671.1,0,NA,0,0,0
2006-03-24,0,32.126,0,0,0,217.994,0,0,627.356,0,115.294,148.99,637.21,0,NA,0,0,0
2006-03-25,0,72.97,0,0,0,0,0,0,534.684,0,0,211.97,415.935,0,NA,0,0,0
2006-03-26,0,117.188,0,0,0,0,0,0,190.798,0,187.323,212.311,418.686,0,NA,0,0,0
2006-03-27,0,157.084,0,0,0,0,0,0,0,0,205.037,151.286,436.938,0,NA,0,0,0
2006-03-28,0,166.132,0,0,0,0,0,0,0,0,102.286,20.097,290.862,0,NA,0,0,0
2006-03-29,0,164.353,0,0,0,12.116,0,0,0,0,0,20.756,442.299,0,NA,0,0,0
2006-03-30,0,158.678,0,0,0,0,0,0,0,0,0,0,282.549,0,NA,0,0,0
2006-03-31,0,165.59,0,0,0,0,0,0,0,0,11.416,0,178.695,0,NA,0,0,0
2006-04-01,0,165.15,0,0,0,0,0,0,0,0,0,0,384.466,0,NA,0,0,0
2006-04-02,0,163.261,0,0,0,0,0,0,0,0,12.185,0,338.992,0,NA,0,0,0
2006-04-03,0,161.414,0,0,0,0,0,0,0,0,0.586,0,386.979,0,NA,0,0,0
2006-04-04,19.729,161.615,0,0,0,0,0,0,0,0,0,0,459.564,0,NA,0,0,0
2006-04-05,65.007,164.013,0,0,0,0,0,112.661,0,0,0,0,440.049,0,NA,0,0,0
2006-04-06,83.335,153.489,0,0,0,0,0,0,261.487,0,0,0,420.021,0,NA,0,0,0
2006-04-07,96.318,110.196,0,0,0,27.902,0,0,264.907,0,0,0,383.977,0,NA,0,0,0
2006-04-08,0,64.205,0,0,0,0,0,99.298,0,0,0,0,89.246,0,NA,0,0,0
2006-04-09,39.627,22.17,0,0,0,0,0,0,0,0,0,0,125.616,0,NA,0,0,0
2006-04-10,10.654,1.322,0,0,0,0,0,0,0,0,0,0,515.573,0,NA,0,0,0
2006-04-11,0,0,0,0,0,0,0,0,0,0,0,0,512.621,0,NA,0,0,0
2006-04-12,0,0,0,0,0,0,0,0,0,0,0,0,428.467,0,NA,0,0,0
2006-04-13,0,10.363,0,0,0,25.716,0,0,52.204,0,0,0,83.613,0,NA,0,0,0
2006-04-14,0,123.573,0,0,0,0,0,0,0,0,0,0,204.359,0,NA,0,0,0
2006-04-15,0,158.294,0,0,0,0,0,0,0,0,0,0,275.417,0,NA,0,0,0
2006-04-16,42.217,160.093,0,0,0,0,0,0,0,0,0,0,275.29,0,NA,0,0,0
2006-04-17,50.642,168.457,0,0,0,0,0,0,0,0,0,0,184.878,0,NA,0,0,0
2006-04-18,42.153,201.082,0,0,0,0,0,0,0,0,0,0,323.54,0,NA,0,0,0
2006-04-19,0,201.45,0,0,0,0,0,0,0,0,0,0,680.046,0,NA,0,0,0
2006-04-20,50.41,194.83,0,0,0,0,0,0,0,0,0,0,556.201,0,NA,0,0,0
2006-04-21,50.59,192.634,0,0,0,0,0,0,0,0,0,0,337.608,0,NA,0,0,0
2006-04-22,0,194.384,0,0,0,0,0,0,0,0,0,0,487.198,0,NA,0,0,0
2006-04-23,0,195.649,0,0,0,0,0,0,0,0,0,0,450.829,0,NA,0,0,0
2006-04-24,85.164,196.191,0,0,0,0,0,0,0,0,0,0,291.461,0,NA,0,0,0
2006-04-25,71.639,196.048,0,0,0,0,0,0,0,0,0,0,349.783,0,NA,0,0,0
2006-04-26,50.093,155.652,0,0,0,0,0,0,184.915,0,0,0,327.281,0,NA,0,0,0
2006-04-27,0,13.732,0,0,0,0,0,0,243.896,0,0,0,641.713,0,NA,0,0,0
2006-04-28,0,7.165,0,0,0,0,0,0,278.627,0,19.04,0,539,0,NA,0,0,0
2006-04-29,45.965,66.288,0,0,0,0,0,0,0,0,0,0,631.797,0,NA,0,0,0
2006-04-30,52,152.186,0,0,0,0,0,0,0,0,0,0,656.601,0,NA,0,0,0
2006-05-01,62.876,224.787,0,0,0,8.552,0,0,0,0,12.899,0,495.278,0,NA,0,0,0
2006-05-02,97.889,188.036,0,0,0,0,0,0,0,0,0,0,381.742,0,NA,0,0,0
2006-05-03,90.634,181.626,0,0,0,0,0,0,0,0,0,0,634.214,0,NA,0,0,0
2006-05-04,79.306,176.675,0,0,0,0,0,0,205.255,0,0,0,690.8,0,NA,0,0,0
2006-05-05,114.768,129.438,0,0,0,0,0,0,0,0,0,0,684.144,0,NA,0,0,0
2006-05-06,110.024,76.839,0,0,0,0,0,0,0,0,0,0,628.692,0,NA,0,0,0
2006-05-07,174.763,30.707,0,0,0,0,0,0,0,0,0,0,610.962,0,NA,0,0,0
2006-05-08,200.501,1.952,0,0,0,0,0,0,0,0,0,0,609.039,0,NA,0,0,0
2006-05-09,120.011,19.267,0,0,0,0,0,0,0,0,0,0,667.314,0,NA,0,0,0
2006-05-10,139.942,132.791,0,0,0,0,0,0,210.143,0,0,0,730.453,0,NA,0,0,0
2006-05-11,151.219,159.045,0,0,0,0,0,0,175.832,0,0,0,628.739,0,NA,0,0,0
2006-05-12,48.53,139.313,0,0,0,0,0,0,0,0,0,0,547.381,0,NA,0,0,0
2006-05-13,48.339,89.877,0,0,0,0,0,0,0,0,0,0,400.822,0,NA,0,0,0
2006-05-14,67.799,38.946,0,0,0,0,0,0,0,0,0,0,569.071,0,NA,0,0,0
2006-05-15,0.972,3.322,0,0,0,0,0,0,0,0,0,0,754.215,0,NA,0,0,0
2006-05-16,0,0,0,0,0,449.221,0,0,1975.039,0,254.974,0,548.023,50.735,NA,0,0,0
2006-05-17,0,0,0,0,0,18.681,0,0,1948.977,0,601.184,51.417,620.592,0.057,NA,0,0,0
2006-05-18,8.902,0,0,0,0,0,0,0,2.429,0,683.266,195.354,529.502,0,NA,0,0,0
2006-05-19,0,0,0,0,0,0,0,0,0,0,458.484,5.776,429.61,0,NA,0,0,0
2006-05-20,0,0,0,0,0,0,0,0,0,0,250.767,0,551.8,0,NA,0,0,0
2006-05-21,0,0,0,0,0,0,0,0,0,0,79.099,0,636.659,0,NA,0,0,0
2006-05-22,0,0,0,0,24.19,0,0,0,0,0,0,28.035,475.024,0,NA,0,0,0
2006-05-23,0,24.302,0,0,6.43,0,0,0,0,0,0,97.809,587.359,0,NA,0,0,0
2006-05-24,0,154.164,0,0,1.31,0,0,0,0,0,0,72.047,561.699,0,NA,0,0,0
2006-05-25,0,197.71,0,0,1.46,0,0,0,0,0,0,22.867,438.329,0,NA,0,0,0
2006-05-26,0,197.307,0,0,0,0,0,0,0,0,0,0,349.765,0,NA,0,0,0
2006-05-27,0,136.325,0,0,0,0,0,0,0,0,0,0,613.383,0,NA,0,0,0
2006-05-28,NA,77.843,0,0,0,0,0,0,0,0,0,0,598.783,0,NA,0,0,0
2006-05-29,NA,30.122,0,0,55.8,0,0,0,0,0,0,0,600.439,0,NA,0,0,0
2006-05-30,NA,2.055,0,0,188.27,0,0,0,0,0,0,0,500.178,0,NA,0,0,0
2006-05-31,0,0,0,0,101.64,0,0,0,0,0,0,0,472.401,0,NA,0,0,0
2006-06-01,0,0,0,0,26.38,0,0,0,0,0,1.896,0,334.06,0,NA,0,0,0
2006-06-02,0,0,0,0,33.54,135.806,0,0,0,0,13.35,0,156.615,0,NA,0,0,0
2006-06-03,0,0,0,0,0,65.44,0,0,0,0,0,0,253.039,0,NA,0,0,0
2006-06-04,0,0,0,0,0,0,0,0,0,0,0,0,282.235,0,NA,0,0,0
2006-06-05,0,0,0,0,44.58,0,0,0,0,0,0,0,248.931,0,NA,0,0,0
2006-06-06,0,0,0,0,0,0,0,0,0,0,0,0,250.517,0,NA,0,0,0
2006-06-07,0,0,0,0,0,0,0,0,136.679,0,0,0,249.014,0,NA,0,0,0
2006-06-08,0,0,0,0,0,0,0,0,113.584,0,12.206,0,268.931,0,NA,0,0,0
2006-06-09,0,0,0,0,0,46.784,0,0,0,0,0,0,169.939,0,NA,0,0,0
2006-06-10,0,0,0,0,48.34,0,0,0,0,0,0,0,307.844,0,NA,0,0,0
2006-06-11,0,0,0,0,48.29,0,0,0,0,0,0,0,308.453,0,NA,0,0,0
2006-06-12,1.71,0,0,0,0,0,0,0,0,0,0,0,299.789,0,NA,0,0,0
2006-06-13,0,0,0,0,0,0,0,0,0,0,0,0,482.154,0,NA,0,0,0
2006-06-14,0,0,0,0,0,0,0,0,0,0,0,0,327.634,0,NA,0,0,0
2006-06-15,0,0,0,0,0,0,0,0,0,0,0,0,34.088,0,NA,0,0,0
2006-06-16,0,0,0,0,0,6.402,0,0,18.062,0,0,0,138.187,0,NA,0,0,0
2006-06-17,53.507,0,0,0,0,0,0,0,0,0,0,0,203.233,0,NA,0,0,0
2006-06-18,0,0,0,0,0,0,0,0,0,0,0,0,174.805,0,NA,0,0,0
2006-06-19,0,0,0,0,0,0,0,0,0,0,0,0,84.598,0,NA,0,0,0
2006-06-20,62.612,0,0,0,0,0,0,0,0,0,0,0,151.021,0,NA,0,0,0
2006-06-21,65.247,0,0,0,0,0,0,0,0,0,0,0,220.532,0,NA,0,0,0
2006-06-22,93.254,112.635,0,0,0,0,0,0,0,0,0,0,117.826,0,NA,0,0,0
2006-06-23,47.505,81.43,0,0,0,13.473,0,0,0,0,0,0,40.719,0,NA,0,0,0
2006-06-24,34.227,0,0,0,0,0,0,0,0,0,0,0,208.58,0,NA,0,0,0
2006-06-25,0,0,0,0,0,0,0,0,0,0,0,0,312.124,0,NA,0,0,0
2006-06-26,0,0,0,0,0,0,0,0,338.116,0,0,0,263.774,0,NA,0,0,0
2006-06-27,0,0,0,0,0,50.995,0,0,2298.509,0,0,0,288.97,0,NA,0,0,0
2006-06-28,0,0,0,0,66.6,208.82,0,0,2095.029,0,593.719,73.033,316.768,0,NA,0,0,0
2006-06-29,0,0,0,0,155.67,540.075,0,0,461.148,0,833.6,0,243.25,0,NA,0,0,0
2006-06-30,0,0,0,0,88.68,330.066,0,0,669.515,0,831.158,3.554,108.512,0,NA,0,0,0
2006-07-01,0,0,0,0,70.3,171.546,0,0,524.101,0,734.028,0,65.709,0,NA,0,0,0
2006-07-02,0,0,0,0,0,59.761,0,0,309.789,0,700.774,0,27.381,0,NA,0,0,0
2006-07-03,0,0,0,0,67.53,0,0,0,205.928,0,579.244,3.531,0,0,NA,0,0,0
2006-07-04,0,0,0,0,0,0,0,0,270.368,0,245.772,0,0,0,NA,0,0,0
2006-07-05,0,0,0,0,0,114.368,0,0,0,0,326.01,0,52.604,0,NA,0,0,0
2006-07-06,0,0,0,0,54.34,88.49,0,0,0,0,160.041,0,17.71,0,NA,0,0,0
2006-07-07,0,0,0,0,51.99,0,0,0,374.506,0,2.181,0,9.394,0,NA,0,0,0
2006-07-08,0,0,0,0,0,0,0,0,1014.376,0,139.788,0,56.611,0,NA,0,0,0
2006-07-09,0,0,0,0,75.96,128.764,0,0,1492.816,0,635.714,0,169.65,0,NA,0,0,0
2006-07-10,0,0,0,0,0,22.435,0,0,1261.618,0,940.304,0,86.198,0,NA,0,0,0
2006-07-11,0,0,0,0,43.84,183.852,0,0,604.873,0,843.15,0,55.31,0,NA,0,0,0
2006-07-12,0,0,0,0,48.29,415.365,0,0,2275.532,0,611.885,0,184.581,0,NA,0,0,0
2006-07-13,0,0,0,0,46.49,1353.764,0,0,2284.241,0,731.624,0,196.357,0.09,NA,0,0,0
2006-07-14,0,0,0,0,39.67,2033.592,0,0,1494.297,0,925.548,92.205,80.362,0,NA,139,0,0
2006-07-15,0,0,0,0,0,980.165,0,0,612.198,0,891.825,202.999,121.057,0,NA,262,0,0
2006-07-16,0,0,0,0,0,685.13,0,0,494.04,0,559.595,201.807,5.54,0,NA,260,0,0
2006-07-17,0,0,0,0,0,132.391,0,0,156.575,0,382.136,133.341,10.927,0,NA,260,0,0
2006-07-18,0,0,0,0,64.6,31.797,0,0,0,0,307.929,159.94,25.156,0,NA,260,0,0
2006-07-19,0,0,0,0,75.26,5.315,0,0,528.593,0,41.121,66.087,62.711,0,NA,258,0,0
2006-07-20,0,0,0,0,103.7,380.044,0,0,280.97,0,470.26,0,66.367,0,NA,257,0,0
2006-07-21,0,0,0,0,47.32,282.242,0,0,859.291,0,413.259,0,176.804,0,NA,258,0,0
2006-07-22,0,0,0,0,54.55,334.952,0,0,1054.285,0,577.478,0,269.375,0,NA,259,0,0
2006-07-23,0,0,0,0,27.28,349.854,0,0,1218.974,0,760.192,0,64.182,0,NA,259,0,0
2006-07-24,0,0,0,0,60,542.449,0,0,1057.166,0,909.379,91.956,12.095,0,NA,260,0,0
2006-07-25,0,0,0,0,0,655.822,0,0,284.363,0,843.335,142.687,58.7,0,NA,261,0,0
2006-07-26,0,0,0,0,0,240.226,0,0,565.261,0,723.39,10.296,65.896,0,NA,261,0,0
2006-07-27,0,0,0,0,0,209.487,0,0,409.329,0,425.065,50.254,66.365,0,NA,262,0,0
2006-07-28,0,0,0,0,66.79,191.396,0,0,524.081,0,455.007,131.54,0,0,NA,261,0,0
2006-07-29,0,0,0,0,0,274.867,0,0,702.28,0,695.587,4.208,0,0,NA,263,0,0
2006-07-30,0,0,0,0,0,186.396,0,0,279.722,0,517.14,17.537,61.347,0,NA,265,0,0
2006-07-31,0,0,0,0,64.25,167.227,0,0,0,0,504.93,0,47.08,0,NA,264,0,0
2006-08-01,0,0,0,0,0,166.851,0,0,0,0,255.919,0,12.152,0,NA,264,0,0
2006-08-02,0,0,0,0,14.79,28.448,0,0,0,0,122.617,0,0,0,NA,262,0,0
2006-08-03,0,0,0,0,0.42,0,0,0,0,0,60.824,0,0,0,NA,260,0,0
2006-08-04,0,0,0,0,14.09,0,0,0,61.74,0,33.485,0.442,29.174,0,NA,77,0,0
2006-08-05,0,0,0,0,0,0,0,0,0,0,16.087,0,15.943,0,NA,0,0,0
2006-08-06,0,0,0,0,0,0,0,0,0,0,18.955,0,18.42,0,NA,0,0,0
2006-08-07,0,0,0,0,0,22.298,0,0,0,0,0,0,0,0,NA,0,0,0
2006-08-08,0,0,0,0,0,75.243,0,0,0,0,32.902,0,37.259,0,NA,0,0,0
2006-08-09,0,0,0,0,49.29,71.348,0,0,43.065,0,0,0,13.253,0,NA,0,0,0
2006-08-10,0,0,0,0,0,0.336,0,0,0,0,0,0,132.097,0,NA,0,0,0
2006-08-11,0,0,89.776,0,0,0,0,0,7.876,0,14.346,0,475.588,0,NA,0,0,0
2006-08-12,0,0,118.666,0,0,0,0,0,0,0,0,0,269.144,0,NA,0,0,0
2006-08-13,0,0,97.39,0,0,0,0,0,0,0,0,0,221.282,0,NA,0,0,0
2006-08-14,0,0,0.57,0,0,20.477,0,0,0,0,29.294,0,147.883,0,NA,0,0,0
2006-08-15,0,0,0.561,0,0,0,0,0,0,0,0,0,0,0,NA,0,0,0
2006-08-16,0,0,0.551,0,83.83,196.517,0,0,0,0,88.969,0,0,0,NA,0,0,0
2006-08-17,0,0,0.518,0,181.74,375.769,0,0,1238.093,0,441.269,80.434,0,0,NA,0,0,0
2006-08-18,0,0,0.539,0,53.61,169.285,0,0,234.794,0,426.317,208.746,0,0,NA,0,0,0
2006-08-19,0,0,0.557,0,55.25,151.286,0,0,0,0,172.451,247.191,0,0,NA,0,0,0
2006-08-20,0,0,0.592,0,86.37,241.746,0,0,1924.007,0,447.639,230.245,0,0,NA,0,0,0
2006-08-21,0,0,0.635,0,57.54,312.577,0.06,0,2299.102,0,971.315,236.833,0,0,NA,0,0,0
2006-08-22,0,0,0.556,0,0,510.021,0,0,2112.584,0,874.895,237.967,0,0,NA,0,0,0
2006-08-23,0,0,0.374,0,132.56,601.237,0,0,1084.77,0,786.361,199.121,0,0.098,NA,0,0,0
2006-08-24,0,0,0.408,0,154.32,1084.282,0,0,1572.584,0,1040.167,224.849,81.389,0,NA,0,0,0
2006-08-25,0,0,0.527,0,116.83,1617.528,0,0,2295.983,0,1092.19,225.343,45.107,0,NA,0,0,0
2006-08-26,0,0,0.561,0,83.8,1714.168,0,0,2808.929,0,1169.75,178.036,139.413,0,NA,0,0,0
2006-08-27,0,0,0.601,0,91.93,1706.218,0,0,2682.336,0,1185.072,173.48,578.348,0,NA,0,0,0
2006-08-28,0,0,0.785,0,139.14,1329.958,0,0,2694.433,0,1172.058,155.861,775.945,0,NA,579,676,600
2006-08-29,0,0,1.21,0,105.9,1432.11,0,0,1853.317,0,1160.794,129.803,1091.035,0,NA,1663,2968,2156
2006-08-30,0,0,1.308,0,88.21,1163.203,0,0,1429.883,0,1139.37,144.815,1050.666,0,NA,1305,3736,2044
2006-08-31,0,0,0.877,0,0,722.827,0,0,3097.445,0,1171.959,135.589,1292.167,0,NA,1216,2484,1954
2006-09-01,0,0,0.734,0,149.42,1315.653,0,0,3503.361,0,1176.822,147.861,1343.175,0,NA,922,1205,1410
2006-09-02,0,0,0.766,0,158.72,1880.863,0,0,2421.396,0,1186.575,149.903,1324.862,0,NA,954,1111,1155
2006-09-03,0,0,0.75,0,221.07,1356.192,0,0,1786.311,0,1152.126,133.946,2662.166,0,NA,1059,1156,1186
2006-09-04,0,0,0.735,0,207.84,1088.489,0,0,2492.557,0,1179.911,160.442,2840.662,0,NA,1169,1222,1185
2006-09-05,0,0,0.852,0,135.01,1743,0,0,2894.53,0,1161.734,106.201,3203.87,0.025,NA,1266,1290,1235
2006-09-06,0,0,0.902,0,118.06,1622.617,0,0,2591.293,0,1043.096,154.031,3214.095,0,NA,1307,1316,1269
2006-09-07,0,0,0.893,0,63.48,1462.374,0,0,1610.17,0,1109.54,111.526,3022.848,0,NA,1307,1310,1267
2006-09-08,0,0,0.864,0,90.38,695.741,0,0,1193.977,0,942.059,63.084,3601.483,0,NA,1264,1279,1260
2006-09-09,0,0,0.857,0,29.34,235.413,0,0,860.224,0,1060.827,72.803,3189.779,0,NA,1257,1267,1252
2006-09-10,0,0,0.855,0,23.75,52.889,0,0,464.216,0,1051.052,46.873,3051.194,0,NA,1242,1251,1403
2006-09-11,0,0,0.782,0,64.12,100.639,0,0,482.235,0,518.229,107.944,2490.083,0,NA,567,595,825
2006-09-12,0,0,0.759,0,1.5,100.166,0,0,456.297,0,338.928,161.526,1927.846,0,NA,0,0,0
2006-09-13,0,0,0.832,0,227.07,57.488,0,0,302.02,0,457.678,157.565,2344.198,0,NA,0,0,0
2006-09-14,0,0,0.89,0,76.11,72.061,0,0,292.223,0,689.416,71.278,1912.612,0,NA,0,0,0
2006-09-15,0,0,0.883,0,0,218.426,0,0,148.87,0,335.626,14.384,851.876,0,NA,0,0,0
2006-09-16,0,0,0.812,0,0,410.968,0,0,0,0,215.96,76.043,395.297,0,NA,0,0,0
2006-09-17,0,0,0.806,0,0,344.223,0,0,0,0,120.896,182.719,250.199,0,NA,0,0,0
2006-09-18,0,0,0.873,0,73,371.671,0,0,0,0,83.169,20.934,506.581,0,NA,0,0,0
2006-09-19,0,0,0.871,0,72.51,327.288,0,0,0,0,68.284,24.874,394.566,0,NA,0,0,0
2006-09-20,0,0,0.854,0,97.78,324.851,0,0,573.041,0,170.857,78.749,599.838,0,NA,0,0,0
2006-09-21,0,0,0.817,0,0,219.444,0,0,722.9,0,154.984,105.076,598.799,0,NA,0,0,0
2006-09-22,0,0,0.773,0,0,338.978,0,0,164.878,0,225.563,141.113,595.569,0,NA,0,0,0
2006-09-23,0,0,0.927,0,0,262.544,0,0,0,0,98.534,149.262,391.742,0,NA,0,0,0
2006-09-24,0,0,0.856,0,0,176.07,0,0,0,0,98.019,90.418,214.427,0,NA,0,0,0
2006-09-25,0,0,0.897,0,0,271.519,0,0,0,0,67.248,99.779,211.683,0,NA,0,0,0
2006-09-26,0,0,0.897,0,0,393.463,0,0,0,0,0,42.685,286.734,0,NA,0,0,0
2006-09-27,0,0,0.904,0,62.64,309.413,0,0,0,0,25.119,0,208.151,0,NA,0,0,0
2006-09-28,0,0,0.919,0,76.01,304.456,0,0,0,0,0,0,179.404,0,NA,0,0,0
2006-09-29,0,0,0.932,0,46.93,322.509,0,0,0,0,0,0,177.193,0,NA,0,0,0
2006-09-30,0,0,0.944,0,0,117.262,0,0,0,0,26.333,0,265.669,0,NA,0,0,0
2006-10-01,0,0,0.951,0,0,114.843,0,0,0,0,51.524,68.5,141.913,0,NA,0,0,0
2006-10-02,0,0,0.949,0,0,0,0,0,0,0,127.843,43.684,72.527,0,NA,0,0,0
2006-10-03,0,0,103.397,0,0,0,0,0,0,0,8.246,0,71.836,0,NA,0,0,0
2006-10-04,0,0,136.931,0,72.43,49.769,0,0,0,0,93.666,0,72.54,0,NA,0,0,0
2006-10-05,0,0,135.804,0,28.76,0,0,0,0,0,47.936,0,97.026,0,NA,0,0,0
2006-10-06,0,0,134.39,0,25.87,0,0,0,0,0,0,0,178.53,0,NA,0,0,0
2006-10-07,0,0,134.764,0,0,0,0,0,0,0,20.913,0,140.063,0,NA,0,0,0
2006-10-08,0,0,134.803,0,0,0,0,0,0,0,0,0,106.783,0,NA,0,0,0
2006-10-09,0,0,135.897,0,0,47.96,0,0,0,0,27.387,0,107.275,0,NA,0,0,0
2006-10-10,0,0,136.133,0,0,0,0,0,0,0,0,0,107.287,0,NA,0,0,0
2006-10-11,0,0,136.022,0,0,0,0,0,52.114,0,0,0,106.98,0,NA,0,0,0
2006-10-12,0,0,109.999,0,0,0,0,0,0,0,0,0,106.958,0,NA,0,0,0
2006-10-13,0,0,5.142,0,0,0,0,0,0,0,21.403,0,116.694,0,NA,0,0,0
2006-10-14,0,0,88.008,0,0,0,0,0,0,0,0,0,140.249,0,NA,0,0,0
2006-10-15,26.361,0,130.578,0,0,0,0,0,0,0,0,0,108.121,0,NA,0,0,0
2006-10-16,27.017,0,172.054,0,0,0,0,0,0,0,0,0,8.789,0,NA,0,0,0
2006-10-17,100.108,0,187.259,0,0,59.113,0,0,0,0,23.512,0,0,0,NA,0,0,0
2006-10-18,2.407,0,186.744,0,63.58,0,0,0,0,0,0,0,0,0,NA,0,0,0
2006-10-19,23.263,0,186.204,0,0,0,0,0,0,0,0,0,0,0,NA,0,0,0
2006-10-20,67.43,0,184.169,0,0,0,0,0,0,0,21.313,0,0,0,NA,0,0,0
2006-10-21,91.832,0,181.722,0,0,0,0,0,0,0,0,0,0,0,NA,0,0,0
2006-10-22,20.612,0,179.044,0,0,0,0,0,0,0,0,0,0,0,NA,0,0,0
2006-10-23,72.159,0,177.821,0,0,0,0,0,0,0,17.495,0,0,0,NA,0,0,0
2006-10-24,101.336,0,175.402,0,0,0,0,0,0,0,0,0,43.845,0,NA,0,0,0
2006-10-25,29.45,0,167.233,0,0,0,0,0,0,0,0,0,65.998,0,NA,0,0,0
2006-10-26,89.754,0,159.144,0,0,0,0,0,0,0,0,0,18.686,0,NA,0,0,0
2006-10-27,26.77,0,50.13,0,61.42,55.982,0,0,0,0,18.988,0,0,0,NA,0,0,0
2006-10-28,0,0,49.21,0,0,0,0,0,0,0,0,0,0,0,NA,0,0,0
2006-10-29,0,0,166.089,0,0,0,0,0,0,0,25.033,0,0,0,NA,0,0,0
2006-10-30,83.05,0,166.792,0,0,0,0,0,0,0,0,0,0,0,NA,0,0,0
2006-10-31,0,0,107.35,0,0,0,0,0,0,0,0,0,0,0,NA,0,0,0
2006-11-01,0,0,0,0,0,0,0,0,0,0,98.568,0,54.455,0,NA,0,0,0
2006-11-02,0,0,0,0,12.78,13.969,0,0,0,0,61.306,0,127.388,0,NA,0,0,0
2006-11-03,0,0,0,0,60.24,171.702,0,0,358.557,0,43.635,0,85.34,0,NA,0,0,0
2006-11-04,0,0,0,0,0,0,0,0,0,0,54.905,0,34.468,0,NA,0,0,0
2006-11-05,0,0,0,0,0,0,0,0,0,0,37.915,0,0,0,NA,0,0,0
2006-11-06,0,0,77.405,0,0,0,0,0,0,0,48.738,0,0,0,NA,0,0,0
2006-11-07,0,0,34.927,0,53.26,29.173,0,0,0,0,40.405,25.846,0,0,NA,0,0,0
2006-11-08,0,0,66.715,0,0,135.343,0,0,0,0,0,34.683,0.692,0,NA,0,0,0
2006-11-09,0,0,174.711,0,0,9.824,0,0,0,0,0,35.088,26.151,0,NA,0,0,0
2006-11-10,0,0,136.632,0,0,0,0,0,0,0,0,29.702,50.001,0,NA,0,0,0
2006-11-11,0,0,109.327,0,0,0,0,0,0,0,0,28.689,50.067,0,NA,0,0,0
2006-11-12,0,0,107.429,0,0,0,0,0,0,0,0,27.095,50.262,0,NA,0,0,0
2006-11-13,0,0,107.883,0,0,40.083,0,0,0,0,0,27.51,12.578,0,NA,0,0,0
2006-11-14,0,0,107.41,0,0,54.455,0,0,0,0,0,27.277,0,0,NA,0,0,0
2006-11-15,0,0,67.367,0,0,19.136,0,0,0,0,0,24.442,0,0,NA,0,0,0
2006-11-16,0,0,0,0,68.47,0,0,0,0,0,0,20.361,19.846,0,NA,0,0,0
2006-11-17,0,0,69.643,0,0,0,0,0,0,0,0,24.355,69.108,0,NA,0,0,0
2006-11-18,0,0,164.434,0,0,0,0,0,0,0,0,24.018,68.986,0,NA,0,0,0
2006-11-19,0,0,155.774,0,0,0,0,0,0,0,0,23.801,49.131,0,NA,0,0,0
2006-11-20,0,0,51.598,0,0,0,0,0,0,0,0,22.815,0,0,NA,0,0,0
2006-11-21,132.666,0,54.654,0,0,0,0,0,0,0,0,18.928,0,0,NA,0,0,0
2006-11-22,111.117,0,34.818,0,0,0.421,0,0,0,0,0,19.47,0,0,NA,0,0,0
2006-11-23,156.32,0,0,0,0,0,0,0,0,0,0,17.967,0,0,NA,0,0,0
2006-11-24,112.873,0,0,0,0,0,0,0,0,0,0,15.496,0,0,NA,0,0,0
2006-11-25,40.498,0,0,0,0,0,0,0,0,0,0,18.498,0,0,NA,0,0,0
2006-11-26,0,0,0,0,0,48.19,0,0,0,0,0,16.27,0,0,NA,0,0,0
2006-11-27,0,0,0,0,0,0.083,0,0,0,0,0,16.088,0,0,NA,0,0,0
2006-11-28,40.459,0,0,0,0,0,0,0,285.863,0,0,15.256,0,0,NA,0,0,0
2006-11-29,6.471,0,0,0,28.22,0,0,0,241.962,0,0,15.651,0,0,NA,0,0,0
2006-11-30,0,0,0,0,0,0,0,0,0,0,0,14.17,0,0,NA,0,0,0
2006-12-01,63.606,0,0,0,0,1.18,0,0,0,0,0,8.8,46.24,0,NA,0,0,0
2006-12-02,68.905,0,59.532,0,0,1.774,0,0,0,0,0,12.876,37.89,0,NA,0,0,0
2006-12-03,30.116,0,91.284,0,0,47.562,0,0,0,0,0,11.443,0,0,NA,0,0,0
2006-12-04,107.61,0,30.766,0,0,18.644,0,0,0,0,0,12.898,0,0,NA,0,0,0
2006-12-05,156.407,0,0,0,0,0,0,0,36.117,0,0,11.739,0,0,NA,0,0,0
2006-12-06,124.616,0,0,0,0,0,0,0,0,0,0,10.917,0,0,NA,0,0,0
2006-12-07,24.094,0,0,0,0,0,0,0,26.526,0,0,10.58,0,0,NA,0,0,0
2006-12-08,7.364,0,0,0,0,0,0,0,0,0,0,9.5,0,0,NA,0,0,0
2006-12-09,41.6,0,0,0,0,0,0,0,0,0,0,9.888,0,0,NA,0,0,0
2006-12-10,0,0,0,0,0,0,0,0,0,0,0,11.093,0,0,NA,0,0,0
2006-12-11,50.459,0,0,0,0.58,0,0,0,0,0,0,9.899,0,0,NA,0,0,0
2006-12-12,95.631,0,0,0,0,0,0,0,0,0,0,10.667,0,0,NA,0,0,0
2006-12-13,144.662,0,0,0,0,0.085,0,0,0,0,0,12.451,0,0,NA,0,0,0
2006-12-14,48.639,0,0,0,144.92,0,0,0,0,0,5.05,18.997,0,0,NA,0,0,0
2006-12-15,0,0,0,0,243.71,75.87,0,0,519.082,0,17.736,11.584,60.891,0,NA,0,0,0
2006-12-16,0,0,0,0,148.4,0,0,0,488.272,0,92.311,16.771,34.767,0,NA,0,0,0
2006-12-17,0,0,0,0,0,0,0,0,463.349,0,169.134,18.744,7.6,0,NA,0,0,0
2006-12-18,0,0,0,0,74.67,214.213,0,0,8.248,0,280.804,21.323,0,0,NA,0,0,0
2006-12-19,0,0,0,0,75.1,338.042,0,0,0,0,289.346,14.497,0,0,NA,0,0,0
2006-12-20,0,0,0,0,26.55,326.952,0,0,0,0,183.94,19.856,0,0,NA,0,0,0
2006-12-21,0,0,0,0,21.87,295.072,0,0,0,0,69.14,5.718,0,0,NA,0,0,0
2006-12-22,0,0,0,0,43.82,302.035,0,0,9.073,0,0,12.043,0,0,NA,0,0,0
2006-12-23,0,0,0,0,0,340.49,0,0,0,0,0,18.244,0,0,NA,0,0,0
2006-12-24,0,0,0,0,49.27,340.15,0,0,0,0,0,11.513,35.321,0,NA,0,0,0
2006-12-25,0,0,0,0,57.73,235.554,0,0,204.155,0,0,15.489,66.479,0,NA,0,0,0
2006-12-26,0,0,0,0,0,336.937,0,0,1094.483,0,0,39.081,66.69,0,NA,0,0,0
2006-12-27,0,0,0,0,0,328.085,0,0,477.932,0,275.823,13.94,40.276,0,NA,0,0,0
2006-12-28,0,0,0,0,0,334.177,0,0,184.791,0,420.304,14.583,0,0,NA,0,0,0
2006-12-29,0,0,0,0,43.07,160.2,0,0,0,0,424.625,32.657,0,0,NA,0,0,0
2006-12-30,0,0,0,0,0,0,0,0,0,0,378.096,28.219,0,0,NA,0,0,0
2006-12-31,0,0,0,0,0,0,0,0,0,0,69.472,7.647,0,0,NA,0,0,0
2007-01-01,0,0,0,0,0,0,0,0,0,0,0,6.333,0,0,NA,0,0,0
2007-01-02,0,0,0,0,0,143.206,0,0,0,0,0,7.951,0,0,NA,0,0,0
2007-01-03,0,0,0,0,0,241.034,0,0,74.404,0,0,11.161,0,0,NA,0,0,0
2007-01-04,0,0,0,0,0,334.853,0,0,0,0,58.554,8.338,0,0,NA,0,0,0
2007-01-05,0,0,0,0,0,235.802,0,0,0,0,66.107,10.146,0,0,NA,0,0,0
2007-01-06,0,0,0,0,0,135.53,0,0,0,0,0,7.838,0,0,NA,0,0,0
2007-01-07,0,0,0,0,0,2.643,0,0,0,0,0,11.116,0,0,NA,0,0,0
2007-01-08,0,0,0,0,0,0,0,0,0,0,0,8.819,1.409,0,NA,0,0,0
2007-01-09,0,0,0,0,0,142.741,0,0,12.108,0,0,6.998,0.314,0,NA,0,0,0
2007-01-10,NA,0,0,0,0,0,0,0,21.616,0,0,11.976,0,0,NA,0,0,0
2007-01-11,62.573,0,0,0,0,199.496,0,0,0,0,13.865,9.846,0,0,NA,0,0,0
2007-01-12,0.558,0,0,0,0,30.026,0,0,0,0,0,8.766,0,0,NA,0,0,0
2007-01-13,48.001,0,0,0,0,0,0,0,0,0,0,4.551,0,0,NA,0,0,0
2007-01-14,58.704,0,0,0,0,0,0,0,0,0,0,8.803,0,0,NA,0,0,0
2007-01-15,NA,0,0,0,0,0,0,0,0,0,0,10.32,0,0,NA,0,0,0
2007-01-16,NA,0,0,0,0,67.012,0,0,12.343,0,0,10.255,0,0,NA,0,0,0
2007-01-17,0,0,0,0,0,82.11,0,0,35.41,0,0,4.689,187.725,0,NA,0,0,0
2007-01-18,0,0,0,0,0,64.518,0,0,0,0,0,9.021,0,0,NA,0,0,0
2007-01-19,0,0,0,0,NA,63.763,0,0,0,0,0,4.927,0,0,NA,0,0,0
2007-01-20,7.033,0,0,0,NA,0,0,0,0,0,0,9.264,0,0,NA,0,0,0
2007-01-21,11.854,0,0,0,NA,0,0,0,0,0,0,6.535,0,0,NA,0,0,0
2007-01-22,120.732,0,0,0,NA,0,0,0,0,0,0,11.88,0,0,NA,0,0,0
2007-01-23,91.189,0,0,0,NA,0,0,0,0,0,0,9.96,0,0,NA,0,0,0
2007-01-24,0,0,0,0,NA,0,0,0,0,0,0,6.97,0,0,NA,0,0,0
2007-01-25,0,0,0,0,NA,0,0,0,0,0,0,8.788,0,0,NA,0,0,0
2007-01-26,0,0,0,0,NA,0,0,0,32.307,0,0,8.564,0,0,NA,0,0,0
2007-01-27,0,0,0,0,NA,0,0,0,0,0,0,8.238,0,0,NA,0,0,0
2007-01-28,94.374,0,0,0,NA,0,0,0,0,0,0,8.837,0,0,NA,0,0,0
2007-01-29,151.049,0,0,0,NA,0,0,0,0,0,0,5.054,0,0,NA,0,0,0
2007-01-30,93.927,0,0,0,NA,65.058,0,0,53.938,0,0,8.752,0,0,NA,0,0,0
2007-01-31,79.878,0,0,0,NA,0,0,0,0,0,0,5.462,0,0,NA,0,0,0
2007-02-01,59.378,0,0,0,NA,0,0,0,65.983,0,0,8.464,0,0,NA,0,0,0
2007-02-02,20.068,0,0,0,NA,26.207,0,0,0,0,0.715,8.134,0,0,NA,0,0,0
2007-02-03,122.666,0,0,0,NA,0,0,0,0,0,0,4.467,0,0,NA,0,0,0
2007-02-04,129.835,0,0,0,NA,8.823,0,0,0,0,0,8.273,0,0,NA,0,0,0
2007-02-05,4.585,0,0,0,NA,20.19,0,0,0,0,0,9.896,0,0,NA,0,0,0
2007-02-06,0,0,58.49,0,NA,0,0,0,0,0,0,8.785,0,0,NA,0,0,0
2007-02-07,0,0,114.087,0,NA,139.678,0,0,0,0,0,8.737,0,0,NA,0,0,0
2007-02-08,0,0,118.525,0,NA,81.018,0,0,62.286,0,0,4.067,0,0,NA,0,0,0
2007-02-09,69.902,0,111.832,0,NA,0.328,0,0,0,0,0,9.217,0,0,NA,0,0,0
2007-02-10,49.969,0,107.445,0,NA,0,0,0,0,0,0,5.431,0,0,NA,0,0,0
2007-02-11,0,0,78.656,0,NA,26.792,0,0,0,0,0,8.372,0,0,NA,0,0,0
2007-02-12,0,0,0,0,NA,0.082,0,0,0,0,0,9.461,0,0,NA,0,0,0
2007-02-13,0.83,0,0,0,NA,0.909,0,0,0,0,0,7.619,0,0,NA,0,0,0
2007-02-14,92.037,0,0,0,NA,36.593,0,0,0,0,0,5.144,0,0,NA,0,0,0
2007-02-15,59.585,0,0,0,NA,0,0,0,0,0,0,8.223,0,0,NA,0,0,0
2007-02-16,48.908,0,0,0,NA,0,0,0,0,0,0,9.198,0,0,NA,0,0,0
2007-02-17,46.237,0,0,0,NA,0,0,0,0,0,0,5.004,0,0,NA,0,0,0
2007-02-18,0,0,0,0,NA,4.333,0,0,0,0,0,8.885,0,0,NA,0,0,0
2007-02-19,0,0,0,0,NA,0,0,0,0,0,0,8.736,0,0,NA,0,0,0
2007-02-20,0,0,0,0,NA,0,0,0,0,0,9.479,4.309,0,0,NA,0,0,0
2007-02-21,0,0,0,0,NA,0,0,0,0,0,0,9.141,0,0,NA,0,0,0
2007-02-22,0,0,0,0,NA,0,0,0,0,0,0,3.699,0,0,NA,0,0,0
2007-02-23,30.343,0,0,0,NA,55.563,0,0,0,0,0,8.988,0,0,NA,0,0,0
2007-02-24,40.323,0,0,0,NA,0,0,0,0,0,0,3.654,0,0,NA,0,0,0
2007-02-25,81.432,0,0,0,NA,0,0,0,0,0,0,4.407,0,0,NA,0,0,0
2007-02-26,0,0,0,0,NA,31.018,0,0,0,0,0,9.335,0,0,NA,0,0,0
2007-02-27,0,0,0,0,NA,0.165,0,0,0,0,0,4.281,0,0,NA,0,0,0
2007-02-28,0,0,0,0,NA,0.415,0,0,0,0,0,8.555,0,0,NA,0,0,0
2007-03-01,0,0,0,0,NA,26.587,0,0,86.995,0,64.643,4.194,0,0,NA,0,0,0
2007-03-02,4.234,0,0,0,NA,0,0,0,0,0,15.404,4.116,0,0,NA,0,0,0
2007-03-03,118.915,0,0,0,NA,0,0,0,0,0,0,7.655,0,0,NA,0,0,0
2007-03-04,65.651,0,0,0,NA,0,0,0,0,0,8.455,4.232,0,0,NA,0,0,0
2007-03-05,147.036,0,0,0,NA,31.59,0,0,0,0,33.127,4.005,0,0,NA,0,0,0
2007-03-06,103.071,0,0,0,NA,0,0,0,0,0,0,4.042,0,0,NA,0,0,0
2007-03-07,144.48,0,0,0,NA,0.083,0,0,0,0,0,4.513,0,0,NA,0,0,0
2007-03-08,131.532,0,0,0,NA,0,0,0,0,0,0,6.392,0,0,NA,0,0,0
2007-03-09,136.35,0,0,0,NA,11.23,0,0,0,0,0,4.845,0,0,NA,0,0,0
2007-03-10,136.197,0,0,0,NA,0,0,0,0,0,0,4.002,0,0,NA,0,0,0
2007-03-11,134.998,0,0,0,NA,0,0,0,0,0,0,9.583,0,0,NA,0,0,0
2007-03-12,156.522,0,0,0,NA,0,0,0,0,0,0,5.33,0,0,NA,0,0,0
2007-03-13,170.209,0,0,0,NA,0,0,0,11.444,0,0,9.672,0,0,NA,0,0,0
2007-03-14,149.55,0,0,0,NA,0,0,0,13.592,0,0,5.642,0,0,NA,0,0,0
2007-03-15,161.31,0,0,0,NA,0.942,0,0,0,0,0,3.167,0,0,NA,0,0,0
2007-03-16,194.562,0,0,0,NA,0,0,0,0,0,0,1.871,0,0,NA,0,0,0
2007-03-17,68.111,0,0,0,NA,0,0,0,603.234,0,0,4.093,0,0,NA,0,0,0
2007-03-18,3.056,0,0,0,NA,0,0,0,785.977,0,0,4.188,0,0,NA,0,0,0
2007-03-19,77.478,0,0,0,NA,0,0,0,213.698,0,0,4.747,0,0,NA,0,0,0
2007-03-20,68.625,0,0,0,NA,0,0,0,270.775,0,0,0,0,0,NA,0,0,0
2007-03-21,188.099,0,0,0,NA,0,0,0,12.395,0,0,4.257,0,0,NA,0,0,0
2007-03-22,166.407,0,0,0,NA,0,0,0,0,0,0,0,0,0,NA,0,0,0
2007-03-23,192.118,0,0,0,NA,0,0,0,0,0,0,0,0,0,NA,0,0,0
2007-03-24,175.203,0,0,0,NA,0,0,0,0,0,0,0,0,0,NA,0,0,0
2007-03-25,162.828,0,0,0,NA,0,0,0,0,0,0,5.015,0,0,NA,0,0,0
2007-03-26,185.343,0,0,0,NA,0,0,0,0,0,0,0,0,0,NA,0,0,0
2007-03-27,102.374,0,0,0,NA,0,0,0,0,0,0,0,0,0,NA,0,0,0
2007-03-28,67.344,0,0,0,NA,0,0,0,0,0,0,0,0,0,NA,0,0,0
2007-03-29,57.87,0,0,0,NA,0,0,0,0,0,0,0,0,0,NA,0,0,0
2007-03-30,54.523,0,0,0,NA,0,0,0,0,0,0,0,0,0,NA,0,0,0
2007-03-31,0,0,0,0,NA,0,0,0,444.485,0,0,0,0,0,NA,0,0,0
2007-04-01,45.203,0,0,0,NA,0,0,0,601.534,0,0,0,0,0,NA,0,0,0
2007-04-02,46.816,0,0,0,NA,0,0,0,2.562,0,0,0,0,0,NA,0,0,0
2007-04-03,120.839,0,0,0,NA,0,0,0,0,0,0,0,0,0,NA,0,0,0
2007-04-04,85.81,0,0,0,NA,0,0,0,0,0,0,0,0,0,NA,0,0,0
2007-04-05,15.356,0,0,0,NA,0,0,0,0,0,0,0,0,0,NA,0,0,0
2007-04-06,0,0,0,0,NA,0,0,0,0,0,0,0,0,0,NA,0,0,0
2007-04-07,0,0,0,0,NA,0,0,0,0,0,0,0,0,0,NA,0,0,0
2007-04-08,0,0,0,0,NA,0,0,0,226.882,0,0,0,0,0,NA,0,0,0
2007-04-09,0,0,0,0,NA,0,0,0,171.589,0,0,0,0,0,NA,0,0,0
2007-04-10,0,0,0,0,NA,0,0,0,0,0,0,0,0,0,NA,0,0,0
2007-04-11,0,0,0,0,NA,0,0,0,0,0,0,3.344,0,0,NA,0,0,0
2007-04-12,0,0,0,0,NA,0,0,0,0,0,0,5.409,0,0,NA,0,0,0
2007-04-13,0,0,0,0,NA,0,0,0,0,0,0,0,0,0,NA,0,0,0
2007-04-14,0,0,0,0,NA,0,0,0,0,0,0,4.941,0,0,NA,0,0,0
2007-04-15,0,0,0,0,NA,0,0,0,0,0,0,0,0,0,NA,0,0,0
2007-04-16,0,0,0,0,NA,0,0,0,0,0,0,0,0,0,NA,0,0,0
2007-04-17,0,0,0,0,NA,0,0,0,0,0,0,0,0,0,NA,0,0,0
2007-04-18,0,0,0,0,NA,0,0,0,0,0,0,0,0,0,NA,0,0,0
2007-04-19,0,0,0,0,NA,0,0,0,0,0,0,0,0,0,NA,0,0,0
2007-04-20,0,0,0,0,NA,0,0,0,0,0.073,0,0,0,0,NA,0,0,0
2007-04-21,0,0,0,0,NA,0,0,0,0,0,0,0,0,0,NA,0,0,0
2007-04-22,0,0,0,0,NA,0,0,0,0,0,0,0,0,0,NA,0,0,0
2007-04-23,0,0,0,0,NA,0,0,0,0,0,0,0,0,0,NA,0,0,0
2007-04-24,0,0,0,0,NA,0,0,0,0,0,0,0,0,0,NA,0,0,0
2007-04-25,0,0,0,0,NA,0,0,0,0,0,0,0,0,0,NA,0,0,0
2007-04-26,0,0,0,0,NA,0.798,0,0,0,0,0,0,0,0,NA,0,0,0
2007-04-27,0,0,0,0,NA,0,0,0,0,0,0,0,0,0,NA,0,0,0
2007-04-28,0,0,0,0,NA,0,0,0,290.778,0,0,0,0,0,NA,0,0,0
2007-04-29,0,0,0,0,NA,0,0,0,283.964,0,0,0,0,0,NA,0,0,0
2007-04-30,0,0,0,0,NA,0,0,0,0,0,0,0,0,0,NA,0,0,0
2007-05-01,0,0,0,0,NA,0,0,0,0,0,0,0,0,0,NA,0,0,0
2007-05-02,0,0,0,0,NA,0,0,0,0,0,0,0,0,0,NA,0,0,0
2007-05-03,0,0,0,0,NA,0,0,0,0,0,0,0,0,0,NA,0,0,0
2007-05-04,0,0,0,0,NA,0,0,0,193.982,0,0,0,0,0,NA,0,0,0
2007-05-05,0,0,0,0,NA,0,0,0,0,0,0,0,0,0,NA,0,0,0
2007-05-06,0,0,0,0,NA,0,0,0,0,0,0,0,0,0,NA,0,0,0
2007-05-07,0,0,0,0,NA,0,0,0,0,0,0,0,0,0,NA,0,0,0
2007-05-08,0,0,0,0,NA,0,0,0,0,0,0,0,0,0,NA,0,0,0
2007-05-09,0,0,0,0,NA,0,0,0,0,0,0,0,0,0,NA,0,0,0
2007-05-10,0,0,0,0,NA,0,0,0,0,0,0,0,0,0,NA,0,0,0
2007-05-11,0,0,0,0,NA,0,0,0,0,0,0,0,0,0,NA,0,0,0
2007-05-12,0,0,0,0,NA,0,0,0,0,0,0,0,0,0,NA,0,0,0
2007-05-13,0,0,0,0,NA,0,0,0,0,0,0,0,0,0,NA,0,0,0
2007-05-14,0,0,0,0,NA,0,0,0,0,0,0,0,0,0,NA,0,0,0
2007-05-15,0,0,0,0,NA,0,0,0,0,0,0,0,0,0,NA,0,0,0
2007-05-16,0,0,0,0,NA,0,0,0,446.449,0,0,7.698,0,0,NA,0,0,0
2007-05-17,0,0,0,0,NA,0,0,0,359.034,0,0,6.381,0,0,NA,0,0,0
2007-05-18,0,0,0,0,NA,0,0,0,129.019,0,0,3.223,0,0,NA,0,0,0
2007-05-19,0,0,0,0,NA,0,0,0,0,0,0,0,0,0,NA,0,0,0
2007-05-20,0,0,0,0,NA,0,0,NA,0,0,0,0,0,0,NA,0,0,0
2007-05-21,0,0,0,0,NA,0,0,NA,21.038,0,0,0,0,0,NA,0,0,0
2007-05-22,0,0,0,0,NA,0,0,0,0,0,0,0,0,0,NA,0,0,0
2007-05-23,0,0,0,0,NA,0,0,0,0,0,0,0,0,0,NA,0,0,0
2007-05-24,0,0,0,0,NA,0,0,0,0,0,0,0,0,0,NA,0,0,0
2007-05-25,0,0,0,0,NA,0,0,0,0,0,0,0,0,0,NA,0,0,0
2007-05-26,0,0,0,0,NA,0,0,0,0,0,0,0,0,0,NA,0,0,0
2007-05-27,0,0,0,0,NA,0,0,0,0,0,0,0,0,0,NA,0,0,0
2007-05-28,0,0,0,0,NA,0,0,0,0,0,0,0,0,0,NA,0,0,0
2007-05-29,0,0,0,0,NA,0,0,0,0,0,0,0,0,0,NA,0,0,0
2007-05-30,0,0,0,0,NA,0,0,0,0,0,0,0,0,0,NA,0,0,0
2007-05-31,0,0,0,0,NA,0,0,0,0,0,0,0,0,0,NA,0,0,0
2007-06-01,0,0,0,0,NA,0,0,0,0,0,0,0,0,0,NA,0,0,0
2007-06-02,0,0,0,0,NA,0,0,0,264.528,0,0,0,0,0,NA,0,0,0
2007-06-03,0,0,0,0,NA,0,0,0,118.418,0,0,0,0,0,NA,0,0,0
2007-06-04,0,0,0,0,NA,0,0,0,0,0,0,0,0,0,NA,0,0,0
2007-06-05,0,0,0,0,NA,0,0,0,0,0,0,0,0,0,NA,0,0,0
2007-06-06,0,0,0,0,NA,0,0,0,378.203,0,0,0,0,0,NA,0,0,0
2007-06-07,0,0,0,0,NA,0,0,0,0,0,0,0,0,0,NA,0,0,0
2007-06-08,0,0,0,0,NA,0,0,0,0,0,0,10.689,0,0,NA,0,0,0
2007-06-09,0,0,0,0,NA,0,0,0,0,0,0,5.955,0,0,NA,0,0,0
2007-06-10,0,0,0,0,NA,0,0,0,0,0,0,4.956,0,0,NA,0,0,0
2007-06-11,0,0,0,0,NA,0,0,0,0,0,0,0,0,0,NA,0,0,0
2007-06-12,0,0,0,0,NA,0,0,0,0,0,0,0,0,0,NA,0,0,0
2007-06-13,0,0,0,0,NA,0,0,0,0,0,0,0,0,0,NA,0,0,0
2007-06-14,0,0,0,0,NA,0,0,0,0,0,0,5.803,0,0,NA,0,0,0
2007-06-15,0,0,0,0,NA,2.38,0,0,0,0,0,4.166,0,0,NA,0,0,0
2007-06-16,0,0,0,0,NA,0,0,0,0,0,0,5.853,0,0,NA,0,0,0
2007-06-17,0,0,0,0,NA,0,0,0,0,0,0,11.101,0,0,NA,0,0,0
2007-06-18,0,0,0,0,NA,0,0,0,98.203,0,0,6.021,0,0,NA,0,0,0
2007-06-19,0,0,0,0,NA,48.556,0,0,349.268,0,0,5.832,0,0,NA,0,0,0
2007-06-20,0,0,0,0,NA,0.344,0,0,288.336,0,0,0,0,0,NA,0,0,0
2007-06-21,0,0,0,0,NA,1.035,0,0,278.004,0,0,0,0,0,NA,0,0,0
2007-06-22,0,0,0,0,NA,0,0,0,107.453,0,0,0,0,0,NA,0,0,0
2007-06-23,0,0,0,0,NA,0,0,0,0,0,0,0,0,0,NA,0,0,0
2007-06-24,0,0,0,0,NA,0,0,0,0,0,0,3.071,0,0,NA,0,0,0
2007-06-25,0,0,0,0,NA,33.49,0,0,0,0,0,0,0,0,NA,0,0,0
2007-06-26,0,0,0,0,NA,122.249,0,0,0,0,0,0.843,0,0,NA,0,0,0
2007-06-27,0,0,0,0,NA,98.993,0,0,0,0,0,0,0,0,NA,0,0,0
2007-06-28,0,0,0,0,NA,0,0,0,0,0,0,0,0,0,NA,0,0,0
2007-06-29,0.029,0,0,0,NA,0,0,0,0,0,0,0,0,0,NA,0,0,0
2007-06-30,0,0,0,0,NA,0,0,0,0,0,0,18.053,0,0,NA,0,0,0
2007-07-01,0,0,0,0,NA,0,0,0,0,0,0,68.602,0,0,NA,0,0,0
2007-07-02,0,0,0,0,NA,1.051,0,0,0,0,0,30.437,0,0,NA,0,0,0
2007-07-03,0,0,0,0,NA,0,0,0,0,0,0,0,0,0,NA,0,0,0
2007-07-04,0,0,0,0,NA,47.602,0,0,0,0,0,0,0,0,NA,0,0,0
2007-07-05,0,0,0,0,NA,65.951,0,0,0,0,0,0,0,0,NA,0,0,0
2007-07-06,0,0,0,0,NA,377.523,0,0,0,0,0,0,0,0,NA,0,0,0
2007-07-07,0,0,0,0,NA,512.929,0,0,668.105,0,0,0,0,0,NA,0,0,0
2007-07-08,0,0,0,0,NA,385.251,0,0,101.685,0,0,0,0,0,NA,0,0,0
2007-07-09,0,0,0,0,NA,421.386,0,0,0,0,0,0,0,0,NA,0,0,0
2007-07-10,0,0,0,0,NA,581.562,0,0,219.118,0,0,0,0,0,NA,0,0,0
2007-07-11,0,0,0,0,NA,492.551,0,0,0,0,0,0,0,0,NA,0,0,0
2007-07-12,0,0,0,0,NA,135.811,0,0,0,0,10.147,0,0,0,NA,0,0,0
2007-07-13,0,0,0,0,NA,252.001,0,0,0,0,9.893,0,0,0,NA,0,0,0
2007-07-14,0,0,0,0,NA,345.111,0,0,0,0,0,0,0,0,NA,0,0,0
2007-07-15,0,0,0,0,NA,148.916,0,0,0,0,0,0,0,0,NA,0,0,0
2007-07-16,0,0,0,0,NA,150.741,0,0,0,0,0,0,0,0,NA,0,0,0
2007-07-17,0,0,0,0,NA,97.215,0,0,0,0,0,0,202.637,0,NA,0,0,0
2007-07-18,0,0,0,0,NA,314.43,0,0,11.819,0,0,0,55.183,0,NA,0,0,0
2007-07-19,0,0,0,0,NA,281.8,0,0,0,0,0,0,0,0,NA,0,0,0
2007-07-20,0,0,0,0,NA,237.347,0,0,0,0,0,0,224.92,0,NA,0,0,0
2007-07-21,0,0,0,0,NA,33.917,0,0,0,0,0,0,635.364,0,NA,0,0,0
2007-07-22,0,0,0,0,NA,10.431,0,0,0,0,0,0,850.144,0,NA,0,0,0
2007-07-23,0,0,0,0,NA,264.628,0,0,0,0,0,0,761.37,0,NA,0,0,0
2007-07-24,0,0,0,0,NA,290,0,0,0,0,0,0,1014.564,0,NA,0,0,0
2007-07-25,0,0,0,0,NA,255.207,0,0,0,0,0,0,1548.989,0,NA,0,0,0
2007-07-26,0,0,0,0,NA,236.126,0,0,0,0,0,0,1448.547,0,NA,0,0,0
2007-07-27,0,0,0,0,NA,363.99,0,0,0,0,0,0,1315.152,0,NA,0,0,0
2007-07-28,0,0,0,0,NA,341.967,0,0,0,0,0,0,1223.421,0,NA,0,0,0
2007-07-29,0,0,0,0,NA,246.27,0,0,0,0,0,0,1119.071,0,NA,0,0,0
2007-07-30,0,0,0,0,NA,234.209,0,0,0,0,0,0,1193.592,0,NA,0,0,0
2007-07-31,0,0,0,0,NA,342.466,0,0,0,0,0,0,1083.858,0,NA,0,0,0
2007-08-01,0,0,0,0,NA,270.8,0,0,254.008,0,0,0,1288.117,0,NA,0,0,0
2007-08-02,0,0,0,0,NA,365.122,0,0,1962.082,0,487.193,0,1382.659,0,NA,0,0,0
2007-08-03,0,0,0,0,NA,358.761,0,0,486.838,0,431.668,0,1499.23,0,NA,0,0,0
2007-08-04,0,0,0,0,NA,316.453,0,0,820.949,0,671.641,0,1612.067,0,NA,0,0,0
2007-08-05,0,0,0,0,NA,333.874,0,0,160.696,0,1136.041,0,1297.868,0,NA,0,0,0
2007-08-06,0,0,0,0,NA,331.308,0,0,0,0,368.349,0,960.883,0,NA,0,0,0
2007-08-07,0,0,0,0,NA,471.017,0,0,380.672,0,110.193,0,993.704,0,NA,0,0,0
2007-08-08,0,0,0,0,NA,559.555,0,0,573.38,0,286.935,0,912.789,0,NA,0,0,0
2007-08-09,0,0,0,0,NA,387.437,0,0,0,0,187.351,0,763.732,0,NA,0,0,0
2007-08-10,0,0,0,0,NA,191.817,0,0,0,0,186.179,0,539.182,0,NA,0,0,0
2007-08-11,0,0,0,0,NA,0,0,0,0,0,184.854,0,588.814,0,NA,0,0,0
2007-08-12,0,0,0,0,NA,64.078,0,0,0,0,35.263,0,707.884,0,NA,0,0,0
2007-08-13,0,0,0,0,NA,187.041,0,0,1138.176,0,28.508,0,714.157,0,NA,0,0,0
2007-08-14,0,0,0,0,NA,410.516,0,0,466.216,0,275.091,0,546.555,0,NA,0,0,0
2007-08-15,0,0,0,0,NA,345.173,0,0,0,0,221.47,0,935.898,0,NA,0,0,0
2007-08-16,0,0,0,0,NA,235.02,0,0,0,0,51.255,0,1180.965,0,NA,0,0,0
2007-08-17,0,0,0,0,NA,186.276,0,0,0,0,118.82,0,1357.359,0,NA,0,0,0
2007-08-18,0,0,0,0,NA,174.173,0,0,0,0,0,0,757.892,0,NA,0,0,0
2007-08-19,0,0,0,0,NA,170.856,0,0,0,0,0,0,820.388,0,NA,0,0,0
2007-08-20,0,0,0,0,NA,210.728,0,0,0,0,0,0,698.975,0,NA,0,0,0
2007-08-21,0,0,0,0,NA,441.36,0,0,0,0,0,0,614.636,0,NA,0,0,0
2007-08-22,0,0,0,0,NA,443.343,0,0,0,0,0,0,527.491,0,NA,0,0,0
2007-08-23,0,0,0,0,NA,214.271,0,0,0,0,0,0,0,0,NA,0,0,0
2007-08-24,0,0,0,0,NA,246.627,0,0,19.277,0,0,0,731.558,0,NA,0,0,0
2007-08-25,0,0,0,0,NA,246.132,0,0,0,0,0,0,673.87,0,NA,0,0,0
2007-08-26,0,0,0,0,NA,230.452,0,0,1648.881,0,59.246,0,260.6,0,NA,0,0,0
2007-08-27,0,0,0,0,NA,383.697,0,0,1660.18,0,1137.612,0,706.562,0,NA,0,0,0
2007-08-28,0,0,0,0,NA,568.486,0,0,713.419,0,1263.343,0,517.502,0,NA,0,0,0
2007-08-29,0,0,0,0,NA,346.827,0,0,0,0,659.066,0,276.677,0,NA,0,0,0
2007-08-30,0,0,0,0,NA,195.507,0,0,0,0,351.255,0,539.276,0,NA,0,0,0
2007-08-31,0,0,0,0,NA,150.708,0,0,0,0,181.612,0,570.702,0,NA,0,0,0
2007-09-01,0,0,0,0,NA,129.805,0,0,0,0,122.774,0,340.024,0,NA,0,0,0
2007-09-02,0,0,0,0,NA,120.014,0,0,0,0,0,0,792.161,0,NA,0,0,0
2007-09-03,0,0,0,0,NA,119.596,0,0,0,0,0,0,741.179,0,NA,0,0,0
2007-09-04,0,0,0,0,NA,89.646,0,0,0,0,0,0,899.216,0,NA,0,0,0
2007-09-05,0,0,0,0,NA,109.492,0,0,0,0,0,0,506.71,0,NA,0,0,0
2007-09-06,0,0,0,0,NA,87.406,0,0,0,0,0,5.712,670.18,0,NA,0,0,0
2007-09-07,0,0,0,0,NA,10.098,0,0,0,0,0,0,450.034,0,NA,0,0,0
2007-09-08,0,0,0,0,NA,120.962,0,0,0,0,0,0,578.992,0,NA,0,0,0
2007-09-09,0,0,0,0,NA,121.742,0,0,0,0,0,0,518.605,0,NA,0,0,0
2007-09-10,0,0,0,0,NA,61.947,0,0,0,0,0,0,540.5,0,NA,0,0,0
2007-09-11,0,0,0,0,NA,0,0,0,0,0,0,0,589.696,0,NA,0,0,0
2007-09-12,0,0,0,0,NA,21.378,0,0,0,0,0,0,732.585,0,NA,0,0,0
2007-09-13,0,0,0,0,NA,157.23,0,0,657.807,0,0,0,372.577,0,NA,0,0,0
2007-09-14,0,0,0,0,NA,189.708,0,0,1406.989,0,50.31,0,531.044,0,NA,0,0,0
2007-09-15,0,0,0,0,NA,106.407,0,0,623.941,0,1141.635,0,469.966,0,NA,0,0,0
2007-09-16,0,0,0,0,NA,85.406,0,0,695.507,0,470.22,0,523.957,0,NA,0,0,0
2007-09-17,0,0,0,0,NA,197.989,0,0,587.526,0,786.88,0,441.915,0,NA,0,0,0
2007-09-18,0,0,0,0,NA,383.928,0,0,1774.799,0,898.836,0,418.864,0,NA,0,0,0
2007-09-19,0,0,0,0,NA,436.636,0,0,473.626,0,1151.134,0,507.523,0,NA,0,0,0
2007-09-20,0,0,0,0,NA,334.736,0,0,424.403,0,634.854,1.688,619.518,0,NA,0,0,0
2007-09-21,0,0,0,0,NA,320.751,0,0,728.946,0,526.208,0,209.544,0,NA,0,0,0
2007-09-22,0,0,0,0,NA,521.733,0,0,1984.337,0,775.466,0,508.753,0,NA,0,0,0
2007-09-23,0,0,0,0,NA,564.483,0,0,1339.304,0,1369.138,0,408.887,0,NA,0,0,0
2007-09-24,0,0,0,0,NA,561.477,0,0,1435.249,0,1331.369,0,555.303,0,NA,0,0,0
2007-09-25,0,0,0,0,NA,556.726,0,0,1719.684,0,1487.175,0,694.705,0,NA,0,0,0
2007-09-26,0,0,0,0,NA,514.683,0,0,1382.493,0,1369.374,0,586.402,0,NA,0,0,0
2007-09-27,0,0,0,0,NA,567.518,0,0,466.482,0,1360.694,0,574.813,0,NA,0,0,0
2007-09-28,0,0,0,0,NA,570.025,0,0,349.222,0,396.475,0,559.83,0,NA,0,0,0
2007-09-29,0,0,0,0,NA,566.257,0,0,264.448,0,171.771,0,518.283,0,NA,0,0,0
2007-09-30,0,0,0,0,NA,478.799,0,0,0,0,446.499,0,481.788,0,NA,0,0,0
2007-10-01,0,0,0,0,NA,403.687,0,0,1572.455,0,714.699,0,459.226,0,NA,0,0,0
2007-10-02,0,0,0,0,NA,556.161,0,0,1738.412,0,1460.88,0,578.933,0,NA,0,0,0
2007-10-03,0,0,0,0,NA,716.019,0,0,1682.764,0,1887.086,0,695.955,0,NA,0,0,0
2007-10-04,0,0,0,0,NA,856.522,0,202.415,1292.03,0,1685.27,0,638.098,0,NA,629,0,0
2007-10-05,0,0,0,0,NA,952.885,0,211.334,1007.514,0,1616.083,0,683.173,0,NA,923,0,0
2007-10-06,0,0,0,0,NA,931.457,0,0,240.745,0,1597.368,0,936.88,0,NA,937,0,0
2007-10-07,0,0,0,0,NA,555.444,0,0,754.833,0,578.231,0,1056.921,0,NA,936,0,0
2007-10-08,0,0,0,0,NA,406.497,0,0,569.822,0,681.733,0,1032.009,0,NA,942,0,0
2007-10-09,0,0,0,0,NA,296.311,0,0,514.278,0,707.665,0,1015.321,0,NA,961,0,0
2007-10-10,0,0,0,0,NA,267.565,0,0,0,0,330.701,0,1017.825,0,NA,960,0,0
2007-10-11,0,0,0,0,NA,228.856,0,0,0,0,58.556,0,1018.797,0,NA,954,0,0
2007-10-12,0,0,0,0,NA,163.683,0,0,0,0,55.325,0,1037.732,0,NA,702,0,0
2007-10-13,0,0,0,0,NA,152.561,0,0,0,0,0,0,1009.913,0,NA,476,0,0
2007-10-14,0,0,0,0,NA,293.951,0,0,0,0,0,0,834.115,0,NA,473,0,0
2007-10-15,0,0,0,0,NA,80.301,0,0,0,0,0,0,743.996,0,NA,470,0,0
2007-10-16,0,0,0,0,NA,91.12,0,0,0,0,0,0,771.259,0,NA,466,0,0
2007-10-17,0,0,0,0,NA,377.504,0,0,0,0,0,0,582.555,0,NA,465,0,0
2007-10-18,0,0,0,0,NA,562.658,0,0,0,0,0,0,458.033,0,NA,164,0,0
2007-10-19,0,0,0,0,NA,403.053,0,0,0,0,0,0,500.954,0,NA,0,0,0
2007-10-20,0,0,0,0,NA,489.834,0,0,1202.892,0,81.762,0,906.904,0,NA,0,0,0
2007-10-21,0,0,0,0,NA,506.743,0,0,882.037,0,1464.409,0,708.018,0,NA,0,0,0
2007-10-22,0,0,0,0,NA,441.391,0,0,1150.719,0,1064.199,0,633.557,0,NA,0,0,0
2007-10-23,0,0,0,0,NA,415.954,0,0,473.897,0,1039.945,0,612.315,0,NA,0,0,0
2007-10-24,0,0,0,0,NA,215.751,0,0,543.181,0,536.533,0,548.009,0,NA,0,0,0
2007-10-25,0,0,0,0,NA,319.402,0,0,422.161,0,678.804,0,587.741,0,NA,0,0,0
2007-10-26,0,0,0,0,NA,366.327,0,0,535.956,0,484.12,0,606.981,0,NA,0,0,0
2007-10-27,0,0,0,0,NA,389.72,0,0,390.96,0,744.499,0,542.58,0,NA,0,0,0
2007-10-28,0,0,0,0,NA,350.79,0,0,0,0,337.133,0,543.334,0,NA,0,0,0
2007-10-29,0,0,0,0,NA,385.932,0,0,0,0,172.494,0,597.63,0,NA,0,0,0
2007-10-30,0,0,0,0,NA,501.794,0,0,732.336,0,327.58,0,563.038,0,NA,0,0,0
2007-10-31,0,0,0,0,NA,553.934,0,0,343.313,0,757.861,0,923.682,0,NA,0,0,0
2007-11-01,0,0,0,0,NA,463.302,0,0,10.487,0,205.36,0,263.197,0,NA,0,0,0
2007-11-02,0,0,0,0,NA,365.73,0,0,423.098,0,252.982,0,689.401,0,NA,0,0,0
2007-11-03,0,0,0,0,NA,166.538,0,0,0,0,381.603,0,621.357,0,NA,0,0,0
2007-11-04,0,0,0,0,NA,141.149,0,0,0,0,244.485,0,565.152,0,NA,0,0,0
2007-11-05,0,0,0,0,NA,67.927,0,0,0,0,153.984,0,394.677,0,NA,0,0,0
2007-11-06,0,0,0,0,NA,47.275,0,0,0,0,60.724,0,452.711,0,NA,0,0,0
2007-11-07,0,0,0,0,NA,158.091,0,0,0,0,0,0,449.26,0,NA,0,0,0
2007-11-08,0,0,0,0,NA,92.383,0,0,0,0,0,0,393.655,0,NA,0,0,0
2007-11-09,0,0,0,0,NA,84.84,0,0,0,0,0,0,192.616,0,NA,0,0,0
2007-11-10,0,0,0,0,NA,51.583,0,0,0,0,0,0,129.834,0,NA,0,0,0
2007-11-11,0,0,0,0,NA,0,0,0,0,0,0,0,134.627,0,NA,0,0,0
2007-11-12,0,0,0,0,NA,56.621,0,0,0,0,0,0,179.667,0,NA,0,0,0
2007-11-13,0,0,0,0,NA,204.133,0,0,0,0,0,0,265.65,0,NA,0,0,0
2007-11-14,0,0,0,0,NA,150.207,0,32.128,0,0,0,0,256.297,0,NA,0,0,0
2007-11-15,0,0,0,0,NA,217.079,0,0,18.43,0,0,0,233.361,0,NA,0,0,0
2007-11-16,0,0,0,0,NA,84.459,0,0,0,0,32.364,0,173.277,0,NA,0,0,0
2007-11-17,0,0,0,0,NA,0,0,0,0,0,0,0,153.703,0,NA,0,0,0
2007-11-18,0,0,0,0,NA,0,0,0,0,0,0,0,119.665,0,NA,0,0,0
2007-11-19,0,0,0,0,NA,0,0,0,174.317,0,42.807,0,172.645,0,NA,0,0,0
2007-11-20,0,0,0,0,NA,46.242,0,0,181.043,0,0,0,166.841,0,NA,0,0,0
2007-11-21,0,0,0,0,NA,37.136,0,0,0,0,0,0,90.64,0,NA,0,0,0
2007-11-22,0,0,0,0,NA,0,0,0,0,0,0,0,172.109,0,NA,0,0,0
2007-11-23,0,0,0,0,NA,0,0,0,0,0,0,0,92.506,0,NA,0,0,0
2007-11-24,0,0,0,0,NA,0,0,0,0,0,0,0,135.272,0,NA,0,0,0
2007-11-25,0,0,0,0,NA,0,0,0,0,0,0,0,70.773,0,NA,0,0,0
2007-11-26,0,0,0,0,NA,0,0,0,0,0,0,0,34.146,0,NA,0,0,0
2007-11-27,0,0,0,0,NA,0,0,0,0,0,0,0,224.524,0,NA,0,0,0
2007-11-28,0,0,0,0,NA,0,0,0,0,0,0,0,161.957,0,NA,0,0,0
2007-11-29,0,0,0,0,NA,5.894,0,0,0,0,0,0,130.509,0,NA,0,0,0
2007-11-30,0,0,0,0,NA,8.433,0,0,0,0,0,0,106.639,0,NA,0,0,0
2007-12-01,0,0,0,0,NA,0,0,0,0,0,0,0,118.512,0,NA,0,0,0
2007-12-02,0,0,0,0,NA,0,0,0,0,0,0,0,111.1,0,NA,0,0,0
2007-12-03,0,0,0,0,NA,0,0,0,0,0,0,0,104.604,0,NA,0,0,0
2007-12-04,0,0,0,0,NA,0,0,0,0,0,0,0,236.502,0,NA,0,0,0
2007-12-05,0,0,0,0,NA,0,0,0,0,0,0,0,139.072,0,NA,0,0,0
2007-12-06,0,0,0,0,NA,0,0,0,0,0,0,0,81.955,0,NA,0,0,0
2007-12-07,0,0,0,0,NA,0,0,0,0,0,0,0,121.955,0,NA,0,0,0
2007-12-08,0,0,0,0,NA,0,0,0,0,0,0,0,152.391,0,NA,0,0,0
2007-12-09,0,0,0,0,NA,0,0,0,0,0,0,0,135.561,0,NA,0,0,0
2007-12-10,0,0,0,0,NA,0,0,0,0,0,0,0,55.613,0,NA,0,0,0
2007-12-11,0,0,0,0,NA,0,0,0,0,0,0,0,133.91,0,NA,0,0,0
2007-12-12,0,0,0,0,NA,0,0,0,0,0,0,0,121.456,0,NA,0,0,0
2007-12-13,0,0,0,0,NA,0.68,0,0,0,0,0,0,7.541,0,NA,0,0,0
2007-12-14,0,0,0,0,NA,70.651,0,0,0,0,0,0,193.683,0,NA,0,0,0
2007-12-15,0,0,0,0,NA,221.354,0,0,619.387,0,0,0,195.368,0,NA,0,0,0
2007-12-16,0,0,0,0,NA,119.135,0,0,379.081,0,0,0,194.624,0,NA,0,0,0
2007-12-17,0,0,0,0,NA,46.287,0,0,355.589,0,85.167,0,232.803,0,NA,0,0,0
2007-12-18,0,0,0,0,NA,238.992,0,0,47.481,0,516.855,0,98.42,0,NA,0,0,0
2007-12-19,0,0,0,0,NA,323.262,0,0,0,0,176.837,0,124.613,0,NA,0,0,0
2007-12-20,0,0,0,0,NA,321.41,0,0,0,0,52.948,0,131.498,0,NA,0,0,0
2007-12-21,0,0,0,0,NA,161.903,0,0,0,0,0,0,120.711,0,NA,0,0,0
2007-12-22,0,0,0,0,NA,124.197,0,0,0,0,0,0,139.896,0,NA,0,0,0
2007-12-23,0,0,0,0,NA,123.838,0,0,0,0,0,0,173.712,0,NA,0,0,0
2007-12-24,0,0,0,0,NA,78.312,0,0,0,0,0,0,124.495,0,NA,0,0,0
2007-12-25,0,0,0,0,NA,0,0,0,0,0,0,0,156.188,0,NA,0,0,0
2007-12-26,0,0,0,0,NA,0,0,0,0,0,0,0,150.799,0,NA,0,0,0
2007-12-27,0,0,0,0,NA,0,0,0,0,0,0,0.584,131.071,0,NA,0,0,0
2007-12-28,0,0,0,0,NA,0,0,0,0,0,0,0,75.609,0,NA,0,0,0
2007-12-29,0,0,0,0,NA,0,0,0,0,0,0,0,106.36,0,NA,0,0,0
2007-12-30,0,0,0,0,NA,0,0,0,0,0,0,0,101.585,0,NA,0,0,0
2007-12-31,0,0,0,0,NA,0,0,0,0,0,0,0,181.094,0,NA,0,0,0
2008-01-01,0,0,0,0,NA,0,0,0,0,0,0,0,185.747,0,NA,0,0,0
2008-01-02,0,0,89.598,0,NA,0,0,0,0,0,0,0,249.252,0,NA,0,0,0
2008-01-03,0,0,42.73,0,NA,0,0,0,0,0,0,0,171.519,0,NA,0,0,0
2008-01-04,0,0,0,0,NA,0,0,0,0,0,0,0,0,0,NA,0,0,0
2008-01-05,0,0,0,0,NA,0,0,0,0,0,0,0,62.584,0,NA,0,0,0
2008-01-06,0,0,0,0,NA,0,0,0,0,0,0,0,105.349,0,NA,0,0,0
2008-01-07,0,0,0,0,NA,0,0,0,0,0,0,0,89.589,0,NA,0,0,0
2008-01-08,0,0,0,0,NA,0,0,0,0,0,0,0,271.831,0,NA,0,0,0
2008-01-09,0,0,0,0,NA,0,0,0,0,0,0,0,160.987,0,NA,0,0,0
2008-01-10,78.263,0,0,0,NA,0,0,0,0,0,0,0,165.76,0,NA,0,0,0
2008-01-11,46.722,0,0,0,NA,0,0,0,0,0,0,0,148.38,0,NA,0,0,0
2008-01-12,0,0,0,0,NA,0,0,0,0,0,0,0,212.062,0,NA,0,0,0
2008-01-13,0,0,0,0,NA,0,0,0,0,0,0,0,119.882,0,NA,0,0,0
2008-01-14,0,0,0,0,NA,0.259,0,0,0,0,0,0,126.607,0,NA,0,0,0
2008-01-15,37.205,0,0,0,NA,0,0,0,33.393,0,0,0,127.411,0,NA,0,0,0
2008-01-16,0,0,0,0,NA,0,0,0,0,0,0,0,123.353,0,NA,0,0,0
2008-01-17,0,0,0,0,NA,0,0,0,0,0,0,0,120.296,0,NA,0,0,0
2008-01-18,0,0,0,0,NA,0,0,0,0,0,16.105,0,89.368,0,NA,0,0,0
2008-01-19,0,0,0,0,NA,0,0,0,0,0,0,0,174.359,0,NA,0,0,0
2008-01-20,0,0,0,0,NA,0,0,0,0,0,0,0,206.49,0,NA,0,0,0
2008-01-21,0,0,0,0,NA,0,0,0,0,0,0,0,213.931,0,NA,0,0,0
2008-01-22,15.781,0,0,0,NA,0,0,0,0,0,0,0,120.04,0,NA,0,0,0
2008-01-23,0,0,0,0,NA,75.523,0,0,0,0,0,0,131.702,0,NA,0,0,0
2008-01-24,0,0,0,0,NA,125.858,0,0,0,0,0,1.327,202.034,0,NA,0,0,0
2008-01-25,0,0,0,0,NA,177.781,0,0,0,0,0,0,160.84,0,NA,0,0,0
2008-01-26,0,0,0,0,NA,0,0,0,0,0,0,0,114.499,0,NA,0,0,0
2008-01-27,0,0,0,0,NA,0,0,0,0,0,0,0,111.444,0,NA,0,0,0
2008-01-28,0,0,0,0,NA,1.787,0,0,0,0,5.207,0,112.158,0,NA,0,0,0
2008-01-29,0,0,0,0,NA,55.888,0,0,0,0,0,0,86.92,0,NA,0,0,0
2008-01-30,0,0,0,0,NA,0,0,0,0,0,0,0,64.447,0,NA,0,0,0
2008-01-31,0,0,0,0,NA,38.966,0,0,0,0,0,0,93.377,0,NA,0,0,0
2008-02-01,0,0,0,0,NA,0,0,0,0,0,0,0,119.43,0,NA,0,0,0
2008-02-02,0,0,0,0,NA,0,0,0,0,0,0,0,126.077,0,NA,0,0,0
2008-02-03,0,0,0,0,NA,0,0,0,0,0,0,0,60.396,0,NA,0,0,0
2008-02-04,0,0,0,0,NA,0,0,0,0,0,0,0,106.061,0,NA,0,0,0
2008-02-05,0,0,0,0,NA,0,0,0,0,0,0,0,94.92,0,NA,0,0,0
2008-02-06,0,0,0,0,NA,0,0,0,0,0,0,0,95.341,0,NA,0,0,0
2008-02-07,0,0,0,0,NA,0,0,0,0,0,0,0,140.446,0,NA,0,0,0
2008-02-08,0,0,0,0,NA,0,0,0,0,0,0,0,0,0,NA,0,0,0
2008-02-09,0,0,0,0,NA,0,0,0,0,0,0,0,84.877,0,NA,0,0,0
2008-02-10,0,0,0,0,NA,0,0,0,0,0,0,0,90.361,0,NA,0,0,0
2008-02-11,0,0,0,0,NA,0,0,0,0,0,0,0,114.104,0,NA,0,0,0
2008-02-12,0,0,0,0,NA,0,0,0,0,0,0,0,154.832,0,NA,0,0,0
2008-02-13,0,0,0,0,NA,387.236,0,0,1817.771,0,0,0,355.613,0,NA,0,0,0
2008-02-14,0,0,0,0,NA,576.639,0,0,3061.943,0,970.76,0,423.483,0,NA,0,0,0
2008-02-15,0,0,0,0,NA,570.372,0,0,1171.147,0,1953.752,0,217.044,0,NA,NA,269,288
2008-02-16,0,0,0,0,NA,549.121,0,0,190.817,0,2000.44,0,61.046,0,NA,1480,851,887
2008-02-17,0,0,0,0,NA,543.374,0,0,0,0,1010.726,0,83.637,0,NA,1455,824,851
2008-02-18,0,0,0,0,NA,539.251,0,0,0,0,402.098,0,179.896,0,NA,1432,809,832
2008-02-19,0,0,0,0,NA,552.762,0,0,15.716,0,144.346,0,184.127,0,NA,1270,798,822
2008-02-20,0,0,0,0,NA,310.577,0,0,0,0,0,0,106.773,0,NA,1128,782,806
2008-02-21,0,0,0,0,NA,0,0,0,48.371,0,0,0,81.539,0,NA,840,632,657
2008-02-22,0,2.543,1.064,0,NA,153.436,0,0,0,0,5.634,0,210.499,0,NA,232,240,259
2008-02-23,0,0,0,0,NA,125.798,0,0,0,0,0,0,163.243,0,NA,0,0,0
2008-02-24,0,0,0,0,NA,125.524,0,0,0,0,0,0,159.232,0,NA,0,0,0
2008-02-25,0,0,0,0,NA,125.368,0,0,0,0,0,0,157.563,0,NA,0,0,0
2008-02-26,0,0,0,0,NA,125.226,0,0,0,0,0,0,79.689,0,NA,0,0,0
2008-02-27,0,0,0,0,NA,125.324,0,0,0,0,0,0,18.846,0,NA,0,0,0
2008-02-28,0,0,0,0,NA,223.869,0,0,0,0,41.936,0,100.015,0,NA,0,0,0
2008-02-29,0,0,0,0,NA,253.064,0,0,0,0,178.948,0,148.667,0,NA,0,0,0
2008-03-01,0,0,0,0,NA,246.249,0,0,0,0,84.89,0,120.257,0,NA,0,0,0
2008-03-02,0,0,0,0,NA,124.612,0,0,0,0,0,0,159.144,0,NA,0,0,0
2008-03-03,0,0,0,0,NA,31.63,0,0,0,0,0,0,32.723,0,NA,0,0,0
2008-03-04,0,0,0,0,NA,0,0,0,0,0,0,0,0,0,NA,0,0,0
2008-03-05,0,0,0,0,NA,191.891,0.791,0,0,0,0,0,130.118,0,NA,0,0,0
2008-03-06,0,0,0,0,NA,145.487,0,0,127.337,0,22.913,0,347.738,0,NA,0,0,0
2008-03-07,0,0,0,0,NA,579.278,0,0,605.326,0,758.484,0,384.67,0,NA,0,0,0
2008-03-08,0,0,0,0,NA,578.145,0,0,513.374,0,256.018,0,546.726,0,NA,0,0,0
2008-03-09,0,0,0,0,NA,577.617,0,0,411.28,0,798.334,0,454.288,0,NA,0,0,0
2008-03-10,0,0,0,0,NA,577.678,0,0,0,0,498.083,0,310.385,0,NA,0,0,0
2008-03-11,0,0,0,0,NA,329.469,0,0,0,0,94.322,0,331.028,0,NA,208,108,0
2008-03-12,0,0,0,0,NA,415.05,0,0,1461.493,0,90.203,1.514,606.885,0,NA,427,222,0
2008-03-13,0,0,0,0,NA,446.673,0,0,474.962,0,1222.582,1.057,722.383,0,NA,422,220,0
2008-03-14,0,0,0,0,NA,229.592,0,0,164.936,0,799.246,0,750.806,0,NA,421,219,0
2008-03-15,0,0,0,0,NA,218.702,0,0,0,0,187.111,0,797.18,0,NA,414,218,0
2008-03-16,0,0,0,0,NA,154.412,0,0,0,0,188.241,0,940.857,0,NA,410,218,0
2008-03-17,0,0,0,0,NA,179.886,0,0,0,0,188.327,0,926.265,0,NA,408,216,0
2008-03-18,0,0,0,0,NA,158.181,0,0,0,0,52.601,0,856.622,0,NA,405,209,0
2008-03-19,0,0,0,0,NA,189.544,0,0,0,0,0,0,964.561,0,NA,399,206,0
2008-03-20,0,0,0,0,NA,152.046,0,0,0,0,0,0,1060.877,0,NA,398,206,0
2008-03-21,0,0,0,0,NA,145.346,0,0,0,0,0,0,1222.466,0,NA,392,204,0
2008-03-22,0,0,0,0,NA,159.709,0,0,0,0,0,0,1236.842,0,NA,389,201,0
2008-03-23,0,0,0,0,NA,442.025,0,0,360.252,0,38.022,0,1335.125,0,NA,400,206,0
2008-03-24,0,0,0,0,NA,569.804,0,0,445.543,0,521.734,0,1160.635,0,NA,408,212,0
2008-03-25,0,0,0,0,NA,571.688,0,0,135.336,0,708.516,0.152,1222.157,0,NA,411,213,0
2008-03-26,0,0,0,0,NA,571.279,0,0,0,0,141.064,0,1330.908,0,NA,407,211,0
2008-03-27,0,0,0,0,NA,277.575,0,0,0,0,65.832,0,1453.746,0,NA,402,209,0
2008-03-28,0,0,0,0,NA,165.949,0,0,0,0,0,0,1370.453,0,NA,397,207,0
2008-03-29,0,0,0,0,NA,87.118,0,0,0,0,0,0,1398.154,0,NA,392,204,0
2008-03-30,0,0,0,0,NA,139.127,0,0,0,0,0,0,1403.239,0,NA,388,202,0
2008-03-31,0,0,0,0,NA,175.327,0,0,0,0,0,0,1353.236,0,NA,382,200,0
2008-04-01,0,0,0,0,NA,222.48,0,0,0,0,0,0,1370.251,0,NA,165,88,0
2008-04-02,0,0,0,0,NA,337.939,0,0,0,0,0,0,1753.171,0,NA,0,0,0
2008-04-03,0,0,0,0,NA,283.997,0,0,0,0,0,0,1811.647,0,NA,0,0,0
2008-04-04,0,0,0,0,NA,177.484,0,0,0,0,0,0,1654.846,0,NA,0,0,0
2008-04-05,0,0,0,0,NA,82.399,0,0,0,0,0,0,1578.873,0,NA,0,0,0
2008-04-06,0,0,0,0,NA,136.271,0,0,0,0,0,0,1530.463,0,NA,0,0,0
2008-04-07,0,0,0,0,NA,651.468,0,0,1770.288,0,759.426,0,2137.625,0,NA,0,0,0
2008-04-08,0,0,0,0,NA,1543.669,0,0,1440.882,0,197.334,0,2247.982,0,NA,0,0,0
2008-04-09,0,0,0,0,NA,972.686,0,0,452.479,0,104.28,0,1667.735,0,NA,376,290,204
2008-04-10,0,0,0,0,NA,295.796,0,0,0,0,57.29,0,1654.108,0,NA,484,418,425
2008-04-11,0,0,0,0,NA,250.674,0,0,0,0,0,0,1716.534,0,NA,400,408,NA
2008-04-12,0,0,0,0,NA,123.308,0,0,0,0,0,0,1644.138,0,NA,389,397,406
2008-04-13,0,0,0,0,NA,78.137,0,0,0,0,0,0,1633.914,0,NA,382,391,400
2008-04-14,0,0,0,0,NA,181.472,0,0,0,0,0,0,1573.574,0,NA,373,383,NA
2008-04-15,0,0,0,0,NA,239.185,0,0,0,0,0,0,1463.408,0,NA,365,361,388
2008-04-16,0,0,0,0,NA,244.103,0,0,0,0,0,0,1311.545,0,NA,244,234,265
2008-04-17,0,0,0,0,NA,170.891,0,0,0,0,0,0,1363.999,0,NA,190,188,199
2008-04-18,0,0,0,0,NA,85.224,0,0,0,0,0,0,1414.648,0,NA,73,76,83
2008-04-19,0,0,0,0,NA,0,0,0,0,0,0,0,1251.128,0,NA,0,0,0
2008-04-20,0,0,0,0,NA,0,0,0,0,0,0,0,1119.205,0,NA,0,0,0
2008-04-21,0,0,0,0,NA,21.1,0,0,0,0,0,0,1091.652,0,NA,0,0,0
2008-04-22,0,0,0,0,NA,0,0,0,0,0,0,0,1179.867,0,NA,0,0,0
2008-04-23,0,0,0,0,NA,14.262,0,0,0,0,0,0,1022.449,0,NA,0,0,0
2008-04-24,0,0,0,0,NA,74.248,0,0,0,0,0,0,944.733,0,NA,0,0,0
2008-04-25,0,0,0,0,NA,0,0,0,0,0,0,0,898.018,0,NA,0,0,0
2008-04-26,0,0,0,0,NA,0,0,0,0,0,0,0,748.909,0,NA,0,0,0
2008-04-27,0,0,0,0,NA,0,0,0,0,0,0,0,742.235,0,NA,0,0,0
2008-04-28,0,0,0,0,NA,0,0,0,0,0,0,0,422.03,0,NA,0,0,0
2008-04-29,0,0,0,0,NA,18.703,0,0,0,0,0,0,608.193,0,NA,0,0,0
2008-04-30,0,0,0,0,NA,0,0,0,0,0,0,0,543.418,0,NA,0,0,0
2008-05-01,0,0,0,0,NA,0,0,0,0,0,0,0,484.512,0,NA,0,0,0
2008-05-02,0,0,0,0,NA,0,0,0,0,0,0,0,491.921,0,NA,0,0,0
2008-05-03,0,0,0,0,NA,0,0,0,0,0,0,0,459.66,0,NA,0,0,0
2008-05-04,0,0,0,0,NA,18.427,0,0,0,0,0,0,448.165,0,NA,0,0,0
2008-05-05,0,0,0,0,NA,0,0,0,0,0,0,0,430.278,0,NA,0,0,0
2008-05-06,0,0,0,0,NA,0,0,0,0,0,0,0,474.154,0,NA,0,0,0
2008-05-07,4.823,0,0,0,NA,0,0,0,0,0,0,0,670.977,0,NA,0,0,0
2008-05-08,71.219,0,0,0,NA,0,0,0,0,0,0,0,430.76,0,NA,0,0,0
2008-05-09,64.327,0,0,0,NA,0,0,0,0,0,0,0,338.315,0,NA,0,0,0
2008-05-10,30.424,0,0,0,NA,17.201,0,0,0,0,0,0,515.335,0,NA,0,0,0
2008-05-11,0,0,0,0,NA,0,0,0,0,0,0,0,747.172,0,NA,0,0,0
2008-05-12,49.81,0,0,0,NA,0,0,0,0,0,0,0,367.804,0,NA,0,0,0
2008-05-13,80.184,0,0,0,NA,0,0,0,0,0,0,0,407.943,0,NA,0,0,0
2008-05-14,99.353,0,0,0,NA,0,0,0,0,0,0,0,435.647,0,NA,0,0,0
2008-05-15,89.674,0,0,0,NA,14.188,0,0,0,0,0,0,212.153,0,NA,0,0,0
2008-05-16,102.4,0,0,0,NA,0,0,0,0,0,0,0,257.784,0,NA,0,0,0
2008-05-17,58.35,0,0,0,NA,0,0,0,0,0,0,0,230.972,0,NA,0,0,0
2008-05-18,36.294,0,0,0,NA,0,0,0,0,0,0,0,313.606,0,NA,0,0,0
2008-05-19,55.965,0,0,0,NA,0,0,0,0,0,0,0,359.173,0,NA,0,0,0
2008-05-20,114.961,0,0,0,NA,17.295,0,0,0,0,0,0,348.162,0,NA,0,0,0
2008-05-21,74.368,0,0,0,NA,0,0,0,0,0,0,0,374.354,0,NA,0,0,0
2008-05-22,41.762,0,0,0,NA,0,0,0,0,0,0,0,207.997,0,NA,0,0,0
2008-05-23,32.268,0,0,0,NA,11.256,0,0,0,0,0,0,83.891,0,NA,0,0,0
2008-05-24,0,0,0,0,NA,54.922,0,0,0,0,0,0,161.832,0,NA,0,0,0
2008-05-25,0,0,0,0,NA,0,0,0,0,0,0,0,121.844,0,NA,0,0,0
2008-05-26,0,0,0,0,NA,0,0,0,0,0,0,0,177.883,0,NA,0,0,0
2008-05-27,0,0,0,0,NA,0,0,0,0,0,0,0,8.724,0,NA,0,0,0
2008-05-28,0,0,0,0,NA,61.761,0,0,0,0,0,0,142.336,0,NA,0,0,0
2008-05-29,0,0,0,0,NA,0,0,0,0,0,0,0,39.678,0,NA,0,0,0
2008-05-30,0,0,0,0,NA,0,0,0,0,0,0,0,0,0,NA,0,0,0
2008-05-31,0,0,0,0,NA,0,0,0,0,0,0,0,0,0,NA,0,0,0
2008-06-01,0,0,0,0,NA,0,0,0,0,0,0,0,144.722,0,NA,0,0,0
2008-06-02,0,0,0,0,NA,0,0,0,0,0,0,0,194.854,0,NA,0,0,0
2008-06-03,0,0,0,0,NA,0,0,0,0,0,0,0,3.125,0,NA,0,0,0
2008-06-04,0,0,0,0,NA,19.293,0,0,0,0,29.486,0,0,0,NA,0,0,0
2008-06-05,0,0,0,0,NA,0,0,0,0,0,0,0,33.775,0,NA,0,0,0
2008-06-06,0,0,0,0,NA,0,0,0,0,0,0,0,190.219,0,NA,0,0,0
2008-06-07,0,0,0,0,NA,0,0,0,0,0,0,0,0,0,NA,0,0,0
2008-06-08,0,0,0,0,NA,0,0,0,0,0,0,0,0,0,NA,0,0,0
2008-06-09,0,0,0,0,NA,5.867,0,0,0,0,0,0,0,0,NA,0,0,0
2008-06-10,0,0,0,0,NA,47.049,0,0,0,0,0,0,31.649,0,NA,0,0,0
2008-06-11,0,0,0,0,NA,82.069,0,0,0,0,0,0,317.51,0,NA,0,0,0
2008-06-12,0,0,0,0,NA,0,0,0,0,0,2.719,0,104.641,0,NA,0,0,0
2008-06-13,0,0,0,0,NA,0,0,0,0,0,0,0,0,NA,NA,0,0,0
2008-06-14,0,0,0,0,NA,0,0,0,0,0,0,0,144.622,0,NA,0,0,0
2008-06-15,0,0,0,0,NA,12.274,0,0,0,0,0,0,204.718,0,NA,0,0,0
2008-06-16,0,0,0,0,NA,20.248,0,0,0,0,28.523,0,0.375,0,NA,0,0,0
2008-06-17,0,0,0,0,NA,90.205,0,0,0,0,15.791,0,326.453,0,NA,0,0,0
2008-06-18,0,0,0,0,NA,196.15,0,0,464.335,0,0,0,0,0,NA,0,0,0
2008-06-19,0,0,0,0,NA,406.398,0,0,1142.904,0,8.295,0,290.432,0,NA,0,0,0
2008-06-20,0,0,0,0,NA,866.054,0,0,177.108,0,0,0,363.265,0,NA,0,0,0
2008-06-21,0,0,0,0,NA,448.257,0,0,563.764,0,0,0,187.43,0,NA,0,0,0
2008-06-22,0,0,0,0,NA,869.335,0,0,224.876,0,0.065,0,165.138,0,NA,0,0,0
2008-06-23,0,0,0,0,NA,1116.687,0,0,1130.287,0,8.836,109.603,301.894,0,NA,0,0,0
2008-06-24,0,0,0,0,NA,1293.695,0,0,948.308,0,160.52,220.675,159.458,0,NA,246,217,289
2008-06-25,0,0,0,0,NA,1129.521,0,0,428.132,0,353.977,216.158,241.69,0,NA,368,378,406
2008-06-26,0,0,0,0,NA,942.245,0,0,439.128,0,329.473,196.214,281.43,0,NA,369,378,406
2008-06-27,0,0,0,0,NA,961.749,0,0,1664.471,0,327.09,102.128,147.143,0,NA,371,378,404
2008-06-28,0,0,0,0,NA,1214.337,0,0,1428.026,0,457.246,116.39,351.596,0,NA,372,378,404
2008-06-29,0,0,0,0,NA,1178.447,0,0,431.835,0,377.128,137.703,123.976,0,NA,371,377,401
2008-06-30,0,0,0,0,NA,831.187,0,0,581.425,0,379.702,55.046,310.099,0,NA,370,377,400
2008-07-01,0,0,0,0,NA,830.073,0,0,552.897,0,224.968,27.804,465.913,0,NA,370,379,402
2008-07-02,0,0,0,0,NA,844.196,0,0,753.088,0,173.63,53.728,298.864,0,NA,372,383,405
2008-07-03,0,0,0,0,NA,605.81,0,0,1465.403,0,562.029,0,553.169,0,NA,376,383,408
2008-07-04,0,0,0,0,NA,753.874,0,0,1035.945,0,1127.468,104.021,780.069,0,NA,382,383,411
2008-07-05,0,0,0,0,NA,1007.635,0,0,1361.246,0,1105.335,125.148,1258.747,0,NA,388,384,415
2008-07-06,0,0,0,0,NA,1221.637,0,0,995.391,0,900.714,38.551,914.419,0,NA,396,386,420
2008-07-07,0,0,0,0,NA,1375.755,0,0,1038.828,0,644.746,34.658,1166.312,0,NA,405,390,426
2008-07-08,0,0,0,0,NA,902.857,0,0,858.637,0,718.269,42.498,1097.613,0,NA,406,392,429
2008-07-09,0,0,0,0,NA,587.789,0,0,460.821,0,938.266,30.438,1249.709,0,NA,406,392,430
2008-07-10,0,0,0,0,NA,396.729,0,0,515.264,0,645.528,0.472,668.197,0,NA,405,392,429
2008-07-11,0,0,0,0,NA,283.375,0,0,274.602,0,354.189,120.242,921.36,0,NA,400,390,426
2008-07-12,0,0,0,0,NA,216.593,0,0,0,0,246.515,110.453,772.274,0,NA,396,387,424
2008-07-13,0,0,0,0,NA,233.488,0,0,263.39,0,238.077,27.113,871.343,0,NA,393,385,422
2008-07-14,0,0,0,0,NA,259.917,0,0,526.455,0,123.005,7.75,815.986,0,NA,386,381,418
2008-07-15,0,0,0,0,NA,297.28,0,0,1010.056,0,654.935,0,1382.124,0,NA,385,379,417
2008-07-16,0,0,0,0,NA,353.187,0,0,430.48,0,831.212,0,1308.032,0,NA,390,381,418
2008-07-17,0,0,0,0,NA,381.532,0,0,524.938,0,651.499,0,1417.529,0,NA,391,382,418
2008-07-18,0,0,0,0,NA,309.491,0,0,210.896,0,562.426,0,1555.981,0,NA,388,382,NA
2008-07-19,0,0,0,0,NA,297.356,0,0,0,0,331.506,0,1536.164,0,NA,385,383,NA
2008-07-20,0,0,0,0,NA,246.618,0,0,0,0,287.763,0,1673.116,0,NA,381,382,NA
2008-07-21,0,0,0,0,NA,344.061,0,0,0,0,244.664,0,1846.428,0,NA,376,376,NA
2008-07-22,0,0,0,0,NA,295.736,0,0,0,0,19.777,0,2006.46,0,NA,180,188,397
2008-07-23,0,0,0,0,NA,228.744,0,0,0,0,36.12,0,2118.914,0,NA,0,0,424
2008-07-24,0,0,0,0,NA,271.001,0,0,431.811,0,28.831,0,2333.935,0,NA,0,0,141
2008-07-25,0,0,0,0,NA,383.74,0,0,390.29,0,157.542,0,2104.127,0,NA,0,0,0
2008-07-26,0,0,0,0,NA,355.355,0,0,0,0,186.561,0,2064.009,0,NA,0,0,0
2008-07-27,0,0,0,0,NA,340.321,0,0,506.521,0,176.329,0,2224.517,0,NA,0,0,0
2008-07-28,0,0,0,0,NA,306.269,0,0,345.965,0,566.69,0,2302.05,0,NA,0,0,0
2008-07-29,0,0,0,0,NA,151.019,0,0,0,0,453.325,0,2370.666,0,NA,0,0,0
2008-07-30,0,0,0,0,NA,122.877,0,0,345.207,0,253.645,0,2545.26,0,NA,0,0,0
2008-07-31,0,0,0,0,NA,139,0,0,0,0,210.232,0.289,1999.294,0,NA,0,0,0
2008-08-01,0,0,0,0,NA,155.101,0,0,573.908,0,280.632,0,2306.247,0,NA,0,0,0
2008-08-02,0,0,0,0,NA,130.857,0,0,0,0,185.656,0,2147.879,0,NA,0,0,0
2008-08-03,0,0,0,0,NA,127.607,0,0,0,0,189.129,0,2402.956,0,NA,0,0,0
2008-08-04,0,0,0,0,NA,222.858,0,0,493.681,0,298.884,0.577,2314.581,0,NA,0,0,0
2008-08-05,0,0,0,0,NA,334.407,0,0,1140.656,0,262.375,0,2772.161,0,NA,0,0,0
2008-08-06,0,0,0,0,NA,229.647,0,0,535.132,0,1088.561,0,2614.326,0,NA,0,0,0
2008-08-07,0,0,0,0,NA,291.369,0,0,633.496,0,887.482,0,1980.383,0,NA,0,0,0
2008-08-08,0,0,0,0,NA,135.278,0,0,345.022,0,689.026,0,2340.844,0,NA,0,0,0
2008-08-09,0,0,0,0,NA,118.541,0,0,0,0,371.586,0,1981.797,0,NA,0,0,0
2008-08-10,0,0,0,0,NA,120.482,0,0,0,0,403.081,0,2432.547,0,NA,0,0,0
2008-08-11,0,0,0,0,NA,133.667,0,0,556.801,0,255.065,0,1406.395,0,NA,0,0,0
2008-08-12,0,0,0,0,NA,95.527,0,0,342.415,0,256.674,0,1187.93,0,NA,0,0,0
2008-08-13,0,0,0,0,NA,144.592,0,0,679.2,0,392.926,0,1361.011,0,NA,0,0,0
2008-08-14,0,0,0,0,NA,52.151,0,0,227.924,0,396.325,5.804,1018.987,0,NA,0,0,0
2008-08-15,0,0,0,0,NA,138.026,0,0,109.938,0,423.606,0,1156.754,0,NA,0,0,0
2008-08-16,0,0,0,0,NA,76.152,0,0,0,0,355.035,0,951.805,0,NA,0,0,0
2008-08-17,0,0,0,0,NA,140.123,0,0,270.072,0,238.912,0,830.904,0,NA,0,0,0
2008-08-18,0,0,0,0,NA,343.187,0,0,860.792,0,379.282,0,681.916,0,NA,958,1039,1036
2008-08-19,0,0,0,0,NA,1428.477,0,0,3094.557,0,1727.07,0,5798.123,0,NA,1293,1314,1357
2008-08-20,0,0,0,0,NA,2461.395,0,0,4390.479,0,2316.288,0,8745.725,0,NA,1636,1346,1828
2008-08-21,0,0,0,0,NA,2656.276,0,0,4099.417,0,2644.724,0,13704.31,0,NA,1679,1000,1609
2008-08-22,0,0,0,0,NA,2666.75,0,0,4115.047,0,2810.53,0,18190.886,0,NA,1526,1086,1423
2008-08-23,0,0,0,0,NA,2195.004,0,0,3983.197,0,3087.114,0,17199.953,0,NA,1525,1058,1353
2008-08-24,0,0,0,0,NA,1630.316,0,0,3504.147,0,3118.188,0,16791.993,0,NA,1533,988,1313
2008-08-25,0,0,0,0,NA,1432.023,0,0,2854.846,0,2922.843,210.081,15258.931,0,NA,1563,977,1264
2008-08-26,0,0,0,0,NA,1305.443,0,0,3069.098,0,2681.116,233.013,14599.802,0,NA,1555,909,1254
2008-08-27,0,0,0,0,NA,1194.144,0,0,2504.817,0,2714.533,99.623,14196.117,0,NA,1483,887,1219
2008-08-28,0,0,0,0,NA,709.16,0,0,2520.121,0,2684.023,311.095,14156.466,0,NA,1145,788,936
2008-08-29,0,0,0,0,NA,662.04,0,0,2155.235,0,2493.777,227.045,13830.568,0,NA,1018,891,934
2008-08-30,0,0,0,0,NA,489.75,0,0,524.884,0,2333.301,0,12917.178,0,NA,1052,936,954
2008-08-31,0,0,0,0,NA,468.983,0,0,2235.267,0,1996.897,0,12732.139,0,NA,1063,941,949
2008-09-01,0,0,0,0,NA,553.811,0,0,1634.863,0,1898.682,30.043,12249.152,0,NA,1110,966,958
2008-09-02,0,0,0,0,NA,360.96,0,0,479.758,0,1891.171,22.356,11484.871,0,NA,1123,974,970
2008-09-03,0,0,0,0,NA,340.389,0,0,824.868,0,1434.097,0,10735.173,0,NA,1205,1015,990
2008-09-04,244.847,0,0,0,NA,277.524,0,0,616.298,0,685.095,48.752,9711.512,0,NA,1246,1034,994
2008-09-05,0.316,0,0,0,NA,666.675,0,0,2585.153,0,1247.879,165.915,9073.064,0,NA,1217,1079,1035
2008-09-06,0,0,0,0,NA,1663.398,0,0,3988.928,0,1769.1,0,8569.213,0,NA,1138,1073,1112
2008-09-07,0,0,0,0,NA,2114.244,0,0,3012.37,0,2166.282,0,6885.067,0,NA,1143,1102,1166
2008-09-08,0,0,0,0,NA,1840.534,0,0,1954.588,0,2081.833,0,6593.312,0,NA,1143,1100,1175
2008-09-09,0,0,0,0,NA,1596.005,0,0,1953.819,0,1426.053,0,6509.14,0,NA,1140,1076,1146
2008-09-10,136.278,0,0,0,NA,1200.561,0,0,806.151,0,1182.209,0,5285.806,0,NA,1218,1134,1163
2008-09-11,176.321,0,0,0,NA,802.561,0,0,702.783,0,1183.982,0,4533.637,0,NA,1226,1152,1177
2008-09-12,166.039,0,0,0,NA,384.458,0,0,478.048,0,911.722,0,4515.164,0,NA,450,381,1276
2008-09-13,108.099,0,0,0,NA,237.218,0,0,0,0,445.954,0,4400.826,0,NA,0,0,1435
2008-09-14,129.696,0,0,0,NA,236.246,0,0,0,0,321.183,55.41,3096.201,0,NA,0,0,1469
2008-09-15,136.495,0,0,0,NA,148.317,0,0,463.756,0,178.805,69.223,3266.98,0,NA,0,0,1494
2008-09-16,129.057,0,0,0,NA,131.217,0,0,0,0,37.196,0,3453.641,0,NA,0,0,590
2008-09-17,129.427,0,0,0,NA,80.846,0,0,0,0,0,0,2811.538,0,NA,0,0,0
2008-09-18,129.734,0,0,0,NA,0,0,0,0,0,0.729,0,2567.645,0,NA,0,0,0
2008-09-19,129.659,0,0,0,NA,0,0,0,493.763,0,21.166,0,1609.662,0,NA,0,0,0
2008-09-20,129.506,0,0,0,NA,0,0,0,0,0,0,0,1875.097,0,NA,0,0,0
2008-09-21,129.787,0,0,0,NA,0,0,0,0,0,0,0,1960.913,0,NA,0,0,0
2008-09-22,179.183,0,0,0,NA,53.368,0,0,403.927,0,68.646,0,1567.749,0,NA,0,0,0
2008-09-23,0,0,0,0,NA,57.011,0,0,273.533,0,169.917,0,1399.873,0,NA,0,0,0
2008-09-24,0,0,0,0,NA,40.415,0,0,223.001,0,171.429,0,1361.392,0,NA,0,0,0
2008-09-25,0,0,0,0,NA,0,0,0,0,0,174.335,0,978.847,0,NA,0,0,0
2008-09-26,0,0,0,0,NA,72.412,0,0,335.711,0,132.722,0,782.315,0,NA,0,0,0
2008-09-27,0,0,0,0,NA,0,0,0,0,0,43.164,0,502.428,0,NA,0,0,0
2008-09-28,0,0,0,0,NA,53.264,0,0,0,0,183.946,0,488.906,0,NA,0,0,0
2008-09-29,0,0,0,0,NA,137.233,0,0,1477.354,0,753.815,0,385.65,0,NA,0,0,0
2008-09-30,0,0,0,0,NA,479.706,0,0,2557.807,0,985.9,0,336.506,0,NA,0,0,0
2008-10-01,0,0,0,0,NA,803.788,0,0,3146.255,0,1444.196,0,357.986,0,NA,0,0,0
2008-10-02,0,0,0,0,NA,702.488,0,0,1858.928,0,1801.381,0,454.828,0,NA,0,0,0
2008-10-03,0,0,0,0,NA,556.847,0,0,656.156,0,1548.397,0,301.564,0,NA,0,0,0
2008-10-04,0,0,0,0,NA,366.614,0,0,595.065,0,1069.543,0,267.706,0,NA,0,0,0
2008-10-05,0,0,0,0,NA,1197.902,0,0,1570.034,0,982.181,0,266.278,0,NA,0,0,0
2008-10-06,0,0,0,0,NA,1354.835,0,0,516.171,0,893.336,0,194.03,0,NA,0,0,0
2008-10-07,0,0,0,0,NA,842.676,0,0,842.257,0,496.904,0,304.258,0,NA,0,0,0
2008-10-08,0,0,0,0,NA,488.803,0,0,696.54,0,284.741,0,291.617,0,NA,0,0,0
2008-10-09,0,0,0,0,NA,388.323,0,0,440.414,0,454.073,0,467.503,0,NA,0,0,0
2008-10-10,0,0,0,0,NA,278.47,0,0,378.607,0,270.864,0.581,581.978,0,NA,0,0,0
2008-10-11,0,0,0,0,NA,236.415,0,0,0,0,175.52,0,685.977,0,NA,0,0,0
2008-10-12,0,0,0,0,NA,310.612,0,0,578.809,0,176.057,0,691.394,0,NA,0,0,0
2008-10-13,0,0,0,0,NA,372.264,0,0,523.129,0,201.478,0,559.032,0,NA,0,0,0
2008-10-14,0,0,0,0,NA,382.061,0,0,665.239,0,389.768,0,334.635,0,NA,0,0,0
2008-10-15,0,0,0,0,NA,336.355,0,0,507.339,0,323.32,0,272.253,0,NA,0,0,0
2008-10-16,0,0,0,0,NA,340.05,0,0,246.573,0,223.025,0,430.528,0,NA,0,0,0
2008-10-17,13.425,0,0,0,NA,282.792,0,0,155.801,0,199.329,0,340.189,0,NA,0,0,0
2008-10-18,111.056,0,0,0,NA,77.151,0,0,0,0,139.38,0,410.277,0,NA,0,0,0
2008-10-19,157.413,0,0,0,NA,28.221,0,0,0,0,136.572,0,215.132,0,NA,0,0,0
2008-10-20,201.355,0,0,0,NA,40.952,0,0,0,0,82.693,0,205.982,0,NA,0,0,0
2008-10-21,75.309,0,0,0,NA,18.663,0,0,0,0,124.637,0,191.932,0,NA,0,0,0
2008-10-22,0,0,0,0,NA,164.37,0,0,0,0,22.884,0,252.267,0,NA,0,0,0
2008-10-23,0,0,0,0,NA,16.576,0,0,338.655,0,84.423,0,268.675,0,NA,0,0,0
2008-10-24,0,0,0,0,NA,43.373,0,0,0,0,111.266,0,282.478,0,NA,0,0,0
2008-10-25,0,0,0,0,NA,64.101,0,0,97.165,0,0,0,266.445,0,NA,0,0,0
2008-10-26,0,0,0,0,NA,56.804,0,0,0,0,37.191,0,NA,0,NA,0,0,0
2008-10-27,169.751,0,0,0,NA,3.926,0,0,0,0,45.374,0,0,0,NA,0,0,0
2008-10-28,193.345,0,0,0,NA,51.996,0,0,0,0,54.625,0,0,0,NA,0,0,0
2008-10-29,282.402,0,0,0,NA,0,0,0,0,0,29.893,0,67.057,0,NA,0,0,0
2008-10-30,227.012,0,0,0,NA,0,0,0,0,0,0,0,0,0,NA,0,0,0
2008-10-31,155.625,0,0,0,NA,33.982,0,0,0,0,0,0.683,0,0,NA,0,0,0
2008-11-01,40.087,0,0,0,NA,44.841,0,0,0,0,0,0,0,0,NA,0,0,0
2008-11-02,0,0,0,0,NA,0,0,0,0,0,0,0,78.96,0,NA,0,0,0
2008-11-03,0,0,0,0,NA,38.436,0,0,0,0,0,0,0,0,NA,0,0,0
2008-11-04,0,0,0,0,NA,0,0,0,0,0,0,0,0,0,NA,0,0,0
2008-11-05,0,0,0,0,NA,54.394,0,0,0,0,0,0,224.608,0,NA,0,0,0
2008-11-06,0,0,0,0,NA,0,0,0,0,0,4.318,0,120.312,0,NA,0,0,0
2008-11-07,0,0,0,0,NA,0,0,0,0,0,7.554,0,172.849,0,NA,0,0,0
2008-11-08,0,0,0,0,NA,38.176,0,0,0,0,0,0,84.563,0,NA,0,0,0
2008-11-09,0,0,0,0,NA,3.065,0,0,0,0,0,0,151.434,0,NA,0,0,0
2008-11-10,0,0,2.892,0,NA,59.156,0,0,0,0,0,0,127.983,0,NA,0,0,0
2008-11-11,0,0,2.545,0,NA,0,0,0,0,0,0,43.893,99.406,0,NA,0,0,0
2008-11-12,0,0,0,0,NA,0,0,0,0,0,0,66.576,295.1,0,NA,0,0,0
2008-11-13,0,0,0,0,NA,0,0,0,0,0,0,0.437,238.078,0,NA,0,0,0
2008-11-14,0,0,0,0,NA,61.866,0,0,322.454,0,0,0,275.806,0,NA,0,0,0
2008-11-15,0,0,91.518,0,NA,0,0,0,0,0,0,0,248.297,0,NA,0,0,0
2008-11-16,0,0,1.693,0,NA,49.883,0,0,0,0,0,0,221.379,0,NA,0,0,0
2008-11-17,0.882,0,0,0,NA,0,0,0,312.976,0,0,0,236.513,0,NA,0,0,0
2008-11-18,0,0,0,0,NA,5.461,0,0,331.814,0,0,0,104.452,0,NA,0,0,0
2008-11-19,97.898,0,0,0,NA,28.518,0,0,263.575,0,0,0,129.231,0,NA,0,0,0
2008-11-20,142.032,0,0,0,NA,5.01,0,0,0,0,0,0,85.606,0,NA,0,0,0
2008-11-21,94.627,0,0,0,NA,30.502,0,0,0,0,0,9.282,84.481,0,NA,0,0,0
2008-11-22,89.905,0,0,0,NA,0.123,0,0,0,0,0,67.57,127.628,0,NA,0,0,0
2008-11-23,95.743,0,0,0,NA,43.427,0,0,0,0,0,66.891,108.898,0,NA,0,0,0
2008-11-24,58.958,0,0,0,NA,0,0,0,0,0,0,60.903,75.447,0,NA,0,0,0
2008-11-25,0,0,0,0,NA,96.671,0,0,0,0,0,0,90.413,0,NA,0,0,0
2008-11-26,0,0,0,0,NA,6.395,0,0,0,0,0,0,89.683,0,NA,0,0,0
2008-11-27,0,0,0,0,NA,0,0,0,0,0,0,0,82.528,0,NA,0,0,0
2008-11-28,0,0,0,0,NA,0,0,0,0,0,0,0,172.656,0,NA,0,0,0
2008-11-29,0,0,0,0,NA,37.334,0,0,0,0,0,0,81.466,0,NA,0,0,0
2008-11-30,0,0,0,0,NA,0,0,0,0,0,0,0,168.62,0,NA,0,0,0
2008-12-01,0,0,0,0,NA,60.173,0,0,0,0,0,0,109.269,0,NA,0,0,0
2008-12-02,0,0,0,0,NA,17.523,0,0,0,0,0,0,201.269,0,NA,0,0,0
2008-12-03,112.034,0,95.315,0,NA,199.666,0,0,0,0,0,0,125.836,0,NA,0,0,0
2008-12-04,85.214,0,51.547,0,NA,178.95,0,0,0,0,0,0,209.067,0,NA,0,0,0
2008-12-05,30.706,0,0,0,NA,196.328,0,0,209.775,0,0,0,212.86,0,NA,0,0,0
2008-12-06,96.274,0,0,0,NA,224.716,0,0,0,0,0,0,112.581,0,NA,0,0,0
2008-12-07,52.932,0,0,0,NA,240.654,0,0,0,0,0,0,145.629,0,NA,0,0,0
2008-12-08,72.104,0,0,0,NA,266.328,0,0,267.913,0,0,0,145.901,0,NA,0,0,0
2008-12-09,65.677,0,0,0,NA,237.686,0,0,271.79,0,22.855,0,155.983,0,NA,0,0,0
2008-12-10,52.631,0,0,0,NA,131.919,0,0,170.097,0,0,0,117.433,0,NA,0,0,0
2008-12-11,0,0,0,0,NA,0,0,0,0,0,0,0,197.506,0,NA,0,0,0
2008-12-12,0,0,0,0,NA,0,0,0,0,0,0,0,224.408,0,NA,0,0,0
2008-12-13,127.098,0,0,0,NA,0,0,0,0,0,0,0,313.033,0,NA,0,0,0
2008-12-14,109.25,0,0,0,NA,0,0,0,0,0,0,0,272.691,0,NA,0,0,0
2008-12-15,135.498,0,0,0,NA,0,0,0,0,0,0,0,238.932,0,NA,0,0,0
2008-12-16,33.363,0,0,0,NA,66.978,0,0,0,0,0,0,175.048,0,NA,0,0,0
2008-12-17,97.134,0,0,0,NA,51.554,0,0,0,0,0,0,277.732,0,NA,0,0,0
2008-12-18,127.819,0,0,0,NA,0,0,0,0,0,0,0,223.913,0,NA,0,0,0
2008-12-19,76.899,0,84.986,0,NA,0,0,0,0,0,21.123,0,253.037,0,NA,0,0,0
2008-12-20,0,0,130.983,0,NA,0,0,0,0,0,0,0,98.99,0,NA,0,0,0
2008-12-21,0,0,130.213,0,NA,0,0,0,0,0,0,0,17.782,0,NA,0,0,0
2008-12-22,0,0,129.554,0,NA,98.493,0,0,0,0,0,0,81.835,0,NA,0,0,0
2008-12-23,0,0,127.252,0,NA,29.639,0,0,0,0,0,0,100.245,0,NA,0,0,0
2008-12-24,0,0,109.204,0,NA,0,0,0,0,0,0,0,63.277,0,NA,0,0,0
2008-12-25,0,0,0,0,NA,37.471,0,0,0,0,0,0,149.343,0,NA,0,0,0
2008-12-26,0,0,0,0,NA,47.22,0,0,0,0,0,0,87.361,0,NA,0,0,0
2008-12-27,0,0,87.15,0,NA,49.852,0,0,0,0,0,0,87.123,0,NA,0,0,0
2008-12-28,0,0,129.492,0,NA,0,0,0,0,0,0,0,137.642,0,NA,0,0,0
2008-12-29,0,0,128.997,0,NA,0,0,0,0,0,0,0,90.108,0,NA,0,0,0
2008-12-30,0,0,127.727,0,NA,38.311,0,0,0,0,0,0,99.253,0,NA,0,0,0
2008-12-31,0,0,127.021,0,NA,0,0,0,0,0,0,0,83.635,0,NA,0,0,0
2009-01-01,35.467,0,124.171,0,NA,0,0,0,0,0,0,0,90.475,0,NA,0,0,0
2009-01-02,0,0,123.294,0,NA,0,0,0,0,0,0,0,145.686,0,NA,0,0,0
2009-01-03,0,0,123.075,0,NA,35.29,0,0,0,0,0,0,162.256,0,NA,0,0,0
2009-01-04,0,0,123.023,0,NA,0,0,0,0,0,0,0,96.938,0,NA,0,0,0
2009-01-05,0,0,122.085,0,NA,0,0,0,0,0,0,0,82.942,0,NA,0,0,0
2009-01-06,68.43,0,120.56,0,NA,62.52,0,0,0,0,0,0,142.658,0,NA,0,0,0
2009-01-07,0,0,42.994,0,NA,28.927,0,0,0,0,21.732,0,142.877,0,NA,0,0,0
2009-01-08,68.096,0,80.8,0,NA,0,0,0,0,0,0,0,139.885,0,NA,0,0,0
2009-01-09,219.467,0,123.88,0,NA,0,0,0,0,0,0,0,140.607,0,NA,0,0,0
2009-01-10,112.928,0,121.873,0,NA,0,0,0,0,0,0,0,210.911,0,NA,0,0,0
2009-01-11,25.62,0,120.901,0,NA,0,0,0,0,0,0,0,118.504,0,NA,0,0,0
2009-01-12,54.845,0,119.769,0,NA,62.806,0,0,0,0,0,0,209.234,0,NA,0,0,0
2009-01-13,34.374,0,117.9,0,NA,36.481,0,0,0,0,0,0,238.485,0,NA,0,0,0
2009-01-14,56.42,0,116.955,0,NA,0,0,0,0,0,0,0,196.661,0,NA,0,0,0
2009-01-15,23.881,0,118.839,0,NA,0,0,0,0,0,0,0,35.927,0,NA,0,0,0
2009-01-16,60.387,0,118.672,0,NA,0,0,0,200.244,0,0,0,118.56,0,NA,0,0,0
2009-01-17,17.774,0,118.01,0,NA,0,0,0,0,0,0,0,111.569,0,NA,0,0,0
2009-01-18,41.635,0,116.569,0,NA,0,0,0,0,0,0,0,110.632,0,NA,0,0,0
2009-01-19,54.369,0,116.576,0,NA,0,0,0,0,0,0,0,259.581,0,NA,0,0,0
2009-01-20,90.445,0,115.545,0,NA,0,0,0,0,0,0,0,131.939,0,NA,0,0,0
2009-01-21,129.443,0,106.419,0,NA,0,0,0,0,0,0,0,151.455,0,NA,0,0,0
2009-01-22,129.716,0,99.486,0,NA,0,0,0,0,0,67.216,0,139.016,0,NA,0,0,0
2009-01-23,47.149,0,100.802,0,NA,0,0,0,133.39,0,0,0,120.994,0,NA,0,0,0
2009-01-24,63.716,0,102.819,0,NA,0,0,0,0,0,0,0,93.929,0,NA,0,0,0
2009-01-25,62.09,0,103.894,0,NA,0,0,0,0,0,0,0,64.653,0,NA,0,0,0
2009-01-26,2.767,0,103.485,0,NA,0,0,0,264.085,0,0,0,307.268,0,NA,0,0,0
2009-01-27,0,0,103.386,0,NA,58.124,0,0,333.524,0,0,0,131.553,0,NA,0,0,0
2009-01-28,38.125,0,104.452,0,NA,78.538,0,0,349.913,0,0,0,180.338,0,NA,0,0,0
2009-01-29,0,0,36.592,0,NA,0,0,0,345.857,0,0,0,154.514,0,NA,0,0,0
2009-01-30,0,0,43.529,0,NA,0,0,0,0,0,0,0,247.239,0,NA,0,0,0
2009-01-31,73.287,0,106.093,0,NA,0,0,0,0,0,0,0,188.447,0,NA,0,0,0
2009-02-01,129.006,0,97.345,0,NA,0,0,0,0,0,0,0,92.717,0,NA,0,0,0
2009-02-02,87.181,0,32.244,0,NA,0,0,0,0,0,0,0,187.256,0,NA,0,0,0
2009-02-03,98.617,0,60.589,0,NA,0,0,0,0,0,0,0,158.4,0,NA,0,0,0
2009-02-04,187.757,0,116.241,0,NA,0,0,0,0,0,0,0,31.236,0,NA,0,0,0
2009-02-05,132.992,0,93.697,0,NA,0,0,0,0,0,48.687,0,0,0,NA,0,0,0
2009-02-06,91.424,0,86.412,0,NA,0,0,0,0,0,0,0,0,0,NA,0,0,0
2009-02-07,98.825,0,86.974,0,NA,0,0,0,0,0,0,0,355.388,0,NA,0,0,0
2009-02-08,60.519,0,90.359,0,NA,87.572,0,0,0,0,0,0,182.128,0,NA,0,0,0
2009-02-09,50.067,0,91.027,0,NA,0,0,0,0,0,0,0,138.338,0,NA,0,0,0
2009-02-10,67.244,0,91.202,0,NA,0,0,0,0,0,0,0,164.548,0,NA,0,0,0
2009-02-11,52.711,0,91.51,0,NA,0,0,0,0,0,0,0,112.238,0,NA,0,0,0
2009-02-12,0,0,94.121,0,NA,0,0,0,0,0,0,0,124.639,0,NA,0,0,0
2009-02-13,32.956,0,95.535,0,NA,0,0,0,0,0,0,0,226.264,0,NA,0,0,0
2009-02-14,47.77,0,96.735,0,NA,0,0,0,0,0,0,0,184.689,0,NA,0,0,0
2009-02-15,97.41,0,95.607,0,NA,0,0,0,0,0,0,0,222.135,0,NA,0,0,0
2009-02-16,153.911,0,92.836,0,NA,0,0,0,0,0,0,0,73.229,0,NA,0,0,0
2009-02-17,176.028,0,91.532,0,NA,0,0,0,0,0,0,0,118.145,0,NA,0,0,0
2009-02-18,134.71,0,89.666,0,NA,0,0,0,0,0,0,0,212.53,0,NA,0,0,0
2009-02-19,99.96,0,90.191,0,NA,0,0,0,0,0,5.587,0,182.661,0,NA,0,0,0
2009-02-20,99.87,0,90.194,0,NA,0,0,0,0,0,0,0,146.868,0,NA,0,0,0
2009-02-21,99.636,0,87.444,0,NA,0,0,0,0,0,0,0,211.489,0,NA,0,0,0
2009-02-22,99.565,0,88.235,0,NA,0,0,0,0,0,0,0,116.926,0,NA,0,0,0
2009-02-23,82.032,0,30.272,0,NA,0,0,0,0,0,0,0,156.755,0,NA,0,0,0
2009-02-24,119.613,0,0,0,NA,0,0,0,0,0,0,0,107.881,0,NA,0,0,0
2009-02-25,163.052,0,0,0,NA,0,0,0,0,0,0,0,133.483,0,NA,0,0,0
2009-02-26,88.026,0,0,0,NA,0,0,0,0,0,0,0,151.986,0,NA,0,0,0
2009-02-27,27.819,0,0,0,NA,0,0,0,0,0,0,0,122.658,0,NA,0,0,0
2009-02-28,44.981,0,0,0,NA,0,0,0,0,0,0,0,131.522,0,NA,0,0,0
2009-03-01,137.022,0,0,0,NA,0,0,0,0,0,0,0,134.938,0,NA,0,0,0
2009-03-02,74.252,0,0,0,NA,0,0,0,0,0,0,0,137.549,0,NA,0,0,0
2009-03-03,131.092,0,0,0,NA,0,0,0,0,0,0,0,72.174,0,NA,0,0,0
2009-03-04,162.581,0,0,0,NA,0,0,0,224.998,0,0,0,115.059,0,NA,0,0,0
2009-03-05,211.819,0,0,0,NA,0,0,0,342.774,0,0,0,125.091,0,NA,0,0,0
2009-03-06,164.29,0,0,0,NA,0,0,0,312.503,0,0,0,53.458,0,NA,0,0,0
2009-03-07,171.16,0,0,0,NA,0,0,0,0,0,0,0,123.057,0,NA,0,0,0
2009-03-08,178.722,0,0,0,NA,0,0,0,0,0,0,0,115.011,0,NA,0,0,0
2009-03-09,201.862,0,0,0,NA,0,0,0,346.804,0,0,0,62.716,0,NA,0,0,0
2009-03-10,185.5,0,0,0,NA,0,0,0,108.227,0,0,0,140.747,0,NA,0,0,0
2009-03-11,78.696,0,0,0,NA,0,0,0,85.756,0,0,0,126.658,0,NA,0,0,0
2009-03-12,70.741,0,0,0,NA,0,0,0,153.162,0,0,0,129.724,0,NA,0,0,0
2009-03-13,10.456,0,0,0,NA,0,0,0,348.423,0,0,0,129.322,0,NA,0,0,0
2009-03-14,43.72,0,0,0,NA,0,0,0,0,0,0,0,131.121,0,NA,0,0,0
2009-03-15,0,0,0,0,NA,0,0,0,0,0,0,0,139.828,0,NA,0,0,0
2009-03-16,70.939,0,0,0,NA,0,5.955,0,294.971,0,0,0,67.533,0,NA,0,0,0
2009-03-17,45.478,0,0,0,NA,0,0,0,273.229,0,0,0,117.364,0,NA,0,0,0
2009-03-18,0,0,0,0,NA,0,0,0,100.49,0,0,0,128.77,0,NA,0,0,0
2009-03-19,0,0,0,0,NA,0,0,0,430.577,0,0,0,178.766,0,NA,0,0,0
2009-03-20,0,0,0,0,NA,0,0,0,489.732,0,0,0,111.614,0,NA,0,0,0
2009-03-21,0,0,0,0,NA,0,0,0,0,0,0,0,110.366,0,NA,0,0,0
2009-03-22,0,0,0,0,NA,0,0,0,0,0,0,0,110.315,0,NA,0,0,0
2009-03-23,0,0,0,0,NA,0,0,0,0,0,0,0,174.251,0,NA,0,0,0
2009-03-24,0,0,0,0,NA,0,0,0,60.27,0,0,0,62.233,0,NA,0,0,0
2009-03-25,0,0,0,0,NA,0,0,0,234.519,0,0,0,155.509,0,NA,0,0,0
2009-03-26,0,0,0,0,NA,0,0,0,145.221,0,0,0,120.29,0,NA,0,0,0
2009-03-27,0,0,0,0,NA,0,0,0,173.915,0,0,0,42.834,0,NA,0,0,0
2009-03-28,0,0,0,0,NA,0,0,0,0,0,0,0,111.817,0,NA,0,0,0
2009-03-29,0,0,0,0,NA,0,0,0,0,0,0,0,594.264,0,NA,0,0,0
2009-03-30,0,0,0,0,NA,0,0,0,143,0,0,0,695.534,0,NA,0,0,0
2009-03-31,0,0,0,0,NA,0,0,0,102.791,0,0,0,252.818,0,NA,0,0,0
2009-04-01,0,0,0,0,NA,0,0,0,161.088,0,8.591,0,588.852,0,NA,0,0,0
2009-04-02,0,0,0,0,NA,0,0,0,110.446,0,56.194,0,158.611,0,NA,0,0,0
2009-04-03,0,0,0,0,NA,0,0,0,202.998,0,0,0,180.686,0,NA,0,0,0
2009-04-04,0,0,0,0,NA,0,0,0,0,0,0,0,179.526,0,NA,0,0,0
2009-04-05,0,0,0,0,NA,0,0,0,0,0,0,0,152.492,0,NA,0,0,0
2009-04-06,0,0,0,0,NA,0,0,0,168.681,0,0,0,223.683,0,NA,0,0,0
2009-04-07,0,0,0,0,NA,0,0,0,233.863,0,0,0,100.05,0,NA,0,0,0
2009-04-08,0,0,0,0,NA,0,0,0,289.5,0,0,0,191.358,0,NA,0,0,0
2009-04-09,0,0,0,0,NA,0,0,0,341.244,0,0,0,169.596,0,NA,0,0,0
2009-04-10,0,0,0,0,NA,2.048,0,0,336.432,0,0,0,26.102,0,NA,0,0,0
2009-04-11,0,0,0,0,NA,0,0,0,0,0,0,0,185.829,0,NA,0,0,0
2009-04-12,0,0,0,0,NA,0,0,0,0,0,0,0,178.507,0,NA,0,0,0
2009-04-13,0,0,0,0,NA,0,0,0,311.833,0.089,0,0,104.103,0,NA,0,0,0
2009-04-14,0,0,0,0,NA,0,0,0,441.236,0.691,0,0,177.168,0,NA,0,0,0
2009-04-15,0,0,0,0,NA,0.171,0,0,344.168,0,0,0,53.832,0,NA,0,0,0
2009-04-16,0,0,0,0,NA,0,0,0,298.916,0,0,0,197.459,0,NA,0,0,0
2009-04-17,0,0,0,0,NA,0,0,0,291.501,0,0,0,209.574,0,NA,0,0,0
2009-04-18,0,0,0,0,NA,0,0,0,0,0,0,0,187.794,0,NA,0,0,0
2009-04-19,0,0,0,0,NA,0,0,0,0,0,0,0,51.986,0,NA,0,0,0
2009-04-20,0,0,0,0,NA,0,0,0,456.761,0,0,0,51.723,0,NA,0,0,0
2009-04-21,0,0,0,0,NA,0,0,0,256.021,0,24.683,0,52.882,0,NA,0,0,0
2009-04-22,0,0,0,0,NA,0,0,0,412.355,0,0,0,162.447,0,NA,0,0,0
2009-04-23,35.991,0,0,0,NA,0,0,0,182.887,0,0,0,160.849,0,NA,0,0,0
2009-04-24,0,0,0,0,NA,0,0,0,293.171,0,34.669,0,46.784,0,NA,0,0,0
2009-04-25,0,0,0,0,NA,0,0,0,0,0,0,0,168.813,0,NA,0,0,0
2009-04-26,0,0,0,0,NA,0,0,0,0,0,0,0,69.996,0,NA,0,0,0
2009-04-27,0,0,0,0,NA,0,0,0,341.101,0,0,0,135.065,0,NA,0,0,0
2009-04-28,45.763,0,0,0,NA,0,0,0,479.946,0,0,0,157.523,0,NA,0,0,0
2009-04-29,39.732,0,0,0,NA,0,0,0,203.46,0,0,0,57.603,0,NA,0,0,0
2009-04-30,36.496,0,0,0,NA,0,0,0,274.491,0,0,0,58.085,0,NA,0,0,0
2009-05-01,52.784,0,0,0,NA,0,0,0,362.772,0,0,0,277.595,0,NA,0,0,0
2009-05-02,112.103,0,0,0,NA,0,0,0,352.42,0,0,0,398.511,0,NA,0,0,0
2009-05-03,33.379,0,0,0,NA,0,0,0,372.069,0,0,0,366.646,0,NA,0,0,0
2009-05-04,79.564,0,0,0,NA,0,0,0,388.214,0,0,0,285.706,0,NA,0,0,0
2009-05-05,118.852,0,0,0,NA,0,0,0,273.933,0,0,0,352.227,0,NA,0,0,0
2009-05-06,118.293,0,0,0,NA,0,0,0,288.11,0,0,0,394.702,0,NA,0,0,0
2009-05-07,46.111,0,0,0,NA,0,0,0,296.901,0,0,0,325.179,0,NA,0,0,0
2009-05-08,0,0,0,0,NA,0,0,0,203.559,0,0,0,371.456,0,NA,0,0,0
2009-05-09,0,0,0,0,NA,0,0,0,229.707,0,0,0,367.451,0,NA,0,0,0
2009-05-10,0,0,0,0,NA,0,0,0,203.326,0,0,0,159.076,0,NA,0,0,0
2009-05-11,0,0,0,0,NA,0,0,0,171.764,0,0,0,165.55,0,NA,0,0,0
2009-05-12,0,0,0,0,NA,0,0,0,47.114,0,0,0,190.763,0,NA,0,0,0
2009-05-13,0,0,0,0,NA,0,0,0,0,0,0,0,183.691,0,NA,0,0,0
2009-05-14,0,0,0,0,NA,0,0,0,0,0,0,0,433.321,0,NA,0,0,0
2009-05-15,0,0,0,0,NA,0,0,0,0,0,0,0,399.609,0,NA,0,0,0
2009-05-16,0,0,0,0,NA,0,0,0,0,0,0,0,284.376,0,NA,0,0,0
2009-05-17,0,0,0,0,NA,0,0,0,0,0,0,0,125.957,0,NA,0,0,0
2009-05-18,0,0,0,0,NA,0,0,0,0,0,0,0,353.898,0,NA,0,0,0
2009-05-19,0,0,0,0,NA,0,0,0,1860.871,0,21.377,0,475.445,0,NA,0,0,0
2009-05-20,0,0,0,0,NA,0,0,0,2567.712,0,8.055,0,562.46,0,NA,0,0,0
2009-05-21,0,0,0,0,NA,333.105,0,0,2559.568,0,1076.247,0,852.733,0,NA,0,0,0
2009-05-22,0,0,0,0,NA,611.817,0,0,2657.976,0,1582.961,0,1105.693,0.073,NA,0,0,0
2009-05-23,72.139,0,0,0,NA,1051.134,0,0,2835.213,0,1767.213,111.033,1139.442,0,NA,508,0,0
2009-05-24,0,0,0,0,NA,900.92,0,0,2154.662,0,1829.332,59.811,1126.561,0,NA,933,0,0
2009-05-25,0,0,0,0,NA,300.876,0,0,1495.84,0,1438.378,0,1223.461,0,NA,947,0,0
2009-05-26,0,0,0,0,NA,183.202,0,0,1325.766,0,1312.245,0,2042.522,0,NA,1019,0,0
2009-05-27,0,0,0,0,NA,314.855,0,0,1443.051,0,1358.149,0,2740.316,0,NA,1054,0,0
2009-05-28,0,0,0,0,NA,705.505,0,0,2040.993,0,1230.319,0,4158.154,0,NA,1069,0,0
2009-05-29,0,0,0,0,NA,790.576,0,0,2251.876,0,1196.723,0,4579.056,0,NA,1097,0,0
2009-05-30,0,0,0,0,NA,525.22,0,0,1710.31,0,1150.485,0,4831.059,0,NA,1114,0,0
2009-05-31,0,0,0,0,NA,285.879,0,0,1537.763,0,861.473,0,4553.738,0,NA,1115,0,0
2009-06-01,0,0,0,0,NA,191.996,0,0,970.609,0,595.612,0,4533.06,0,NA,1087,0,0
2009-06-02,0,0,0,0,NA,201.575,0,0,621.703,0,377.141,0,4488.45,0,NA,1100,0,0
2009-06-03,0,0,0,0,NA,284.491,0,0,741.343,0,333.885,0,3935.489,0,NA,1110,0,0
2009-06-04,0,0,0,0,NA,590.061,0,0,695.474,0,167.995,0,3880.69,0,NA,957,580,0
2009-06-05,0,0,0,0,NA,600.035,0,0,1189.649,0,84.042,12.851,4208.906,0,NA,852,842,0
2009-06-06,0,0,0,0,NA,931.784,0,0,2126.338,0,501.741,0,4187.086,0,NA,865,839,0
2009-06-07,0,0,0,0,NA,1162.83,0,0,3176.518,0,1140.375,0,3358.712,0,NA,878,847,0
2009-06-08,0,0,0,0,NA,1026.012,0,0,3381.266,0,1672.431,81.788,3762.119,0,NA,909,880,0
2009-06-09,NA,0,0,0,NA,1198.185,0,0,3107.162,0,1763.396,202.125,4060.21,0,NA,1236,1192,908
2009-06-10,NA,0,0,0,NA,1084.124,0,0,2606.419,0,1715.376,199.884,3719.276,0,NA,1312,1215,1311
2009-06-11,0,0,0,0,NA,946.289,0,0,1182.759,0,1390.886,124.416,3399.879,0,NA,1287,1156,1248
2009-06-12,31.772,0,0,0,NA,594.324,0,0,1019.534,0,875.107,0,3427.063,0,NA,1255,1111,1205
2009-06-13,221.5,0,0,0,NA,283.414,0,0,953.18,0,708.163,0,3490.472,0,NA,1227,1058,1152
2009-06-14,NA,0,0,0,NA,272.788,0,0,626.263,0,724.348,0,3416.287,0,NA,1200,1040,1142
2009-06-15,NA,0,0,0,NA,234.454,0,0,0,0,436.051,0,2538.083,0,NA,1167,1022,1142
2009-06-16,NA,0,0,0,NA,0.16,0,0,0,0,180.346,0,2681.146,0,NA,1117,982,1110
2009-06-17,24.702,0,0,0,NA,0,0,0,0,0,103.531,0,2987.485,0,NA,778,706,427
2009-06-18,0,0,0,0,NA,0,0,0,0,0,30.971,0,2445.538,0,NA,621,601,0
2009-06-19,0,0,0,0,NA,59.956,0,0,0,0,54.228,0,2557.292,0,NA,203,224,0
2009-06-20,0,0,0,0,NA,0.849,0,0,0,0,0,0,2632.608,0,NA,0,0,0
2009-06-21,0,0,0,0,NA,0,0,0,0,0,0,0,2424.564,0,NA,0,0,0
2009-06-22,0,0,0,0,NA,0,0,0,0,0,0,0,2011.063,0,NA,0,0,0
2009-06-23,0,0,0,0,NA,70.719,0,0,363.877,0,45.72,0,2329.556,0,NA,0,0,0
2009-06-24,0,0,0,0,NA,182.358,0,0,2560.932,0,256.656,0,3093.453,0,NA,0,0,0
2009-06-25,0,0,0,0,NA,160.609,0,0,2637.371,0,875.065,0,2597.887,0,NA,494,906,891
2009-06-26,0,0,0,0,NA,273.127,0,0,1696.136,0,2077.749,0,2664.636,0,NA,740,955,862
2009-06-27,0,0,0,0,NA,148.552,0,0,1897.712,0,2624.633,0,2708.852,0,NA,756,971,866
2009-06-28,0,0,0,0,NA,68.001,0,0,1245.562,0,2317.532,0,2165.288,0,NA,767,984,874
2009-06-29,0,0,0,0,NA,62.188,0,0,821.346,0,1662.151,52.03,2643.96,0,NA,781,907,883
2009-06-30,0,0,0,0,NA,120.05,0,0,1944.192,0,1328.908,107.529,3032.198,0,NA,875,909,946
2009-07-01,0,0,0,0,NA,235.907,0,0,2954.883,0,1954.781,0,2988.177,0,NA,932,939,930
2009-07-02,0,0,0,0,NA,860.785,0.009,0,3266.059,0,2312.247,16.181,2868.548,0,NA,932,927,908
2009-07-03,0,0,0,0,NA,368.056,0,0,2606.785,0,2608.534,137.784,3180.039,0,NA,940,909,900
2009-07-04,44.863,0,0,0,NA,145.153,0,0,1502.11,0,2487.695,7.51,3099.323,0,NA,946,897,896
2009-07-05,129.271,0,0,0,NA,142.491,0,0,793.073,0,1763.872,0,2917.297,0,NA,950,901,894
2009-07-06,44.591,0,0,0,NA,70.571,0,0,804.83,0,1037.395,0,2560.45,0,NA,942,898,888
2009-07-07,60.905,0,0,0,NA,82.614,0,0,272.463,0,784.673,0,3056.174,0,NA,927,895,877
2009-07-08,77.778,0,0,0,NA,0,0,0,274.714,0,330.466,0,2441.101,0,NA,NA,NA,NA
2009-07-09,67.66,0,0,0,NA,144.985,0,0,231.321,0,259.624,0,2552.341,0,NA,NA,NA,NA
2009-07-10,63.755,0,0,0,NA,23.5,0,0,321.823,0,182.332,91.451,2825.251,0,NA,NA,NA,NA
2009-07-11,60.256,0,0,0,NA,0,0,0,545.756,0,182.937,110.844,2616.042,0,NA,NA,NA,NA
2009-07-12,196.375,0,0,0,NA,38.444,0,0,0,0,184.51,118.279,3432.82,0,NA,NA,NA,NA
2009-07-13,104.577,0,0,0,NA,48.525,0,0,668.681,0,179.962,34.16,3004.498,0,NA,NA,NA,NA
2009-07-14,138.803,0,0,0,NA,126.214,0,0,454.342,0,382.615,49.239,3032.713,0,NA,460,456,465
2009-07-15,41.688,0,0,0,NA,35.342,0,0,237.484,0,296.752,51.484,3036.213,0,NA,NA,NA,NA
2009-07-16,23.126,0,0,0,NA,135.8,0,0,84.385,0,355.804,18.29,3182.379,0,NA,NA,NA,NA
2009-07-17,267.871,0,0,0,NA,25.064,0,0,177.594,0,180.688,28.022,3448.843,0,NA,NA,NA,NA
2009-07-18,299.082,0,0,0,NA,65.604,0,0,0,0,181.232,32.67,3331.426,0,NA,304,301,305
2009-07-19,262.92,0,0,0,NA,44.048,0,0,0,0,151.372,13.758,3388.719,0,NA,303,301,306
2009-07-20,70.164,0,0,0,NA,165.889,0,0,586.736,0,265.176,25.544,4024.68,0,NA,312,305,312
2009-07-21,236.469,0,0,0,NA,143.922,0,0,551.713,0,493.669,0,3942.138,0,NA,314,307,314
2009-07-22,360.759,0,0,0,NA,115.296,0,0,85.303,0,369.281,31.031,3837.388,0,NA,444,426,430
2009-07-23,360.759,0,0,0,NA,0,0,0,0,0,314.005,49.68,3879.712,0,NA,532,521,525
2009-07-24,359.978,0,0,0,NA,49.602,0,0,0,0,125.532,14.099,3897.249,0,NA,527,519,526
2009-07-25,359.552,0,0,0,NA,143.11,0,0,0,0,129.74,0,3821.926,0,NA,522,516,519
2009-07-26,358.71,0,0,0,NA,0,0,0,0,0,151.188,0,3935.95,0,NA,513,510,514
2009-07-27,286.536,0,0,0,NA,64.163,0,0,0,0,110.017,0,4514.819,0,NA,505,493,508
2009-07-28,163.641,0,0,0,NA,103.042,0,0,0,0,79.06,0,4086.981,0,NA,499,487,502
2009-07-29,0,0,0,0,NA,92.439,0,0,0,0,44.538,0,3993.306,0,NA,163,179,196
2009-07-30,106.243,0,0,0,NA,0,0,0,0,0,28.362,0,3899.333,0,NA,0,0,0
2009-07-31,171.771,0,0,0,NA,0,0,0,0,0,14.721,0,4155.899,0,NA,0,0,0
2009-08-01,0,0,0,0,NA,0,0,0,0,0,0,0,4355.927,0,NA,0,0,0
2009-08-02,0,0,0,0,NA,82.048,0,0,0,0,0,0,3970.239,0,NA,0,0,0
2009-08-03,0,0,0,0,NA,0.231,0,0,0,0,0,0,3832.032,0,NA,0,0,0
2009-08-04,0,0,0,0,NA,0,0,0,0,0,0,0,3947.037,0,NA,0,0,0
2009-08-05,0,0,0,0,NA,0,0,0,0,0,0,0,3779.965,0,NA,0,0,0
2009-08-06,0,0,0,0,NA,0.734,0,0,0,0,0,0,NA,0,NA,0,0,0
2009-08-07,0,0,0,0,NA,0,0,0,524.897,0,117.077,0,3941.675,0,NA,0,0,0
2009-08-08,0,0,0,0,NA,0,0,0,788.872,0,44.359,0,3930.044,0,NA,0,0,0
2009-08-09,0,0,0,0,NA,0,0,0,376.371,0,80.323,0,3520.488,0,NA,0,0,0
2009-08-10,0,0,0,0,NA,0,0,0,336.812,0,247.44,0,3742.499,0,NA,0,0,0
2009-08-11,0,0,0,0,NA,98.379,0,0,985.325,0,367.545,0,3175.302,0,NA,0,0,0
2009-08-12,0,0,0,0,NA,0.32,0,0,1170.635,0,375.98,0,3590.591,0,NA,0,0,0
2009-08-13,0,0,0,0,NA,0,0,0,1000.668,0,1246.51,0,3162.186,0,NA,0,0,0
2009-08-14,0,0,0,0,NA,0,0,0,498.273,0,1496.076,0,2585.876,0,NA,0,0,0
2009-08-15,0,0,0,0,NA,48.793,0,0,371.175,0,840.527,0,2811.226,0,NA,0,0,0
2009-08-16,0,0,0,0,NA,236.055,0,0,1051.88,0,564.374,0,2603.858,0,NA,0,0,0
2009-08-17,0,0,0,0,NA,168.679,0,0,891.201,0,696.515,4.389,1988.725,0,NA,0,0,0
2009-08-18,0,0,0,0,NA,0,0,0,655.197,0,794.681,0,1656.562,0,NA,0,0,0
2009-08-19,0,0,0,0,NA,40.424,0,0,117.689,0,560.635,0,1809.877,0,NA,0,0,0
2009-08-20,0,0,68.491,0,NA,86.896,0,0,173.802,0,433.277,0,1508.521,0,NA,0,0,0
2009-08-21,0,0,97.804,0,NA,115.266,0,0,198.706,0,270.085,0,1235.743,0,NA,0,0,0
2009-08-22,0,0,71.639,0,NA,0,0,0,542.376,0,127.776,0,1129.444,0,NA,0,0,0
2009-08-23,0,0,0,0,NA,159.077,0,0,437.109,0,136.623,0,1280.434,0,NA,0,0,0
2009-08-24,0,0,51.358,0,NA,343.818,0,0,361.232,0,516.073,0,1323.321,0,NA,0,0,0
2009-08-25,0,0,1.211,0,NA,371.417,0,0,374.794,0,444.618,0,2394.104,0,NA,0,0,0
2009-08-26,0,0,1.209,0,NA,28.148,0,0,0,0,384.983,0,2151.295,0,NA,0,0,0
2009-08-27,0,0,0,0,NA,0,0,0,128.856,0,183.761,0,1821.746,0,NA,0,0,0
2009-08-28,0,0,0,0,NA,23.254,0,0,0,0,178.121,0,2016.009,0,NA,0,0,0
2009-08-29,0,0,0,0,NA,52.435,0,0,467.356,0,114.791,0,1871.439,0,NA,0,0,0
2009-08-30,0,0,0,0,NA,0,0,0,235.04,0,228.244,0,1768.318,0,NA,0,0,0
2009-08-31,0,0,0,0,NA,32.111,0,0,495.173,0,202.15,0,1796.358,0,NA,0,0,0
2009-09-01,0,0,0,0,NA,189.626,0,0,540.312,0,248.673,0,1766.51,0,NA,0,0,0
2009-09-02,0,0,0,0,NA,236.619,0,0,689.755,0,604.787,0,1688.845,0,NA,0,0,0
2009-09-03,0,0,0,0,NA,236.933,0,0,728.936,0,519.222,0,2572.104,0,NA,0,0,0
2009-09-04,0,0,0,0,NA,114.837,0,0,486.742,0,580.817,0,3122.603,0,NA,0,0,0
2009-09-05,0,0,0,0,NA,83.76,0,0,291.253,0,506.344,0,2161.726,0,NA,0,0,0
2009-09-06,0,0,0,0,NA,235.96,0,0,627.8,0,698.03,0,1737.163,0,NA,0,0,0
2009-09-07,0,0,0,0,NA,240.01,0,0,1830.514,0,663.617,0,3207.623,0,NA,0,0,0
2009-09-08,0,0,0,0,NA,483.771,0,0,1522.433,0,1514.315,0,3371.646,0,NA,0,0,0
2009-09-09,0,0,0,0,NA,324.078,0,0,665.443,0,1571.206,0,2961.865,0,NA,0,0,0
2009-09-10,0,0,0,0,NA,373.197,0,0,1525.926,0,1048.537,0,2944.168,0,NA,0,0,0
2009-09-11,0,0,0,0,NA,117.13,0,0,524.601,0,1172.277,0,3724.447,0,NA,0,0,0
2009-09-12,0,0,0,0,NA,0,0,0,803.644,0,946.975,0,3559.291,0,NA,0,0,0
2009-09-13,0,0,0,0,NA,43.247,0,0,918.91,0,911.691,0,2704.134,0,NA,0,0,0
2009-09-14,0,0,0,0,NA,117.025,0,0,636.159,0,1023.902,0,3616.289,0,NA,0,0,0
2009-09-15,0,0,0,0,NA,77.904,0,0,533.628,0,648.282,0,3337.644,0,NA,0,0,0
2009-09-16,0,0,0,0,NA,0,0,0,117.769,0,502.863,0,2954.722,0,NA,0,0,0
2009-09-17,0,0,0,0,NA,73.303,0,0,0,0,297.835,0,3131.474,0,NA,0,0,0
2009-09-18,0,0,0,0,NA,0,0,0,345.364,0,187.068,0,3204.925,0,NA,0,0,0
2009-09-19,0,0,0,0,NA,0,0,0,0,0,133.899,0,3200.843,0,NA,0,0,0
2009-09-20,0,0,0,0,NA,85.293,0,0,0,0,70.989,0,3264.208,0,NA,0,0,0
2009-09-21,0,0,0,0,NA,42.239,0,0,274.177,0,31.36,0,3199.658,0,NA,0,0,0
2009-09-22,0.201,0,0,0,NA,114.216,0,0,0,0,12.379,0,2835.521,0,NA,0,0,0
2009-09-23,0,0,0,0,NA,0,0,0,0,0,1.843,0,2853.173,0,NA,0,0,0
2009-09-24,0,0,0,0,NA,0,0,0,0,0,0,0,2715.891,0,NA,0,0,0
2009-09-25,0,0,0,0,NA,70.858,0,0,417.23,0,25.151,0,2432.52,0,NA,0,0,0
2009-09-26,0,0,0,0,NA,83.734,0,0,0,0,115.082,0,1762.303,0,NA,0,0,0
2009-09-27,0,0,0,0,NA,0,0,0,0,0,138.539,0,1699.567,0,NA,0,0,0
2009-09-28,0,0,0,0,NA,0,0,0,823.479,0,87.404,0,1691.204,0,NA,0,0,0
2009-09-29,0,0,0,0,NA,181.175,0,0,114.14,0,127.451,0,1822.921,0,NA,0,0,0
2009-09-30,0,0,0,0,NA,232.42,0,0,0,0,153.635,0,1672.745,0,NA,0,0,0
2009-10-01,0,0,0,0,NA,110.504,0,0,323.245,0,175.453,0,1379.036,0,NA,0,0,0
2009-10-02,0,0,0,0,NA,96.703,0,0,0,0,162.09,0,663.905,0,NA,0,0,0
2009-10-03,0,0,0,0,NA,46.224,0,0,0,0,90.967,0,749.209,0,NA,0,0,0
2009-10-04,0,0,0,0,NA,0,0,0,0,0,109.212,0,776.399,0,NA,0,0,0
2009-10-05,0,0,0,0,NA,0,0,0,0,0,0,0,628.44,0,NA,0,0,0
2009-10-06,0,0,0,0,NA,0,0,0,0,0,0,0,748.638,0,NA,0,0,0
2009-10-07,0,0,0,0,NA,127.825,0,0,0,0,0,0,309.542,0,NA,0,0,0
2009-10-08,0,0,0,0,NA,234.772,0,0,641.411,0,0,0,0,0,NA,0,0,0
2009-10-09,0,0,0,0,NA,236.819,0,0,0,0,0,0,68.954,0,NA,0,0,0
2009-10-10,0,0,0,0,NA,240.336,0,0,0,0,0,0,607.188,0,NA,0,0,0
2009-10-11,0,0,0,0,NA,238.585,0,0,0,0,0,0,567.358,0,NA,0,0,0
2009-10-12,0,0,0,0,NA,44.356,0,0,0,0,0,0,532.775,0,NA,0,0,0
2009-10-13,0,0,84.527,0,NA,139.328,0,0,0,0,0,0,414.961,0,NA,0,0,0
2009-10-14,0,0,121.918,0,NA,183.07,0,0,0,0,3.83,0,82.034,0,NA,0,0,0
2009-10-15,0,0,120.681,0,NA,164.081,0,0,0,0,0,0,243.903,0,NA,0,0,0
2009-10-16,0,0,71.863,0,NA,55.2,0,0,0,0,0,0,330.799,0,NA,0,0,0
2009-10-17,0,0,0,0,NA,91.107,0,0,0,0,0,0,223.784,0,NA,0,0,0
2009-10-18,0,0,0,0,NA,60.976,0,0,0,0,0,0,192.31,0,NA,0,0,0
2009-10-19,0,0,118.471,0,NA,90.013,0,0,0,0,0,0,270.843,0,NA,0,0,0
2009-10-20,0,0,53.354,0,NA,82.467,0,0,0,0,0,0,75.859,0,NA,0,0,0
2009-10-21,0,0,0,0,NA,77.299,0,0,0,0,0,0,187.417,0,NA,0,0,0
2009-10-22,0,0,0,0,NA,57.956,0,0,0,0,0,0,99.339,0,NA,0,0,0
2009-10-23,0,0,0,0,NA,77.158,0,0,0,0,0,0,90.031,0,NA,0,0,0
2009-10-24,0,0,0,0,NA,26.392,0,0,0,0,0,0,139.371,0,NA,0,0,0
2009-10-25,0,0,0,0,NA,0,0,0,0,0,0,0,0,0,NA,0,0,0
2009-10-26,0,0,61.093,0,NA,0,0,0,0,0,0,0,121.057,0,NA,0,0,0
2009-10-27,0,0,0,0,NA,36.682,0,0,0,0,0,0,9.607,0,NA,0,0,0
2009-10-28,0,0,0,0,NA,52.82,0,0,0,0,0,0,52.523,0,NA,0,0,0
2009-10-29,78.045,0,77.868,0,NA,14.569,0,0,0,0,0,0,53.848,0,NA,0,0,0
2009-10-30,12.847,0,67.192,0,NA,0.079,0,0,0,0,0,0,44.343,0,NA,0,0,0
2009-10-31,0,0,0,0,NA,0,0,0,0,0,0,0,63.344,0,NA,0,0,0
2009-11-01,0,0,0,0,NA,0,0,0,0,0,0,0,356.858,0,NA,0,0,0
2009-11-02,0,0,0,0,NA,31.84,0,0,0,0,0,0,302.383,0,NA,0,0,0
2009-11-03,0,0,0,0,NA,0,0,0,0,0,0,0,294.49,0,NA,0,0,0
2009-11-04,32.889,0,0,0,NA,0,0,0,0,0,0,0,73.146,0,NA,0,0,0
2009-11-05,59.754,0,0,0,NA,0,0,0,0,0,0,0,65.257,0,NA,0,0,0
2009-11-06,0,0,0,0,NA,28.01,0,0,0,0,0,0,79.06,0,NA,0,0,0
2009-11-07,0,0,0,0,NA,0,0,0,0,0,0,0,190.127,0,NA,0,0,0
2009-11-08,0,0,0,0,NA,0,0,0,0,0,0,0,69.039,0,NA,0,0,0
2009-11-09,0,0,0,0,NA,28.157,0,0,0,0,0,0,68.78,0,NA,0,0,0
2009-11-10,0,0,0,0,NA,0.039,0,0,0,0,0,0,69.905,0,NA,0,0,0
2009-11-11,0,0,0,0,NA,0,0,0,0,0,0,0,215.889,0,NA,0,0,0
2009-11-12,0,0,0,0,NA,27.706,0,0,0,0,0,0,70.03,0,NA,0,0,0
2009-11-13,38.759,0,0,0,NA,24.287,0,0,0,0,0,0,68.64,0,NA,0,0,0
2009-11-14,23.021,0,0,0,NA,0,0,0,0,0,0,0,70.072,0,NA,0,0,0
2009-11-15,0,0,0,0,NA,0,0,0,0,0,0,0,70.483,0,NA,0,0,0
2009-11-16,0,0,0,0,NA,0,0,0,0,0,0,0,70.964,0,NA,0,0,0
2009-11-17,0,0,0,0,NA,0,0,0,37.211,0,0,0,71.278,0,NA,0,0,0
2009-11-18,0,0,0,0,NA,0,0,0,179.222,0,0,0,235.291,0,NA,0,0,0
2009-11-19,23.783,0,67.07,0,NA,37.706,0,0,333.355,0,0,0,76.184,0,NA,0,0,0
2009-11-20,81.543,0,64.026,0,NA,4.864,0,0,317.749,0,0,0,74.853,0,NA,0,0,0
2009-11-21,81.603,0,32.881,0,NA,0,0,0,0,0,0,0,183.02,0,NA,0,0,0
2009-11-22,66.31,0,99.762,0,NA,0,0,0,0,0,0,0,109.152,0,NA,0,0,0
2009-11-23,47.854,0,62.662,0,NA,0,0,0,193.167,0,0,0,73.581,0,NA,0,0,0
2009-11-24,34.984,0,0,0,NA,0,0,0,0,0,0,0,73.837,0,NA,0,0,0
2009-11-25,0,0,0,0,NA,115.62,0,0,326.723,0,0,0,74.024,0,NA,0,0,0
2009-11-26,0,0,0,0,NA,59.232,0,0,0,0,0,0,136.618,0,NA,0,0,0
2009-11-27,0,0,0,0,NA,61.521,0,0,525.867,0,0,0,297.86,0,NA,0,0,0
2009-11-28,0,0,0,0,NA,27.726,0,0,0,0,0,0,165.562,0,NA,0,0,0
2009-11-29,0,0,0,0,NA,28.532,0,0,0,0,0,0,164.061,0,NA,0,0,0
2009-11-30,0,0,0,0,NA,31.295,0,0,0,0,0,0,158.078,0,NA,0,0,0
2009-12-01,0,0,0,0,NA,0,0,0,0,0,0,0,136.997,0,NA,0,0,0
2009-12-02,0,0,0,0,NA,0,0,0,0,0,31.156,0,123.819,0,NA,0,0,0
2009-12-03,0,0,0,0,NA,0,0,0,0,0,0,0,118.679,0,NA,0,0,0
2009-12-04,0,0,0,0,NA,0,0,0,0,0,0,0,462.498,0,NA,0,0,0
2009-12-05,0,0,0,0,NA,42.485,0,0,0,0,0,0,231.55,0,NA,0,0,0
2009-12-06,0,0,0,0,NA,0,0,0,0,0,0,0,288.039,0,NA,0,0,0
2009-12-07,0,0,0,0,NA,0,0,0,818.709,0,0,0,513.956,0,NA,0,0,0
2009-12-08,0,0,0,0,NA,0,0,0,0,0,0,0,377.914,0,NA,0,0,0
2009-12-09,0,0,0,0,NA,40.072,0,0,0,0,0,0,264.916,0,NA,0,0,0
2009-12-10,0,0,0,0,NA,0,0,0,412.713,0,1.752,0,557.642,0,NA,0,0,0
2009-12-11,0,0,0,0,NA,78.951,0,0,0,0,0,0,387.509,0,NA,0,0,0
2009-12-12,0,0,0,0,NA,65.579,0,0,0,0,0,0,276.606,0,NA,0,0,0
2009-12-13,0,0,0,0,NA,65.701,0,0,0,0,0.891,0,164.406,0,NA,0,0,0
2009-12-14,0,0,0,0,NA,49.463,0,0,806.16,0,150.641,0,278.82,0,NA,0,0,0
2009-12-15,0,0,0,0,NA,207.004,0,0,0,0,311.001,0,269.689,0,NA,0,0,0
2009-12-16,0,0,0,0,NA,97.731,0,0,394.796,0,147.652,26.244,449.339,0,NA,0,0,0
2009-12-17,0,0,0,0,NA,205.541,0,0,241.483,0,263.269,69.67,448.205,0,NA,0,0,0
2009-12-18,0,0,0,0,NA,671.521,0,0,532.255,0,454.307,36.569,215.642,0,NA,0,0,0
2009-12-19,0,0,0,0,NA,585.67,0,0,0,0,486.845,0,259.548,0,NA,0,0,0
2009-12-20,0,0,0,0,NA,175.161,0,0,637.242,0,117.742,36.996,244.729,0,NA,0,0,0
2009-12-21,0,0,0,0,NA,8.465,0,0,0,0,380.858,100.186,239.142,0,NA,0,0,0
2009-12-22,0,0,0,0,NA,0,0,0,0,0,103.355,94.025,245.773,0,NA,0,0,0
2009-12-23,0,0,0,0,NA,212.139,0,0,90.978,0,90.568,25.952,345.252,0,NA,0,0,0
2009-12-24,0,0,0,0,NA,178.297,0,0,0,0,84.262,0,291.734,0,NA,0,0,0
2009-12-25,0,0,0,0,NA,89.832,0,0,0,0,7.893,0,356.972,0,NA,0,0,0
2009-12-26,0,0,0,0,NA,0,0,0,0,0,13.714,0,382.253,0,NA,0,0,0
2009-12-27,0,0,0,0,NA,25.695,0,0,0,0,54.822,0,70.636,0,NA,0,0,0
2009-12-28,0,0,0,0,NA,7.049,0,0,337.794,0,23.333,0,66.031,0,NA,0,0,0
2009-12-29,0,0,0,0,NA,234.133,0,0,0,0,0,0,61.081,0,NA,0,0,0
2009-12-30,0,0,0,0,NA,1.173,0,0,0,0,0,0,385.146,0,NA,0,0,0
2009-12-31,0,0,0,0,NA,107.486,0,0,0,0,0,0,346.225,0,NA,0,0,0
2010-01-01,0,0,0,0,NA,205.453,0,0,0,0,0,0,224.695,0,NA,0,0,0
2010-01-02,0,0,65.818,0,NA,92.371,0,0,0,0,0,0,135.415,0,NA,0,0,0
2010-01-03,0,0,101.286,0,NA,0,0,0,0,0,0,0,264.544,0,NA,0,0,0
2010-01-04,0,0,100.265,0,NA,0,0,0,0,0,0,0,170.595,0,NA,0,0,0
2010-01-05,0,0,111.194,0,NA,0,0,0,0,0,0,0.096,125.555,0,NA,0,0,0
2010-01-06,0,0,125.4,0,NA,0,0,0,0,0,0,0,71.039,0,NA,0,0,0
2010-01-07,0,0,47.807,0,NA,0,0,0,0,0,6.569,0,71.296,0,NA,0,0,0
2010-01-08,0,0,0,0,NA,27.156,0,0,0,0,17.369,0,61.757,0,NA,0,0,0
2010-01-09,0,0,28.281,0,NA,237.878,0,0,0,0,0,0,52.018,0,NA,0,0,0
2010-01-10,0,0,115.332,0,NA,80.197,0,0,0,0,0,0,304.779,0,NA,0,0,0
2010-01-11,0,0,42.257,0,NA,0,0,0,0,0,0,0,290.434,0,NA,0,0,0
2010-01-12,0,0,0,0,NA,0,0,0,0,0,0,0,51.176,0,NA,0,0,0
2010-01-13,0,0,0,0,NA,58.54,0,0,0,0,0,0,51.621,0,NA,0,0,0
2010-01-14,0,0,0,0,NA,117.31,0,0,0,0,0,0,292.381,0,NA,0,0,0
2010-01-15,0,0,0,0,NA,168.047,0,0,0,0,0,0,460.467,0,NA,0,0,0
2010-01-16,0,0,0,0,NA,103.775,0,0,0,0,0,0,177.904,0,NA,0,0,0
2010-01-17,0,0,0,0,NA,0,0,0,714.27,0,0,0,343.296,0,NA,0,0,0
2010-01-18,0,0,0,0,NA,0,0,0,0,0,50.521,0,469.443,0,NA,0,0,0
2010-01-19,0,0,0,0,NA,19.578,0,0,0,0,92.132,0,384.241,0,NA,0,0,0
2010-01-20,0,0,0,0,NA,0,0,0,0,0,92.261,0,406.876,0,NA,0,0,0
2010-01-21,0,0,0,0,NA,0,0,0,0,0,91.081,0,543.909,0,NA,0,0,0
2010-01-22,0,0,0,0,NA,0,0,0,571.792,0,1.658,0,477.726,0,NA,0,0,0
2010-01-23,0,0,0,0,NA,0,0,0,0,0,75.629,0,388.799,0,NA,0,0,0
2010-01-24,0,0,0,0,NA,0,0,0,0,0,126.74,0,389.789,0,NA,0,0,0
2010-01-25,0.158,0,0,0,NA,51.745,0,0,0,0,117.916,0,496.598,0,NA,0,0,0
2010-01-26,0,0,0,0,NA,58.216,0,0,0,0,120.7,0,639.03,0,NA,0,0,0
2010-01-27,0,0,0,0,NA,12.144,0,0,0,0,65.492,0,582.109,0,NA,0,0,0
2010-01-28,0,0,0,0,NA,2.086,0,0,0,0,91.39,0,464.37,0,NA,0,0,0
2010-01-29,0,0,0,0,NA,0,0,0,0,0,31.121,0,749.986,0,NA,0,0,0
2010-01-30,0,0,0,0,NA,0,0,0,0,0,22.742,0,781.804,0,NA,0,0,0
2010-01-31,0,0,0,0,NA,0,0,0,469.827,0,0,0,535.866,0,NA,0,0,0
2010-02-01,0,0,0,0,NA,0,0,0,0,0,115.54,0,1047.995,0,NA,0,0,0
2010-02-02,0,0,0,0,NA,76.976,0,0,379.439,0,180.947,0,974.431,0,NA,0,0,0
2010-02-03,0,0,0,0,NA,123.34,0,0,32.959,0,134.752,0,881.273,0,NA,0,0,0
2010-02-04,0,0,0,0,NA,96.427,0,0,0,0,100.291,0,795.969,0,NA,0,0,0
2010-02-05,0,0,0,0,NA,0,0,0,195.799,0,91.963,0,1145.528,0,NA,0,0,0
2010-02-06,0,0,0,0,NA,0,0,0,269.082,0,64.71,0,1101.296,0,NA,0,0,0
2010-02-07,0,0,0,0,NA,118.156,0,0,0,0,45.425,0,930.506,0,NA,0,0,0
2010-02-08,0,0,0,0,NA,97.965,0,0,0,0,91.211,0,1229.09,0,NA,0,0,0
2010-02-09,0,0,0,0,NA,0,0,0,0,0,29.975,0,1078.62,0,NA,0,0,0
2010-02-10,0,0,0,0,NA,33.106,0,0,0,0,21.248,0,1538.017,0,NA,0,0,0
2010-02-11,0,0,0,0,NA,0,0,0.171,0,0,18.606,0,1109.396,0,NA,0,0,0
2010-02-12,0,0,0,0,NA,52.263,0,0,261.383,0,37.666,0,1589.482,0,NA,0,0,0
2010-02-13,0,0,0,0,NA,115.996,0,0,274.705,0,44.538,0,1523.52,0,NA,0,0,0
2010-02-14,0,0,0,0,NA,84.651,0,0,0,0,94.609,0,1844.075,0,NA,0,0,0
2010-02-15,0,0,0,0,NA,9.126,0,0,0,0,80.114,0,2171.491,0,NA,0,0,0
2010-02-16,0,0,0,0,NA,0,0,0,0,0,68.362,0,2399.619,0,NA,0,0,0
2010-02-17,0,0,43.593,0,NA,0,0,0,0,0,53.997,0,2233.177,0,NA,0,0,0
2010-02-18,0,0,110.313,0,NA,0,0,0,0,0,40.9,0,2387.196,0,NA,0,0,0
2010-02-19,0,0,110.603,0,NA,0,0,0,0,0,25.305,0,2271.848,0,NA,0,0,0
2010-02-20,0,0,110.338,0,NA,0,0,0,0,0,13.615,0,2471.983,0,NA,0,0,0
2010-02-21,0,0,84.602,0,NA,0,0,0,0,0,23.591,0,2322.46,0,NA,0,0,0
2010-02-22,0,0,0,0,NA,0,0,0,0,0,90.095,0,2524.95,0,NA,0,0,0
2010-02-23,0,0,0,0,NA,0,0,0,0,0,0,0,2533.429,0,NA,0,0,0
2010-02-24,0,0,0,0,NA,0,0,0,0,0,0,0,2531.841,0,NA,0,0,0
2010-02-25,0,0,0,0,NA,94.674,0,0,0,0,36.31,0,2449.487,0,NA,0,0,0
2010-02-26,0,0,0,0,NA,10.252,0,0,0,0,30.342,0,2266.62,0,NA,0,0,0
2010-02-27,0,0,0,0,NA,0,0,0,0,0,0,0,2427.197,0,NA,0,0,0
2010-02-28,0,0,0,0,NA,66.747,0,0,0,0,0,0,2382.888,0,NA,0,0,0
2010-03-01,0,0,0,0,NA,40.064,0,0,0,0,0,0,2175.12,0,NA,0,0,0
2010-03-02,0,0,0,0,NA,0,0,0,0,0,0,0,1838.57,0,NA,0,0,0
2010-03-03,0,0,0,0,NA,35.369,0,0,0,0,0,0,1960.553,0,NA,0,0,0
2010-03-04,0,0,40.678,0,NA,0,0,0,0,0,0,0,1715.478,0,NA,352,0,0
2010-03-05,0,0,97.71,0,NA,0,0,0,0,0,0,0,1814.886,0,NA,775,0,0
2010-03-06,0,0,94.267,0,NA,0,0,0,0,0,0,0,1511.919,0,NA,768,0,0
2010-03-07,0,0,92.772,0,NA,0,0,0,0,0,0,0,1540.657,0,NA,766,0,0
2010-03-08,0,0,91.792,0,NA,57.697,0,0,0,0,0,0,1581.231,0,NA,760,0,0
2010-03-09,0,0,56.609,0,NA,0,0,0,22.488,0,0,0,1399.496,0,NA,755,0,0
2010-03-10,0,0,0,0,NA,15.037,0,0,0,0,0,0,1363.79,0,NA,754,0,0
2010-03-11,0,0,0,0,NA,10.821,0,0,226.585,0,0,0,1292.54,0,NA,753,0,0
2010-03-12,0,0,0,0,NA,1032.612,0,0,2989.334,0,1209.627,50.567,2028.06,0,NA,795,0,0
2010-03-13,0,0,0,0,NA,1902.491,0,0,4658.368,0,2186.525,41.659,1669.856,0,NA,823,0,0
2010-03-14,0,0,0,0,NA,2217.582,0,0,4337.389,0,2610.084,24.389,2434.301,0,NA,831,0,0
2010-03-15,0,0,0,0,NA,2071.995,0,0,3116.69,0,2761.089,111.147,5140.333,0,NA,841,0,0
2010-03-16,0,0,0,0,NA,1008.809,0,0,1998.646,0,2635.952,131.475,6236.863,0,NA,1075,725,501
2010-03-17,0,0,0,0,NA,238.678,0,0,525.679,0,1189.976,64.399,5871.103,0,NA,1270,1427,1063
2010-03-18,0,0,0,0,NA,36.955,0,0,699.896,0,564.484,0,5370.903,0,NA,1246,1273,1038
2010-03-19,0,0,0,0,NA,18.978,0,0,494.722,0,628.764,9.869,5332.492,0,NA,1238,1262,1031
2010-03-20,0,0,0,0,NA,0,0,0,0,0,660.764,24.046,5039.111,0,NA,1219,1244,1016
2010-03-21,0,0,0,0,NA,34.036,0,0,469.878,0,457.62,0,4378.991,0,NA,1250,1223,1019
2010-03-22,0,0,0,0,NA,28.573,0,0,401.379,0,395.162,0,4061.918,0,NA,1308,NA,1056
2010-03-23,0,0,0,0,NA,0.715,0,0,436.895,0,321.901,0,3018.214,0,NA,1309,938,1061
2010-03-24,0,0,0,0,NA,32.378,0,0,0,0,307.147,0,3104.723,0,NA,1300,1115,1057
2010-03-25,0,0,0,0,NA,2.464,0,0,368.22,0,0,0,3391.374,0,NA,1286,1277,1047
2010-03-26,0,0,0,0,NA,33.21,0,0,0,0,52.795,0,3290.255,0,NA,1276,1267,1037
2010-03-27,0,0,0,0,NA,0,0,0,0,0,34.693,0,3600.435,0,NA,1272,1265,1037
2010-03-28,0,0,0,0,NA,17.879,0,0,0,0,7.471,0,4006.616,0,NA,1252,1240,1019
2010-03-29,0,0,0,0,NA,91.739,0,0,1079.785,0,0,0,5758.347,0,NA,1259,1252,1018
2010-03-30,0,0,0,0,NA,126.613,0,0,852.365,0,468.043,0,6020.473,0,NA,1268,1268,1032
2010-03-31,0,0,0,0,NA,247.121,0,0,222.051,0,461.912,20.409,6760.157,0,NA,1265,1259,1029
2010-04-01,0,0,0,0,NA,0,0,0,0,0,445.486,0,8026.282,0,NA,1260,1252,1022
2010-04-02,0,0,0,0,NA,14.096,0,0,422.733,0,0,0,7966.563,0,NA,1250,1239,1012
2010-04-03,0,0,0,0,NA,18.23,0,0,0,0,33.765,0,7753.88,0,NA,1237,1222,999
2010-04-04,0,0,0,0,NA,49.98,0,0,0,0,92.581,0,7464.856,0,NA,1227,1211,990
2010-04-05,0,0,0,0,NA,84.031,0,0,0,0,86.012,0,7112.74,0,NA,1215,1198,978
2010-04-06,0,0,0,0,NA,0,0,0,0,0,0,0,6968.667,0,NA,1196,1184,962
2010-04-07,0,0,46.233,0,NA,34.402,0,0,0,0,0,0,5447.843,0,NA,1176,1169,944
2010-04-08,0,0,108.383,0,NA,0,0,0,0,0,0,0,5689.151,0,NA,1154,1136,920
2010-04-09,0,0,103.341,0,NA,31.17,0,0,0,0,11.381,0,5360.901,0,NA,1234,472,382
2010-04-10,0,0,96.428,0,NA,0,0,0,0,0,0,0,4663.427,0,NA,1373,0,0
2010-04-11,0,0,86.565,0,NA,87.115,0,0,0,0,0,0,4280.621,0,NA,1430,0,0
2010-04-12,0,0,16.905,0,NA,79.686,0,0,0,0,25.359,0,4377.72,0,NA,1464,0,0
2010-04-13,0,0,0,0,NA,44.688,0,0,294.369,0,11.758,0,3745.712,0,NA,1494,0,0
2010-04-14,0,0,0,0,NA,0,0,0,0,0,14.9,0,3342.149,0,NA,1502,0,0
2010-04-15,0,0,0,0,NA,39.473,0,0,0,0,71.372,0,3226.284,0,NA,1502,0,0
2010-04-16,0,0,0,0,NA,0,0,0,0,0,0.645,0,2822.781,0,NA,1500,0,0
2010-04-17,0,0,0,0,NA,28.918,0,0,0,0,0,0,2828.363,0,NA,1500,0,0
2010-04-18,0,0,0,0,NA,55.58,0,0,0,0,0,0,2458.927,0,NA,1506,0,0
2010-04-19,0,0,31.19,0,NA,40.089,0,0,476.851,0,52.395,0,2590.901,0,NA,1519,0,0
2010-04-20,0,0,89.665,0,NA,0,0,0,0,0,0.896,0,2671.261,0,NA,1517,0,0
2010-04-21,0,0,90.536,0,NA,32.05,0,0,200.821,0,85.455,0,3383.272,0,NA,1517,0,0
2010-04-22,0,0,111.952,0,NA,0,0,0,0,0,92.792,0,2571.506,0,NA,1524,0,0
2010-04-23,0,0,107.244,0,NA,89.16,0,0,0,0,85.643,0,2237.242,0,NA,1520,0,0
2010-04-24,0,0,101.928,0,NA,0,0,0,0,0,10.902,0,2524.355,0,NA,1510,0,0
2010-04-25,0,0,90.673,0,NA,33.92,0,0,0,0,0,0,2517.756,0,NA,1464,0,0
2010-04-26,0,0,0,0,NA,153.077,0,0,1684.549,0,0,0,2963.503,0,NA,1474,0,0
2010-04-27,0,0,70.89,0,NA,167.742,0,0,1752.592,0,665.707,0,2830.172,0,NA,1392,768,0
2010-04-28,0,0,103.267,0,NA,166.759,0,0,609.887,0,935.897,1.309,2605.717,0,NA,1250,1221,0
2010-04-29,0,0,94.56,0,NA,38.714,0,0,175.766,0,684.376,43.495,2584.946,0,NA,1280,1251,0
2010-04-30,0,0,58.237,0,NA,0,0,0,177.789,0,470.422,27.874,3201.141,0,NA,1277,1247,0
2010-05-01,0,0,95.086,0,NA,37.353,0,0,0,0,44.421,0,3385.461,0,NA,1265,1237,0
2010-05-02,0,0,92.848,0,NA,0,0,0,0,0,0,0,3577.592,0,NA,1246,1222,0
2010-05-03,0,0,89.294,0,NA,0,0,0,0,0,0,0,3552.329,0,NA,1231,1205,0
2010-05-04,0,0,88.48,0,NA,32.617,0,0,35.593,0,0,0,3438.985,0,NA,1216,1197,0
2010-05-05,0,0,70.645,0,NA,2.492,0,0,72.771,0,0,0,3401.29,0,NA,1201,1181,0
2010-05-06,0,0,0,0,NA,37.106,0,0,23.209,0,10.147,0,3508.003,0,NA,1197,1162,0
2010-05-07,0,0,0,0,NA,70.916,0,0,225.965,0,51.063,0,2846.327,0,NA,1204,1160,0
2010-05-08,0,0,0,0,NA,0,0,0,0,0,12.788,0,3002.292,0,NA,1200,1155,0
2010-05-09,0,0,0,0,NA,12.224,0,0,0,0,0,0,2966.024,0,NA,1188,1146,0
2010-05-10,0,0,56.137,0,NA,31.733,0,0,0,0,0,0,2864.984,0,NA,1175,1129,0
2010-05-11,0,0,81.209,0,NA,0,0,0,0,0,0,0,3046.712,0,NA,1152,1104,0
2010-05-12,0,0,76.129,0,NA,33.979,0,0,0,0,0,0,2906.526,0,NA,1131,1081,0
2010-05-13,0,0,36.573,0,NA,0,0,0,0,0,0,0,2533.21,0,NA,1114,1065,0
2010-05-14,0,0,24.406,0,NA,30.182,0,0,0,0,0,0,2251.897,0,NA,1176,445,0
2010-05-15,0,0,0,0,NA,0,0,0,0,0,0,0,2112.684,0,NA,1282,0,0
2010-05-16,0,0,0,0,NA,22.6,0,0,0,0,0,0,2185.534,0,NA,1291,0,0
2010-05-17,0,0,0,0,NA,10.241,0,0,0,0,0,0,2300.851,0,NA,1350,0,0
2010-05-18,0,0,0,0,NA,37.811,0,0,608.227,0,0,0,2263.3,0,NA,1363,0,0
2010-05-19,0,0,0,0,NA,0,0,0,126.281,0,0,0,2069.055,0,NA,1371,0,0
2010-05-20,0,0,0,0,NA,94.2,0,0,0,0,45.204,0,2156.95,0,NA,1207,0,0
2010-05-21,0,0,0,0,NA,0,0,0,0,0,44.871,0,2030.255,0,NA,980,0,0
2010-05-22,0,0,0,0,NA,32.102,0,0,0,0,30.196,0,2374.818,0,NA,953,0,0
2010-05-23,0,0,0,0,NA,0,0,0,0,0,20.781,0,2626.794,0,NA,926,0,0
2010-05-24,0,0,0,0,NA,33.278,0,0,0,0,19.986,0,2235.394,0,NA,436,0,0
2010-05-25,0,0,0,0,NA,0,0,0,0,0,0,0,2178.115,0,NA,0,0,0
2010-05-26,0,0,0,0,NA,0,0,0,0,0,0,0,2215.573,0,NA,0,0,0
2010-05-27,1.147,0,0,0,NA,36.218,0,0,0,0,0,0,2096.333,0,NA,0,0,0
2010-05-28,0,0,0,0,NA,0,0,0,0,0,0,0,2111.592,0,NA,0,0,0
2010-05-29,0,0,0,0,NA,10.544,0,0,0,0,0,0,1895.275,0,NA,0,0,0
2010-05-30,0,0,0,0,NA,23.832,0,0,0,0,0,0,1477.836,0,NA,0,0,0
2010-05-31,0,0,0,0,NA,0,0,0,0,0,0,0,1421.824,0,NA,0,0,0
2010-06-01,0,0,0,0,NA,33.661,0,0,1811.689,0,0,0,1382.412,0,NA,0,0,0
2010-06-02,50.636,0,0,0,NA,396.386,0,0,1977.662,0,478.116,0,1476.915,0,NA,0,0,0
2010-06-03,229.395,0,0.33,0,NA,416.635,0,0,1692.833,0,1309.363,124.213,1450.311,0,NA,51,0,0
2010-06-04,262.394,0,0.691,0,NA,296.125,0,0,2669.245,0,1927.71,177.103,1951.421,0,NA,225,0,0
2010-06-05,263.582,0,0,0,NA,35.418,0,0,1400.459,0,2266.77,251.484,1925.954,0,NA,427,0,0
2010-06-06,263.171,0,0,0,NA,2.141,0,0,686.713,0,1656.728,208.006,2381.875,0,NA,450,0,0
2010-06-07,241.512,0,0,0,NA,148.253,0,0,963.025,0,790.389,84.331,1804.09,0,NA,871,648,0
2010-06-08,234.833,0,0,0,NA,40.348,0,0,511.111,0,777.992,213.407,1849.445,0,NA,1325,1410,0
2010-06-09,250.91,0,0,0,NA,0,0,0,0,0,415.4,258.59,1582.051,0,NA,1286,1364,0
2010-06-10,256.679,0,0,0,NA,33.627,0,0,0,0,282.411,191.846,926.454,0,NA,1257,1324,0
2010-06-11,133.048,0,0,0,NA,39.617,0,0,0,0,0,64.608,535.893,0,NA,1200,1272,0
2010-06-12,0,0,0,0,NA,0,0,0,0,0,46.793,0,569.166,0,NA,1149,1247,0
2010-06-13,0,0,0,0,NA,33.925,0,0,0,0,75.737,0,662.709,0,NA,1113,1199,0
2010-06-14,69.388,0,0,0,NA,39.063,0,0,0,0,52.768,0,528.373,0,NA,758,820,0
2010-06-15,81.391,0,0,0,NA,41.014,0,0,0,0,37.868,0,527.175,0,NA,0,0,0
2010-06-16,0,0,0,0,NA,14.955,0,0,0,0,35.251,0,370.417,0,NA,0,0,0
2010-06-17,13.977,0,0,0,NA,76.765,0,0,0,0,46.969,19.649,0.139,0,NA,0,0,0
2010-06-18,58.09,0,0,0,NA,77.587,0,0,0,0,56.295,65.277,0,0,NA,0,0,0
2010-06-19,0,0,0,0,NA,118.56,0,0,0,0,0,36.081,422.882,0,NA,0,0,0
2010-06-20,0,0,0,0,NA,148.138,0,0,0,0,35.113,0,441.938,0,NA,0,0,0
2010-06-21,3.762,0,0,0,NA,0,0,0,0,0,32.75,0,456.384,0,NA,0,0,0
2010-06-22,91.587,0,0,0,NA,67.403,0,0,366.943,0,32.421,0,629.309,0,NA,0,0,0
2010-06-23,136.495,0,0,0,NA,0,0,0,10.352,0,36.324,0,291.41,0,NA,0,0,0
2010-06-24,390.389,0,0,0,NA,0,0,0,130.573,0,21.213,0,351.329,0,NA,0,0,0
2010-06-25,514.442,0,0,0,NA,68.451,0,0,421.718,0,0,0,283.7,0,NA,0,0,0
2010-06-26,568.113,0,0,0,NA,0,0,0,686.096,0,28.08,0,377.634,0,NA,0,0,0
2010-06-27,305.652,0,0,0,NA,0,0,0,877.407,0,0,0,339.17,0,NA,0,0,0
2010-06-28,104.228,0,0,0,NA,0,0,0,56.077,0,216.517,0,0,0,NA,0,0,0
2010-06-29,13.064,0,0,0,NA,70.385,0,0,42.655,0,386.562,0,105.906,0,NA,0,0,0
2010-06-30,49.411,0,0,0,NA,0,0,0,0,0,374.734,0,398.479,0,NA,0,0,0
2010-07-01,49.5,0,0,0,NA,0,0,0,0,0,286.123,0,622.965,0,NA,0,0,0
2010-07-02,88.06,0,0,0,NA,62.6,0,0,317.798,0,392.813,0,632.678,0,NA,0,0,0
2010-07-03,73.939,0,0,0,NA,0,0,0,407.887,0,109.623,22.22,534.11,0,NA,0,0,0
2010-07-04,296.01,0,0,0,NA,37.204,0,0,826.704,0,328.052,54.737,1006.241,0,NA,0,0,0
2010-07-05,332.275,0,0,0,NA,116.056,0,0,1354.082,0,983.722,99.73,2205.338,0,NA,0,0,0
2010-07-06,333.084,0,0,0,NA,0,0,0,2005.069,0,949.648,140.584,2493.401,0,NA,0,0,0
2010-07-07,291.885,0,0,0,NA,96.905,0,0,840.362,0,941.119,300.13,1798.33,0,NA,519,0,0
2010-07-08,324.709,0,0,0,NA,0,0,0,563.817,0,937.455,225.259,2524.842,0,NA,731,0,0
2010-07-09,121.492,0,0,0,NA,66.969,0,0,0,0,844.597,147.204,3034.4,0,NA,723,0,0
2010-07-10,172.949,0,0,0,NA,0,0,0,0,0,481.913,60.776,3587.468,0,NA,750,0,0
2010-07-11,360.814,0,0,0,NA,0,0,0,0,0,188.792,71.82,2581.223,0,NA,764,0,0
2010-07-12,360.72,0,0,0,NA,78.359,0,0,0,0,167.343,71.595,2749.366,0,NA,818,0,0
2010-07-13,332.016,0,12.696,0,NA,0,0,0,0,0,96.782,43.754,2078.088,0,NA,332,0,0
2010-07-14,265.742,0,0,0,NA,90.945,0,0,0,0,88.014,0,1679.923,0,NA,0,0,0
2010-07-15,329.89,0,15.493,0,NA,48.324,0,0,0,0,21.641,0,1718.095,0,NA,0,0,0
2010-07-16,24.557,0,0,0,NA,102.791,0,0,0,0,99.14,0,1323.665,0,NA,0,0,0
2010-07-17,256.44,0,0,0,NA,74.685,0,0,0,0,13.034,0,1015.728,0,NA,0,0,0
2010-07-18,208.094,0,0,0,NA,0,0,0,0,0,0,0,420.71,0,NA,0,0,0
2010-07-19,129.393,0,0,0,NA,0,0,0,0,0,1.826,0,599.381,0,NA,0,0,0
2010-07-20,135.446,0,0,0,NA,69.327,0,0,0,0,0,0,518.947,0,NA,0,0,0
2010-07-21,144.564,0,0,0,NA,0,0,0,0,0,6.627,0,483.437,0,NA,0,0,0
2010-07-22,210.196,0,9.736,0,NA,0,0,0,0,0,11.332,0,233.521,0,NA,0,0,0
2010-07-23,19.573,0,0,0,NA,107.099,0,0,0,0,13.103,0.853,217.516,0,NA,0,0,0
2010-07-24,0,0,0,0,NA,0,0,0,0,0,0,0,808.36,0,NA,0,0,0
2010-07-25,0,0,0,0,NA,28.475,0,0,0,0,0,0,276.307,0,NA,0,0,0
2010-07-26,0,0,24.295,0,NA,39.953,0,0,0,0,0,0,128.863,0,NA,0,0,0
2010-07-27,0,0,23.826,0,NA,10.199,0,0,0,0,0,0,264.522,0,NA,0,0,0
2010-07-28,0,0,23.91,0,NA,66.552,0,0,0,0,0,0,247.421,0,NA,0,0,0
2010-07-29,0,0,0,0,NA,0,0,0,0,0,0,0,278.828,0,NA,0,0,0
2010-07-30,7.674,0,23.997,0,NA,63.877,0,0,0,0,0,0,226.775,0,NA,0,0,0
2010-07-31,0,0,0,0,NA,3.45,0,0,0,0,0,0,362.081,0,NA,0,0,0
2010-08-01,0,0,0,0,NA,0,0,0,0,0,0,0,549.486,0,NA,0,0,0
2010-08-02,0,0,0,0,NA,83.687,0,0,0,0,0,0,170.408,0,NA,0,0,0
2010-08-03,0,0,0,0,NA,87.49,0,0,0,0,0,0,166.226,0,NA,0,0,0
2010-08-04,0,0,0,0,NA,10.461,0,0,0,0,19.008,0,216.045,0,NA,0,0,0
2010-08-05,0,0,0,0,NA,85.388,0,0,500.492,0,19.079,0,216.369,0,NA,0,0,0
2010-08-06,0,0,0,0,NA,70.796,0,0,453.304,0,0,0,270.707,0,NA,0,0,0
2010-08-07,0,0,0,0,NA,0,0,0,0,0,31.274,0,233.593,0,NA,0,0,0
2010-08-08,0,0,0,0,NA,114.58,0,0,0,0,129.823,0,620.349,0,NA,0,0,0
2010-08-09,0,0,0,0,NA,108.042,0,0,602.083,0,165.117,0,449.294,0,NA,0,0,0
2010-08-10,0,0,0,0,NA,68.025,0,0,194.472,0,310.125,24.91,852.341,0,NA,0,0,0
2010-08-11,0.033,0,0,0,NA,24.037,0,0,582.092,0,417.327,150.954,298.288,0,NA,0,0,0
2010-08-12,0,0,0,0,NA,81.034,0,0,0,0,507.597,0,427.777,0,NA,0,0,0
2010-08-13,0,0,0,0,NA,0,0,0,0,0,31.759,76.989,637.42,0,NA,0,0,0
2010-08-14,0,0,0,0,NA,70.229,0,0,0,0,47.919,137.516,464.141,0,NA,0,0,0
2010-08-15,0,0,0,0,NA,0,0,0,0,0,8.009,60.584,478.935,0,NA,0,0,0
2010-08-16,0,0,0,0,NA,72.53,0,0,249.202,0,36.629,0,518.729,0,NA,0,0,0
2010-08-17,0,0,0,0,NA,82.243,0,0,507.544,0,154.993,0,841.05,0,NA,0,0,0
2010-08-18,0,0,25.956,0,NA,0,0,0,1484.715,0,183.465,0,356.461,0,NA,0,0,0
2010-08-19,0,0,29.307,0,NA,69.288,0,0,1073.701,0,755.745,140.276,542.235,0,NA,0,0,0
2010-08-20,0,0,44.025,0,NA,NA,0,0,1469.7,0,604.96,246.634,284.155,0,NA,0,0,0
2010-08-21,0,0,0,0,NA,42.535,0,0,1310.804,0,961.008,77.616,535.572,0,NA,0,0,0
2010-08-22,0,0,0,0,NA,64.175,0,0,915.053,0,1529.407,3.481,355.964,0,NA,0,0,0
2010-08-23,0,0,0,0,NA,74.71,0,0,1786.27,0,1672.853,0.096,855.122,0,NA,0,0,0
2010-08-24,0,0,31.618,0,NA,0,0,0,1157.005,0,1780.3,0,1232.019,0,NA,0,0,0
2010-08-25,0,0,25.102,0,NA,83.596,0,0,812.79,0,1530.888,0,1679.751,0,NA,0,0,0
2010-08-26,0,0,0,0,NA,0,0,0,747.112,0,1276.328,0,1513.672,0,NA,0,0,0
2010-08-27,0,0,0,0,NA,87.033,0,0,910.353,0,767.337,0,1192.072,0,NA,0,0,0
2010-08-28,0,0,0,0,NA,69.147,0,0,790.985,0,748.709,0,1596.594,0,NA,0,0,0
2010-08-29,0,0,0,0,NA,0,0,0,515.177,0,820.771,0,1769.21,0,NA,0,0,0
2010-08-30,0,0,0,0,NA,98.268,0,0,952.952,0,725.691,89.434,2018.21,0,NA,0,0,0
2010-08-31,0,0,0,0,NA,63.621,0,0,1202.452,0,710.606,187.168,1958.246,0,NA,0,0,0
2010-09-01,0,0,0,0,NA,28.871,0,0,670.853,0,684.587,203.111,1905.931,0,NA,0,0,0
2010-09-02,0,0,0,0,NA,83.978,0,0,351.503,0,678.938,203.825,1699.368,0,NA,0,0,0
2010-09-03,0,0,0,0,NA,85.036,0,0,0,0,523.425,203.067,1692.746,0,NA,0,0,0
2010-09-04,0,0,0,0,NA,17.433,0,0,0,0,331.994,167.791,1265.071,0,NA,0,0,0
2010-09-05,0,0,0,0,NA,89.3,0,0,681.491,0,182.502,112.543,1305.642,0,NA,0,0,0
2010-09-06,0,0,0,0,NA,119.892,0,0,772.117,0,182.969,68.752,1276.782,0,NA,0,0,0
2010-09-07,0,0,0,0,NA,110.164,0,0,1336.98,0,623.76,57.81,1071.714,0,NA,0,0,0
2010-09-08,0,0,0,0,NA,135.369,0,0,1904.672,0,1237.771,254.813,993.124,0,NA,0,0,0
2010-09-09,0,0.093,0,0,NA,46.018,0,0,1601.109,0,1399.164,265.934,959.072,0,NA,0,0,0
2010-09-10,0,0,0,0,NA,102.994,0,0,1371.984,0,1410.755,155.73,1127.502,0,NA,0,0,0
2010-09-11,0,0,0,0,NA,82.932,0,0,875.104,0,1243.407,77.347,1404.835,0,NA,0,0,0
2010-09-12,0,0,0,0,NA,97.128,0,0,543.329,0,743.051,56.293,1479.307,0,NA,0,0,0
2010-09-13,0,0,0,0,NA,54.607,0,0,385.421,0,728.401,120.073,412.075,0,NA,0,0,0
2010-09-14,0,0,0,0,NA,76.157,0,0,626.766,0,569.553,200.468,462.238,0,NA,0,0,0
2010-09-15,0,0,0,0,NA,121.733,0,0,0,0,496.019,157.012,830.585,0,NA,0,0,0
2010-09-16,0,0,0,0,NA,135.899,0,0,0,0,343.744,133.495,839.618,0,NA,0,0,0
2010-09-17,0,0,0,0,NA,180.201,0,0,0,0,64.934,132.95,493.965,0,NA,0,0,0
2010-09-18,0,0,0,0,NA,133.978,0,0,0,0,167.02,71.785,561.028,0,NA,0,0,0
2010-09-19,0,0,0,0,NA,45.479,0,0,0,0,58.734,67.332,276.044,0,NA,0,0,0
2010-09-20,0,0,0,0,NA,39.705,0,0,0,0,31.48,67.2,158.899,0,NA,0,0,0
2010-09-21,0,0,0,0,NA,107.885,0,0,0,0,0,28.339,84.596,0,NA,0,0,0
2010-09-22,0,0,0,0,NA,122.489,0,0,0,0,0,0,606.117,0,NA,0,0,0
2010-09-23,0,0,0,0,NA,198.873,0,0,0,0,17.49,0,194.544,0,NA,0,0,0
2010-09-24,0,0,0,0,NA,162.388,0,0,457.586,0,0,0,526.562,0,NA,0,0,0
2010-09-25,0,0,0,0,NA,175.377,0,0,0,0,40.428,0,481.591,0,NA,0,0,0
2010-09-26,0,0,0,0,NA,116.76,0,0,0,0,80.944,0,75.589,0,NA,0,0,0
2010-09-27,0,0,0,0,NA,63.35,0,0,0,0,49.337,27.58,502.018,0,NA,0,0,0
2010-09-28,0,0,0,0,NA,77.499,0,0,1026.576,0,31.717,27.14,659.806,0,NA,0,0,0
2010-09-29,0,0,0,0,NA,234.767,0,0,846.278,0,485.689,168.375,612.445,0,NA,0,0,0
2010-09-30,4.041,0,0,0,NA,236.056,0,0,526.878,0,724.34,200.487,768.86,0,NA,0,0,0
2010-10-01,0,0,0,0,NA,172.677,0,0,0,0,478.218,200.014,420.489,0,NA,0,0,0
2010-10-02,0,0,0,0,NA,107.269,0,0,0,0,340.938,33.619,746.354,0,NA,0,0,0
2010-10-03,0,0,0,0,NA,86.326,0,0,0,0,0,83.249,584.736,0,NA,0,0,0
2010-10-04,0,0,0,0,NA,113.279,0,0,0,0,30.496,0,120.818,0,NA,0,0,0
2010-10-05,0,0,0,0,NA,42.966,0,0,0,0,103.4,0,360.441,0,NA,0,0,0
2010-10-06,0,0,53.892,0,NA,171.394,0,0,0,0,49.006,0,202.8,0,NA,0,0,0
2010-10-07,0,0,93.726,0,NA,111.362,0,0,0,0,45.613,0,471.668,0,NA,0,0,0
2010-10-08,0,0,39.205,0,NA,95.059,0,0,0,0,19.337,0,589.747,0,NA,0,0,0
2010-10-09,0,0,0,0,NA,79.099,0,0,0,0,0,0,268.26,0,NA,0,0,0
2010-10-10,0,0,0,0,NA,77.799,0,0,0,0,0,0,157.295,0,NA,0,0,0
2010-10-11,0,0,0,0,NA,0,0,0,0,0,0,0,381.351,0,NA,0,0,0
2010-10-12,0,0,0,0,NA,107.883,0,0,0,0,0,0,158.168,0,NA,0,0,0
2010-10-13,0,0,0,0,NA,113.396,0,0,0,0,0,84.994,13.473,0,NA,0,0,0
2010-10-14,0.305,0,0,0,NA,79.387,0,0,0,0,0,37.517,243.863,0,NA,0,0,0
2010-10-15,0,0,0,0,NA,129.816,0,0,0,0,0,0,200.815,0,NA,0,0,0
2010-10-16,0,0,0,0,NA,109.889,0,0,0,0,0,0,202.929,0,NA,0,0,0
2010-10-17,0,0,0,0,NA,83.928,0,0,0,0,0,0,244.781,0,NA,0,0,0
2010-10-18,0,0,0,0,NA,9.17,0,0,0,0,0,0,154.043,0,NA,0,0,0
2010-10-19,0,0,0,0,NA,65.572,0,0,0,0,53.09,0,199.097,0,NA,0,0,0
2010-10-20,0,0,0,0,NA,85.72,0,0,0,0,0,0,0,0,NA,0,0,0
2010-10-21,0,0,0,0,NA,8.007,0,0,0,0,0,0,112.545,0,NA,0,0,0
2010-10-22,52.273,0,0,0,NA,72.271,0,0,0,0,0,0,467.078,0,NA,0,0,0
2010-10-23,0,0,0,0,NA,0,0,0,0,0,0,0,113.851,0,NA,0,0,0
2010-10-24,0,0,0,0,NA,0,0,0,0,0,0,0,0,0,NA,0,0,0
2010-10-25,0,0,0,0,NA,60.834,0,0,0,0,0,0,101.48,0,NA,0,0,0
2010-10-26,0,0,0,0,NA,0,0,0,0,0,0,0,191.477,0,NA,0,0,0
2010-10-27,0,0,0,0,NA,0,0,0,0,0,0,0,111.709,0,NA,0,0,0
2010-10-28,0,0,0,0,NA,22.393,0,0,0,0,0,0,183.902,0,NA,0,0,0
2010-10-29,0,0,0,0,NA,34.83,0,0,0,0,0,0,169.581,0,NA,0,0,0
2010-10-30,0,0,0,0,NA,34.554,0,0,0,0,0,0,38.289,0,NA,0,0,0
2010-10-31,0,0,0,0,NA,15.705,0,0,0,0,0,0,70.878,0,NA,0,0,0
2010-11-01,0,0,0,0,NA,14.118,0,0,0,0,0,0,70.941,0,NA,0,0,0
2010-11-02,0,0,0,0,NA,52.923,0,0,0,0,0,0,380.458,0,NA,0,0,0
2010-11-03,0,0,0,0,NA,30.364,0,0,0,0,0,0,137.51,0,NA,0,0,0
2010-11-04,0,0,0,0,NA,29.91,0,0,448.406,0,0,0,113.309,0,NA,0,0,0
2010-11-05,0,0,0,0,NA,29.295,0,0,0,0,0,0,390.159,0,NA,0,0,0
2010-11-06,0,0,0,0,NA,42.802,0,0,0,0,0,0,24.006,0,NA,0,0,0
2010-11-07,0,0,0,0,NA,26.845,0,0,0,0,0,0,264.145,0,NA,0,0,0
2010-11-08,0,0,0,0,NA,28.482,0,0,0,0,0,0,11.744,0,NA,0,0,0
2010-11-09,0,0,0,0,NA,17.923,0,0,0,0,0,0,75.714,0,NA,0,0,0
2010-11-10,0,0,0,0,NA,19.84,0,0,0,0,0,0,172.69,0,NA,0,0,0
2010-11-11,0,0,0,0,NA,0,0,0,0,0,0,0,189.763,0,NA,0,0,0
2010-11-12,0,0,0,0,NA,20.772,0,0,0,0,0,0,0,0,NA,0,0,0
2010-11-13,0,0,0,0,NA,0,0,0,0,0,0,0,0,0,NA,0,0,0
2010-11-14,0,0,0,0,NA,0,0,0,0,0,0,0,302.175,0,NA,0,0,0
2010-11-15,0,0,0,0,NA,20.514,0,0,0,0,0,0,104.31,0,NA,0,0,0
2010-11-16,0,0,0,0,NA,0,0,0,0,0,0,0,148.49,0,NA,0,0,0
2010-11-17,0,0,0,0,NA,0,0,0,0,0,0,0,76.774,0,NA,0,0,0
2010-11-18,19.364,0,0,0,NA,0,0,0,0,0,0,0,0,0,NA,0,0,0
2010-11-19,67.942,0,37.556,0,NA,0,0,0,0,0,0.061,0,109.488,0,NA,0,0,0
2010-11-20,0,0,120.6,0,NA,0,0,0,0,0,0,0,181.247,0,NA,0,0,0
2010-11-21,0,0,38.94,0,NA,0,0,0,0,0,0,0,205.427,0,NA,0,0,0
2010-11-22,0,0,0,0,NA,0,0,0,0,0,0,0,123.554,0,NA,0,0,0
2010-11-23,135.506,0,0,0,NA,0,0,0,0,0,0,0,220.822,0,NA,0,0,0
2010-11-24,9.286,0,0,0,NA,0,0,0,0,0,3.036,0,0,0,NA,0,0,0
2010-11-25,86.052,0,0,0,NA,0,0,0,0,0,0,0,228.398,0,NA,0,0,0
2010-11-26,0,0,0,0,NA,0,0,0,0,0,0,0,0,0,NA,0,0,0
2010-11-27,0,0,73.225,0,NA,0,0,0,0,0,0,0,115.269,0,NA,0,0,0
2010-11-28,0,0,40.705,0,NA,0,0,0,0,0,0,0,77.927,0,NA,0,0,0
2010-11-29,0,0,0,0,NA,0,0,0,0,0,73.069,0,103.233,0,NA,0,0,0
2010-11-30,48.374,0,0,0,NA,0,0,0,0,0,0,0,114.811,0,NA,0,0,0
2010-12-01,36.567,0,0,0,NA,52.177,0,0,0,0,0,0,330.322,0,NA,0,0,0
2010-12-02,47.769,0,35.104,0,NA,22.487,0,0,0,0,0,0,44.562,0,NA,0,0,0
2010-12-03,32.861,0,48.912,0,NA,0,0,0,0,0,0,0,0,0,NA,0,0,0
2010-12-04,106.441,0,80.578,0,NA,0,0,0,0,0,0,0,22.13,0,NA,0,0,0
2010-12-05,72.769,0,117.112,0,NA,0,0,0,0,0,0,0,17.952,0,NA,0,0,0
2010-12-06,32.231,0,149.363,0,NA,0,0,0,0,0,0,0,62.944,0,NA,0,0,0
2010-12-07,108.278,0,157.182,0,NA,0,0,0,0,0,0,0,217.717,0,NA,0,0,0
2010-12-08,59.837,0,55.933,0,NA,1.242,0,0,0,0,0,0,28.458,0,NA,0,0,0
2010-12-09,45.703,0,0,0,NA,0.663,0,0,23.256,0,0,0,262.047,0,NA,0,0,0
2010-12-10,100.85,0,0,0,NA,0,0,0,0,0,0,0,0,0,NA,0,0,0
2010-12-11,22.413,0,0,0,NA,0,0,0,0,0,0,0,0,0,NA,0,0,0
2010-12-12,79.604,0,0,0,NA,0,0,0,0,0,0,0,0,0,NA,0,0,0
2010-12-13,166.216,0,100.329,0,NA,0.083,0,0,0,0,0.125,0,0,0,NA,0,0,0
2010-12-14,16.001,0,109.689,0,NA,0,0,0,0,0,0,0,0,0,NA,0,0,0
2010-12-15,61.864,0,53.276,0,NA,0,0,0,0,0,0,0,0,0,NA,0,0,0
2010-12-16,99.913,0,0,0,NA,0,0,0,0,0,0,0,334.734,0,NA,0,0,0
2010-12-17,84.927,0,0,0,NA,0,0,0,203.47,0,0,0,139.638,0,NA,0,0,0
2010-12-18,11.804,0,0,0,NA,0,0,0,0,0,0,0,29.703,0,NA,0,0,0
2010-12-19,0,0,0,0,NA,8.066,0,0,0,0,0,0,255.116,0,NA,0,0,0
2010-12-20,0,0,0,0,NA,41.467,0,0,380.986,0,0,0,185.616,0,NA,0,0,0
2010-12-21,0,0,0,0,NA,0,0,0,251.719,0,0,0,6.444,0,NA,0,0,0
2010-12-22,0,0,0,0,NA,0,0,0,265.059,0,0,0,144.948,0,NA,0,0,0
2010-12-23,44.181,0,0,0,NA,0,0,0,207.195,0,0,0,375.335,0,NA,0,0,0
2010-12-24,23.205,0,0,0,NA,0,0,0,0,0,0,0,161.304,0,NA,0,0,0
2010-12-25,0,0,0,0,NA,0,0,0,0,0,0,0,1.634,0,NA,0,0,0
2010-12-26,0,0,103.657,0,NA,0,0,0,0,0,0,0,0,0,NA,0,0,0
2010-12-27,95.244,0,141.741,0,NA,0,0,0,0,0,0,0,0,0,NA,0,0,0
2010-12-28,0,0,127.531,0,NA,25.464,0,0,0,0,0,0,108.673,0,NA,0,0,0
2010-12-29,88.49,0,41.765,0,NA,0,0,0,207.869,0,0,0,337.91,0,NA,0,0,0
2010-12-30,0.603,0,0.464,0,NA,0,0,0,289.243,0,0,0,0,0,NA,0,0,0
2010-12-31,100.122,0,0,0,NA,0,0,0,0,0,0,0,162.397,0,NA,0,0,0
2011-01-01,15.578,0,81.806,0,NA,0,0,0,0,0,0,0,313.683,0,NA,0,0,0
2011-01-02,87.753,0,132.803,0,NA,0,0,0,0,0,0,0,140.984,0,NA,0,0,0
2011-01-03,0,0,127.779,0,NA,0,0,0,251.142,0,0,0,9.525,0,NA,0,0,0
2011-01-04,89.224,0,125.367,0,NA,0,0,0,266.949,0,0,0,232.456,0,NA,0,0,0
2011-01-05,0,0,44.068,0,NA,0,0,0,277.171,0,0,0,135.917,0,NA,0,0,0
2011-01-06,8.37,0,0,0,NA,0,0,0,345.485,0,0,0,378.025,0,NA,0,0,0
2011-01-07,0.214,0,0,0,NA,0,0,0,593.975,0,0,0,90.165,0,NA,0,0,0
2011-01-08,0,0,0,0,NA,0,0,0,569.603,0,0,0,165.736,0,NA,0,0,0
2011-01-09,0,0,0,0,NA,0,0,0,93.219,0,0,0,1.049,0,NA,0,0,0
2011-01-10,0,0,0,0,NA,0,0,0,0,0,0,0,90.971,0,NA,0,0,0
2011-01-11,0,0,0,0,NA,0,0,0,0,0,27.907,0,150.265,0,NA,0,0,0
2011-01-12,0,0,0,0,NA,0,0,0,0,0,0,0,150.111,0,NA,0,0,0
2011-01-13,44.712,0,0,0,NA,0,0,0,0,0,0,0,175.117,0,NA,0,0,0
2011-01-14,132.094,0,0,0,NA,0,0,0,0,0,0,0,59.186,0,NA,0,0,0
2011-01-15,110.367,0,0,0,NA,0,0,0,0,0,0,0,173.2,0,NA,0,0,0
2011-01-16,31.761,0,0,0,NA,0,0,0,0,0,0,0,147.262,0,NA,0,0,0
2011-01-17,46.429,0,0,0,NA,0,0,0,0,0,0,0,181.293,0,NA,0,0,0
2011-01-18,34.486,0,0,0,NA,0,0,0,0,0,0,0,109.872,0,NA,0,0,0
2011-01-19,126.373,0,0,0,NA,0,0,0,0,0,0,0,225.317,0,NA,0,0,0
2011-01-20,80.926,0,0,0,NA,0,0,0,0,0,0,0,167.608,0,NA,0,0,0
2011-01-21,0,0,0,0,NA,0,0,0,370.317,0,0,0,98.6,0,NA,0,0,0
2011-01-22,0,0,0,0,NA,0,0,0,863.694,0,0,0,374.222,0,NA,0,0,0
2011-01-23,0,0,0,0,NA,0,0,0,353.107,0,0,0,7.628,0,NA,0,0,0
2011-01-24,121.055,0,0,0,NA,0,0,0,520.871,0,0,0,21.589,0,NA,0,0,0
2011-01-25,44.32,0,0,0,NA,27.582,0,0,846.776,0,489.781,94.58,266.473,0,NA,0,0,0
2011-01-26,0,0,0,0,NA,366.539,0,0,1138.468,0,677.526,104.893,417.727,0,NA,0,0,0
2011-01-27,0,0,0,0,NA,163.709,0,0,964.999,0,509.428,134.316,325.146,0,NA,0,0,0
2011-01-28,61.053,0,0,0,NA,0.166,0,0,251.614,0,300.398,35.852,161.078,0,NA,0,0,0
2011-01-29,36.621,0,0,0,NA,0,0,0,0,0,141.613,72.34,269.095,0,NA,0,0,0
2011-01-30,0,0,0,0,NA,0,0,0,0,0,116.402,0,399.624,0,NA,0,0,0
2011-01-31,45.198,0,0,0,NA,0,0,0,0,0,487.06,0,236.085,0,NA,0,0,0
2011-02-01,127.154,0,0,0,NA,18.25,0,0,0,0,400.897,0,208.297,0,NA,0,0,0
2011-02-02,123.513,0,0,0,NA,0,0,0,0,0,441.683,0,97.636,0,NA,0,0,0
2011-02-03,6.023,0,0,0,NA,0,0,0,0,0,415.403,0,87.997,0,NA,0,0,0
2011-02-04,100.248,0,0,0,NA,21.027,0,0,0,0,0,0,217.782,0,NA,0,0,0
2011-02-05,59.007,0,0,0,NA,0,0,0,0,0,0,0,141.71,0,NA,0,0,0
2011-02-06,0,0,0,0,NA,0,0,0,0,0,0,0,58.1,0,NA,0,0,0
2011-02-07,68.717,0,0,0,NA,0,0,0,0,0,0,0,267.584,0,NA,0,0,0
2011-02-08,125.775,0,0,0,NA,0,0,0,0,0,0,0,182.955,0,NA,0,0,0
2011-02-09,17.76,0,0,0,NA,11.949,0,0,0,0,0,0,239.06,0,NA,0,0,0
2011-02-10,117.798,0,0,0,NA,0,0,0,0,0,0,0,221.261,0,NA,0,0,0
2011-02-11,0,0,0,0,NA,0,0,0,410.896,0,0,2.723,324.782,0,NA,0,0,0
2011-02-12,0,0,0,0,NA,0,0,0,0,0,0,90.052,415.336,0,NA,0,0,0
2011-02-13,67.128,0,0,0,NA,0,0,0,0,0,0,0,127.098,0,NA,0,0,0
2011-02-14,47.703,0,0,0,NA,0,0,0,0,0,0,0,247.617,0,NA,0,0,0
2011-02-15,125.866,0,0,0,NA,0,0,0,0,0,0,0,191.169,0,NA,0,0,0
2011-02-16,17.928,0,0,0,NA,18.627,0,0,0,0,0,0,177.383,0,NA,0,0,0
2011-02-17,50.346,0,0,0,NA,0,0,0,0,0,0,0,234.305,0,NA,0,0,0
2011-02-18,124.827,0,0,0,NA,0,0,0,0,0,0,0,186.725,0,NA,0,0,0
2011-02-19,7.67,0,0,0,NA,0,0,0,0,0,0,0,310.461,0,NA,0,0,0
2011-02-20,72.97,0,0,0,NA,0,0,0,0,0,0,0,249.599,0,NA,0,0,0
2011-02-21,47.454,0,0,0,NA,0,0,0,0,0,0,0,131.464,0,NA,0,0,0
2011-02-22,125.457,0,0,0,NA,0,0,0,0,0,0,0,364.437,0,NA,0,0,0
2011-02-23,124.788,0,0,0,NA,11.372,0,0,0,0,0,0,82.693,0,NA,0,0,0
2011-02-24,162.069,0,0,0,NA,0,0,0,0,0,0,0,184.709,0,NA,0,0,0
2011-02-25,168.895,0,0,0,NA,0,0,0,0,0,0,0,142.796,0,NA,0,0,0
2011-02-26,97.743,0,0,0,NA,0,0,0,0,0,0,0,151.522,0,NA,0,0,0
2011-02-27,154.682,0,0,0,NA,0,0,0,0,0,0,0,107.929,0,NA,0,0,0
2011-02-28,106.972,0,0,0,NA,0,0,0,0,0,0,0,62.779,0,NA,0,0,0
2011-03-01,114.681,0,0,0,NA,0,0,0,0,0,0,0,143.757,0,NA,0,0,0
2011-03-02,137.108,0,0,0,NA,0,0,0,0,0,0,57.422,171.731,0,NA,0,0,0
2011-03-03,87.051,0,0,0,NA,20.69,0,0,0,0,0,0,80.325,0,NA,0,0,0
2011-03-04,107.863,0,0,0,NA,0,0,0,0,0,0,0,80.288,0,NA,0,0,0
2011-03-05,46.469,0,0,0,NA,0,0,0,0,0,0,0,96.916,0,NA,0,0,0
2011-03-06,84.783,0,0,0,NA,0,0,0,0,0,0,0,151.288,0,NA,0,0,0
2011-03-07,153.004,0,0,0,NA,0,0,0,0,0,22.711,0,100.525,0,NA,0,0,0
2011-03-08,75.15,0,0,0,NA,0,0,0,0,0,0,0,64.426,0,NA,0,0,0
2011-03-09,100.031,0,0,0,NA,23.725,0,0,0,0,0,0,102.838,0,NA,0,0,0
2011-03-10,64.998,0,0,0,NA,0,0,0,0,0,0,0,175.389,0,NA,0,0,0
2011-03-11,136.224,0,0,0,NA,0,0,0,0,0,0,0,149.841,0,NA,0,0,0
2011-03-12,69.243,0,0,0,NA,0,0,0,0,0,0,0,119.468,0,NA,0,0,0
2011-03-13,79.837,0,0,0,NA,0,0,0,0,0,0,0,76.749,0,NA,0,0,0
2011-03-14,149.61,0,0,0,NA,0,0,0,0,0,0,0,103.202,0,NA,0,0,0
2011-03-15,105.804,0,0,0,NA,0,0,0,273.774,0,0,0,135.455,0,NA,0,0,0
2011-03-16,155.722,0,0,0,NA,22.085,0,0,163.277,0,7.038,0,71.638,0,NA,0,0,0
2011-03-17,99.924,0,0,0,NA,0,0,0,0,0,0,0,77.565,0,NA,0,0,0
2011-03-18,77.904,0,0,0,NA,0,0,0,0,0,0,0,106.881,0,NA,0,0,0
2011-03-19,145.8,0,0,0,NA,0,0,0,356.354,0,0,0,157.641,0,NA,0,0,0
2011-03-20,64.771,0,0,0,NA,0,0,0,0,0,0,0,95.935,0,NA,0,0,0
2011-03-21,145.232,0,0,0,NA,0,0,0,104.381,0,0,0,72.287,0,NA,0,0,0
2011-03-22,30.938,0,0,0,NA,0,0,0,0,0,0,0,56.858,0,NA,0,0,0
2011-03-23,0,0,0,0,NA,23.436,0,0,209.424,0,0,0,49.875,0,NA,0,0,0
2011-03-24,42.962,0,0,0,NA,0,0,0,290.017,0,0,0,59.793,0,NA,0,0,0
2011-03-25,95.555,0,0,0,NA,0,0,0,181.098,0,0,0,71.386,0,NA,0,0,0
2011-03-26,64.47,0,0,0,NA,0,0,0,166.063,0,0,0,90.522,0,NA,0,0,0
2011-03-27,0,0,0,0,NA,0,0,0,0,0,0,0,89.154,0,NA,0,0,0
2011-03-28,0,0,0,0,NA,0,0,0,202.801,0,0,0,419.687,0,NA,0,0,0
2011-03-29,0,0,0,0,NA,0,0,0,977.189,0,0,0,114.622,0,NA,0,0,0
2011-03-30,0,0,0,0,NA,10.587,0,0,2234.407,0,47.475,55.156,415.184,0,NA,0,0,0
2011-03-31,0,0,0,0,NA,216.561,0,0,1258.892,0,437.069,374.18,609.583,0,NA,0,0,0
2011-04-01,0,0,0,0,NA,330.779,0,0,786.527,0,781.01,180.817,779.828,0,NA,0,0,0
2011-04-02,0,0,0,0,NA,147.269,0,0,0,0,524.68,174.736,762.351,0,NA,0,0,0
2011-04-03,30.046,0,0,0,NA,0,0,0,0,0,0,0,805.376,0,NA,0,0,0
2011-04-04,43.875,0,0,0,NA,0,0,0,0,0,0,0,957.603,0,NA,0,0,0
2011-04-05,15.301,0,0,0,NA,0,0,0,0,0,0,0,1057.749,0,NA,0,0,0
2011-04-06,0,0,0,0,NA,0,0,0,0,0,0,0,847.753,0,NA,0,0,0
2011-04-07,0,0,0,0,NA,0,0,0,0,0,5.32,0,986.057,0,NA,0,0,0
2011-04-08,16.16,0,0,0,NA,0,0,0,0,0,0,0,1121.872,0,NA,0,0,0
2011-04-09,49.559,0,0,0,NA,0,0,0,0,0,0,0,895.638,0,NA,0,0,0
2011-04-10,0,0,0,0,NA,0,0,0,0,0,0,0,1037.247,0,NA,0,0,0
2011-04-11,19.118,0,0,0,NA,0,0,0,0,0,0,0.214,1092.328,0,NA,0,0,0
2011-04-12,51.756,0,0,0,NA,0,0,0,267.103,0,0,0,1038.107,0,NA,0,0,0
2011-04-13,17.241,0,0,0,NA,18.298,0.048,0,228.998,0,0,0,933.752,0,NA,0,0,0
2011-04-14,68.497,0,0,0,NA,0,0,0,141.774,0,6.201,0,931.908,0,NA,0,0,0
2011-04-15,68.738,0,0,0,NA,0,0,0,108.445,0,0,0,1074.643,0,NA,0,0,0
2011-04-16,68.233,0,0,0,NA,0,0,0,342.956,0,0,0,1000.446,0,NA,0,0,0
2011-04-17,67.77,0,0,0,NA,0,0,0,354.788,0,0,0,689.752,0,NA,0,0,0
2011-04-18,47.51,0,0,0,NA,0,0,0,192.014,0,0,0,738.683,0,NA,0,0,0
2011-04-19,68.411,0,0,0,NA,0,0,0,134.45,0.033,0,0,867.21,0,NA,0,0,0
2011-04-20,68.607,0,0,0,NA,19.618,0,0,227.25,0,0,0,769.963,0,NA,0,0,0
2011-04-21,68.522,0,0,0,NA,0,0,0,0,0,0,0,1102.633,0,NA,0,0,0
2011-04-22,68.729,0,0,0,NA,0,0,0,112.307,0,0,0,925.932,0,NA,0,0,0
2011-04-23,68.977,0,0,0,NA,0,0,0,198.986,0,0,0,883.144,0,NA,0,0,0
2011-04-24,68.851,0,0,0,NA,0,0,0,0,0,0,0,970.383,0,NA,0,0,0
2011-04-25,68.769,0,0,0,NA,0,0,0,0,0,45.933,0,1039.411,0,NA,0,0,0
2011-04-26,68.962,0,0,0,NA,0,0,0,0,0,0,0,994.319,0,NA,0,0,0
2011-04-27,68.698,0,0,0,NA,21.2,0,0,120.153,0,0,0,985.505,0,NA,0,0,0
2011-04-28,68.583,0,0,0,NA,4.506,0,0,157.397,0,0,0,957.386,0,NA,0,0,0
2011-04-29,46.896,0,0,0,NA,0,0,0,296.519,0,0,0,1058.759,0,NA,0,0,0
2011-04-30,49.161,0,0,0,NA,0,0,0,358.502,0,0,0,947.414,0,NA,0,0,0
2011-05-01,68.545,0,0,0,NA,0,0,0,339.645,0,0,0,915.592,0,NA,0,0,0
2011-05-02,68.146,0,0,0,NA,0,0,0,0,0,0,36.332,924.801,0.013,NA,0,0,0
2011-05-03,68.554,0,0,0,NA,0,0,0,75.422,0,0,77.417,800.996,0,NA,0,0,0
2011-05-04,68.787,0,0,0,NA,12.064,0.151,0,167.257,0,0,77.046,790.529,0,NA,0,0,0
2011-05-05,69.039,0,0,0,NA,0,0,0,107.347,0,0,76.662,818.062,0,NA,0,0,0
2011-05-06,67.736,0,0,0,NA,0,0,0,0,0,0,76.048,746.999,0,NA,0,0,0
2011-05-07,67.609,0,0,0,NA,0,0,0,355.558,0,0,74.464,757.185,0,NA,0,0,0
2011-05-08,67.612,0,0,0,NA,0,0,0,357.137,0,0,72.751,777.58,0,NA,0,0,0
2011-05-09,67.417,0,0,0,NA,0,0,0,310.804,0.03,0,76.804,782.832,0,NA,0,0,0
2011-05-10,67.291,0,0,0,NA,0,0,0,0,0,0,77.502,755.253,0.055,NA,0,0,0
2011-05-11,67.874,0,0,0,NA,13.528,0,0,0,0,0,77.208,648.129,0,NA,0,0,0
2011-05-12,68.664,0,0,0,NA,0,0,0,0,0,0,76.688,671.786,0,NA,0,0,0
2011-05-13,68.789,0,0,0,NA,0,0,0,68.124,0,0,75.901,624.633,0,NA,0,0,0
2011-05-14,68.15,0,0,0,NA,0,0,0,419.164,0,0,48.342,606.416,0,NA,0,0,0
2011-05-15,12.445,0,0,0,NA,37.626,0,0,420.388,0,0,52.878,707.995,0,NA,0,0,0
2011-05-16,40.445,0,0,0,NA,0,0,0,0,0,27.251,78.033,478.118,0.047,NA,0,0,0
2011-05-17,67.514,0,0,0,NA,20.744,0,0,0,0,0,77.996,692.776,0,NA,0,0,0
2011-05-18,67.211,0,0,0,NA,38.079,0,0,228.897,0,0,77.793,630.083,0,NA,0,0,0
2011-05-19,58.227,0,0,0,NA,0,0,0,294.358,0,0,77.505,537.558,0,NA,0,0,0
2011-05-20,31.083,0,0,0,NA,0,0,0,118.467,0,0,77.111,567.688,0,NA,0,0,0
2011-05-21,67.281,0,0,0,NA,0,0,0,411.245,0,0,76.658,391.945,0,NA,0,0,0
2011-05-22,30.566,0,0,0,NA,0,0,0,416.794,0,0,75.998,427.533,0,NA,0,0,0
2011-05-23,38.448,0,0,0,NA,0,0,0,217.623,0.268,0,75.193,376.244,0,NA,0,0,0
2011-05-24,67.592,0,0,0,NA,0,0,0,27.347,0,0,76.492,397.638,0,NA,0,0,0
2011-05-25,40.25,0,0,0,NA,20.596,0,0,0,0,0,76.983,333.12,0,NA,0,0,0
2011-05-26,27.762,0,0,0,NA,0,0,0,0,0,0,76.599,221.264,0,NA,0,0,0
2011-05-27,64.571,0,0,0,NA,0,0,0,0,0,0,75.739,196.506,0,NA,0,0,0
2011-05-28,64.627,0,0,0,NA,0,0,0,0,0,0,61.651,247.545,0,NA,0,0,0
2011-05-29,64.698,0,0,0,NA,0,0,0,411.576,0,0,51.717,254.55,0,NA,0,0,0
2011-05-30,64.536,0,0,0,NA,0,0,0,279.232,0,0,51.301,300.601,0,NA,0,0,0
2011-05-31,40.11,0,0,0,NA,22.117,0,0,0,0,0,75.849,178.954,0,NA,0,0,0
2011-06-01,67.737,0,0,0,NA,0,0,0,0,0,0,72.556,102.779,0,NA,0,0,0
2011-06-02,67.958,0,0,0,NA,0,0,0,0,0,0,76.697,105.86,0,NA,0,0,0
2011-06-03,67.985,0,0,0,NA,0,0,0,0,0,0,75.91,73.262,0,NA,0,0,0
2011-06-04,67.893,0,0,0,NA,0,0,0,0,0,0,67.758,137.909,0,NA,0,0,0
2011-06-05,67.778,0,0,0,NA,0,0,0,0,0,0,27.666,97.121,0,NA,0,0,0
2011-06-06,67.656,0,0,0,NA,0,0,0,108,0,0,42.199,67.137,0,NA,0,0,0
2011-06-07,67.381,0,0,0,NA,0,0,0,0,0,0,21.38,65.42,0,NA,0,0,0
2011-06-08,67.017,0,0,0,NA,21.07,0,0,0,0,0,0.678,56.867,0,NA,0,0,0
2011-06-09,67.194,0,0,0,NA,0,0,0,0,0,0,0,47.235,0,NA,0,0,0
2011-06-10,66.512,0,0,0,NA,0,0,0,0,0,0,28.875,49.603,0,NA,0,0,0
2011-06-11,66.526,0,0,0,NA,0,0,0,0,0,0,2.195,55.001,0,NA,0,0,0
2011-06-12,65.976,0,0,0,NA,0,0,0,0,0,0,22.158,121.188,0,NA,0,0,0
2011-06-13,48.839,0,0,0,NA,0,0,0,0,0,0,14.434,54.743,0,NA,0,0,0
2011-06-14,13.854,0,0,0,NA,0,0,0,0,0,0,15.773,54.948,0,NA,0,0,0
2011-06-15,15.709,0,0,0,NA,0,0,0,0,0,35.487,17.926,54.336,0,NA,0,0,0
2011-06-16,21.995,0,0,0,NA,0,0,0,0,0,29.736,24.769,54.322,0,NA,0,0,0
2011-06-17,8.915,0,0,0,NA,0,0,0,0,0,0,10.32,27.25,0,NA,0,0,0
2011-06-18,9.395,0,0,0,NA,0,0,0,0,0,0,10.679,0,0,NA,0,0,0
2011-06-19,8.64,0,0,0,NA,0,0,0,0,0,0,9.907,0,0,NA,0,0,0
2011-06-20,8.942,0,0,0,NA,0,0,0,0,0,0,10.113,0,0,NA,0,0,0
2011-06-21,9.359,0,0,0,NA,0,0,0,0,0,0,10.516,0,0,NA,0,0,0
2011-06-22,0,0,0,0,NA,12.735,0,0,0,0,20.175,0,0.3,0,NA,0,0,0
2011-06-23,0,0,0,0,NA,0,0,0,0,0,0,0,0,0,NA,0,0,0
2011-06-24,0,0,0,0,NA,0,0,0,0,0,0,0,0,0,NA,0,0,0
2011-06-25,15.364,0,0,0,NA,0,0,0,0,0,0,17.123,0,0,NA,0,0,0
2011-06-26,10.219,0,0,0,NA,0,0,0,379.991,0,0,11.527,0,0,NA,0,0,0
2011-06-27,19.979,0,0,0,NA,0,0,0,27.475,0,0,21.877,0,0,NA,0,0,0
2011-06-28,0,0,0,0,NA,0,0,0,879.93,0,36.725,0,0,0,NA,0,0,0
2011-06-29,0,0,0,0,NA,17.228,0,0,855.231,0,0,26.789,154.464,0,NA,0,0,0
2011-06-30,0,0,0,0,NA,0,0,0,233.633,0,112.491,149.423,0,0,NA,0,0,0
2011-07-01,0,0,0,0,NA,0,0,0,0,0,147.316,152.825,234.064,0,NA,0,0,0
2011-07-02,0,0,0,0,NA,0,0,0,339.934,0,93.511,149.06,0,0,NA,0,0,0
2011-07-03,0,0,0,0,NA,0,0,0,512.472,0,26.844,109.7,262.838,0,NA,0,0,0
2011-07-04,0,0,0,0,NA,0,0,0,513.209,0,96.08,97.429,415.444,0,NA,0,0,0
2011-07-05,0,0,0,0,NA,0,0,0,1715.054,0,426.258,74.987,718.97,0,NA,0,0,0
2011-07-06,0,0,0,0,NA,15.556,0,0,1407.874,0,1035.692,125.869,843.619,0,NA,0,0,0
2011-07-07,0,0,0,0,NA,0,0,0,947.835,0,1018.59,43.698,881.303,0,NA,0,0,0
2011-07-08,0,0,0,0,NA,29.559,0,0,511.35,0.118,676.749,75.272,873.794,0,NA,0,0,0
2011-07-09,0,0,0,0,NA,5.308,0,0,640.116,0,757.13,77.232,632.9,0,NA,0,0,0
2011-07-10,0,0,0,0,NA,3.272,0,0,807.36,0,684.513,63.197,878.998,0,NA,0,0,0
2011-07-11,0,0,0,0,NA,188.084,0,0,406.56,0,660.721,67.096,798.178,0,NA,0,0,0
2011-07-12,0,0,0,0,NA,203.718,0,0,631.142,0.059,493.821,74.083,741.05,0,NA,0,0,0
2011-07-13,0,0,0,0,NA,237.212,0,0,685.975,0,433.158,69.14,784.823,0,NA,0,0,0
2011-07-14,0,0,0,0,NA,69.615,0.046,0,1375.072,0,513.342,26.892,815.277,0.021,NA,0,0,0
2011-07-15,0,0,0,0,NA,80.009,0,0,1431.827,0,526.233,67.742,1103.703,0,NA,0,0,0
2011-07-16,0,0,0,0,NA,95.157,0,0,852.953,0,1277.34,121.942,988.691,0,NA,0,0,0
2011-07-17,0,0,0,0,NA,24.627,0,0,427.362,0,908.396,117.026,1554.655,0,NA,0,0,0
2011-07-18,0,0,0,0,NA,243.175,0,0,319.875,0,409.719,87.135,1526.662,0,NA,0,0,0
2011-07-19,0,0,0,0,NA,220.821,0,0,0,0,195.078,73.473,1637.376,0,NA,0,0,0
2011-07-20,0,0,0,0,NA,341.833,0,0,0,0,189.995,57.249,1489.332,0,NA,0,0,0
2011-07-21,0,0,0,0,NA,238.384,0,0,2.38,0,253.44,67.346,1408.477,0,NA,0,0,0
2011-07-22,0,0,0,0,NA,250.789,0,0,0,0,37.655,1.687,1697.58,0,NA,0,0,0
2011-07-23,0,0,0,0,NA,145.211,0,0,0,0,73.949,30.163,1258.952,0,NA,0,0,0
2011-07-24,0,0,0,0,NA,100.463,0,0,0,0,94.926,0,978.628,0,NA,0,0,0
2011-07-25,0,0,0,0,NA,99.155,0,0,0,0,27.594,15.307,300.482,0,NA,0,0,0
2011-07-26,0,0,0,0,NA,55.001,0,0,355.991,0,0,17.832,185.376,0,NA,0,0,0
2011-07-27,0,0,0,0,NA,48.032,0,0,0,0,0,0,508.607,0,NA,0,0,0
2011-07-28,0,0,0,0,NA,0,0,0,0,0,4.893,0,666.976,0,NA,0,0,0
2011-07-29,0,0,0,0,NA,0,0,0,0,0,0,0,528.328,0,NA,0,0,0
2011-07-30,0,0,0,0,NA,0,0,0,0,0,0,0,543.446,0,NA,0,0,0
2011-07-31,0,0,0,0,NA,0,0,0,0,0,0,0,391.239,0,NA,0,0,0
2011-08-01,11.218,0,0,0,NA,0,0,0,0,0,0,0,97.472,0,NA,0,0,0
2011-08-02,0,0,0,0,NA,0,0,0,0,0,0,22.097,131.917,0,NA,0,0,0
2011-08-03,0,0,0,0,NA,11.128,0,0,0,0,0,0,711.376,0,NA,0,0,0
2011-08-04,0,0,0,0,NA,49.596,0,0,0,0,0,0,435.806,0,NA,0,0,0
2011-08-05,0,0,0,0,NA,24.792,0,0,0,0,0,0,384.185,0,NA,0,0,0
2011-08-06,0,0,0,0,NA,105.977,0,0,0,0,0,0,537.279,0,NA,0,0,0
2011-08-07,0,0,0,0,NA,48.954,0,0,0,0,0,0,400.784,0,NA,0,0,0
2011-08-08,0,0,0,0,NA,0,0,0,0,0,0,0,576.877,0,NA,0,0,0
2011-08-09,0,0,0,0,NA,113.025,0,0,34.475,0,0,0,588.415,0,NA,0,0,0
2011-08-10,0,0,0,0,NA,117.486,0,0,0,0,0,0,917.812,0,NA,0,0,0
2011-08-11,0,0,0,0,NA,161.212,0,0,0,0,0,10.337,1128.533,0,NA,0,0,0
2011-08-12,0,0,0,0,NA,94.855,0,0,8.234,0,0,20.548,806.314,0,NA,0,0,0
2011-08-13,NA,0,0,0,NA,105.272,0,0,0,0,0,10.219,929.16,0,NA,0,0,0
2011-08-14,NA,0,0,0,NA,251.383,0,0,0,0,0,38.186,959.026,0,NA,0,0,0
2011-08-15,NA,0,0,0,NA,273.671,0,0,0,0,20.95,3.11,543.293,0,NA,0,0,0
2011-08-16,0,0,0,0,NA,331.67,0,0,0,0,0,25.586,663.563,0,NA,0,0,0
2011-08-17,0,0,0,0,NA,494.262,0,0,0,0,0,55.273,541.73,0,NA,0,0,0
2011-08-18,0,0,0,0,NA,423.003,0,0,572.193,0,0,34.084,591.88,0,NA,0,0,0
2011-08-19,0,0,0,0,NA,480.332,0,0,563.114,0,287.964,26.576,711.524,0,NA,0,0,0
2011-08-20,0,0,0,0,NA,395.69,0,0,570.061,0,463.664,71.387,875.43,0,NA,0,0,0
2011-08-21,0,0,0,0,NA,243.343,0,0,192.13,0,499.622,72.104,931.563,0,NA,0,0,0
2011-08-22,0,0,0,0,NA,225.703,0,0,0,0,447.207,71.849,840.942,0,NA,0,0,0
2011-08-23,0,0,0,0,NA,169.729,0,0,673.496,0,128.833,47.9,634.474,0,NA,0,0,0
2011-08-24,0,0,0,0,NA,289.458,0,0,804.354,0,325.535,43.059,735.129,0,NA,0,0,0
2011-08-25,0,0,0,0,NA,358.845,0,0,896.202,0,456.992,43.428,1106.668,0,NA,0,0,0
2011-08-26,0,0,0,0,NA,188.498,0,0,298.025,0,390.331,70.378,1223.883,0,NA,0,0,0
2011-08-27,0,0,0,0,NA,216.394,0,0,0,0,191.378,55.823,1068.549,0,NA,0,0,0
2011-08-28,0,0,0,0,NA,120.324,0,0,0,0,270.686,43.682,1035.546,0,NA,0,0,0
2011-08-29,0,0,0,0,NA,127.944,0,0,539.373,0,42.902,58.778,1012.899,0,NA,0,0,0
2011-08-30,0,0,0,0,NA,170.752,0,0,0,0,93.679,27.445,601.53,0,NA,0,0,0
2011-08-31,0,0,0,0,NA,292.405,0,0,0,0,169.997,51.547,476.597,0,NA,0,0,0
2011-09-01,0.178,0,0,0,NA,291.027,0,0,0,0,88.846,28.597,484.067,0,NA,0,0,0
2011-09-02,0,0,0,0,NA,251.988,0,0,497.866,0,41.74,45.104,597.49,0,NA,0,0,0
2011-09-03,0,0,0,0,NA,270.274,0,0,0,0,102.829,56.074,746.531,0,NA,0,0,0
2011-09-04,0,0,0,0,NA,344.657,0,0,0,0,142.885,53.864,923.964,0,NA,0,0,0
2011-09-05,0,0,0,0,NA,270.431,0,0,598.147,0,37.509,25.743,867.188,0,NA,0,0,0
2011-09-06,0,0,0,0,NA,285.035,0,0,376.267,0,248.311,40.189,1050.411,0,NA,0,0,0
2011-09-07,0,0,0,0,NA,310.951,0,0,661.08,0,181.09,61.386,1292.082,0,NA,0,0,0
2011-09-08,0,1.274,0,0,NA,337.516,0,0,478.657,0,334,46.22,1483.255,0,NA,0,0,0
2011-09-09,0,0,0,0,NA,362.024,0,0,710.579,0,333.786,23.979,1179.155,0,NA,0,0,0
2011-09-10,0,0,0,0,NA,369.463,0,0,509.57,0,351.238,36.217,1231.575,0,NA,0,0,0
2011-09-11,0,0,0,0,NA,371.966,0,0,579.236,0,368.571,49.259,1495.842,0,NA,0,0,0
2011-09-12,0,0,0,0,NA,542.493,0,0,507.215,0,404.889,46.193,1577.837,0,NA,0,0,0
2011-09-13,0,0,0,0,NA,342.829,0,0,0,0,384.752,0,1953.637,0,NA,0,0,0
2011-09-14,0,0,0,0,NA,320.688,0,0,0,0,258.126,14.873,2082.574,0,NA,0,0,0
2011-09-15,0,0,0,0,NA,151.141,0,0,0,0,146.621,0,2128.331,0,NA,0,0,0
2011-09-16,0,0,0,0,NA,137.005,0,0,0,0,65.463,22.718,2343.663,0,NA,0,0,0
2011-09-17,0,0,0,0,NA,162.448,0,0,0,0,48.047,2.203,2352.99,0,NA,0,0,0
2011-09-18,0,0,0,0,NA,141.562,0,0,0,0,29.953,24.519,1951.319,0,NA,0,0,0
2011-09-19,0,0,0,0,NA,104.659,0,0,0,0,0,8.907,1640.958,0,NA,0,0,0
2011-09-20,0,0,0,0,NA,116.991,0,0,0,0,5.04,22.764,1386.995,0,NA,0,0,0
2011-09-21,0,0,0,0,NA,208.227,0,0,0,0,0,0,1055.526,0,NA,0,0,0
2011-09-22,0,0,0,0,NA,171.531,0,0,141.356,0,0,0,800.934,0,NA,0,0,0
2011-09-23,0,0,0,0,NA,178.242,0,0,0,0,0,12.284,696.267,0,NA,0,0,0
2011-09-24,0,0,0,0,NA,217.06,0,0,31.444,0,0,28.533,463.465,0,NA,0,0,0
2011-09-25,0,0,0,0,NA,237.826,0,0,0,0,0,8.115,1037.916,0,NA,0,0,0
2011-09-26,0,0,0,0,NA,146.965,0,0,800.661,0,95.946,26.812,1644.393,0,NA,0,0,0
2011-09-27,0,0,0,0,NA,234.728,0,0,727.188,0,75.79,0,1333.497,0,NA,0,0,0
2011-09-28,0,0,0,0,NA,419.117,0,0,503.106,0,315.153,0,1451.023,0,NA,0,0,0
2011-09-29,0,0,0,0,NA,482.721,0,0,698.25,0,188.696,22.228,1646.219,0,NA,0,0,0
2011-09-30,0,0,0,0,NA,531.073,0,0,731.423,0,323.394,68.861,2003.607,0,NA,0,0,0
2011-10-01,0,0,0,0,NA,445.548,0,0,269.952,0,334.289,19.278,2596.53,0,NA,0,0,0
2011-10-02,0,0,0,0,NA,382.002,0,0,0,0,274.856,0,2588.524,0,NA,0,0,0
2011-10-03,0,0,0,0,NA,210.541,0,0,282.484,0,255.006,0,2173.831,0,NA,0,0,0
2011-10-04,0,0,0,0,NA,129.998,0,0,139.263,0,169.667,0,2056.251,0,NA,0,0,0
2011-10-05,0,0,0,0,NA,129.941,0,0,0,0,131.483,0,2015.603,0,NA,0,0,0
2011-10-06,0,0,0,0,NA,144.339,0,0,0,0,33.854,0,1798.115,0,NA,0,0,0
2011-10-07,0,0,0,0,NA,92.582,0,0,452.221,0,47.095,0,1506.04,0,NA,0,0,0
2011-10-08,0,0,0,0,NA,209.327,0,0,350.03,0,301.172,0,1704.711,0,NA,0,0,0
2011-10-09,0,0,0,0,NA,237.066,0,0,362.775,0,269.636,0,3453.286,0,NA,0,0,0
2011-10-10,0,0,0,0,NA,182.075,0,0,0,0,184.217,0,7689.823,0,NA,0,0,0
2011-10-11,0,0,0,0,NA,163.21,0,0,257.682,0,104.734,0,18204.366,0,NA,0,0,0
2011-10-12,0,0,0,0,NA,122.858,0,0,0,0,72.074,0,20379.204,0,NA,0,0,0
2011-10-13,0,0,0,0,NA,61.11,0,0,0,0,117.889,1.928,20141.186,0,NA,0,0,0
2011-10-14,0,0,0,0,NA,42.537,0,0,0,0,32.798,0,18745.059,0,NA,0,0,0
2011-10-15,0,0,0,0,NA,32.331,0,0,0,0,36.585,0,17956.585,0,NA,0,0,0
2011-10-16,0,0,0,0,NA,54.482,0,0,143.367,0,36.421,0,16962.755,0,NA,0,0,0
2011-10-17,0,0,0,0,NA,81.223,0,0,0,0,30.429,0,16583.698,0,NA,0,0,0
2011-10-18,0,0,0,0,NA,139.416,0,0,387.169,0,138.193,0,16316.639,0,NA,0,0,0
2011-10-19,0,0,0,0,NA,168.462,0,0,1470.911,0,254.225,0,17015.441,0,NA,0,0,0
2011-10-20,0,0,0,0,NA,440.548,0,0,1099.938,0,514.771,0,15750.088,0,NA,0,0,0
2011-10-21,0,0,0,0,NA,431.673,0,0,635.75,0,855.522,0,15613.536,0,NA,0,0,0
2011-10-22,0,0,0,0,NA,339.908,0,0,0,0,558.669,0,14740.036,0,NA,0,0,0
2011-10-23,0,0,0,0,NA,182.137,0,0,0,0,396.603,0,14026.314,0,NA,0,0,0
2011-10-24,0,0,0,0,NA,72.653,0,0,596.553,0,244.393,0,13317.907,0,NA,0,0,0
2011-10-25,0,0,0,0,NA,122.402,0,0,0,0,150.738,0,12279.476,0,NA,0,0,0
2011-10-26,0,0,0,0,NA,214.036,0,0,0,0,272.695,0,10969.148,0,NA,0,0,0
2011-10-27,0,0,0,0,NA,128.756,0,0,0,0,35.37,0,10116.275,0,NA,0,0,0
2011-10-28,0,0,0,0,NA,81.05,0,0,225.726,0,158.193,2.503,8928.622,0,NA,0,0,0
2011-10-29,0,0,0,0,NA,326.387,0,0,2524.393,0,626.024,63.172,8280.817,0,NA,0,0,0
2011-10-30,0,0,0,0,NA,1009.71,0,0,3202.044,0,1573.371,0,7534.015,0,NA,0,0,0
2011-10-31,0,0,0,0,NA,1485.175,0,0,2525.358,0,2201.581,0,7141.897,0,NA,0,0,0
2011-11-01,0,0,0,0,NA,1420.261,0,0,1896.234,0,2176.234,0,5951.734,0,NA,0,0,0
2011-11-02,0,0,0,0,NA,1047.411,0,0,874.338,0,1664.876,0,5641.868,0,NA,0,0,0
2011-11-03,0,0,0,0,NA,748.01,0,0,1191.081,0,983.457,0,4657.876,0,NA,0,0,0
2011-11-04,0,0,0,0,NA,476.157,0,0,321.412,0,646.737,0,4652.567,0,NA,0,0,0
2011-11-05,0,0,0,0,NA,501.87,0,0,559.55,0,489.444,0,3927.058,0,NA,0,0,0
2011-11-06,0,0,0,0,NA,445.929,0,0,537.778,0,450.223,0,3117.163,0,NA,0,0,0
2011-11-07,0,0.041,0,0,NA,394.881,0,0,305.512,0,369.837,0,3324.603,0,NA,0,0,0
2011-11-08,0.117,0,0,0,NA,429.191,0,0,0,0,172.968,0,3509.981,0,NA,0,0,0
2011-11-09,0,0,0,0,NA,411.334,0,0,0,0,141.864,0,2761.352,0,NA,0,0,0
2011-11-10,0,0,0,0,NA,287.742,0,0,0,0,53.775,0,2579.626,0,NA,0,0,0
2011-11-11,0,0,0,0,NA,154.559,0,0,0,0,43.367,0,2500.863,0,NA,0,0,0
2011-11-12,0,0,0,0,NA,96.15,0,0,0,0,59.262,0,2354.619,0,NA,0,0,0
2011-11-13,0,0,0,0,NA,147.34,0,0,0,0,36.592,0,1796.977,0,NA,0,0,0
2011-11-14,0,0,0,0,NA,105.306,0,0,0,0,16.367,0,1729.066,0,NA,0,0,0
2011-11-15,0,0,0,0,NA,184.189,0,0,0,0,0,0,1709.727,0,NA,0,0,0
2011-11-16,0,0,0,0,NA,123.205,0,0,0,0,0,0,1701.104,0,NA,0,0,0
2011-11-17,0,0,0,0,NA,74.699,0,0,551.462,0,0,0,1736.134,0,NA,0,0,0
2011-11-18,0,0,0,0,NA,143.289,0,0,275.596,0,0,61.149,1671.722,0,NA,0,0,0
2011-11-19,0,0,0,0,NA,234.207,0,0,0,0,0,67.184,1633.101,0,NA,0,0,0
2011-11-20,0,0,0,0,NA,204.578,0,0,0,0,0,0,1479.336,0,NA,0,0,0
2011-11-21,0,0,0,0,NA,193.068,0,0,0,0,30.635,0,1214.141,0,NA,0,0,0
2011-11-22,0,0,0,0,NA,288.708,0,0,0,0,15.513,3.986,1195.104,0,NA,0,0,0
2011-11-23,0,0,0,0,NA,375.023,0,0,0,0,0,55.417,1218.073,0,NA,0,0,0
2011-11-24,0,0,0,0,NA,345.064,0,0,0,0,0,0,1206.452,0,NA,0,0,0
2011-11-25,0,0,0,0,NA,181.563,0,0,0,0,0,0,1172.292,0,NA,0,0,0
2011-11-26,0,0,0,0,NA,84.732,0,0,0,0,0,0,1153.223,0,NA,0,0,0
2011-11-27,0,0,0,0,NA,10.208,0,0,0,0,0,0,1140.686,0,NA,0,0,0
2011-11-28,0,0,0,0,NA,111.616,0,0,0,0,0,0,752.878,0,NA,0,0,0
2011-11-29,0,0,0,0,NA,120.927,0,0,0,0,0,0,401.747,0,NA,0,0,0
2011-11-30,0,0,0,0,NA,12.972,0,0,0,0,0,0,462.841,0,NA,0,0,0
2011-12-01,0,0,0,0,NA,45.674,0,0,0,0,0,3.8,670.531,0,NA,0,0,0
2011-12-02,0,0,0,0,NA,0,0,0,0,0,0,0,595.496,0,NA,0,0,0
2011-12-03,0,0,0,0,NA,33.058,0,0,0,0,0,0,581.053,0,NA,0,0,0
2011-12-04,0,0,0,0,NA,0,0,0,0,0,0,0,565.069,0,NA,0,0,0
2011-12-05,0.04,0,0,0,NA,41.186,0,0,0,0,0,0,672.689,0,NA,0,0,0
2011-12-06,0,0,0,0,NA,4.565,0,0,0,0,0,0,697.743,0,NA,0,0,0
2011-12-07,0,0,0,0,NA,31.531,0,0,0,0,0,0,503.762,0,NA,0,0,0
2011-12-08,0,0,0,0,NA,28.813,0,0,0,0,15.65,0,368.509,0,NA,0,0,0
2011-12-09,0,0,0,0,NA,0,0,0,0,0,0,0,519.188,0,NA,0,0,0
2011-12-10,0,0,0,0,NA,38.763,0,0,424.697,0,0,0,726.205,0,NA,0,0,0
2011-12-11,0,0,0,0,NA,139.437,0,0,592.943,0,0,0,755.53,0,NA,0,0,0
2011-12-12,0,0,0,0,NA,198.424,0,0,0,0,0,0,776.024,0,NA,0,0,0
2011-12-13,0,0,0,0,NA,129.909,0,0,0,0,0,0,699.104,0,NA,0,0,0
2011-12-14,0,0,0,0,NA,92.441,0,0,0,0,94.61,0,664.915,0,NA,0,0,0
2011-12-15,0,0,0,0,NA,145.555,0,0,0,0,34.135,0,254.282,0,NA,0,0,0
2011-12-16,0,0,0,0,NA,207.783,0,0,0,0,17.75,0,354.425,0,NA,0,0,NA
2011-12-17,0,0,0,0,NA,176.218,0,0,0,0,16.713,0,335.065,0,NA,0,0,NA
2011-12-18,0,0,0,0,NA,32.896,0,0,0,0,31.379,0,343.137,0,NA,0,0,NA
2011-12-19,0,0,0,0,NA,0,0,0,0,0,0,0,413.644,0,NA,0,0,NA
2011-12-20,0,0,0,0,NA,26.42,0,0,0,0,30.098,0,570.5,0,NA,0,0,NA
2011-12-21,0,0,0,0,NA,49.083,0,0,0,0,0.656,0,628.444,0,NA,0,0,NA
2011-12-22,0,0,0,0,NA,41.03,0,0,0,0,0,0,564.334,0,NA,0,0,NA
2011-12-23,0,0,0,0,NA,58.081,0,0,0,0,0,0,553.045,0,NA,0,0,NA
2011-12-24,0,0,0,0,NA,40.179,0,0,0,0,1.828,0,443.408,0,NA,0,0,NA
2011-12-25,0,0,0,0,NA,75.347,0,0,0,0,0,0,281.666,0,NA,0,0,NA
2011-12-26,0,0,0,0,NA,61.953,0,0,0,0,0,0,299.037,0,NA,0,0,NA
2011-12-27,0,0,0,0,NA,34.781,0,0,0,0,0,0,353.086,0,NA,0,0,NA
2011-12-28,29.349,0,0,0,NA,84.205,0,0,140.885,0,0,0,369.41,0,NA,0,0,NA
2011-12-29,31.313,0,0,0,NA,15.786,0,0,282.544,0,29.029,0,366.312,0,NA,0,0,NA
2011-12-30,0,0,0,0,NA,21.171,0,0,0,0,0,0,363.822,0,NA,0,0,NA
2011-12-31,0,0,0,0,NA,0,0,0,0,0,0,0,312.381,0,NA,0,0,NA
2012-01-01,25.693,0,0,0,NA,0,0,0,0,0,0,0,651.557,0,NA,0,0,NA
2012-01-02,58.75,0,0,0,NA,24.782,0,0,0,0,0,0,0,0,NA,0,0,NA
2012-01-03,76.939,0,0,0,NA,48.71,0,0.031,0,0,0,0,405.293,0,NA,0,0,NA
2012-01-04,4.253,0,0,0,NA,0,0,0,0,0,0,0,465.069,0,NA,0,0,NA
2012-01-05,0,0,0,0,NA,0,0,0,0,0,0,0,354.848,0,NA,0,0,NA
2012-01-06,40.156,0,0,0,NA,0,0,0,0,0,0,0,337.332,0,NA,0,0,NA
2012-01-07,0,0,0,0,NA,15.977,0,0,0,0,0,0,330.59,0,NA,0,0,NA
2012-01-08,0,0,0,0,NA,0,0,0,0,0,0,0,326.794,0,NA,0,0,NA
2012-01-09,0,0,0,0,NA,0,0,0,0,0,29.494,0,326.196,0,NA,0,0,NA
2012-01-10,0,0,0,0,NA,0,0,0,0,0,0,0,347.558,0,NA,0,0,NA
2012-01-11,0,0,0,0,NA,14.755,0,0,0,0,0,0,384.92,0,NA,0,0,NA
2012-01-12,0,0,0,0,NA,0,0,0,0,0,0,0,357.442,0,NA,0,0,NA
2012-01-13,0,0,0,0,NA,0,0,0,0,0,0,0,316.096,0,NA,0,0,NA
2012-01-14,0,0,0,0,NA,0,0,0,0,0,0,0,441.109,0,NA,0,0,NA
2012-01-15,0,0,0,0,NA,0,0,0,0,0,0,0,474.641,0,NA,0,0,NA
2012-01-16,0,0,0,0,NA,15.569,0,0,0,0,0,0,137.699,0,NA,0,0,NA
2012-01-17,0,0,0,0,NA,0,0,0,0,0,0,0,290.88,0,NA,0,0,NA
2012-01-18,15.309,0,0,0,NA,1.331,0,0,207.323,0,0,0,522.263,0,NA,0,0,NA
2012-01-19,7.883,0,0,0,NA,0,0,0,310.664,0,0,0,1046.138,0,NA,0,0,NA
2012-01-20,54.265,0,0,0,NA,14.48,0,0,0,0,0,0,1091.337,0,NA,0,0,NA
2012-01-21,0,0,0,0,NA,0,0,0,0,0,0,0,1002.373,0,NA,0,0,NA
2012-01-22,0,0,0,0,NA,0,0,0,0,0,0,0,879.506,0,NA,0,0,NA
2012-01-23,0,0,0,0,NA,0,0,0,0,0,45.93,0,701.417,0,NA,0,0,NA
2012-01-24,60.554,0,0,0,NA,0,0,0,292.225,0,0,0,781.051,0,NA,0,0,NA
2012-01-25,23.614,0,0,0,NA,12.121,0,0,245.578,0,0,0,861.532,0,NA,0,0,NA
2012-01-26,51.886,0,0,0,NA,0,0,0,86.66,0,0,0,810.894,0,NA,0,0,NA
2012-01-27,61.521,0,0,0,NA,0,0,0,0,0,0,0,774.943,0,NA,0,0,NA
2012-01-28,123.154,0,0,0,NA,0,0,0,0,0,0,0,771.825,0,NA,0,0,NA
2012-01-29,68.835,0,0,0,NA,14.939,0,0,0,0,0,0,717.821,0,NA,0,0,NA
2012-01-30,113.792,0,0,0,NA,0,0,0,281.804,0,0,0,669.801,0,NA,0,0,NA
2012-01-31,120.556,0,0,0,NA,0,0,0,291.95,0,0,0,664.119,0,NA,0,0,NA
2012-02-01,64.558,0,0,0,NA,11.815,0,0,358.252,0,0,0,665.48,0,NA,0,0,NA
2012-02-02,120.121,0,0,0,NA,0,0,0,352.212,0,0,0,889.439,0,NA,0,0,NA
2012-02-03,119.736,0,0,0,NA,0,0,0,344.292,0,0,0,815.175,0,NA,0,0,NA
2012-02-04,52.649,0,0,0,NA,0,0,0,0,0,0,0,802.639,0,NA,0,0,NA
2012-02-05,45.438,0,0,0,NA,0,0,0,0,0,0,0,801.921,0,NA,0,0,NA
2012-02-06,0,0,0,0,NA,15.335,0,0,148.263,0,26.622,0,830.067,0,NA,0,0,NA
2012-02-07,0,0,0,0,NA,30.585,0,0,544.699,0,168.597,3.401,593.877,0,NA,0,0,NA
2012-02-08,0,0,0,0,NA,19.593,0,0,0,0,10.723,0,734.395,0,NA,0,0,NA
2012-02-09,0,0,0,0,NA,0,0,0,0,0,93.22,0,776.999,0,NA,0,0,NA
2012-02-10,0,0,0,0,NA,0,0,0,340.343,0,8.69,0,614.576,0,NA,0,0,NA
2012-02-11,0,0,0,0,NA,0,0,0,0,0,34.134,0,681.222,0,NA,0,0,NA
2012-02-12,0,0,0,0,NA,0,0,0,0,0,43.362,0,709.803,0,NA,0,0,NA
2012-02-13,0,0,0,0,NA,16.369,0,0,0,0,23.845,0,730.569,0,NA,0,0,NA
2012-02-14,0,0,0,0,NA,0,0,0,0,0,29.2,0,826.233,0,NA,0,0,NA
2012-02-15,0,0,0,0,NA,0,0,0,0,0,0,0,903.065,0,NA,0,0,NA
2012-02-16,0,0,0,0,NA,0,0,0,0,0,0,0,874.235,0,NA,0,0,NA
2012-02-17,0,0,0,0,NA,0,0,0,0,0,0,0,838.519,0,NA,0,0,NA
2012-02-18,0,0,0,0,NA,0,0,0,0,0,0,0,867.992,0,NA,0,0,NA
2012-02-19,0,0,0,0,NA,0,0,0,0,0,0,0,866.635,0,NA,0,0,NA
2012-02-20,0,0,0,0,NA,0,0,0,0,0,0,0,871.531,0,NA,0,NA,NA
2012-02-21,0,0,0,0,NA,0,0,0,0,0,0,0,835.222,0,NA,0,NA,NA
2012-02-22,0,0,0,0,NA,21.285,0,0,0,0,0,0,819.139,0,NA,0,NA,NA
2012-02-23,0,0,0,0,NA,0,0,0,0,0,0,0,804.515,0,NA,0,NA,NA
2012-02-24,77.385,0,0,0,NA,0,0,0,0,0,0,0,893.496,0,NA,0,NA,NA
2012-02-25,106.995,0,0,0,NA,0,0,0,0,0,0,0,824.703,0,NA,0,NA,NA
2012-02-26,40.464,0,0,0,NA,0,0,0,0,0,0,0,832.481,0,NA,0,NA,NA
2012-02-27,55.573,0,0,0,NA,100.343,0,0,0,0,0,0,764.5,0,NA,0,NA,NA
2012-02-28,72.338,0,0,0,NA,57.759,0,0,0,0,0,0,668.344,0,NA,0,NA,NA
2012-02-29,62.872,0,0,0,NA,18.661,0,0,0,0,0,0,733.199,0,NA,0,NA,NA
2012-03-01,78.395,0,0,0,NA,26.957,0,0,0,0,0,0,764.209,0,NA,0,NA,NA
2012-03-02,121.269,0,0,0,NA,0,0,0,0,0,0,0,943.725,0,NA,0,NA,NA
2012-03-03,55.967,0,0,0,NA,0,0,0,0,0,0,0,555.765,0,NA,0,NA,NA
2012-03-04,0,0,0,0,NA,0,0,0,0,0,0,0,599.331,0,NA,0,NA,NA
2012-03-05,88.915,0,0,0,NA,0,0,0,0,0,28.923,0,702.942,0,NA,0,NA,NA
2012-03-06,178.969,0,0,0,NA,15.592,0,0,0,0,0,0,736.104,0,NA,0,NA,NA
2012-03-07,67.786,0,0,0,NA,33.468,0,0,350.434,0,0,0,582.572,0,NA,0,NA,NA
2012-03-08,0,0,0,0,NA,0,0,0,283.604,0,0,0,519.999,0,NA,0,NA,NA
2012-03-09,0,0,0,0,NA,0,0,0,327.11,0,0,0,466.112,0,NA,0,NA,NA
2012-03-10,0,0,0,0,NA,0,0,0,493.427,0,0,0,493.923,0,NA,0,NA,NA
2012-03-11,0,0,0,0,NA,121.79,0,0,0,0,86.447,0,495.086,0,NA,0,NA,NA
2012-03-12,46.449,0,0,0,NA,68.341,0,0,748.778,0,100.863,0,853.762,0,NA,0,NA,NA
2012-03-13,61.435,0,0,0,NA,176.514,0,0,0,0,138.543,0,694.99,0,NA,0,NA,NA
2012-03-14,36.972,0,0,0,NA,185.592,0,0,0,0,418.392,0,560.405,0,NA,0,NA,NA
2012-03-15,35.424,0,0,0,NA,58.24,0,0,0,0,469.986,0,365.424,0,NA,0,NA,NA
2012-03-16,49.505,0,0,0,NA,220.002,0,0,0,0,0,0,218.835,0,NA,0,NA,NA
2012-03-17,0,0,0,0,NA,47.097,0,0,0,0,0,0,485.483,0,NA,0,NA,NA
2012-03-18,0,0,0,0,NA,15.906,0,0,0,0,0,0,330.133,0,NA,0,NA,NA
2012-03-19,0,0,0,0,NA,0,0,0,0,0,6.554,0,80.278,0,NA,0,NA,NA
2012-03-20,0,0,0,0,NA,0,0,0,36.707,0,121.379,0,220.777,0,NA,NA,NA,NA
2012-03-21,0,0,0,0,NA,20.292,0,0,0,0,228.131,0,406.786,0,NA,NA,NA,NA
2012-03-22,0,0,0,0,NA,0,0,0,317.861,0,200.706,0,311.485,0,NA,NA,NA,NA
2012-03-23,99.713,0,0,0,NA,0,0,0,302.401,0,0,0,36.635,0,NA,NA,NA,NA
2012-03-24,0,0,0,0,NA,0,0,0,0,0,0,0,197.009,0,NA,NA,NA,NA
2012-03-25,0,0,0,0,NA,0,0,0,0,0,0,0,180.091,0,NA,NA,NA,NA
2012-03-26,66.28,0,0,0,NA,0,0,0,318.953,0,0,0,98.627,0,NA,NA,NA,NA
2012-03-27,0,0,0,0,NA,0,0,0,139.383,0,0,0,55.74,0,NA,NA,NA,NA
2012-03-28,82.033,0,0,0,NA,60.62,0,0,261.605,0,0,0,47.116,0,NA,NA,NA,NA
2012-03-29,56.535,0,0,0,NA,0,0,0,264.148,0,0,0,138.361,0,NA,NA,NA,NA
2012-03-30,17.983,0,0,0,NA,0,0,0,272.354,0,0,0,95.229,0,NA,NA,NA,NA
2012-03-31,65.755,0,0,0,NA,0,0,0,340.737,0,0,0,101.384,0,NA,NA,NA,NA
2012-04-01,0,0,0,0,NA,0,0,0,345.877,0,0,0,112.781,0,NA,NA,NA,NA
2012-04-02,0,0,0,0,NA,0,0,0,0,0,0,0,85.194,0,NA,NA,NA,NA
2012-04-03,0,0,0,0,NA,0,0,0,317.133,0,0,0,103.394,0,NA,NA,NA,NA
2012-04-04,85.531,0,0,0,NA,11.625,0,0,252.165,0,0,0,86.344,0,NA,NA,NA,NA
2012-04-05,0,0,0,0,NA,22.671,0,0,288.237,0,0,0,76.711,0,NA,NA,NA,NA
2012-04-06,0,0,0,0,NA,45.99,0,0,339.648,0,0,0,77.516,0,NA,NA,NA,NA
2012-04-07,87.061,0,0,0,NA,16.593,0,0,0,0,0,0,77.517,0,NA,NA,NA,NA
2012-04-08,0,0,0,0,NA,0,0,0,0,0,0,0,76.584,0,NA,NA,NA,NA
2012-04-09,117.723,0,0,0,NA,22.256,0.048,0,347.217,0,0,0,60.364,0,NA,NA,NA,NA
2012-04-10,137.572,0,0,0,NA,0,0,0,321.081,0,0,1.516,38.453,0,NA,NA,NA,NA
2012-04-11,75.567,0,0,0,NA,10.805,0,0,312.925,0,0,0,11.7,0,NA,NA,NA,NA
2012-04-12,78.422,0,0,0,NA,0,0,0,316.445,0,0,0,30.675,0,NA,NA,NA,NA
2012-04-13,3.214,0,0,0,NA,0,0,0,337.781,0,0,0,41.928,0,NA,NA,NA,NA
2012-04-14,24.992,0,0,0,NA,0,0,0,0,0,0,0,73.102,0,NA,NA,NA,NA
2012-04-15,0,0,0,0,NA,0,0,0,336.219,0,0,0,124.42,0,NA,NA,NA,NA
2012-04-16,0,0,0,0,NA,0,0,0,322.928,0,0,0,94.339,0,NA,NA,NA,NA
2012-04-17,0,0,0,0,NA,0,0,0,285.639,0,0,0,82.207,0,NA,NA,NA,NA
2012-04-18,0,0,0,0,NA,20.996,0,0,257.068,0,0,0,24.271,0,NA,NA,NA,NA
2012-04-19,0,0,0,0,NA,32.411,0,0,251.551,0,0,0,11.313,0,NA,NA,NA,NA
2012-04-20,0,0,0,0,NA,33.571,0,0,405.869,0,0,0,81.052,0,NA,NA,NA,NA
2012-04-21,0,0,0,0,NA,23.111,0,0,463.488,0,0,0,189.587,0,NA,NA,NA,NA
2012-04-22,0,0,0,0,NA,165.794,0,0,341.592,0,300.068,0,555.927,0,NA,NA,NA,NA
2012-04-23,0,0,0,0,NA,33.931,0,0,227.169,0,216.804,0,177.977,0,NA,NA,NA,NA
2012-04-24,0,0,0,0,NA,183.333,0,0,318.835,0,80.097,0,433.202,0,NA,NA,NA,NA
2012-04-25,0,0,0,0,NA,19.702,0,0,325.44,0,1.814,0,431.096,0,NA,NA,NA,NA
2012-04-26,0,0,0,0,NA,0,0,0,319.53,0,0,0,428.653,0,NA,NA,NA,NA
2012-04-27,0,0,0,0,NA,0,0,0,281.834,0,0,0,430.283,0,NA,NA,NA,NA
2012-04-28,0,0,0,0,NA,0,0,0,0,0,0,0,431.756,0,NA,NA,NA,NA
2012-04-29,0,0,0,0,NA,23.104,0,0,0,0,0,0,369.323,0,NA,NA,NA,NA
2012-04-30,0,0,0,0,NA,29.414,0,0,310.834,0,0,0,278.632,0,NA,NA,NA,NA
2012-05-01,0,0,0,0,NA,142.795,0,0,0,0,0,0,127.725,0,NA,NA,NA,NA
2012-05-02,0,0,0,0,NA,155.137,0,0,0,0,50.803,0,351.757,0,NA,NA,NA,NA
2012-05-03,0,0,0,0,NA,31.465,0,0,316.955,0,0,0,176.701,0,NA,NA,NA,NA
2012-05-04,0,0,0,0,NA,16.115,0,0,0,0,0,0,203.368,0,NA,NA,NA,NA
2012-05-05,0,0,0,0,NA,16.506,0,0,0,0,0,0,35.023,0,NA,NA,NA,NA
2012-05-06,0,0,0,0,NA,15.877,0,0,0,0,0,0,270.569,0,NA,NA,NA,NA
2012-05-07,0,0,0,0,NA,0,0,0,311.045,0,0,0,175.787,0,NA,NA,NA,NA
2012-05-08,0,0,0,0,NA,24.549,0,0,248.95,0,0,0,78.257,0,NA,0,NA,NA
2012-05-09,0,0,0,0,NA,131.741,0,0,131.307,0,0,0,157.684,0,NA,0,NA,NA
2012-05-10,0,0,0,0,NA,221.303,0,0,185.442,0,118.242,0,75.786,0,NA,0,NA,NA
2012-05-11,0,0,0,0,NA,330.018,0,0,0,0,42.086,0,66.463,0,NA,0,NA,NA
2012-05-12,0,0,0,0,NA,242.117,0,0,0,0,36.593,0,132.967,0,NA,0,NA,NA
2012-05-13,0,0,0,0,NA,46.907,0,0,494.775,0,41.149,0,94.188,0,NA,0,NA,NA
2012-05-14,0,0,0,0,NA,49.517,0,0,0,0,71.425,0,81.036,0,NA,0,NA,NA
2012-05-15,0,0,0,0,NA,104.189,0,0,0,0,399.631,2.89,196.855,0,NA,0,NA,NA
2012-05-16,0,0,0,0,NA,187.381,0,0,774.971,0,683.153,0,171.459,0,NA,0,NA,NA
2012-05-17,0,0,0,0,NA,177.39,0,0,641.626,0,516.509,0,72.073,0,NA,0,NA,NA
2012-05-18,76.058,0,0,0,NA,166.665,0,0,528.675,0,591.262,0,184.067,0,NA,0,0,0
2012-05-19,200.347,0,0,0,NA,116.671,0,0,501.119,0,587.774,0,461.022,0,NA,0,0,0
2012-05-20,199.103,0,0,0,NA,117.866,0,0,503.352,0,911.694,0,258.877,0,NA,0,0,0
2012-05-21,198.825,0,0,0,NA,65.066,0,0,577.287,0,356.797,0,419.912,0,NA,243,0,0
2012-05-22,113.513,0,0,0,NA,16.227,0,0,169.898,0,521.268,0,443.045,0,NA,363,0,0
2012-05-23,0,0,0,0,NA,20.779,0,0,0,0,443.508,0,783.92,0,NA,741,0,0
2012-05-24,22.057,0,0,0,NA,37.442,0,0,0,0,336.625,0,428.665,0,NA,1048,0,0
2012-05-25,0,0,0,0,NA,0,0,0,0,0,112.296,0,603.663,0,NA,1038,0,0
2012-05-26,0,0,0,0,NA,31.619,0,0,0,0,78.804,0,683.363,0,NA,1029,0,0
2012-05-27,0,0,0,0,NA,0,0,0,0,0,50.146,0,515.578,0,NA,1011,0,0
2012-05-28,0,0,0,0,NA,33.274,0,0,0,0,77.693,0,531.611,0,NA,1000,0,0
2012-05-29,0,0,0,0,NA,68.008,0,0,732.024,0,397.065,0,841.429,0,NA,1044,0,0
2012-05-30,61.477,0,0,0,NA,100.801,0,0,629.12,0,483.274,0,779.192,0,NA,1064,0,0
2012-05-31,172.039,0,0,0,NA,61.151,0,0,427.665,0,487.577,0,849.279,0,NA,1102,0,0
2012-06-01,29.682,0,0,0,NA,68.19,0,0,282.585,0,497.385,0,974.801,0,NA,1091,270,274
2012-06-02,254.288,0,0,0,NA,0,0,0,69.689,0,486.995,0,883.857,0,NA,1032,400,415
2012-06-03,417.428,0,0,0,NA,30.593,0,0,0,0,191.895,0,865.109,0,NA,1003,387,400
2012-06-04,417.459,0,0,0,NA,0,0,0,0,0,348.92,0,785.889,0,NA,974,377,386
2012-06-05,413.997,0,0,0,NA,0,0,0,0,0,244.75,0,432.17,0,NA,945,365,373
2012-06-06,413.328,0,0,0,NA,45.117,0,0,0,0,231.994,0,139.631,0,NA,920,350,362
2012-06-07,394.851,3.894,0,0,NA,45.498,0,0,0,0,209.863,0,249.43,0,NA,895,339,351
2012-06-08,416.028,0,0,0,NA,53.388,0,0,0,0,0,0,140.642,0,NA,773,328,340
2012-06-09,414.887,0,0,0,NA,72.484,0,0,0,0,34.332,0,236.097,0,NA,655,321,332
2012-06-10,412.949,0,0,0,NA,40.132,0,0,585.356,0,46.523,0,169.815,0,NA,646,313,325
2012-06-11,411.723,0,0,0,NA,20.149,0,0,297.586,0,111.897,0,223.406,0,NA,623,301,313
2012-06-12,339.24,0,0,0,NA,0,0,0,0,0,334.555,0,512.911,0,NA,611,296,118
2012-06-13,209.096,0,0,0,NA,16.074,0,0,499.753,0,100.817,0,112.582,0,NA,606,303,0
2012-06-14,161.853,0,0,0,NA,0,0,0,305.919,0,335.158,0,282.197,0,NA,608,302,0
2012-06-15,0,0,0,0,NA,67.392,0,0,476.208,0,145.044,0,216.306,0,NA,265,168,0
2012-06-16,0,0,0,0,NA,80.286,0,0,0,0,437.492,0,159.768,0,NA,0,0,0
2012-06-17,0,0,0,0,NA,0,0,0,0,0,140.583,0,179.732,0,NA,0,0,0
2012-06-18,0,0,0,0,NA,31.832,0,0,0,0,177.381,0,181.515,0,NA,0,0,0
2012-06-19,77.251,0,0,0,NA,0,0,0,0,0,0,0,176.533,0,NA,0,0,0
2012-06-20,64.437,0,0,0,NA,183.071,0,0,0,0,295.293,0,137.908,0,NA,0,0,0
2012-06-21,0,0,0,0,NA,243.001,0,0,391.341,0,183.331,0,419.322,0,NA,0,0,0
2012-06-22,29.988,0,0,0,NA,376.173,0,0,406.588,0,156.435,0,168.553,0,NA,555,0,0
2012-06-23,0,0,0,0,NA,338.347,0,0,645.054,0,171.481,0,329.635,0,NA,756,0,0
2012-06-24,0,0,0,0,NA,194.964,0,0,2266.215,0,949.012,0,353.331,0,NA,771,0,0
2012-06-25,0,0,0,0,NA,176.683,0,0,1774.999,0,1488.186,0,1247.533,0,NA,986,672,694
2012-06-26,15.073,0,0,0,NA,193.298,0,0,874.138,0,1520.583,0,1367.787,0,NA,968,905,963
2012-06-27,47.46,0,0,0,NA,247.171,0,0,303.096,0,1391.189,0,1476.97,0,NA,1005,854,894
2012-06-28,156.39,0,0,0,NA,332.651,0,0,371.608,0,699.566,0,1411.489,0,NA,1093,874,894
2012-06-29,204.602,0,0,0,NA,303.79,0,0,73.11,0,550.558,0,1534.485,0,NA,NA,346,362
2012-06-30,154.631,0,0,0,NA,310.353,0,0,0,0,405.937,0,1478.427,0,NA,NA,0,0
2012-07-01,235.029,0,0,0,NA,172.236,0,0,0,0,188.929,0,1356.742,0,NA,NA,0,0
2012-07-02,218.811,0,0,0,NA,56.334,0,0,0,0,327.621,0,1360.09,0,NA,NA,0,0
2012-07-03,0,0,0,0,NA,25.383,0,0,0,0,178.65,0,964.577,0,NA,NA,0,0
2012-07-04,0,0,0,0,NA,46.93,0,0,0,0,73.166,0,881.727,0,NA,0,0,0
2012-07-05,0,0,0,0,NA,141.788,0,0,0,0,145.086,0,830.075,0,NA,0,0,0
2012-07-06,0,0,0,0,NA,313.052,0,0,425.368,0,126.418,0,388.364,0,NA,0,0,0
2012-07-07,0,0,0,0,NA,242.892,0,0,0,0,63.035,0,466.985,0,NA,0,0,0
2012-07-08,0,0,0,0,NA,150.727,0,0,0,0,210.386,0,363.622,0,NA,0,0,0
2012-07-09,0,0,0,0,NA,68.029,0,0,0,0,94.408,0,261.353,0,NA,0,0,0
2012-07-10,0,0,0,0,NA,98.62,0,0,0,0,94.491,0,351.524,0,NA,0,0,0
2012-07-11,0,0,0,0,NA,117.259,0,0,172.266,0,78.882,0,293.387,0,NA,0,0,0
2012-07-12,0,0,0,0,NA,225.012,0,0,0,0,130.13,0,333.644,0,NA,0,0,0
2012-07-13,0,0,0,0,NA,188.757,0,0,0,0,26.816,0,396.681,0,NA,0,0,0
2012-07-14,0,0,0,0,NA,97.149,0,0,0,0,22.614,0,440.403,0,NA,0,0,0
2012-07-15,0,0,0,0,NA,31.615,0,0,0,0,44.368,0,371.41,0,NA,0,0,0
2012-07-16,0,0,0,0,NA,82.288,0,0,171.851,0,133.669,0,266.592,0,NA,0,0,0
2012-07-17,0,0,0,0,NA,53.413,0,0,301.056,0,97.372,0,428.482,0,NA,0,0,0
2012-07-18,151.518,0,0,0,NA,136.914,0,0,762.922,0,353.27,0,752.915,0,NA,0,0,0
2012-07-19,188.184,0,0,0,NA,97.742,0,0,0,0,397.242,0,528.264,0,NA,252,0,0
2012-07-20,373.165,0,0,0,NA,76.786,0,0,0,0,324.411,0,532.21,0,NA,381,0,0
2012-07-21,390.274,0,0,0,NA,24.118,0,0,0,0,140.428,0,442.813,0,NA,369,0,0
2012-07-22,389.893,0,0,0,NA,123.191,0,0,0,0,144.09,0,311.745,0,NA,359,0,0
2012-07-23,250.221,0,0,0,NA,127.831,0,0,902.077,0,296.198,0,667.49,0,NA,365,0,0
2012-07-24,217.513,0,0,0,NA,78.461,0,0,370.011,0,294.153,0,766.362,0,NA,364,0,0
2012-07-25,0,0,0,0,NA,332.002,0,0,0,0,453.412,0,490.127,0,NA,373,0,0
2012-07-26,0,0,0,0,NA,348.738,0,0,0,0,320.641,0,522.396,0,NA,388,0,0
2012-07-27,0,0,0,0,NA,358.036,0,0,0,0,141.668,0,476.513,0,NA,392,0,0
2012-07-28,0,0,0,0,NA,241.394,0,0,0,0,117.065,0,288.722,0,NA,386,0,0
2012-07-29,0,0,0,0,NA,143.652,0,0,0,0,0,0,417.057,0,NA,380,0,0
2012-07-30,0,0,0,0,NA,67.406,0,0,0,0,44.892,0,314.905,0,NA,374,0,0
2012-07-31,0,0,0,0,NA,158.689,0,0,102.794,0,54.587,0,255.459,0,NA,134,0,0
2012-08-01,0,0,0,0,NA,187.485,0,0,330.399,0,0,0,184.764,0,NA,0,0,0
2012-08-02,0,0,0,0,NA,139.26,0,0,0,0,136.783,0,257.857,0,NA,0,0,0
2012-08-03,0,0,0,0,NA,179.626,0,0,288.228,0,85.035,0,302.235,0,NA,0,0,0
2012-08-04,0,0,0,0,NA,183.113,0,0,0,0,187.084,0,244.144,0,NA,0,0,0
2012-08-05,0,0,0,0,NA,295.914,0,0,0,0,187.9,0,243.744,0,NA,0,0,0
2012-08-06,0,0,0,0,NA,355.311,0,0,0,0,141.83,0,269.537,0,NA,0,0,0
2012-08-07,0,0,0,0,NA,440.502,0,0,454.68,0,67.549,0,282.794,0,NA,0,0,0
2012-08-08,0,0,0,0,NA,413.149,0,0,0,0,171.903,0,169.519,0,NA,0,0,0
2012-08-09,0,0,0,0,NA,345.023,0,0,0,0,187.316,0,240.407,0,NA,0,0,0
2012-08-10,0,0,0,0,NA,268.13,0,0,0,0,154.722,0,230.289,0,NA,0,0,0
2012-08-11,0,0,0,0,NA,236.518,0,0,0,0,33.666,0,225.566,0,NA,0,0,0
2012-08-12,0,0,0,0,NA,265.677,0,0,0,0,84.203,0,219.033,0,NA,0,0,0
2012-08-13,0,0,0,0,NA,250.083,0,0,0,0,30.679,0,279.835,0,NA,0,0,0
2012-08-14,0,0,0,0,NA,237.276,0,0,0,0,26.685,0,296.392,0,NA,0,0,0
2012-08-15,0,0,0,0,NA,207.251,0,0,0,0,54.101,0,217.403,0,NA,0,0,0
2012-08-16,0,0,0,0,NA,289.466,0,0,0,0,21.539,0,299.131,0,NA,0,0,0
2012-08-17,0,0,0,0,NA,327.573,0,0,0,0,47.466,0,455.523,0,NA,0,0,0
2012-08-18,0,0,0,0,NA,237.707,0,0,0,0,0,0,447.889,0,NA,0,0,0
2012-08-19,0,0,0,0,NA,147.441,0,0,0,0,0,0,400.157,0,NA,0,0,0
2012-08-20,0,0,0,0,NA,85.904,0,0,0,0,0,0,558.579,0,NA,0,0,0
2012-08-21,0,0,0,0,NA,86.794,0,0,0,0,58.624,0,619.66,0,NA,0,0,0
2012-08-22,0,0,0,0,NA,92.1,0,0,572.457,0,74.243,0,538.647,0,NA,0,0,0
2012-08-23,0,0,0,0,NA,317.583,0,0,221.988,0,201.505,0,1201.24,0,NA,0,0,0
2012-08-24,0,0,0,0,NA,381.749,0,0,0,0,184.888,0,1429.327,0,NA,369,0,0
2012-08-25,0,0,0,0,NA,238.432,0,0,407.081,0,153.116,0,1534.42,0,NA,534,0,0
2012-08-26,0,0,0,0,NA,737.687,0,0,823.577,0,810.51,0,1869.053,0,NA,539,0,0
2012-08-27,0,0,0,0,NA,2336.765,367.456,0,3968.929,443.968,1813.997,0,6293.829,0,NA,NA,0,1338
2012-08-28,0,0,0,79.88,NA,3623.066,1441.62,0,4683.953,733.632,2554.004,0,10403.679,0,NA,0,0,NA
2012-08-29,0,0,0,235.43,NA,4213.987,1424.159,0,4760.592,740.173,2943.99,0,12034.944,0,NA,4012,1944,2112
2012-08-30,0,0,0,233.97,NA,3485.269,1602.85,0,4717.767,609.368,3162.81,0,11688.161,0,NA,4011,1866,1986
2012-08-31,157.602,0,0,71.1,NA,2980.433,1475.651,0,4612.311,359.469,3204.704,0,11150.134,0,NA,4118,1933,2054
2012-09-01,367.489,0,0,0,NA,2493.185,1449.98,0,4357.093,117.748,3223.456,0,10476.776,0,NA,3899,1876,1870
2012-09-02,522.625,0,0,0,NA,1942.44,1299.316,0,4104.428,33.504,3177.537,0,9304.599,0,NA,3400,1766,1751
2012-09-03,619.6,0,0,0,NA,1546.846,627.933,0,3601.148,0,3144.002,0,8035.532,0,NA,3356,1759,1672
2012-09-04,553.505,0,0,0,NA,1431.016,0,0,2565.681,0,3126.559,0,7402.39,0,NA,3337,1769,1628
2012-09-05,536.716,0,0,0,NA,1583.771,0,0,2169.388,0,3034.058,0,6936.958,0,NA,3329,1764,1612
2012-09-06,301.136,0,0,0,NA,1387.046,0,0,1657.464,0,2680.677,0,6536.673,0,NA,3298,1711,1633
2012-09-07,362.566,0,0,0,NA,1355.914,0,0,1394.125,0,2121.442,0,5908.222,0,NA,3272,1657,1636
2012-09-08,617.457,0,0,0,NA,1229.13,0,0,845.546,0,1691.333,0,5674.702,0,NA,3243,1646,1552
2012-09-09,618.986,0,0,0,NA,933.847,0,0,446.179,0,1271.82,0,6351.207,0,NA,3178,1679,1501
2012-09-10,455.027,0,0,0,NA,620.04,0,0,744.083,0,904.802,0,6291.327,0,NA,2474,1598,1482
2012-09-11,504.413,0,0,0,NA,581.758,0,0,272.584,0,782.149,0,6168.969,0,NA,1292,1197,654
2012-09-12,357.178,0,0,0,NA,639.605,0,0,1312.221,0,614.953,0,5873.838,0,NA,824,1144,0
2012-09-13,332.32,0,0,0,NA,528.415,0,0,395.474,0,557.305,0,5536.734,0,NA,1007,1312,0
2012-09-14,470.234,0,0,0,NA,436.784,0,0,531.085,0,501.901,0,4921.297,0,NA,1046,1400,0
2012-09-15,652.223,0,0,0,NA,393.445,0,0,387.098,0,456.982,0,5002.44,0,NA,1060,1426,0
2012-09-16,638.392,0,0,0,NA,513.83,0,0,0,0,325.464,0,4974.014,0,NA,1063,1435,0
2012-09-17,508.943,0,0,0,NA,364.092,0,0,729.291,0,158.652,0,4634.582,0,NA,1062,1442,0
2012-09-18,707.218,0,0,0,NA,433.048,0,0,570.347,0,277.703,0,3594.988,0,NA,373,1509,0
2012-09-19,621.055,0,0,0,NA,966.639,0,0,546.671,0,621.391,0,3693.733,0,NA,0,1008,0
2012-09-20,449.093,0,0,0,NA,770.681,0,0,277.698,0,749.268,0,3850.363,0,NA,0,446,0
2012-09-21,558.051,0,0,0,NA,594.593,0,0,572.615,0,438.481,0,4568.176,0,NA,0,459,0
2012-09-22,531.549,0,0,0,NA,727.778,0,0,389.58,0,441.507,0,4683.553,0,NA,0,467,0
2012-09-23,634.644,0,0,0,NA,784.076,0,0,274.773,0,299.989,0,4727.661,0,NA,0,474,0
2012-09-24,565.729,0,0,0,NA,661.621,0,0,451.787,0,254.976,0,5340.847,0,NA,0,479,0
2012-09-25,575.914,0,0,0,NA,633.482,0,0,179.188,0,211.416,0,5293.658,0,NA,0,481,0
2012-09-26,618.778,0,0,0,NA,494.764,0,0,156.223,0,144.953,0,6206.308,0,NA,0,329,0
2012-09-27,622.358,0,0,0,NA,408.338,0,0,0,0,175.857,0,6415.423,0,NA,0,245,0
2012-09-28,409.975,0,0,0,NA,332.354,0,0,0,0,139.482,0,6109.808,0,NA,0,89,0
2012-09-29,288.456,0,0,0,NA,231.566,0,0,340.804,0,129.088,0,5040.446,0,NA,0,0,0
2012-09-30,288.064,0,0,0,NA,138.87,0,0,0,0,41.289,0,4386.835,0,NA,0,0,0
2012-10-01,286.423,0,0,0,NA,149.02,0,0,483.377,0,95.614,0,4425.624,0,NA,0,0,0
2012-10-02,160.862,0,0,0,NA,180.399,0,0,733.777,0,263.508,0,4271.87,0,NA,0,0,0
2012-10-03,50.913,0,0,0,NA,178.331,0,0,415.118,0,412.191,0,4222.356,0,NA,0,0,0
2012-10-04,365.054,0,0,0,NA,465.978,0,0,393.241,0,464.636,0,4229.394,0,NA,0,0,0
2012-10-05,585.424,0,0,0,NA,293.415,0,0,0,0,417.124,0,4668.148,0,NA,0,0,0
2012-10-06,488.135,0,0,0,NA,141.257,0,0,665.387,0,333.216,0,4504.32,0,NA,0,0,0
2012-10-07,407.287,0,0,0,NA,198.509,0,0,218.159,0,486.498,0,4663.627,0,NA,0,0,0
2012-10-08,404.708,0,0,0,NA,196.208,0,0,762.666,0,392.263,0,5686.559,0,NA,0,0,0
2012-10-09,403.42,0,0,0,NA,207.066,0,0,650.942,0,501.942,0,5789.851,0,NA,0,0,0
2012-10-10,214.286,0,0,0,NA,445.132,0,0,565.733,0,589.32,0,5826.789,0,NA,0,0,0
2012-10-11,105.956,0,0,0,NA,242.128,0,0,0,0,556.893,0,5515.409,0,NA,0,0,0
2012-10-12,106.152,0,0,0,NA,132.055,0,0,529.426,0,428.057,0,5115.12,0,NA,0,0,0
2012-10-13,83.336,0,0,0,NA,74.869,0,0,0,0,403.241,0,4034.925,0,NA,0,0,0
2012-10-14,0,0,0,0,NA,28.638,0,0,0,0,313.624,0,3712.932,0,NA,0,0,0
2012-10-15,0,0,0,0,NA,21.815,0,0,0,0,275.831,0,2952.588,0,NA,0,0,0
2012-10-16,0,0,0,0,NA,0,0,0,525.57,0,175.049,0,2519.128,0,NA,0,0,0
2012-10-17,0,0,0,0,NA,73.566,0,0,0,0,143.035,0,2725.656,0,NA,0,0,0
2012-10-18,0,0,0,0,NA,264.177,0,0,553.317,0,459.227,0,2672.662,0,NA,0,0,0
2012-10-19,55.001,0,0,0,NA,283.629,0,0,293.085,0,397.372,0,3048.646,0,NA,0,0,0
2012-10-20,0,0,0,0,NA,233.035,0,0,0,0,392.44,0,2614.136,0,NA,0,0,0
2012-10-21,0,0,0,0,NA,218.874,0,0,513.551,0,279.677,0,1604.728,0,NA,0,0,0
2012-10-22,171.087,0,0,0,NA,88.257,0,0,0,0,179.455,0,1585.474,0,NA,0,0,0
2012-10-23,588.026,0,0,0,NA,61.568,0,0,0,0,307.499,0,1121.255,0,NA,0,0,0
2012-10-24,293.24,0,0,0,NA,58.913,0,0,351.254,0,172.072,0,1580.649,0,NA,0,0,0
2012-10-25,0,0,0,0,NA,93.163,0,0,264.157,0,181.484,0,1424.303,0,NA,164,169,222
2012-10-26,0,0,0,0,NA,95.192,0,0,333.389,0,174.56,0,1020.157,0,NA,248,259,261
2012-10-27,389.076,0,0,0,NA,279.145,0,0,0,0,263.921,0,1133.104,0,NA,245,256,258
2012-10-28,588.42,0,0,0,NA,315.071,0,0,0,0,298.432,0,1024.957,0,NA,242,253,254
2012-10-29,587.674,0,0,0,NA,110.837,0,0,0,0,103.909,0,868.276,0,NA,240,250,251
2012-10-30,586.156,0,0,0,NA,52.193,0,0,0,0,66.933,0,763.267,0,NA,73,81,81
2012-10-31,303.443,0,0,0,NA,51.232,0,0,0,0,129.716,0,741.973,0,NA,0,0,0
2012-11-01,0,0,0,0,NA,0,0,0,0,0,11.599,0,679.598,0,NA,0,0,0
2012-11-02,0,0,0,0,NA,28.652,0,0,0,0,39.928,0,811.29,0,NA,0,0,0
2012-11-03,0,0,0,0,NA,16.739,0,0,0,0,0,0,686.601,0,NA,0,0,0
2012-11-04,0,0,0,0,NA,0,0,0,0,0,49.3,0,679.222,0,NA,0,0,0
2012-11-05,0,0,0,0,NA,25.338,0,0,0,0,0,0,572.644,0,NA,0,0,0
2012-11-06,0,0,0,0,NA,0,0,0,0,0,4.401,0,893.782,0,NA,0,0,0
2012-11-07,0,0,0,0,NA,16.065,0,0,313.744,0,37.436,0,917.792,0,NA,0,0,0
2012-11-08,0,0,0,0,NA,15.274,0,0,231.036,0,28.821,0,779.226,0,NA,0,0,0
2012-11-09,0,0,0,0,NA,0,0,0,0,0,93.422,0,307.102,0,NA,0,0,0
2012-11-10,0,0,40.593,0,NA,22.948,0,0,0,0,110.294,0,78.626,0,NA,0,0,0
2012-11-11,0,0,60.843,0,NA,0,0,0,0,0,47.719,0,132.478,0,NA,0,0,0
2012-11-12,0,0,60.411,0,NA,0,0,0,0,0,22.217,0,132.587,0,NA,0,0,0
2012-11-13,0,0,68.119,0,NA,26.242,0,0,0,0,2.665,0,160.034,0,NA,0,0,0
2012-11-14,0,0,84.007,0,NA,0,0,0,0,0,22.995,0,455.286,0,NA,0,0,0
2012-11-15,0,0,68.294,0,NA,23.205,0,0,0,0,20.967,0,434.593,0,NA,0,0,0
2012-11-16,0,0,30.164,0,NA,0,0,0,0,0,0,0,407.476,0,NA,0,0,0
2012-11-17,0,0,29.765,0,NA,29.785,0,0,347.187,0,0,0,461.799,0,NA,0,0,0
2012-11-18,0,0,29.206,0,NA,0,0,0,0,0,0,0,245.999,0,NA,0,0,0
2012-11-19,0,0,29.081,0,NA,0,0,0,344.65,0,0,0,156.58,0,NA,0,0,0
2012-11-20,0,0.158,29.775,0,NA,9.867,0,0,0,0,76.433,0,198.225,0,NA,0,0,0
2012-11-21,0,0,30.241,0,NA,17.999,0,0,363.873,0,85.602,0,200.575,0,NA,0,0,0
2012-11-22,0,0,30.167,0,NA,0,0,0,0,0,42.778,0,202.479,0,NA,0,0,0
2012-11-23,0,0,29.896,0,NA,66.875,0,0,0,0,2.084,0,201.008,0,NA,0,0,0
2012-11-24,0,0,29.802,0,NA,61.657,0,0,0,0,0,0,199.486,0,NA,0,0,0
2012-11-25,0,0,28.541,0,NA,0,0,0,0,0,0,0,270.612,0,NA,0,0,0
2012-11-26,0,0,28.455,0,NA,0,0,0,260.341,0,0,0,416.578,0,NA,0,0,0
2012-11-27,0,0,28.972,0,NA,0,0,0,0,0,0,0,303.419,0,NA,0,0,0
2012-11-28,0,0,29.682,0,NA,10.119,0,0,0,0,0,0,636.444,0,NA,0,0,0
2012-11-29,0,0,29.446,0,NA,0,0,0,0,0,45.218,0,215.071,0,NA,0,0,0
2012-11-30,0,0,29.356,0,NA,0,0,0,0,0,23.47,0,410.769,0,NA,0,0,0
2012-12-01,0,0,29.565,0,NA,0,0,0,0,0,0,0,347.648,0,NA,0,0,0
2012-12-02,0,0,28.985,0,NA,0,0,0,0,0,21.677,0,346.327,0,NA,0,0,0
2012-12-03,0,0,29.081,0,NA,14.733,0,0,0,0,0,0,380.837,0,NA,0,0,0
2012-12-04,0.139,0.093,29.521,0,NA,0,0,0,0,0,21.616,0,281.212,0,NA,0,0,0
2012-12-05,0,0,29.77,0,NA,85.397,0,0,272.64,0,10.841,0,84.023,0,NA,0,0,0
2012-12-06,0,0,29.037,0,NA,64.549,0,0,340.939,0,6.564,0,205.709,0,NA,0,0,0
2012-12-07,0,0,27.841,0,NA,20.146,0,0,341.994,0,74.009,0,183.482,0,NA,0,0,0
2012-12-08,0,0,27.536,0,NA,16.299,0,0,0,0,184.748,0,205.671,0,NA,0,0,0
2012-12-09,0,0,27.575,0,NA,17.157,0,0,0,0,177.311,0,391.667,0,NA,0,0,0
2012-12-10,0,0,27.655,0,NA,6.741,0,0,636.773,0,38.093,0,378.657,0,NA,0,0,0
2012-12-11,0,0,8.65,0,NA,34.417,0,0,327.218,0,92.554,0,256.936,0,NA,0,0,0
2012-12-12,0,0,0,0,NA,145.928,0,0,1060.015,0,179.923,0,661.88,0,NA,0,0,0
2012-12-13,0,0,2.799,0,NA,185.633,0,0,451.908,0,526.407,0,1294.344,0,NA,0,0,0
2012-12-14,0,0,4.017,0,NA,307.804,0,0,564.695,0,581.352,0,1649.783,0,NA,0,0,0
2012-12-15,0,0,0.766,0,NA,145.095,0,0,0,0,558.118,0,1331.776,0,NA,0,0,0
2012-12-16,0,0,0.736,0,NA,60.231,0,0,0,0,273.467,0,1396.687,0,NA,0,0,0
2012-12-17,0,0,0.788,0,NA,57.317,0,0,0,0,49.141,0,1153.331,0,NA,0,0,0
2012-12-18,0,0,0.823,0,NA,37.866,0,0,0,0,0,0,904.345,0,NA,0,0,0
2012-12-19,0,0,0.838,0,NA,34.57,0,0,0,0,0,0,863.579,0,NA,0,0,0
2012-12-20,0,0,0.847,0,NA,35.756,0,0,0,0,0,0,614.782,0,NA,0,0,0
2012-12-21,0,0,0.86,0,NA,32.381,0,0,0,0,0,0,462.154,0,NA,0,0,0
2012-12-22,0,0,0.844,0,NA,0,0,0,0,0,0,0,596.729,0,NA,0,0,0
2012-12-23,0,0,0.819,0,NA,36.425,0,0,0,0,0,0,384.898,0,NA,0,0,0
2012-12-24,0,0,0.802,0,NA,0,0,0,0,0,0,0,422.287,0,NA,0,0,0
2012-12-25,0,0,0.788,0,NA,28.673,0,0,0,0,48.992,0,243.083,0,NA,0,0,0
2012-12-26,0,0,0.797,0,NA,0,0,0,0,0,34.272,0,409.804,0,NA,0,0,0
2012-12-27,0,0,0.825,0,NA,19.767,0,0,0,0,0,0,557.729,0,NA,0,0,0
2012-12-28,0,0,0.83,0,NA,50.44,0,0,0,0,0,0,331.966,0,NA,0,0,0
2012-12-29,40.896,0,0.838,0,NA,43.094,0,0,0,0,0,0,213.102,0,NA,0,0,0
2012-12-30,16.019,0,0.84,0,NA,28.846,0,0,0,0,0,0,279.656,0,NA,0,0,0
2012-12-31,0,0,0.819,0,NA,0,0,0,0,0,0,0,338.185,0,NA,0,0,0
2013-01-01,78.646,0,0.825,0,NA,2.943,0,0,0,0,0,0,337.168,0,NA,0,0,0
2013-01-02,0,0,0.84,0,NA,29.444,0,0,0,0,0,0,341.606,0,NA,0,0,0
2013-01-03,1.066,0,0.844,0,NA,12.024,0,0,0,0,27.447,0,349.333,0,NA,0,0,0
2013-01-04,66.784,0,0.86,0,NA,0,0,0,0,0,0,0,350.243,0,NA,0,0,0
2013-01-05,0,0,0.848,0,NA,0.037,0,0,0,0,0,0,230.039,0,NA,0,0,0
2013-01-06,0,0,0.821,0,NA,28.29,0,0,0,0,0,0,0,0,NA,0,0,0
2013-01-07,0,0,0.538,0,NA,0,0,0,193.618,0,0,0,306.252,0,NA,0,0,0
2013-01-08,0,0,0,0,NA,0,0,0,354.464,0,35.989,0,599.934,0,NA,0,0,0
2013-01-09,0,0,0,0,NA,25.891,0,0,0,0,5.637,0,409.027,0,NA,0,0,0
2013-01-10,0,0,0,0,NA,0,0,0,0,0,143.48,0,313.692,0,NA,0,0,0
2013-01-11,0,0,0,0,NA,0,0,0,237.557,0,56.469,0,341.735,0,NA,0,0,0
2013-01-12,0,0,0,0,NA,25.27,0,0,0,0,34.915,0,134.54,0,NA,0,0,0
2013-01-13,0,0,0,0,NA,0,0,0,0,0,23.414,0,436.632,0,NA,0,0,0
2013-01-14,0,0,0,0,NA,41.731,0,0,0,0,0,0,3.336,0,NA,0,0,0
2013-01-15,0,0,0,0,NA,7.082,0,0,0,0,0,0,357.566,0,NA,0,0,0
2013-01-16,0,0,0,0,NA,0,0,0,0,0,10.241,0,202.225,0,NA,0,0,0
2013-01-17,0,0,0,0,NA,25.083,0,0,0,0,8.33,0,344.8,0,NA,0,0,0
2013-01-18,0,0,0,0,NA,37.604,0,0,0,0,41.097,0,17.017,0,NA,0,0,0
2013-01-19,0,0,0,0,NA,0,0,0,0,0,27.883,0,0,0,NA,0,0,0
2013-01-20,0,0,0,0,NA,0,0,0,0,0,0,0,531.9,0,NA,0,0,0
2013-01-21,0,0,0,0,NA,14.885,0,0,0,0,0,0,275.347,0,NA,0,0,0
2013-01-22,0,0,0,0,NA,0,0,0,0,0,0,0,191.808,0,NA,0,0,0
2013-01-23,68.778,0,0,0,NA,0,0,0,0,0,0,0,265.599,0,NA,0,0,0
2013-01-24,47.099,0,0,0,NA,0,0,0,0,0,0,0,258.436,0,NA,0,0,0
2013-01-25,29.796,0,0,0,NA,0,0,0,0,0,0,0,290.077,0,NA,0,0,0
2013-01-26,0,0,0,0,NA,0,0,0,0,0,0,0,315.987,0,NA,0,0,0
2013-01-27,0,0,0,0,NA,0,0,0,0,0,0,0,314.074,0,NA,0,0,0
2013-01-28,97.942,0,0,0,NA,0,0,0,0,0,14.306,0,225.857,0,NA,0,0,0
2013-01-29,0,0,0,0,NA,0,0,0,32.569,0,0,0,285.021,0,NA,0,0,0
2013-01-30,0,0,0,0,NA,0,0,0,23.028,0,0,0,242.993,0,NA,0,0,0
2013-01-31,56.412,0,0,0,NA,0,0,0,0,0,13.986,0.576,420.054,0,NA,0,0,0
2013-02-01,90.531,0,0,0,NA,0,0,0,14.415,0,0,0,133.915,0,NA,0,0,0
2013-02-02,0,0,0,0,NA,0,0,0,0,0,0,0,360.863,0,NA,0,0,0
2013-02-03,0,0,0,0,NA,0,0,0,0,0,0,0,328.335,0,NA,0,0,0
2013-02-04,0,0,0,0,NA,23.718,0,0,0,0,0,0,7.65,0,NA,0,0,0
2013-02-05,94.457,0,0,0,NA,4.396,0,0,211.749,0,0,0,0,0,NA,0,0,0
2013-02-06,69.823,0,0,0,NA,2.817,0,0,7.397,0,0,0,107.766,0,NA,0,0,0
2013-02-07,72.563,0,0,0,NA,8.844,0,0,340.103,0,0,0,167.734,0,NA,0,0,0
2013-02-08,87.687,0,0,0,NA,0.433,0,0,231.79,0,0,0,201.342,0,NA,0,0,0
2013-02-09,46.726,0,12.023,0,NA,0,0,0,0,0,93.747,0,171.876,0,NA,0,0,0
2013-02-10,45.737,0,18.619,0,NA,0,0,0,0,0,23.937,0,302.473,0,NA,0,0,0
2013-02-11,113.422,0,18.468,0,NA,0,0,0,136.297,0,29.769,0,208.014,0,NA,0,0,0
2013-02-12,117.818,0,18.661,0,NA,0,0,0,345.43,0,0,0,202.242,0,NA,0,0,0
2013-02-13,128.449,0,18.521,0,NA,1.09,0,0,0,0,0,0.994,246.074,0,NA,0,0,0
2013-02-14,0,0,5.651,0,NA,25.946,0,0,317.956,0,94.027,0,266.967,0,NA,0,0,0
2013-02-15,0,0,0,0,NA,74.974,0,0,2101.091,0,187.389,0,262.153,0,NA,0,0,0
2013-02-16,0,0,0,0,NA,206.922,0,0,1798.496,0,1217.533,0,226.893,0,NA,0,0,0
2013-02-17,0,0,0,0,NA,551.083,0,0,996.008,0,1790.129,0,393.957,0,NA,0,0,0
2013-02-18,0,0,0,0,NA,255.373,0,0,0,0,1418.297,0,153.495,0,NA,0,0,0
2013-02-19,95.342,0,0,0,NA,91.25,0,0,357.062,0,292.45,0,280.012,0,NA,0,0,0
2013-02-20,0,0,0,0,NA,0,0,0,177.017,0,172.946,0,139.413,0,NA,0,0,0
2013-02-21,105.378,0,0,0,NA,7.018,0,0,367.811,0,43.315,0,166.833,0,NA,0,0,0
2013-02-22,51.64,0,0,0,NA,69.561,0,0,307.118,0,128.771,0,213.541,0,NA,0,0,0
2013-02-23,20.032,0,0,0,NA,235.645,0,0,0,0,183.247,0,213.067,0,NA,0,0,0
2013-02-24,41.864,0,0,0,NA,117.554,0,0,0,0,132.722,0,212.201,0,NA,0,0,0
2013-02-25,29.846,0,0,0,NA,148.172,0,0,299.926,0,42.957,0.151,211.164,0,NA,0,0,0
2013-02-26,92.4,0,0,0,NA,245.152,0,0,269.211,0,290.095,0,209.775,0,NA,0,0,0
2013-02-27,0,0,0,0,NA,323.769,0,0,563.225,0,205.135,0,209.748,0,NA,0,0,0
2013-02-28,0,0,0,0,NA,264.869,0,0,219.989,0,507.798,0,228.091,0,NA,0,0,0
2013-03-01,0,0,0,0,NA,216.953,0,0,0,0,263.591,0,223.133,0,NA,393,0,0
2013-03-02,212.482,0,0,0,NA,20.315,0,0,0,0,89.951,0,175.733,0,NA,600,0,0
2013-03-03,117.349,0,0,0,NA,78.417,0,0,0,0,29.329,0,172.26,0,NA,594,0,0
2013-03-04,90.804,0,0,0,NA,51.166,0,0,0,0,142.758,0,149.857,0,NA,592,0,0
2013-03-05,86.894,0,0,0,NA,0,0,0,0,0,138.125,0,150.707,0,NA,402,0,0
2013-03-06,110.399,0,0,0,NA,0.205,0,0,0,0,17.851,1.836,194.973,0,NA,274,0,0
2013-03-07,122.729,0,0,0,NA,19.089,0,0,0,0,0,0,209.556,0,NA,272,0,0
2013-03-08,62.589,0,0,0,NA,0,0,0,0,0,0,0,206.845,0,NA,270,0,0
2013-03-09,104.871,0,0,0,NA,19.821,0,0,0,0,0,0,132.907,0,NA,268,0,0
2013-03-10,19.94,0,0,0,NA,0,0,0,0,0,0,0,127.166,0,NA,266,0,0
2013-03-11,93.528,0,0,0,NA,0,0,0,0,0,0,0,183.246,0,NA,265,0,0
2013-03-12,110.85,0,0,0,NA,20.152,0,0,0,0,0,0,115.696,0,NA,94,0,0
2013-03-13,68.293,0,0,0,NA,0,0,0,0,0,0,0,148.631,0,NA,0,0,0
2013-03-14,55.794,0,0,0,NA,0,0,0,0,0,16.071,0,200.261,0,NA,0,0,0
2013-03-15,116.452,0,0,0,NA,0,0,0,0,0,0,0,195.329,0,NA,0,0,0
2013-03-16,166.796,0,0,0,NA,0,0,0,0,0,0,0,135.561,0,NA,0,0,0
2013-03-17,7.76,0,0,0,NA,22.236,0,0,0,0,0,0,106.25,0,NA,0,0,0
2013-03-18,96.566,0,0,0,NA,0,0,0,0,0,0,0,65.304,0,NA,0,0,0
2013-03-19,117.107,0,0,0,NA,33.867,0,0,1452.982,0,0,0,229.535,0,NA,0,0,0
2013-03-20,82.62,0,0,0,NA,0,0,0,847.426,0,133.293,0,230.24,0,NA,0,0,0
2013-03-21,117.177,0,10.988,0,NA,82.059,0,0,27.006,0,326.372,0,389.412,0,NA,0,0,0
2013-03-22,81.241,0,21.395,0,NA,0,0,0,0,0,358.902,0,322.933,0,NA,0,0,0
2013-03-23,79.905,0,21.158,0,NA,0,0,0,532.494,0,225.256,0,304.889,0,NA,0,0,0
2013-03-24,75.755,0,16.411,0,NA,16.05,0,0,0,0,121.987,0,360.577,0,NA,0,0,0
2013-03-25,88.999,0,11.504,0,NA,0,0,0,0,0,339.258,0,406.359,0,NA,0,0,0
2013-03-26,163.641,0,29.664,0,NA,0,0,0,0,0,127.51,0,272.579,0,NA,0,0,0
2013-03-27,83.93,0,51.334,0,NA,0,0,0,0,0,36.115,0,287.758,0,NA,0,0,0
2013-03-28,135.141,0,49.634,0,NA,27.493,0,0,0,0,26.216,0,190.628,0,NA,0,0,0
2013-03-29,84.688,0,47.423,0,NA,0.129,0,0,282.174,0,0,0,146.99,0,NA,0,0,0
2013-03-30,81.464,0,45.984,0,NA,0,0,0,0,0,0,0,151.395,0,NA,0,0,0
2013-03-31,116.315,0,43.77,0,NA,0,0,0,0,0,0,0,238.913,0,NA,0,0,0
2013-04-01,94.291,0,45.199,0,NA,0,0,0,0,0,0,0,215.237,0,NA,0,0,0
2013-04-02,115.44,0,12.181,0,NA,14.833,0,0,250.435,0,0,0,220.829,0,NA,0,0,0
2013-04-03,99.465,0,44.182,0,NA,0,0,0,0,0,0,0,183.874,0,NA,0,0,0
2013-04-04,77.484,0,40.911,0,NA,0,0,0,240.707,0,0,0,218.211,0,NA,0,0,0
2013-04-05,0,0,0,0,NA,0,0,0,436.211,0,0,0,280.389,0,NA,0,0,0
2013-04-06,0,0,0,0,NA,0,0,0,0,0,178.666,0,259.234,0,NA,0,0,0
2013-04-07,0,0,0,0,NA,27.63,0,0,0,0,128.681,0,212.265,0,NA,0,0,0
2013-04-08,46.387,0,0,0,NA,49.286,0,0,291.368,0,87.062,0,212.801,0,NA,0,0,0
2013-04-09,76.525,0,0,0,NA,0,0,0,0,0,66.94,0,213.846,0,NA,0,0,0
2013-04-10,74.671,0,0,0,NA,0,0,0,0,0,187.209,0,215.088,0,NA,0,0,0
2013-04-11,56.446,0,0,0,NA,0,0,0,0,0,67.962,0,158.557,0,NA,0,0,0
2013-04-12,4.306,0,0,0,NA,0,0,0,250.291,0,0,0,137.299,0,NA,0,0,0
2013-04-13,0,0,0,0,NA,0,0,0,10.712,0,0,0,128.394,0,NA,0,0,0
2013-04-14,0,0,0,0,NA,0,0,0,0,0,33.026,0,121.917,0,NA,0,0,0
2013-04-15,0,0,0,0,NA,81.589,0,0,0,0,49.707,0,172.32,0,NA,0,0,0
2013-04-16,0,0,0,0,NA,174.842,0,0,244.648,0,207.368,0,193.601,0,NA,0,0,0
2013-04-17,0,0,0,0,NA,32.278,0,0,489.901,0,187.81,0,228.136,0,NA,0,0,0
2013-04-18,0,0,0,0,NA,145.331,0,0,0,0,366.421,0,228.257,0,NA,0,0,173
2013-04-19,0,0,0,0,NA,131.862,0,0,0,0,185.624,0,227.253,0,NA,0,0,236
2013-04-20,0,0,0,0,NA,293.156,0,0,0,0,55.418,0,229.022,0,NA,0,0,235
2013-04-21,0,0,0,0,NA,78.229,0,0,0,0,32.369,0,228.84,0,NA,0,0,234
2013-04-22,0,0,0,0,NA,40.223,0,0,483.568,0,0,0,244.64,0,NA,0,0,233
2013-04-23,0,0,0,0,NA,0,0,0,0,0,171.661,0,240.351,0,NA,0,0,233
2013-04-24,0,0,0,0,NA,0,0,0,0,0,105.548,0,222.369,0,NA,0,0,232
2013-04-25,0,0,0,0,NA,94.902,0,0,0,0,92.172,0,187.533,0,NA,0,0,230
2013-04-26,0,0,19.311,0,NA,0,0,0,0,0,24.306,0,248.772,0,NA,0,0,228
2013-04-27,0,0,27.52,0,NA,0,0,0,0,0,0,0,372.686,0,NA,0,0,225
2013-04-28,0,0,25.765,0,NA,0,0,0,0,0,0,0,352.764,0,NA,0,0,223
2013-04-29,157.342,0,7.285,0,NA,0,0,0,0,0,0,0,301.64,0,NA,0,0,219
2013-04-30,131.827,0,0,0,NA,0,0,0,157.106,0,0,0,285.79,0,NA,0,0,220
2013-05-01,0,0,0,0,NA,0,0,0,0,0,0,0,270.861,0,NA,0,0,210
2013-05-02,98.859,0,0,0,NA,19.455,0,0,611.484,0,22.756,0,593.695,0,NA,0,0,221
2013-05-03,125.848,0.004,0,0,NA,181.563,0,0,1261.844,0,160.578,0,627.424,0,NA,0,331,745
2013-05-04,339.071,0,0,0,NA,240.636,0,0,151.174,0,631.199,0,742.924,0,NA,0,572,1074
2013-05-05,619.491,0,0,0,NA,283.271,0,0,512.826,0,488.34,0,525.867,0,NA,0,563,1028
2013-05-06,698.109,0,21.769,0,NA,137.751,0,0,0,0,344.698,0,588.756,0,NA,0,542,976
2013-05-07,695.418,0,50.527,0,NA,31.424,0,0,0,0,21.379,0.516,611.952,0,NA,0,511,914
2013-05-08,610.505,0,29.856,0,NA,29.862,0,0,0,0,39.139,0,705.694,0,NA,0,479,670
2013-05-09,597.032,0,5.661,0,NA,65.133,0,0,0,0,38.936,0,473.91,0,NA,0,463,372
2013-05-10,687.882,0,0,0,NA,16.503,0,0,0,0,32.246,0,771.491,0,NA,0,432,227
2013-05-11,427.441,0,0,0,NA,17.488,0,0,0,0,25.774,0,617.968,0,NA,0,455,140
2013-05-12,169.912,0,0,0,NA,20.204,0,0,0,0,41.758,0,952.256,0,NA,0,461,140
2013-05-13,123.078,0,0,0,NA,43.819,0,0,0,0,20.619,0,794.031,0,NA,0,453,140
2013-05-14,123.678,0,0,0,NA,15.725,0,0,0,0,23.994,0,834.39,0,NA,0,189,146
2013-05-15,52.637,0.01,0,0,NA,2.335,0,0,0,0,0,0,842.428,0,NA,0,0,162
2013-05-16,0,0,0,0,NA,17.402,0,0,0,0,0,0,969.268,0,NA,0,0,59
2013-05-17,42.487,0,0,0,NA,17.416,0,0,0,0,0,0,941.108,0,NA,0,0,0
2013-05-18,0,0,0,0,NA,0,0,0,0,0,0,0,900.815,0,NA,0,0,0
2013-05-19,0,0,0,0,NA,0,0,0,0,0,0,0,1039.231,0,NA,0,0,0
2013-05-20,0,0,0,0,NA,10.317,0,0,0,0,0,0,670.599,0,NA,0,0,0
2013-05-21,0,0,0,0,NA,57.206,0,0,482.804,0,0,0,737.73,0,NA,0,0,0
2013-05-22,2.124,0,0,0,NA,0,0,0,409.019,0,14.298,0,746.472,0,NA,0,0,0
2013-05-23,0,0,0,0,NA,31.192,0,0,603.447,0,145.43,0,942.73,0,NA,0,0,0
2013-05-24,0,0,0,0,NA,27.756,0,0,589.52,0,328.044,0,834.31,0,NA,0,0,0
2013-05-25,0,0,0,0,NA,0,0,0,0,0,166.329,0,650.799,0,NA,0,0,0
2013-05-26,0,0,0,0,NA,0,0,0,0,0,180.026,0,576.651,0,NA,0,0,0
2013-05-27,0,0,0,0,NA,0,0,0,0,0,191.347,0,586.811,0,NA,0,0,0
2013-05-28,0,0,0,0,NA,0,0,0,231.976,0,190.87,0,568.885,0,NA,0,0,0
2013-05-29,0.027,0,0,0,NA,158.41,0,0,470.011,0,182.978,0,466.279,0,NA,0,0,0
2013-05-30,63.073,0,0,0,NA,227.58,0,0,1050.849,0,189.462,0,458.366,0,NA,0,0,158
2013-05-31,332.086,0,0,0,NA,666.375,0,0,1424.051,0,1046.813,0,352.353,0,NA,0,0,406
2013-06-01,401.683,0,0,0,NA,389.228,0,0,847.876,0,1295.126,0,429.326,0,NA,0,0,400
2013-06-02,222.715,0,0,0,NA,275.147,0,0,1475.765,0,1074.627,0,418.717,0,NA,0,0,413
2013-06-03,82.671,0,0,0,NA,311.259,0,0,1171.242,0,1270.137,0,589.214,0,NA,0,0,639
2013-06-04,181.59,0,0,0,NA,234.705,0,0,1302.311,0,1174.106,0.362,267.31,0,NA,0,0,973
2013-06-05,449.295,0,0,0,NA,317.32,0,0,1814.975,0,1338.206,0,360.349,0,NA,0,0,956
2013-06-06,335.687,0,0,0,NA,733.592,0,0,2575.682,0,1651.491,174.889,1732.364,0,NA,0,0,1064
2013-06-07,220.423,0,0,0,NA,1563.25,343.892,0,3585.27,133.508,1915.975,229.313,1617.795,0,NA,0,0,1303
2013-06-08,0,0,0,0,NA,2382.509,1102.669,0,4172.907,720.194,2501.241,218.257,1812.278,0,NA,1154,1219,1882
2013-06-09,120.688,0,0,0,NA,2142.935,1312.838,0,4212.885,783.426,2570.768,90.605,1632.74,0,NA,1834,1543,1743
2013-06-10,454.487,0,0,0,NA,2024.228,1014.125,0,2813.469,555.262,2343.392,102.344,2259.796,0,NA,1828,1395,1636
2013-06-11,515.051,0,0,0,NA,1499.935,351.843,0,1443.23,382.284,1763.529,142.054,1764.684,0,NA,1672,1191,1450
2013-06-12,504.675,0,0,0,NA,1267.119,0,0,1046.978,0,1316.381,133.136,1934.422,0,NA,1616,1126,1389
2013-06-13,430.347,0,0,0,NA,836.764,0,0,1160.415,0,1164.624,152.235,1563.866,0,NA,1580,1109,1368
2013-06-14,520.696,0,0,0,NA,762.096,0,0,1027.553,0,1111.538,130.831,1708.371,0,NA,1510,1069,1315
2013-06-15,599.746,0,0,0,NA,568.155,0,0,421.09,0,1085.129,109.035,1603.508,0,NA,1444,975,1253
2013-06-16,683.9,0,0,0,NA,314.954,0,0,0,0,675.776,100.228,1448.017,0,NA,1397,0,1183
2013-06-17,725.072,0,0,0,NA,100.009,0,0,476.782,0,404.046,79.077,981.625,0,NA,1352,0,1126
2013-06-18,717.517,0,0,0,NA,31.035,0,0,31.922,0,275.101,80.881,939.664,0,NA,1258,466,1089
2013-06-19,716.862,0,0,0,NA,39.995,0,0,0,0,259.263,53.149,1302.863,0,NA,1145,346,1018
2013-06-20,623.863,0,0,0,NA,42.908,0,0,265.181,0,184.954,35.515,1595.795,0,NA,361,269,1096
2013-06-21,592.74,0,0,0,NA,0,0,0,1056.086,0,186.132,21.081,1773.215,0,NA,0,0,1164
2013-06-22,622.011,0,0,0,NA,17.152,0,0,656.985,0,188.353,49.559,1714.669,0,NA,0,0,1111
2013-06-23,628.114,0,0,0,NA,14.977,0,0,0,0,460.378,73.125,1993.752,0,NA,0,0,1004
2013-06-24,606.079,0,0,0,NA,17.011,0,0,536.48,0,303.458,58.204,1597.114,0,NA,0,0,882
2013-06-25,0,0,0,0,NA,0,0,0,228.724,0,190.177,25.376,1595.783,0,NA,0,0,332
2013-06-26,0,0,0,0,NA,18.981,0,0,252.923,0,189.735,28.831,2138.32,0,NA,0,0,0
2013-06-27,0,0,0,0,NA,30.465,0,0,236.948,0,189.46,63.243,1901.749,0,NA,0,0,0
2013-06-28,41.438,0,0,0,NA,75.815,0,0,0,0,189.933,29.028,1962.979,0,NA,0,0,0
2013-06-29,304.191,0,0,0,NA,73.664,0,0,0,0,189.347,77.559,2120.95,0,NA,0,0,0
2013-06-30,486.924,0,0,0,NA,102.518,0,0,0,0,187.888,41.231,3011.186,0,NA,0,0,0
2013-07-01,524.739,0,0,0,NA,133.089,0,0,898.126,0,186.378,45.003,3317.618,0,NA,0,0,0
2013-07-02,622.833,0,0,0,NA,85.86,0,0,939.201,0,185.879,55.232,4387.349,0,NA,315,356,0
2013-07-03,659.961,0,0,0,NA,348.05,0,0,906.91,0,192.226,95.534,5427.502,0,NA,566,636,0
2013-07-04,677.791,0,0,0,NA,291.849,0,0,591.431,0,717.09,72.22,5940.132,0,NA,547,611,0
2013-07-05,676.995,0,0,0,NA,226.796,0,0,554.448,0,738.005,72.561,6097.706,0,NA,542,604,0
2013-07-06,675.94,0,0,0,NA,244.36,0,0,1009.819,0,748.859,21.331,5726.199,0,NA,539,593,0
2013-07-07,676.594,0,0,0,NA,395.209,0,0,959.63,0,647.038,0,6137.414,0,NA,526,574,0
2013-07-08,633.646,0,0,0,NA,310.129,0,0,337.073,0,894.49,32.917,6144.764,0,NA,511,558,0
2013-07-09,629.387,0,0,0,NA,142.604,0,0.024,0,0,1000.299,0,5502.979,0,NA,501,546,0
2013-07-10,618.079,0,0,0,NA,88.865,0,0,364.052,0,743.163,0,5031.021,0,NA,497,540,0
2013-07-11,675.433,0,0,0,NA,122.754,0,0,566.775,0,594.456,0,5124.525,0,NA,490,548,0
2013-07-12,679.848,0,0,0,NA,38.007,0,0,606.775,0,567.109,15.729,5115.276,0,NA,512,601,0
2013-07-13,559.101,0,0,0,NA,48.984,0,0,880.881,0,1073.263,42.83,6152.184,0,NA,514,607,0
2013-07-14,364.369,0,0,0,NA,158.89,0,0,1938.857,0,1678.063,151.849,6947.226,0.689,NA,559,644,0
2013-07-15,382.825,0,0,0,NA,266.085,0,0,3274.068,0,2279.687,111.871,6810.995,1.211,NA,658,698,0
2013-07-16,485.908,0,0,0,NA,956.474,0,0,3836.91,0,2303.802,299.442,6594.206,0,NA,685,722,0
2013-07-17,234.757,0,0,0,NA,1583.768,0,0,3372.458,0,2514.385,292.238,6516.334,0,NA,874,919,524
2013-07-18,136.35,0,0,0,NA,918.57,0,0,2617.861,0,2547.685,259.507,6377.715,0,NA,1056,1033,1060
2013-07-19,145.85,0,0,0,NA,810.97,0,0,1982.74,0,2454.707,260.9,6801.637,0,NA,995,930,962
2013-07-20,297.978,0,0,0,NA,464.019,0,0,525.596,0,2185.228,120.203,6644.939,0,NA,967,879,906
2013-07-21,604.089,0,0,0,NA,407.749,0,0,795.549,0,1719.4,0,6926.504,0,NA,948,842,860
2013-07-22,614.858,0,0,0,NA,312.827,0,0,712.884,0,1274.183,0,7414.294,0,NA,967,826,832
2013-07-23,617.211,0,0,0,NA,321.742,0,0,513.871,0,864.402,1.904,7274.825,0,NA,953,814,805
2013-07-24,699.639,0,0,0,NA,308.829,0,0,0,0,609.082,137.663,7487.029,0,NA,890,781,647
2013-07-25,700.151,0,30.364,0,NA,385.241,0,0,460.708,0,457.218,105.077,7005.88,0,NA,852,740,733
2013-07-26,746.262,0,59.036,0,NA,127.805,0,0,0,0,224.939,93.426,8643.931,0,NA,302,1010,961
2013-07-27,613.389,0,61.497,0,NA,86.992,0,0,0,0,335.451,91.375,9437.965,0,NA,0,1412,1362
2013-07-28,524.629,0,52.705,0,NA,101.064,0,0,337.105,0,278,69.748,9091.178,0,NA,0,1589,1549
2013-07-29,737.353,0,55,0,NA,41.181,0,0,92.13,0,196.615,69.36,9148.799,0,NA,0,1684,1650
2013-07-30,679.844,0,61.921,0,NA,23.201,0,0,364.119,0,290.135,62.562,9351.007,0,NA,0,1734,1705
2013-07-31,742.923,0,64.955,0,NA,17.266,0,0,0,0,223.164,39.303,9403.543,0,NA,0,1770,1744
2013-08-01,775.1,0,64.559,0,NA,0,0,0,212.249,0,223.384,69.104,9028.038,0,NA,0,1792,1764
2013-08-02,582.064,0,67.529,0,NA,15.98,0,0,55.532,0,142.508,43.705,8822.672,0,NA,0,1836,1808
2013-08-03,632.682,0,68.397,0,NA,16.753,0,0,169.782,0,150.798,31.494,8524.66,0,NA,0,1810,1802
2013-08-04,712.995,0,69.994,0,NA,43.688,0,0,0,0,106.44,51.094,8585.699,0,NA,0,1874,1850
2013-08-05,666.299,0,69.024,0,NA,54.945,0,0,0,0,185.766,37.788,7958.578,0,NA,0,1856,1843
2013-08-06,670.604,0,101.3,0,NA,72.014,0,0,189.173,0,40.369,36.637,7341.454,0,NA,0,1869,1840
2013-08-07,700.694,0,126.611,0,NA,84.858,0,0,0,0,21.754,14.322,6851.326,0,NA,0,538,1302
2013-08-08,785.492,0,119.883,0,NA,15.385,0,0,0,0,17.014,44.14,6278.79,0,NA,0,0,1033
2013-08-09,721.656,0,116.692,0,NA,77.508,0,0,0,0,12.676,35.102,5796.165,0,NA,0,0,514
2013-08-10,803.861,0,115.459,0,NA,18.045,0,0,0,0,0,32.274,5287.931,0,NA,0,0,0
2013-08-11,803.903,0,105.986,0,NA,0,0,0,0,0,21.366,20.677,5593.511,0,NA,0,0,0
2013-08-12,804.465,0,101.23,0,NA,16.703,0,0,218.829,0,0,12.559,5662.066,0,NA,0,0,0
2013-08-13,803.101,0,59.463,0,NA,0,0,0,350.701,0,0,16.212,5485.428,0,NA,0,0,0
2013-08-14,802.518,0,0,0,NA,95.154,0,0,339.78,0,0,0.697,4832.601,0,NA,0,0,0
2013-08-15,697.886,0,0,0,NA,87.886,0,0,593.084,0,0,22.539,4275.235,0,NA,0,0,0
2013-08-16,683.767,0,0,0,NA,366.384,0,0,72.644,0,0,0,4319.851,0,NA,0,0,0
2013-08-17,762.506,0,51.849,0,NA,403.804,0,0,547.823,0,0,0,3887.826,0,NA,0,0,0
2013-08-18,741.229,0,70.944,0,NA,211.536,0,0,589.059,0,0,0,2912.366,0,NA,0,0,0
2013-08-19,520.076,0,43.387,0,NA,273.208,0,0,573.679,0,0,17.433,2894.566,0,NA,0,0,0
2013-08-20,271.539,0,65.324,0,NA,121.481,0,0,426.325,0,0,0,2777.069,0,NA,0,0,0
2013-08-21,34.505,0,57.242,0,NA,166.629,0,0,449.332,0,0,0,2767.265,0,NA,0,0,0
2013-08-22,0,0,35.655,0,NA,458.443,0,0,246.385,0,0,0,2915.116,0,NA,0,0,0
2013-08-23,0,0,71.328,0,NA,373.163,0,0,570.517,0,0,0,2988.266,0,NA,0,0,0
2013-08-24,0,0,87.328,0,NA,282.584,0,0,536.536,0,0,0,2357.017,0,NA,0,0,0
2013-08-25,0,0,0,0,NA,303.965,0,0,523.74,0,0,0,2513.982,0,NA,0,0,0
2013-08-26,102.551,0,0,0,NA,388.508,0,0,581.114,0,50.356,20.142,2346.937,0,NA,0,0,0
2013-08-27,484.564,0,0,0,NA,345.172,0,0,902.128,0,47.667,24.48,2565.534,0,NA,0,0,0
2013-08-28,321.427,0,0,0,NA,323.859,0,0,791.816,0,220.707,69.627,3220.538,0,NA,0,0,0
2013-08-29,489.054,0,0,0,NA,723.01,0,0,2232.445,0,340.376,88.343,3281.566,0,NA,0,0,0
2013-08-30,572.978,0,0,0,NA,528.233,0,0,1812.066,0,603.41,84.334,3062.124,0,NA,0,0,0
2013-08-31,573.738,0,0,0,NA,527.154,0,0,517.254,0,714.85,104.586,3006.49,0,NA,0,0,0
2013-09-01,574.027,0,0,0,NA,538.473,0,0,673.624,0,568.71,69.891,3159.714,0,NA,0,0,0
2013-09-02,490.875,0,0,0,NA,447.469,0,0,1214.068,0,284.376,55.728,2913.912,0,NA,0,0,0
2013-09-03,224.77,0,0,0,NA,436.145,0,0,469.447,0,157.6,55.104,2992.099,0,NA,0,0,0
2013-09-04,131.763,0,0,0,NA,700.85,0,0,625.118,0,185.822,41.761,3011.811,0,NA,0,0,0
2013-09-05,131.998,0,0,0,NA,536.619,0.017,0,667.384,0,184.641,31.882,2519.974,0,NA,0,0,0
2013-09-06,131.434,0,0,0,NA,371.172,0,0,616.396,0,109.968,34.533,2824.981,0,NA,0,0,0
2013-09-07,132.213,0,0,0,NA,483.206,0,0,602.116,0,44.707,26.88,3174.911,0,NA,0,0,0
2013-09-08,41.717,0,0,0,NA,546.845,0,0,737.725,0,91.211,37.034,2958.999,0,NA,0,0,0
2013-09-09,0,0,0,0,NA,526.947,0,0,687.562,0,91.785,48.547,3074.192,0,NA,0,0,0
2013-09-10,0,0,0,0,NA,426.088,0,0,685.069,0.003,107.484,51.102,2881.316,0,NA,0,0,0
2013-09-11,0,0,0,0,NA,510.31,0,0,1146.77,0,139.044,39.793,2749.076,0,NA,0,0,0
2013-09-12,0,0,0,0,NA,803.392,0,0,422.649,0,23.824,43.417,2886.498,0,NA,0,0,0
2013-09-13,0,0,0,0,NA,669.1,0,0,695.047,0,0,30.559,2854.32,0,NA,0,0,0
2013-09-14,0,0,0,0,NA,620.61,0,0,707.328,0,0,30.477,2643.522,0,NA,0,0,0
2013-09-15,0,0,0,0,NA,606.258,0,0,686.947,0,17.891,20.033,2186.274,0,NA,0,0,0
2013-09-16,0,0,0,0,NA,747.178,0,0,677.108,0,132.503,32.915,2430.46,0,NA,0,0,0
2013-09-17,0,0,0,0,NA,681.843,0,0,1027.606,0,3.121,33.007,2730.467,0,NA,0,0,0
2013-09-18,0,0,0,0,NA,741.108,0,0,1933.52,0,173.268,62.334,2999.833,0,NA,0,0,0
2013-09-19,0,0,0,0,NA,728.677,0,0,934.814,0,508.833,218.178,3638.362,0,NA,0,0,0
2013-09-20,0,0,0,0,NA,541.998,0,0,1141.297,0,715.514,186.026,3576.176,0,NA,0,0,0
2013-09-21,0,0,0,0,NA,375.95,0,0,800.742,0,596.749,208.82,2971.797,0,NA,0,0,0
2013-09-22,0,0,0,0,NA,284.234,0,0,663.328,0,508.598,247.684,2333.267,0,NA,0,0,0
2013-09-23,0,0,0,0,NA,250.402,0,0,653.529,0,407.122,183.526,1793.959,0,NA,0,0,0
2013-09-24,0,0,0,0,NA,315.579,0,0,1260.572,0,430.828,152.788,2224.409,0,NA,0,0,0
2013-09-25,0,0,0,0,NA,468.66,0,0,1511.655,0,554.232,172.039,1758.494,0,NA,0,0,0
2013-09-26,4.575,0,0,0,NA,661.02,0,0,976.343,0,596.069,158.379,1900.515,0,NA,0,0,0
2013-09-27,0,0,0,0,NA,641.925,0,0,1145.725,0,664.281,169.388,2035.429,0,NA,0,0,0
2013-09-28,0,0,0,0,NA,679.815,0,0,528.219,0,584.414,150.749,2398.16,0,NA,0,0,0
2013-09-29,0,0,0,0,NA,760.558,0,0,496.456,0,473.44,127.914,2528.885,0,NA,0,0,0
2013-09-30,0,0,0,0,NA,484.226,0,0,636.403,0,307.104,87.589,2855.26,0,NA,0,0,0
2013-10-01,0,0,0,0,NA,606.367,0,0,670.089,0,170.969,77.724,2890.7,0,NA,0,0,0
2013-10-02,0,0,0,0,NA,559.442,0,0,961.064,0,251.813,67.15,2842.121,0,NA,0,0,0
2013-10-03,0,0,0,0,NA,344.02,0,0,853.075,0,116.998,189.657,1989.171,0,NA,0,0,0
2013-10-04,0,0,0,0,NA,191.528,0,0,857.755,0,480.766,189.887,2334.37,0,NA,0,0,0
2013-10-05,0,0,0,0,NA,116.641,0,0,850.191,0,475.771,234.025,2169.433,0,NA,0,0,0
2013-10-06,0,0,0,0,NA,97.838,0,0,850.281,0,490.97,221.693,1782.19,0,NA,0,0,0
2013-10-07,0,0,25.803,0,NA,71.165,0,0,855.29,0,486.711,177.317,1475.65,0,NA,0,0,0
2013-10-08,0.929,0,0,0,NA,176.712,0,0,1251.728,0,727.333,171.428,936.99,0,NA,0,0,0
2013-10-09,0,0,0,0,NA,66.258,0,0,1043.406,0,766.692,171.153,854.521,0,NA,0,0,0
2013-10-10,0,0,56.693,0,NA,122.593,0,0,858.472,0,1093.401,188.745,552.741,0,NA,0,0,0
2013-10-11,0,0,108.667,0,NA,0,0,0,857.156,0,755.974,170.132,520.898,0,NA,0,0,0
2013-10-12,0,0,109.113,0,NA,34.98,0,0,852.073,0,875.66,154.564,584.643,0,NA,0,0,0
2013-10-13,0,0,109.135,0,NA,21.272,0,0,854.606,0,836.969,169.137,513.86,0,NA,0,0,0
2013-10-14,0,0,109.49,0,NA,28.131,0,0,852.849,0,735.798,155.412,383.485,0,NA,0,0,0
2013-10-15,74.593,0,110.315,0,NA,0,0,0,855.854,0,647.029,159.872,360.135,0,NA,0,0,0
2013-10-16,125.694,0,142.379,0,NA,6.262,0,0,853.742,0,639.435,148.658,321.491,0,NA,0,0,0
2013-10-17,11.879,0,151.865,0,NA,0,0,0,850.892,0,571.125,153.416,309.006,0,NA,0,0,0
2013-10-18,50.683,0,150.218,0,NA,0,0,0,852.172,0,606.33,154.459,329.089,0,NA,0,0,0
2013-10-19,0,0,147.83,0,NA,7.858,0,0,849.028,0,523.647,187.379,364.976,0,NA,0,0,0
2013-10-20,0,0,145.839,0,NA,0,0,0,847.606,0,488.368,187.129,372.343,0,NA,0,0,0
2013-10-21,0,0,145.771,0,NA,0,0,0,849.647,0,512.751,161.281,613.862,0,NA,0,0,0
2013-10-22,0,0,39.69,0,NA,73.273,0,0,853.405,0,479.845,177.074,367.453,0,NA,0,0,0
2013-10-23,110.023,0,0,0,NA,23.728,0,0,383.64,0,311.721,257.195,312.442,0,NA,0,0,0
2013-10-24,0,0,114.945,0,NA,16.809,0,0,466.014,0,338.914,173.426,335.04,0,NA,0,0,0
2013-10-25,116.919,0,152.741,0,NA,0,0,0,0,0,179.622,122.744,460.645,0,NA,0,0,0
2013-10-26,76.359,0,149.994,0,NA,0,0,0,0,0,179.313,88.107,284.496,0,NA,0,0,0
2013-10-27,0,0,146.679,0,NA,0,0,0,0,0,115.898,76.472,408.349,0,NA,0,0,0
2013-10-28,98.587,0,145.348,0,NA,0,0,0,0,0,39.651,30.223,369.165,0,NA,0,0,0
2013-10-29,82.255,0,145.311,0,NA,26.95,0,0,0,0,0,1.044,409.003,0,NA,0,0,0
2013-10-30,114.941,0,144.449,0,NA,130.423,0,0,0,0,0,0,293.256,0,NA,0,0,0
2013-10-31,125.569,0,143.04,0,NA,47.335,0,0,0,0,170.091,58.969,271.736,0,NA,0,0,0
2013-11-01,76.777,0,141.415,0,NA,0,0,0,297.533,0,0,58.964,265.744,0,NA,0,0,0
2013-11-02,60.596,0,140.679,0,NA,0,0,0,0,0,0,47.566,285.133,0,NA,0,0,0
2013-11-03,65.535,0,139.602,0,NA,16.505,0,0,0,0,0,46.225,278.236,0,NA,0,0,0
2013-11-04,97.479,0,135.784,0,NA,0,0,0,191.286,0,0,42.855,263.982,0,NA,0,0,0
2013-11-05,98.205,0,134.034,0,NA,0,0,0,0,0,0,21.747,293.251,0,NA,0,0,0
2013-11-06,87.847,0,134.196,0,NA,22.362,0,0,0,0,0,0,286.934,0,NA,0,0,0
2013-11-07,119.886,0,135.274,0,NA,0,0,0,0,0,0,0,274.014,0,NA,0,0,0
2013-11-08,92.961,0,132.824,0,NA,6.189,0,0,0,0,0,0,252.04,0,NA,0,0,0
2013-11-09,0,0,43.723,0,NA,51.063,0,0,0,0,0,0,235.687,0,NA,0,0,0
2013-11-10,0,0,0,0,NA,22.929,0,0,0,0,0,0,305.791,0,NA,0,0,0
2013-11-11,84.778,0,0,0,NA,0,0,0,0,0,0,0,285.789,0,NA,0,0,0
2013-11-12,68.129,0,0,0,NA,0,0,0,0,0,28.858,0,285.029,0,NA,0,0,0
2013-11-13,65.997,0,0,0,NA,17.126,0,0,0,0,0,0,272.746,0,NA,0,0,0
2013-11-14,63.902,0,41.527,0,NA,13.082,0,0,0,0,0,0,249.408,0,NA,0,0,0
2013-11-15,56.686,0,36.958,0,NA,0,0,0,0,0,0,0,290.682,0,NA,0,0,0
2013-11-16,0,0,0,0,NA,0,0,0,0,0,0,0,313.966,0,NA,0,0,0
2013-11-17,54.148,0,0,0,NA,21.717,0,0,0,0,0,0,328.979,0,NA,0,0,0
2013-11-18,72.351,0,0,0,NA,0,0,0,0,0,0,0,330.194,0,NA,0,0,0
2013-11-19,78.236,0,0,0,NA,0,0,0.02,0,0,2.32,0,330.55,0,NA,0,0,0
2013-11-20,53.383,0,0,0,NA,0,0,0,0,0,0,0,329.432,0,NA,0,0,0
2013-11-21,0,0,0,0,NA,32.503,0,0,342.571,0,0,0,326.582,0,NA,0,0,0
2013-11-22,70.307,0,0,0,NA,63.399,0,0,349.41,0,0,0,290.897,0,NA,0,0,0
2013-11-23,0,0,0,0,NA,37.891,0,0,0,0,0,0,292.47,0,NA,0,0,0
2013-11-24,0,0,0,0,NA,33.628,0,0,0,0,0,0,373.24,0,NA,0,0,0
2013-11-25,64.505,0,0,0,NA,49.673,0,0,183.068,0,29.162,0,370.175,0,NA,0,0,0
2013-11-26,0,0,0,0,NA,86.293,0,0,349.277,0,19.891,45.684,330.51,0,NA,0,0,0
2013-11-27,51.51,0,0,0,NA,102.529,0,0,352.101,0,116.514,66.487,319.508,0,NA,0,0,0
2013-11-28,0,0,0,0,NA,53.775,0,0,0,0,184.474,66.938,272.681,0,NA,0,0,0
2013-11-29,0,0,0,0,NA,14.806,0,0,0,0,183.844,66.293,243.9,0,NA,0,0,0
2013-11-30,0,0,0,0,NA,44.301,0,0,0,0,99.629,49.985,246.315,0,NA,0,0,0
2013-12-01,0,0,0,0,NA,16.715,0,0,0,0,26.482,40.306,213.986,0,NA,0,0,0
2013-12-02,65.589,0,0,0,NA,28.758,0,0,0,0,22.526,28.081,190.944,0,NA,0,0,0
2013-12-03,118.774,0,0,0,NA,0,0,0,0,0,27.536,31.827,271.929,0,NA,0,0,0
2013-12-04,0,0,0,0,NA,0,0,0,0,0,22.394,33.962,199.574,0,NA,0,0,0
2013-12-05,0,0,0,0,NA,44.442,0,0,346.124,0,5.947,24.557,198.12,0,NA,0,0,0
2013-12-06,0,0,0,0,NA,0,0,0,348.158,0,19.573,7.834,239.275,0,NA,0,0,0
2013-12-07,0,0,0,0,NA,98.067,0,0,0,0,24.586,38.354,232.536,0,NA,0,0,0
2013-12-08,0,0,0,0,NA,120.761,0,0,0,0,22.076,3.416,199.799,0,NA,0,0,0
2013-12-09,0,0,0,0,NA,27.515,0,0,333.018,0,0,18.102,223.313,0,NA,0,0,0
2013-12-10,0,0,0,0,NA,116.561,0,0,340.211,0,65.305,15.979,240.784,0,NA,0,0,0
2013-12-11,0,0,0,0,NA,131.418,0,0,350.589,0,0,29.655,241.962,0,NA,0,0,0
2013-12-12,0,0,0,0,NA,74.019,0,0,351.168,0,0,38.275,225.275,0,NA,0,0,0
2013-12-13,0,0,0,0,NA,33.394,0,0,350.21,0,64.041,29.994,108.619,0,NA,0,0,0
2013-12-14,0,0,0,0,NA,19.539,0,0,0,0,95.373,0,196.728,0,NA,0,0,0
2013-12-15,0,0,0,0,NA,0,0,0,0,0,96.186,25.02,210.844,0,NA,0,0,0
2013-12-16,0,0,0,0,NA,0,0,0,304.952,0,243.714,25.636,200.3,0,NA,0,0,0
2013-12-17,0,0,0,0,NA,26.597,0,0,350.3,0,83.481,18.575,304.779,0,NA,0,0,0
2013-12-18,0,0,0,0,NA,78.518,0,0,343.897,0,92.714,8.808,250.388,0,NA,0,0,0
2013-12-19,0,0,0,0,NA,88.103,0,0,283.168,0,208.125,0,245.275,0,NA,0,0,0
2013-12-20,0,0,0,0,NA,126.087,0,0,101.368,0,169.387,22.262,241.962,0,NA,0,0,0
2013-12-21,0,0,0,0,NA,82.285,0,0,0,0,90.255,0,225.859,0,NA,0,0,0
2013-12-22,0,0,0,0,NA,116.632,0,0,0,0,92.317,0,216.258,0,NA,0,0,0
2013-12-23,0,0,0,0,NA,38.306,0,0,0,0,19.274,0,244.81,0,NA,0,0,0
2013-12-24,0,0,0,0,NA,19.882,0,0,0,0,35.044,34.572,262.915,0,NA,0,0,0
2013-12-25,0,0,0,0,NA,31.438,0,0,0,0,35.303,0.488,237.681,0,NA,0,0,0
2013-12-26,0,0,0,0,NA,0,0,0,0,0,1.186,0,214.531,0,NA,0,0,0
2013-12-27,0,0,0,0,NA,0,0,0,0,0,0,27.652,215.112,0,NA,0,0,0
2013-12-28,0,0,0,0,NA,0,0,0,0,0,0,0,213.517,0,NA,0,0,0
2013-12-29,0,0,0,0,NA,32.752,0,0,0,0,0,0,213.354,0,NA,0,0,0
2013-12-30,0,0,0,0,NA,22.399,0,0,0,0,0,10.842,246.882,0,NA,0,0,0
2013-12-31,0,0,0,0,NA,103.998,0,0,0,0,0,18.809,270.675,0,NA,0,0,0
2014-01-01,0,0,0,0,NA,116.089,0,0,0,0,0,0,267.777,0,NA,0,0,0
2014-01-02,0,0,0,0,NA,0,0,0,0,0,0,0,265.186,0,NA,0,0,0
2014-01-03,0,0,0,0,NA,63.168,0,0,0,0,0,37.064,259.238,0,NA,0,0,0
2014-01-04,0,0,0,0,NA,0,0,0,0,0,0,0,191.61,0,NA,0,0,0
2014-01-05,0,0,0,0,NA,0,0,0,0,0,0,0,236.299,0,NA,0,0,0
2014-01-06,0.049,0,0,0,NA,2.803,0,0.025,0,0,0,10.027,199.686,0,NA,0,0,0
2014-01-07,0,0,0,0,NA,66.467,0,0,0,0,0,0,206.456,0,NA,0,0,0
2014-01-08,0,0,0,0,NA,0,0,0,0,0,0,0,282.741,0,NA,0,0,0
2014-01-09,0,0,0,0,NA,19.781,0,0,0,0,0,0,314.217,0,NA,0,0,0
2014-01-10,0,0,0,0,NA,0,0,0,601.812,0,0,0,312.902,0,NA,0,0,0
2014-01-11,0,0,0,0,NA,4.665,0,0,933.597,0,76.472,0,311.675,0,NA,0,0,0
2014-01-12,0,0,0,0,NA,121.783,0,0,639.282,0,187.295,0,313.332,0,NA,0,0,0
2014-01-13,0,0,0,0,NA,131.666,0,0,0,0,471.645,0,277.096,0,NA,0,0,0
2014-01-14,0,0,0,0,NA,48.417,0,0,0,0,391.735,2.851,257.848,0,NA,0,0,0
2014-01-15,0,0,0,0,NA,58.278,0,0,0,0,215.725,0,259.433,0,NA,0,0,0
2014-01-16,0,0,0,0,NA,42.891,0,0,0,0,0,0,262.809,0,NA,0,0,0
2014-01-17,0,0,0,0,NA,0,0,0,0,0,0,0,262.104,0,NA,0,0,0
2014-01-18,0,0,0,0,NA,0,0,0,0,0,0,0,263.769,0,NA,0,0,0
2014-01-19,0,0,0,0,NA,78.695,0,0,0,0,0,0,260.856,0,NA,0,0,0
2014-01-20,0,0,0,0,NA,58.433,0,0,0,0,0,0,286.087,0,NA,0,0,0
2014-01-21,0,0,0,0,NA,0,0,0,0,0,0,0,308.051,0,NA,0,0,0
2014-01-22,0,0,0,0,NA,54.043,0,0,0,0,0,0,250.599,0,NA,0,0,0
2014-01-23,0,0,0,0,NA,41.431,0,0,0,0,0,0,291.181,0,NA,0,0,0
2014-01-24,0,0,0,0,NA,0,0,0,0,0,0,0,298.66,0,NA,0,0,0
2014-01-25,33.368,0,0,0,NA,0,0,0,0,0,0,0,292.277,0,NA,0,0,0
2014-01-26,12.43,0,0,0,NA,0,0,0,0,0,0,0,256.251,0,NA,0,0,0
2014-01-27,0,0,0,0,NA,27.022,0,0,0,0,0,0,219.538,0,NA,0,0,0
2014-01-28,87.664,0,0,0,NA,19.397,0,0,0,0,0,0,244.365,0,NA,0,0,0
2014-01-29,0,0,0,0,NA,19.121,0,0,218.035,0,2.401,0,365.433,0,NA,0,0,0
2014-01-30,0,0,0,0,NA,122.093,0,0,1586.51,0,44.246,0.251,311.611,0,NA,0,0,0
2014-01-31,0,0,0,0,NA,1072.457,0,0,2917.839,0,914.904,0,707.811,0,NA,0,0,0
2014-02-01,0,0,0,0,NA,1510.884,0,0,2776.655,0,1786.896,0,325.904,0,NA,0,0,0
2014-02-02,0,0,0,0,NA,551.441,0,0,1695.434,0,1939.384,0,397.059,0,NA,0,0,0
2014-02-03,0,0,0,0,NA,226.281,0,0,859.213,0,1869.478,47.098,530.521,0,NA,0,0,0
2014-02-04,0,0,0,0,NA,228.5,0,0,534.093,0,1106.126,205.491,176.089,0,NA,0,0,0
2014-02-05,0,0,0,0,NA,224.028,0,0,826.596,0,680.706,204.908,1033.727,0,NA,0,0,0
2014-02-06,10.001,0,0,0,NA,125.924,0,0,698.093,0,718.759,204.553,1102.274,0,NA,0,0,0
2014-02-07,120.367,0,0,0,NA,50.706,0,0,811.465,0,530.927,205.491,980.385,0,NA,0,0,0
2014-02-08,212.046,0,0,0,NA,46.355,0,0,358.634,0,479.191,205.879,1141.816,0,NA,0,0,0
2014-02-09,481.279,0,0,0,NA,55.829,0,0,0,0,373.1,181.234,1246.535,0,NA,0,0,0
2014-02-10,304.592,0,0,0,NA,0,0,0,498.509,0,237.388,101.402,1223.655,0,NA,0,0,0
2014-02-11,303.726,0,0,0,NA,0,0,0,27.371,0,123.104,68.35,1221.976,0,NA,0,0,0
2014-02-12,304.406,0,0,0,NA,25.835,0,0,75.367,0,180.142,36.625,1603.944,0,NA,0,0,0
2014-02-13,231.397,0,0,0,NA,0,0,0,667.975,0,95.552,0,1384.222,0,NA,0,0,0
2014-02-14,159.4,0,0,0,NA,31.359,0,0,0,0,384.275,56.431,1643.281,0,NA,0,339,0
2014-02-15,0,0,0,0,NA,0,0,0,0,0,148.63,68.09,1236.013,0,NA,0,686,0
2014-02-16,0,0,0,0,NA,0,0,0,0,0,55.528,68.135,1358.122,0,NA,0,679,0
2014-02-17,0,0,0,0,NA,0,0,0,0,0,0,64.843,1226.824,0,NA,0,672,0
2014-02-18,0,0,0,0,NA,23.905,0,0,0,0,0,0,1334.34,0,NA,0,542,0
2014-02-19,0,0,0,0,NA,10.913,0,0,0,0,0,0,1354.899,0,NA,0,255,0
2014-02-20,0,0,0,0,NA,23.175,0,0,0,0,0,0,1517.718,0,NA,0,257,0
2014-02-21,0,0,0,0,NA,0,0,0,0,0,0,0,1288.312,0,NA,0,256,0
2014-02-22,0,0,0,0,NA,37.992,0,0,0,0,36.155,27.728,1114.082,0,NA,0,257,0
2014-02-23,0,0,0,0,NA,81.109,0,0,0,0,178.694,53.176,1129.196,0,NA,0,260,0
2014-02-24,0,0,0,0,NA,19.278,0,0,512.955,0,24.056,16.345,1064.355,0,NA,0,260,0
2014-02-25,158.959,0,0,0,NA,28.945,0,0,0,0,0,67.964,1030.161,0,NA,0,260,0
2014-02-26,273.79,0,0,0,NA,0.737,0,0,0,0,0,33.106,1394.251,0,NA,0,257,0
2014-02-27,277.222,0,0,0,NA,16.725,0,0,0,0,10.322,22.101,1117.834,0,NA,0,257,0
2014-02-28,276.979,0,0,0,NA,14.984,0,0,0,0,7.835,41.659,1084.041,0,NA,0,256,0
2014-03-01,306.135,0,0,0,NA,26.279,0,0,0,0,0,0,1085.98,0,NA,0,255,0
2014-03-02,609.21,0,0,0,NA,0,0,0,0,0,23.241,17.06,1079.258,0,NA,0,253,0
2014-03-03,102.89,0,0,0,NA,15.451,0,0,0,0,17.365,10.662,1159.876,0,NA,0,252,0
2014-03-04,0,0,0,0,NA,0,0,0,0,0,6.581,0,1177.572,0,NA,0,252,0
2014-03-05,23.351,0,0,0,NA,18.772,0,0,0,0,0,0,1006.587,0,NA,0,250,0
2014-03-06,0,0,0,0,NA,17.981,0,0,729.09,0,0,0,733.071,0,NA,0,249,0
2014-03-07,0,0,0,0,NA,23.997,0,0,87.533,0,21.062,0,886.115,0,NA,0,251,0
2014-03-08,0,0,0,0,NA,0,0,0,0,0,184.077,0,765.605,0,NA,0,250,0
2014-03-09,56.324,0,0,0,NA,18.435,0,0,0,0,86.753,0,551.293,0,NA,0,249,0
2014-03-10,0,0,0,0,NA,0,0,0,0,0,54.925,0,607.519,0,NA,0,248,0
2014-03-11,0,0,0,0,NA,17.321,0,0,0,0,24.816,0,590.454,0,NA,0,247,0
2014-03-12,0,0,0,0,NA,0,0,0,0,0,0,0,596.054,0,NA,0,245,0
2014-03-13,36.697,0,0,0,NA,0,0,0,0,0,0,0,528.259,0,NA,0,246,0
2014-03-14,0,0,0,0,NA,19.467,0,0,0,0,0,0,454.594,0,NA,0,244,0
2014-03-15,0,0,0,0,NA,0,0,0,0,0,0,0,598.994,0,NA,0,243,0
2014-03-16,52.912,0,0,0,NA,0,0,0,0,0,0,0,634.192,0,NA,0,240,0
2014-03-17,35.285,0,0,0,NA,0,0,0,0,0,0,0,633.724,0,NA,0,238,0
2014-03-18,0,0,0,0,NA,21.996,0,0,0,0,0,0,889.312,0,NA,0,132,0
2014-03-19,42.075,0,0,0,NA,27.687,0,0,0,0,0,31.632,1100.747,0,NA,0,0,0
2014-03-20,52.493,0,0,0,NA,79.909,0,0,0,0,0,0,978.96,0,NA,0,0,0
2014-03-21,64.423,0,0,0,NA,18.48,0,0,0,0,0,0,883.46,0,NA,0,0,0
2014-03-22,0,0,0,0,NA,35.679,0,0,0,0,0,0,875.451,0,NA,0,0,0
2014-03-23,24.657,0,0,0,NA,0,0,0,0,0,0,0,946.832,0,NA,0,0,0
2014-03-24,0,0,0,0,NA,33.471,0,0,297.075,0,0,0,1095.938,0,NA,0,0,0
2014-03-25,0,0,0,0,NA,72.295,0,0,588.628,0,0,13.823,1364.927,0,NA,0,0,0
2014-03-26,25.167,0,0,0,NA,127.781,0,0,0,0,0,60.461,1063.664,0,NA,0,0,0
2014-03-27,73.694,0,0,0,NA,184.168,0,0,0,0,0,0,1011.174,0,NA,0,0,0
2014-03-28,25.751,0,0,0,NA,74.415,0,0,162.797,0,0,0,1252.913,0,NA,0,0,0
2014-03-29,0,0,0,0,NA,19.969,0,0,0,0,0,0,993.342,0,NA,0,0,0
2014-03-30,0,0,0,0,NA,83.895,0,0,0,0,0,0,820.831,0,NA,0,0,0
2014-03-31,0,0,0,0,NA,14.918,0,0,0,0,24.404,0,978.857,0,NA,0,0,0
2014-04-01,66.601,0,0,0,NA,0,0,0,0,0,0,0,973.069,0,NA,0,0,0
2014-04-02,40.071,0,0,0,NA,0,0,0,0,0,0,0,1201.816,0,NA,0,0,0
2014-04-03,44.845,0,0,0,NA,43.497,0,0,0,0,0,0,1057.053,0,NA,0,0,0
2014-04-04,64.674,0,0,0,NA,24.838,0,0,0,0,0,0,1219.786,0,NA,0,0,0
2014-04-05,41.424,0,0,0,NA,0,0,0,0,0,0,0,1309.809,0,NA,0,0,0
2014-04-06,0,0,0,0,NA,0,0,0,0,0,0,0,1268.741,0,NA,0,0,0
2014-04-07,86.083,0,0,0,NA,0,0,0,0,0,0,0,1272.243,0,NA,0,0,0
2014-04-08,67.468,0,0,0,NA,0,0,0,210.799,0,0,0,1333.729,0,NA,0,0,0
2014-04-09,40.201,110.534,0,0,NA,12.104,0,0,85.113,0,0,0,1272.96,0,NA,0,0,0
2014-04-10,65.743,220.347,7.572,0,NA,0,0,0,360.17,0,0,0,1262.281,0,NA,0,0,0
2014-04-11,44.24,150.764,0,0,NA,0,0,0,119.418,0,0,0,1279.168,0,NA,0,0,0
2014-04-12,30.676,0,0,0,NA,0,0,0,346.848,0,0,0,1455.422,0,NA,0,0,0
2014-04-13,0,0,0,0,NA,0,0,0,358.846,0,0,0,1190.712,0,NA,0,0,0
2014-04-14,0,0,0,0,NA,0,0,0,396.847,0,55.128,0,1316.581,0,NA,0,0,0
2014-04-15,0,0,0,0,NA,0,0,0,349.237,0,23.885,0,1262.173,0,NA,0,0,0
2014-04-16,0,0,0,0,NA,0,0,0,344.783,0,46.192,0,1299.544,0,NA,0,0,0
2014-04-17,0,0,0,0,NA,13.866,0,0,335.866,0,27.509,0,1245.385,0,NA,0,0,0
2014-04-18,0,0,0,0,NA,0,0,0,354.723,0,0,0,1230.69,0,NA,0,0,0
2014-04-19,0,0,0,0,NA,0,0,0,783.271,0,0,0,1250.981,0,NA,0,0,0
2014-04-20,0,0,0,0,NA,0,0,0,148.567,0,82.947,0,1252.087,0,NA,0,0,0
2014-04-21,0.5,0,0,0,NA,0,0,0,195.291,0,172.185,0,1153.777,0,NA,0,0,0
2014-04-22,29.327,0,0,0,NA,0,0,0,0,0,101.173,0,1127.805,0,NA,0,0,0
2014-04-23,0,0,0,0,NA,0,0,0,0,0,25.511,0,1127.493,0,NA,0,0,0
2014-04-24,34.646,156.633,0,0,NA,0,0,0,389.629,0,1.582,63.301,1124.871,0,NA,0,0,0
2014-04-25,22.793,252.503,0,0,NA,14.982,0,0,390.904,0,26.588,72.978,1101.322,0,NA,0,0,0
2014-04-26,0,265.309,0,0,NA,0,0,0,425.673,0,0,42.702,1072.725,0,NA,0,0,0
2014-04-27,0,74.84,0,0,NA,0,0,0,417.228,0,0,0,854.608,0,NA,0,0,0
2014-04-28,0,0,0,0,NA,0,0,0,394.96,0,0,0,501.906,0,NA,0,0,0
2014-04-29,31.81,186.95,0,0,NA,0,0,0,379.829,0,0,0,480.347,0,NA,0,0,0
2014-04-30,46.116,260.328,0,0,NA,0,0,0,449.017,0,0,0,481.84,0,NA,0,0,0
2014-05-01,56.444,233.16,0,0,NA,0,0,0,529.568,0,32.382,0,443.763,0,NA,0,0,0
2014-05-02,28.267,133.226,0,0,NA,0,0,0,551.055,0,0,0,923.149,0,NA,0,0,0
2014-05-03,0,0,0,0,NA,0,0,0,575.774,0,0,0,1163.794,0,NA,0,0,0
2014-05-04,0,0,0,0,NA,0,0,0,699.365,0,0,0,1477.859,0,NA,0,0,0
2014-05-05,41.172,0,0,0,NA,0,0,0,792.926,0,0,0,975.211,0,NA,0,0,0
2014-05-06,32.033,0,0,0,NA,61.523,0,0,704.677,0,0,0,1189.687,0,NA,0,0,0
2014-05-07,55.593,0,0,0,NA,23.493,0,0,762.651,0,0,0,1220.539,0,NA,0,0,0
2014-05-08,34.718,0,0,0,NA,0,0,0,755.844,0,0,0,1219.853,0,NA,0,0,0
2014-05-09,0,0,0,0,NA,0,0,0,772.391,0,0,0,1563.622,0,NA,0,0,0
2014-05-10,0,0,0,0,NA,0,0,0,818.326,0,0,0,1365.299,0,NA,0,0,0
2014-05-11,0,0,0,0,NA,0,0,0,829.184,0,0,0,1247.725,0,NA,0,0,0
2014-05-12,59.148,0,0,0,NA,31.443,0,0,824.023,0,24.497,0,1234.7,0,NA,0,0,0
2014-05-13,52.803,0,0,0,NA,0,0,0,780.765,0,0,0,1508.438,0,NA,0,0,0
2014-05-14,0,0,0,0,NA,0,0,0,822.021,0,0,0,1373.391,0,NA,0,0,0
2014-05-15,0,0,0,0,NA,0,0,0,843.256,0,0,0,1554.603,0,NA,0,0,0
2014-05-16,0,0,0,0,NA,80.952,0,0,846.471,0,37.83,0,1384.957,0,NA,0,0,0
2014-05-17,0,0,0,0,NA,73.672,0,0,842.344,0,75.648,0,1506.239,0,NA,0,0,0
2014-05-18,0,0,0,0,NA,108.721,0,0,837.99,0,67.168,0,1267.176,0,NA,0,0,0
2014-05-19,0,0,0,0,NA,112.008,0,0,835.718,0,32.827,0,1096.237,0,NA,0,0,0
2014-05-20,0,0,0,0,NA,135.929,0,0,830.975,0,19.287,0,1105.278,0,NA,0,0,0
2014-05-21,0,0,0,0,NA,157.776,0,0,780.447,0,0,0,1058.429,0,NA,0,0,0
2014-05-22,0,0,0,0,NA,85.866,0,0,747.621,0,0,0,660.782,0,NA,0,0,0
2014-05-23,66.978,80.341,0,0,NA,71.734,0,0,762.26,0,0,0,877.278,0,NA,0,0,0
2014-05-24,62.82,152.382,0,0,NA,87.328,0,0,481.752,0,0,0,706.036,0,NA,0,0,0
2014-05-25,0,155.614,0,0,NA,67.362,0,0,731.272,0,0,0,536.198,0,NA,0,0,0
2014-05-26,0,167.13,0,0,NA,44.524,0,0,740.278,0,0,0,444.165,0,NA,0,0,0
2014-05-27,0,163.861,0,0,NA,40.124,0,0,745.682,0,25.927,0,530.222,0,NA,0,0,0
2014-05-28,44.076,163.762,0,0,NA,45.888,0,0,757.647,0,0,0,436.501,0,NA,0,0,0
2014-05-29,64.01,67.58,0,0,NA,82.151,0,0,774.66,0,0,0,415.461,0,NA,0,0,0
2014-05-30,24.291,0,0,0,NA,139.71,0,0,935.834,0,0,0,342.686,0,NA,0,0,0
2014-05-31,0,0,0,0,NA,243.224,0,0,841.474,0,0,0,187.599,0,NA,0,0,0
2014-06-01,35.346,0,0,0,NA,244.2,0,0,838.31,0,0,0,491.036,0,NA,0,0,0
2014-06-02,0,0,0,0,NA,320.679,0,0,844.167,0,0,0,414.658,0,NA,0,0,0
2014-06-03,37.934,0,0,0,NA,167.214,0,0,845.792,0,0,0,418.72,0,NA,0,0,0
2014-06-04,26.332,0,0,0,NA,215.763,0,0,742.854,0,0,0,247.006,0,NA,0,0,0
2014-06-05,42.878,0,0,0,NA,156.211,0,0,759.42,0,0,0,328.45,0,NA,0,0,0
2014-06-06,40.186,0,0,0,NA,91.401,0,0,833.821,0,0,0,251.908,0,NA,0,0,0
2014-06-07,44.83,0,0,0,NA,82.034,0,0,830.45,0,0,0,281.648,0,NA,0,0,0
2014-06-08,56.23,0,0,0,NA,53.936,0,0,832.474,0,0,0,138.247,0,NA,0,0,0
2014-06-09,71.875,0,0,0,NA,39.525,0,0,815.14,0,25.92,0,485.042,0,NA,0,0,0
2014-06-10,90.409,0,NA,0,NA,39.298,0,0,743.715,0,0,0,357.005,0,NA,0,0,0
2014-06-11,35.964,0,NA,0,NA,27.988,0,0,846.878,0,0,0,600.087,0,NA,0,0,0
2014-06-12,0,0,NA,0,NA,158.373,0,0,881.5,0,89.042,44.855,827.784,0,NA,0,0,0
2014-06-13,0,0,NA,0,NA,56.629,0,0,1805.089,0,172.439,98.607,668.123,0,NA,0,0,0
2014-06-14,0,0,NA,0,NA,192.857,0,0,2380.491,0,385.67,233.037,1109.295,0,NA,0,0,0
2014-06-15,0,0,NA,0,NA,900.44,0,0,1784.712,0,727.623,284.855,1018.867,0,NA,0,0,0
2014-06-16,0,0,NA,0,NA,629.592,0,0,1489.036,0,797.21,290.3,1375.102,0,NA,0,0,0
2014-06-17,0,0,NA,0,NA,616.367,0,0,962.528,0,663.345,284.238,1565.06,0,NA,0,0,0
2014-06-18,111.408,0,NA,0,NA,342.111,0,0,1408.915,0,591.924,225.362,1399.65,0,NA,0,0,0
2014-06-19,197.445,0,NA,0,NA,425.554,0,0,2505.475,0,666.573,260.8,1398.537,0,NA,0,0,0
2014-06-20,310.334,0,NA,0,NA,433.705,0,0,2306.853,0,675.323,255.142,1514.071,0,NA,0,0,0
2014-06-21,456.127,0,NA,0,NA,451.616,0,0,1614.559,0,861.778,248.041,2181.204,0,NA,0,0,0
2014-06-22,570.836,0,NA,0,NA,343.76,0,0,1225.265,0,1184.323,215.27,1740.754,0,NA,0,0,0
2014-06-23,570.611,0,NA,0,NA,235.382,0,0,1168.66,0,668.617,205.859,1724.914,0,NA,0,0,0
2014-06-24,522.684,0,NA,0,NA,196.316,0,0,1080.798,0,507.093,221.08,1464.215,0,NA,0,0,307
2014-06-25,478.519,0,NA,0,NA,157.448,0,0,906.38,0,289.286,214.273,1484.007,0,NA,0,0,457
2014-06-26,474.074,0,NA,0,NA,114.664,0,0,836.768,0,332.55,148.58,1386.795,0,NA,0,0,446
2014-06-27,475.731,0,NA,0,NA,149.664,0,0,1243.557,0,185.339,117.766,950.057,0,NA,0,0,442
2014-06-28,720.718,0,NA,0,NA,136.025,0,0,1065.426,0,167.774,72.176,1465.476,0,NA,0,0,436
2014-06-29,719.006,0,NA,0,NA,80.157,0,0,846.976,0,179.43,72.44,1561.678,0,NA,0,0,432
2014-06-30,475.16,0,NA,0,NA,88.555,0,0,843.493,0,88.546,72.473,1631.145,0,NA,0,0,429
2014-07-01,474.959,0,NA,0,NA,20.784,0,0,837.723,0,33.325,72.289,1782.421,0,NA,0,0,423
2014-07-02,336.413,0,NA,0,NA,29.591,0,0,831.859,0,16.455,5.466,1684.582,0,NA,0,0,418
2014-07-03,186.18,0,NA,0,NA,17.438,0,0,822.486,0,33.496,0,1839.237,0,NA,0,0,413
2014-07-04,0,0,NA,0,NA,81.259,0,0,827.35,0,40.68,0,1636.661,0,NA,0,0,412
2014-07-05,0,0,NA,0,NA,156.318,0,0,826.378,0,79.504,67.64,983.948,0,NA,0,0,420
2014-07-06,0,0,NA,0,NA,5.594,0,0,834.527,0,141.528,56.444,1205.231,0,NA,0,0,424
2014-07-07,128.001,0,NA,0,NA,8.121,0,0,837.266,0,23.844,0,1207.425,0,NA,0,0,425
2014-07-08,299.586,0,NA,0,NA,104.594,0,0,835.608,0,22.868,89.245,1531.933,0,NA,0,0,423
2014-07-09,336.991,0,NA,0,NA,195.242,0,0,1393.345,0,62.442,93.745,1900.017,0,NA,0,0,424
2014-07-10,167.841,0,NA,0,NA,233.161,0,0,516.356,0,133.028,129.811,1824.897,0,NA,172,0,415
2014-07-11,22.346,0,NA,0,NA,205.961,0,0,731.277,0,442.026,167.676,1443.984,0,NA,297,0,409
2014-07-12,330.15,0,NA,0,NA,229.93,0,0,0,0,153.758,201.504,2042.217,0,NA,294,0,404
2014-07-13,482.012,0,NA,0,NA,116.256,0,0,0,0,0,144.473,1711.19,0,NA,291,0,397
2014-07-14,170.065,0,NA,0,NA,67.834,0,0,651.294,0,397.745,144.457,1926.446,0,NA,289,0,397
2014-07-15,101.873,0,NA,0,NA,65.882,0,0,491.186,0,278.939,141.513,2214.166,0,NA,291,0,402
2014-07-16,149.753,0,NA,0,NA,257.514,0,0,1214.685,0,272.233,153.592,2847.28,0,NA,293,0,407
2014-07-17,115.165,0,NA,0,NA,542.002,0,0,1768.246,0,571.074,215.851,2795.314,0,NA,380,0,410
2014-07-18,261.402,0,NA,0,NA,323.417,0,0,1057.589,0,849.763,207.912,2845.198,0,NA,555,0,405
2014-07-19,262.848,0,NA,0,NA,183.419,0,0,419.418,0,898.423,174.569,3501.003,0,NA,554,0,402
2014-07-20,262.995,0,NA,0,NA,149.178,0,0,256.117,0,738.305,161.002,3349.054,0,NA,554,0,401
2014-07-21,261.389,0,NA,0,NA,87.99,0,0,129.124,0,580.402,175.923,3456.269,0,NA,580,0,403
2014-07-22,126.971,0,NA,0,NA,90.757,0,0,445.808,0,430.814,163.511,3799.013,0,NA,595,0,410
2014-07-23,261.515,0,NA,0,NA,105.836,0,0,0,0,307.12,172.649,4028.854,0,NA,581,0,410
2014-07-24,263.347,0,NA,0,NA,18.468,0,0,294.883,0,200.72,141.418,4395.602,0,NA,561,0,405
2014-07-25,263.422,0,NA,0,NA,34.313,0,0,0,0,189.275,92.088,4564.675,0,NA,554,0,401
2014-07-26,264.444,0,NA,0,NA,45.669,0,0,455.159,0,188.253,111.608,4333.946,0,NA,545,0,396
2014-07-27,112.574,0,NA,0,NA,14.054,0,0,588.513,0,112.717,98.401,4014.148,0,NA,539,0,392
2014-07-28,0,0,NA,0,NA,9.543,0,0,203.329,0,109.088,133.56,3856.239,0,NA,532,0,389
2014-07-29,143.421,0,NA,0,NA,0,0,0,0,0,39.947,126.496,4139.601,0,NA,204,0,154
2014-07-30,75.171,0,NA,0,NA,76.542,0,0,0,0,93.138,113.016,3530.168,0,NA,0,0,0
2014-07-31,66.152,0,NA,0,NA,24.877,0,0,240.115,0,124.638,112.276,3951.293,0,NA,0,0,0
2014-08-01,205.691,0,NA,0,NA,110.869,0,0,843.839,0,185.439,89.56,4111.203,0,NA,0,0,0
2014-08-02,177.588,0,NA,0,NA,116.196,0,0,837.821,0,181.735,94.951,4085.946,0,NA,0,0,0
2014-08-03,207.402,0,NA,0,NA,220.62,0,0,830.342,0,184.473,155.771,3656.656,0,NA,0,0,0
2014-08-04,210.125,0,NA,0,NA,364.569,0,0,1513.332,0,423.781,249.633,3325.718,0,NA,0,0,0
2014-08-05,179.466,0,NA,0,NA,600.897,0,0,2198.065,0,666.351,244.098,3897.825,0,NA,0,319,0
2014-08-06,242.683,0,NA,0,NA,805.89,0,0,1449.237,0,1316.75,240.324,3332.411,0,NA,0,460,0
2014-08-07,317.781,0,NA,0,NA,614.111,0,0,837.982,0,1173.719,251.26,3163.93,0,NA,0,458,0
2014-08-08,157.326,0,NA,0,NA,596.263,0,0,1220.791,0,662.614,220.579,3169.14,0,NA,0,462,0
2014-08-09,251.269,0,NA,0,NA,559.421,0,0,847.926,0,493.399,232.849,3611.875,0,NA,0,464,0
2014-08-10,394.573,0,NA,0,NA,497.53,0,0,836.426,0,354.34,172.951,3579.563,0,NA,0,464,0
2014-08-11,395.445,0,NA,0,NA,378.629,0,0,822.633,0,457.663,160.254,3183.675,0,NA,0,463,0
2014-08-12,396.167,0,NA,0,NA,340.59,0,0,819.512,0,360.053,113.318,3433.265,0,NA,0,460,0
2014-08-13,396.12,0,NA,0,NA,283.807,0,0,753.403,0,292.96,152.852,3030.695,0,NA,0,458,0
2014-08-14,395.228,0,NA,0,NA,292.359,0,0,741.729,0,302.759,209.552,3403.568,0,NA,0,457,0
2014-08-15,340.107,0,NA,0,NA,268.944,0,0,722.093,0,321.321,264.14,3118.063,0,NA,0,458,0
2014-08-16,350.616,0,NA,0,NA,322.528,0,0,800.461,0,496.949,197.061,4042.036,0,NA,0,459,0
2014-08-17,399.041,0,NA,0,NA,326.551,0,0,836.871,0,461.33,199.652,4449.524,0,NA,0,462,0
2014-08-18,257.085,0,NA,0,NA,235.652,0,0,832.697,0,351.3,269.996,4943.379,0,NA,0,463,0
2014-08-19,361.713,0,NA,0,NA,205.431,0,0,799.891,0.504,342.717,276.378,5100.502,0,NA,0,462,0
2014-08-20,402.045,0,NA,0,NA,221.474,0,0,739.406,0,284.261,284.542,4929.941,0,NA,0,460,0
2014-08-21,370.156,0,NA,0,NA,251.598,0,0,711.893,0,339.871,291.074,4723.399,0,NA,0,460,0
2014-08-22,364.98,0,NA,0,NA,237.973,0,0,724.047,0,302.733,278.125,4550.929,0,NA,0,460,0
2014-08-23,489.325,0,NA,0,NA,193.338,0,0,760.009,0,280.46,276.989,4295.519,0,NA,0,458,0
2014-08-24,491.661,0,NA,0,NA,158.442,0,0,793.01,0,270.578,258.11,3713.478,0,NA,0,456,0
2014-08-25,304.792,0,NA,0,NA,156.317,0,0,797.974,0,346.709,261.505,3594.511,0,NA,0,456,0
2014-08-26,275.889,0,NA,0,NA,172.16,0,0,757.599,0,293.605,279.559,3332.188,0,NA,0,459,0
2014-08-27,269.391,0,NA,0,NA,156.459,0,0,712.987,0,314.678,250.359,2678.119,0,NA,0,458,0
2014-08-28,267.396,0,NA,0,NA,173.274,0,0,723.712,0,364.72,256.16,2545.26,0,NA,0,247,0
2014-08-29,270.018,0,NA,0,NA,149.997,0,0,482.572,0,345.113,254.675,2283.89,0,NA,0,0,0
2014-08-30,203.762,0,NA,0,NA,183.865,0,0,506.563,0,367.508,232.588,1944.998,0,NA,0,0,0
2014-08-31,130.433,0,NA,0,NA,123.057,0,0,344.747,0,299.052,185.042,1370.708,0,NA,0,0,0
2014-09-01,55.278,0,NA,0,NA,88.08,0,0,341.798,0,287.851,140.218,822.262,0,NA,0,0,0
2014-09-02,0,0,NA,0,NA,177.351,0,0,339.218,0,214.25,122.069,859.15,0,NA,0,0,0
2014-09-03,0,0,NA,0,NA,92.69,0,0,332.218,0,189.446,94.913,820.124,0,NA,0,0,0
2014-09-04,0,0,NA,0,NA,188.448,0,0,327.564,0,108.892,75.453,594.603,0,NA,196,179,253
2014-09-05,0,0,NA,0,NA,144.388,0,0,327.201,0,133.537,69.547,742.627,0,NA,0,0,0
2014-09-06,0,0,NA,0,NA,196.615,0,0,325.78,0,105.376,94.438,659.71,0,NA,0,0,0
2014-09-07,0,0,NA,0,NA,210.595,0,0,317.936,0,183.068,69.96,580.563,0,NA,0,0,0
2014-09-08,12.862,0,NA,0,NA,213.315,0,0,326.246,0,181.828,73.413,624.263,0,NA,0,0,0
2014-09-09,0,0,NA,0,NA,202.186,0,0,333.521,0,128.121,1.559,853.963,0,NA,0,0,0
2014-09-10,0,0,NA,0,NA,203.85,0,0,330.279,0,90.951,69.272,1560.679,0,NA,0,0,0
2014-09-11,0,0,NA,0,NA,228.369,0,0,370.177,0,160.797,67.106,1581.123,0,NA,0,0,0
2014-09-12,11.046,0,NA,0,NA,236.246,0,0,374.38,0,139.284,68.313,1433.196,0,NA,0,0,0
2014-09-13,92.061,0,NA,0,NA,237.048,0,0,602.528,0,173.341,54.15,1489.422,0,NA,0,0,0
2014-09-14,172.892,0,NA,0,NA,238.768,0,0,373.859,0,179.209,89.922,1318.666,0,NA,0,0,0
2014-09-15,239.923,0,NA,0,NA,577.993,0,0,627.232,0,306.957,82.417,1401.8,0,NA,0,0,0
2014-09-16,268.637,0,NA,0,NA,391.855,0,0,401.998,0,225.371,94.887,1306.775,0,NA,0,0,0
2014-09-17,268.355,0,NA,0,NA,372.773,0,0,365.408,0,328.195,112.222,1541.672,0,NA,0,0,0
2014-09-18,268.047,0,NA,0,NA,377.028,0,0,375.088,0,242.788,88.082,755.955,0,NA,0,0,0
2014-09-19,267.187,0,NA,0,NA,337.275,0,0,195.154,0,203.878,80.1,1142.338,0,NA,0,0,0
2014-09-20,271.276,0,NA,0,NA,330.407,0,0,428.059,0,131.541,72.11,1003.115,0,NA,0,0,0
2014-09-21,271.619,0,NA,0,NA,210.263,0,0,689.105,0,130.217,75.303,1035.336,0,NA,0,0,0
2014-09-22,272.171,0,NA,0,NA,205.964,0,0,713.876,0,291.973,193.825,1729.289,0,NA,0,0,0
2014-09-23,271.948,0,NA,0,NA,178.821,0,0,1319.434,0,383.809,264.164,2379.792,0,NA,0,0,0
2014-09-24,274.215,0,NA,0,NA,218.443,0,0,778.817,0,518.632,326.516,2789.893,0,NA,0,0,0
2014-09-25,271.169,0,NA,0,NA,239.113,0,0,301.121,0,660.278,246.375,3496.269,0,NA,0,0,0
2014-09-26,269.857,0,NA,0,NA,199.294,0,0,685.623,0,747.335,183.507,5199.539,0,NA,0,0,0
2014-09-27,273.954,0,NA,0,NA,121.078,0,0,471.04,0,408.214,195.969,7305.807,0,NA,0,0,0
2014-09-28,274.678,0,NA,0,NA,186.724,0,0,0,0,292.397,143.979,7850.409,0,NA,0,0,0
2014-09-29,274.964,0,NA,0,NA,214.577,0,0,475.667,0,255.787,169.947,8386.728,0,NA,0,0,0
2014-09-30,271.789,0,NA,0,NA,390.693,0,0,1345.329,0,589.048,214.763,9048.027,0,NA,0,0,0
2014-10-01,272.409,0,NA,0,NA,541.949,0,0,1720.61,0,586.096,213.491,9413.862,0,NA,0,0,0
2014-10-02,275.884,0,NA,0,NA,889.624,0,0,1286.002,0,642.01,220.576,9154.278,0,NA,0,0,0
2014-10-03,277.066,0,NA,0,NA,1038.239,0,0,825.914,0,694.924,191.51,8835.598,0,NA,0,0,0
2014-10-04,276.581,0,NA,0,NA,776.431,0,0,611.706,0,488.621,133.521,8436.258,0,NA,0,0,0
2014-10-05,496.577,0,NA,0,NA,636.574,0,0,797.508,0,372.665,118.289,7614.725,0,NA,0,0,0
2014-10-06,307.506,0,NA,0,NA,465.941,0,0,619.914,0,252.473,88.392,6875.148,0,NA,0,0,0
2014-10-07,319.685,0,NA,0,NA,455.901,0,0,451.387,0,225.011,83.938,6169.322,0,NA,0,0,0
2014-10-08,206.561,0,NA,0,NA,439.084,0,0,0,0,183.459,76.352,5110.288,0,NA,0,0,0
2014-10-09,309.461,0,NA,0,NA,341.746,0,0,334.189,0,159.017,80.786,4742.285,0,NA,0,0,361
2014-10-10,202.326,0,NA,0,NA,215.992,0,0,177.167,0,89.149,64.04,4039.828,0,NA,0,0,758
2014-10-11,597.343,0,NA,0,NA,137.268,0,0,0,0,78.221,41.495,3471.786,0,NA,0,0,745
2014-10-12,595.658,0,NA,0,NA,96.706,0,0,0,0,77.407,0,3297.269,0,NA,0,0,738
2014-10-13,202.978,0,NA,0,NA,71.948,0,0,0,0,27.032,0,2523.847,0,NA,0,0,734
2014-10-14,65.988,0,NA,0,NA,41.64,0,0,0,0,61.114,0,2525.558,0,NA,0,0,731
2014-10-15,0,0,NA,0,NA,128.522,0,0,153.165,0,79.049,54.591,2171.026,0,NA,0,0,332
2014-10-16,119.135,0,NA,0,NA,48.936,0,0,0,0,2.367,58.061,1660.19,0,NA,0,0,0
2014-10-17,144.184,0,NA,0,NA,0,0,0,0,0,0,0,1124.834,0,NA,0,0,0
2014-10-18,138.091,0,NA,0,NA,14.469,0,0,0,0,0,0,666.2,0,NA,0,0,0
2014-10-19,414.949,0,NA,0,NA,15.601,0,0,0,0,0,24.258,663.328,0,NA,0,0,0
2014-10-20,167.094,0,NA,0,NA,0,0,0,0,0,0,46.286,575.509,0,NA,0,0,0
2014-10-21,134.425,0,NA,0,NA,67.924,0,0,191.68,0,22.97,51.732,721.602,0,NA,0,0,0
2014-10-22,58.518,0,NA,0,NA,70.147,0,0,1760.564,0,0,66.127,791.32,0,NA,0,0,299
2014-10-23,0,0,NA,0,NA,280.553,0,0,828.97,0,735.141,65.503,666.368,0,NA,0,0,536
2014-10-24,129.286,0,NA,0,NA,246.947,0,0,832.332,0,438.031,65.523,662.681,0,NA,0,0,535
2014-10-25,149.921,0,NA,0,NA,118.425,0,0,821.835,0,546.803,13.23,570.307,0,NA,0,0,533
2014-10-26,438.965,0,NA,0,NA,85.547,0,0,816.164,0,431.334,9.077,543.846,0,NA,0,0,530
2014-10-27,145.135,0,NA,0,NA,151.287,0,0,227.07,0,337.583,65.996,494.203,0,NA,0,0,528
2014-10-28,145.435,0,NA,0,NA,167.909,0,0,0,0,100.893,169.017,396.447,0,NA,0,0,526
2014-10-29,25.981,0,NA,0,NA,58.759,0,0,0,0,31.503,185.525,410.281,0,NA,0,0,525
2014-10-30,0,0,NA,0,NA,59.768,0,0,0,0,104.036,95.322,935.576,0,NA,0,0,524
2014-10-31,0,0,NA,0,NA,0,0,0,0,0,0,89.567,222.942,0,NA,0,0,523
2014-11-01,0,0,NA,0,NA,83.395,0,0,0,0,19.255,73.074,381.618,0,NA,0,0,NA
2014-11-02,0,0,NA,0,NA,87.297,0,0,0,0,8.17,66.866,371.883,0,NA,0,0,NA
2014-11-03,0,0,NA,0,NA,27.595,0,0,0,0,13.127,21.815,499.198,0,NA,0,0,208
2014-11-04,0,0,NA,0,NA,75.622,0,0,0,0,18.862,0,429.348,0,NA,0,0,0
2014-11-05,0,0,NA,0,NA,5.703,0,0,33.479,0,0,0,437.543,0,NA,0,0,0
2014-11-06,0,0,NA,0,NA,91.44,0,0,0,0,0,0,452.89,0,NA,0,0,0
2014-11-07,38.589,0,NA,0,NA,0,0,0,0,0,8.989,0,427.934,0,NA,0,0,0
2014-11-08,54.363,0,NA,0,NA,45.866,0,0,0,0,0,0,419.205,0,NA,0,0,0
2014-11-09,23.198,0,NA,0,NA,111.227,0,0,0,0,0,26.047,421.689,0,NA,0,0,0
2014-11-10,0,0,NA,0,NA,55.639,0,0,793.4,0,39.039,84.409,613.548,0,NA,0,0,0
2014-11-11,26.042,0,NA,0,NA,111.715,0,0,0,0,122.355,104.169,474.954,0,NA,0,0,0
2014-11-12,0,0,NA,0,NA,21.769,0,0,0,0,244.041,74.451,245.117,0,NA,0,0,0
2014-11-13,0,0,NA,0,NA,79.699,0,0,0,0,74.642,67.748,357.934,0,NA,0,0,0
2014-11-14,76.553,0,NA,0,NA,77.673,0,0,0,0,133.24,67.295,282.523,0,NA,0,0,0
2014-11-15,0,0,NA,0,NA,63.832,0,0,0,0,58.125,5.028,463.786,0,NA,0,0,0
2014-11-16,0,0,NA,0,NA,65.557,0,0,0,0,65.511,0,470.545,0,NA,0,0,0
2014-11-17,0,0,NA,0,NA,51.984,0,0,0,0,78.151,0,103.687,0,NA,0,0,0
2014-11-18,0,0,NA,0,NA,68.285,0,0,0,0,27.453,52.758,284.55,0,NA,0,0,0
2014-11-19,0,0,NA,0,NA,42.45,0,0,0,0,20.692,26.885,302.46,0,NA,0,0,0
2014-11-20,0,0,NA,0,NA,38.962,0,0,0,0,1.684,0,412.406,0,NA,0,0,0
2014-11-21,85.517,0,NA,0,NA,65.507,0,0,0,0,73.998,0,310.255,0,NA,0,0,0
2014-11-22,0,0,NA,0,NA,40.942,0,0,0,0,41.614,26.122,307.875,0,NA,0,0,0
2014-11-23,0,0,NA,0,NA,34.712,0,0,0,0,11.825,41.484,307.468,0,NA,0,0,0
2014-11-24,63.931,0,NA,0,NA,33.135,0,0,249.796,0,22.652,0,314.95,0,NA,0,0,0
2014-11-25,0,0,NA,0,NA,26.784,0,0,0,0,12.759,0,434.389,0,NA,0,0,0
2014-11-26,0,0,NA,0,NA,50.715,0,0,82.221,0,0.793,0,1356.827,0,NA,0,0,0
2014-11-27,83.615,0,NA,0,NA,36.923,0,0,0,0,0,45.449,1248.619,0,NA,0,0,0
2014-11-28,0,0,NA,0,NA,46.875,0,0,0,0,0,16.192,1271.329,0,NA,0,0,0
2014-11-29,0,0,NA,0,NA,41.397,0,0,0,0,0,0,1372.646,0,NA,0,0,0
2014-11-30,0,0,NA,0,NA,16.475,0,0,0,0,0,0,1433.495,0,NA,0,0,0
2014-12-01,0,0,NA,0,NA,41.229,0,0,0,0,0,5.505,1513.763,0,NA,0,0,0
2014-12-02,0,0,NA,0,NA,0,0,0,0,0,0,32.893,1622.926,0,NA,0,0,0
2014-12-03,52.982,0,NA,0,NA,14.624,0,0,268.619,0,15.734,0,1670.451,0,NA,0,0,0
2014-12-04,0,0,NA,0,NA,13.96,0,0,340.802,0,0,0,1757.232,0,NA,0,0,0
2014-12-05,0,0,NA,0,NA,39.866,0,0,479.131,0,0,0,1613.336,0,NA,0,0,0
2014-12-06,0,0,NA,0,NA,512.858,0,0,833.905,0,0,0,1742.986,0,NA,0,0,0
2014-12-07,0,0,NA,0,NA,706.306,0,0,837.498,0,0,57.524,1691.768,0,NA,0,0,0
2014-12-08,0,0,NA,0,NA,637.018,0,0,834.004,0,23.213,67.959,1731.671,0,NA,0,0,0
2014-12-09,0,0,NA,0,NA,783.224,0,0,829.717,0,0,67.739,1904.955,0,NA,0,0,0
2014-12-10,0,0,NA,0,NA,613.843,0,0,829.801,0,123.614,67.695,1898.303,0,NA,0,0,0
2014-12-11,0,0,NA,0,NA,519.744,0,0,829.438,0,178.469,67.391,1877.339,0,NA,0,0,83
2014-12-12,0,0,NA,0,NA,453.988,0,0,837.291,0,227.242,67.32,1831.981,0,NA,0,0,148
2014-12-13,0,0,NA,0,NA,562.612,0,0,834.466,0,177.097,67.718,1199.387,0,NA,0,0,146
2014-12-14,0,0,NA,0,NA,612.429,0,0,837.599,0,165.155,113.328,1729,0,NA,0,0,146
2014-12-15,52.251,0,NA,0,NA,545.306,0,0,833.764,0,NA,143.456,1487.095,0,NA,0,0,145
2014-12-16,0,0,NA,0,NA,503.99,0,0,820.489,0,176.628,133.56,1588.103,0,NA,0,0,224
2014-12-17,0,0,NA,0,NA,561.542,17.225,0,820.593,0,176.492,133.082,1595.447,0,NA,0,0,278
2014-12-18,0,0,NA,0,NA,477.212,0,0,447.84,0,176.465,133.141,1537.946,0,NA,0,0,277
2014-12-19,54.881,0,NA,0,NA,352.406,0,0,414.136,0,176.386,94.674,1544.062,0,NA,0,0,276
2014-12-20,0,0,NA,0,NA,252.174,0,0,419.062,0,175.631,60.993,1561.276,0,NA,0,0,276
2014-12-21,0,0,NA,0,NA,194.986,0,0,413.473,0,153.129,87.782,1563.872,0,NA,0,0,275
2014-12-22,0,0,NA,0,NA,88.944,0,0,262.1,0,68.843,23.237,2078.286,0,NA,0,0,274
2014-12-23,0,NA,NA,0,NA,96.177,0,0,417.741,0,14.865,35.167,1840.485,0,NA,0,0,193
2014-12-24,0.161,NA,NA,0,NA,0,0,0,333.775,0,0,0,1871.49,0,NA,0,0,142
2014-12-25,0,NA,NA,0,NA,61.992,0,0,0,0,26.912,45.674,1835.909,0,NA,0,0,144
2014-12-26,0,NA,NA,0,NA,86.694,0,0,0,0,23.353,46.862,1664.685,0,NA,0,0,145
2014-12-27,0,NA,NA,0,NA,7.919,0,0,408.691,0,24.608,0,1701.03,0,NA,0,0,145
2014-12-28,0,NA,NA,0,NA,0,0,0,403.148,0,0,0,1749.316,0,NA,0,0,144
2014-12-29,0,NA,NA,0,NA,53.781,0,0,413.237,0,0,41.637,1663.058,0,NA,0,0,144
2014-12-30,0,NA,NA,0,NA,0,0,0,410.218,0,0,0,1539.39,0,NA,0,0,144
2014-12-31,0,NA,NA,0,NA,0,0,0,273.925,0,0,0,1844.932,0,NA,0,0,144
2015-01-01,0,NA,NA,0,NA,15.412,0,0,0,0,0,17.657,1758.721,0,NA,0,0,144
2015-01-02,0,NA,NA,0,NA,0,0,0,408.169,0,0,8.425,1715.532,0,NA,0,0,144
2015-01-03,0,NA,NA,0,NA,7.152,0,0,409.672,0,0,0,1322.793,0,NA,0,0,144
2015-01-04,0,NA,NA,0,NA,8.153,0,0,409.513,0,0,0,1333.727,0,NA,0,0,143
2015-01-05,0,NA,NA,0,NA,0,0,0,411.851,0,0,0,1626.246,0,NA,0,0,144
2015-01-06,0,NA,NA,0,NA,31.293,0,0,412.374,0,19.582,0,1094.818,0,NA,0,0,56
2015-01-07,0,NA,NA,0,NA,0,0,0,286.796,0,0,0,1008.126,0,NA,0,0,0
2015-01-08,0,NA,NA,0,NA,0,0,0,0,0,0,0,1072.995,0,NA,0,0,0
2015-01-09,0,NA,NA,0,NA,0,0,0,0,0,0,0.086,1048.449,0,NA,0,0,0
2015-01-10,0,NA,NA,0,NA,0,0,0,0,0,0,0,961.79,0,NA,0,0,0
2015-01-11,0,NA,NA,0,NA,16.25,0,0,0,0,0,0,961.1,0,NA,0,0,0
2015-01-12,0,NA,NA,0,NA,0,0,0,0,0,0,0,995.003,0,NA,0,0,0
2015-01-13,0,NA,NA,0,NA,17.295,0,0,0,0,0,0,968.204,0,NA,0,0,0
2015-01-14,14.142,NA,0,0,NA,27.691,0,0,0,0,0,0,1299.909,0,NA,0,0,0
2015-01-15,29.519,NA,0,0,NA,0,0,0,0,0,0,21.114,1099.63,0,NA,0,0,0
2015-01-16,0,NA,0,0,NA,0,0,0,0,0,0,50.804,1343.251,0,NA,0,0,0
2015-01-17,0,NA,0,0,NA,15.545,0,0,0,0,0,0,1641.586,0,NA,0,0,0
2015-01-18,0,NA,0,0,NA,0,0,0,0,0,0,0,1164.227,0,NA,0,0,0
2015-01-19,0,NA,0,0,NA,0,0,0,0,0,0,0,1601.391,0,NA,0,0,0
2015-01-20,0,NA,0,0,NA,15.469,0,0,0,0,0,0,1785.801,0,NA,0,0,0
2015-01-21,50.741,NA,0,0,NA,0,0,0,349.496,0,135.387,0,1939.575,0,NA,0,0,0
2015-01-22,0,NA,0.94,0,NA,0,0,0,347.624,0,0,0,2038.826,0,NA,0,0,0
2015-01-23,0,NA,0,0,NA,0,0,0,341.427,0,0,0,2352.192,0,NA,0,0,0
2015-01-24,0,NA,0,0,NA,16.605,0,0,351.029,0,0,0,2665.411,0,NA,0,0,0
2015-01-25,0,NA,0,0,NA,0,0,0,351.387,0,0,0,2675.786,0,NA,0,0,0
2015-01-26,0,NA,0,0,NA,6.069,0,0,349.397,0,0,0,2804.403,0,NA,0,0,0
2015-01-27,0,NA,0,0,NA,94.623,0,0,349.458,0,0,0,2822.279,0,NA,0,0,0
2015-01-28,0,NA,0,0,NA,47.31,0,0,337.884,0,0,0,3105.43,0,NA,0,0,0
2015-01-29,0,NA,0,0,NA,20.026,0,0,344.302,0,0,0,3085.741,0,NA,0,0,0
2015-01-30,44.195,NA,0,0,NA,14.136,0,0,338.397,0,0,0,3022.099,0,NA,0,0,0
2015-01-31,0,NA,0,0,NA,0,0,0,350.246,0,0,0,3042.711,0,NA,0,0,0
2015-02-01,0,NA,0,0,NA,0,0,0,345.144,0,0,0,3022.587,0,NA,0,0,0
2015-02-02,56.309,NA,0,0,NA,3.694,0,0,344.831,0,0,0,3040.737,0,NA,0,0,0
2015-02-03,0,NA,0,0,NA,0,0,0,348.282,0,32.266,0,2884.2,0,NA,0,0,0
2015-02-04,71.282,NA,0,0,NA,0,0,0,336.215,0,0,0,2877.327,0,NA,0,0,0
2015-02-05,45.525,NA,0,0,NA,14.618,0,0,612.03,0,0,0,3372.557,0,NA,0,0,0
2015-02-06,184.776,NA,0,0,NA,0,0,0,823.092,0,0,0,3175.367,0,NA,0,0,0
2015-02-07,57.355,NA,0,0,NA,0,0,0,543.154,0,0,0,2818.47,0,NA,0,0,0
2015-02-08,0,NA,0,0,NA,65.51,0,0,339.699,0,0,0,2855.167,0,NA,0,0,0
2015-02-09,93.078,NA,0,0,NA,54.645,0,0,398.468,0,39.864,0,2955.369,0,NA,0,0,0
2015-02-10,0,NA,0,0,NA,57.412,0,0,976.239,0,38.856,0,3837.567,0,NA,0,0,0
2015-02-11,86.332,NA,0,0,NA,0,0,0,621.859,0,33.686,21.028,4053.369,0,NA,0,0,0
2015-02-12,105.325,NA,0,0,NA,16.604,0,0,325.454,0,180.872,0,4552.342,0,NA,0,0,0
2015-02-13,84.013,NA,0,0,NA,34.193,0,0,333.704,0,177.758,0,5124.683,0,NA,0,0,0
2015-02-14,0,NA,0,0,NA,92.861,0,0,340.783,0,144.945,0,5578.307,0,NA,0,0,0
2015-02-15,0,NA,0,0,NA,30.923,0,0,327.668,0,112.295,0,5517.972,0,NA,0,0,0
2015-02-16,0,NA,0,0,NA,0,0,0,326.096,0,26.86,0,5648.801,0,NA,0,0,0
2015-02-17,0,NA,0,0,NA,0,0,0,327.973,0,23.372,0,5649.419,0,NA,0,0,0
2015-02-18,0,NA,43.256,0,NA,12.209,0.065,0,331.232,0,0,0,5578.755,0,NA,0,0,0
2015-02-19,75.117,NA,83.051,0,NA,3.929,0,0,335.479,0,0,0,5539.415,0,NA,0,0,0
2015-02-20,0,NA,50.679,0,NA,0,0,0,326.228,0,0,0,4517.602,0,NA,0,0,0
2015-02-21,59.143,NA,0,0,NA,0,0,0,333.996,0,0,0,4672.51,0,NA,0,0,0
2015-02-22,0,NA,0,0,NA,15.171,0,0,332.499,0,0,0,4278.179,0,NA,0,0,0
2015-02-23,0,NA,0,0,NA,0,0,0,332.732,0,23.889,0,4048.454,0,NA,0,0,0
2015-02-24,0,NA,0,0,NA,0,0,0,336.229,0,0,0.03,3584.363,0,NA,0,0,0
2015-02-25,0,NA,0.003,0,NA,15.362,0,0,338.341,0,0,0,3478.834,0,NA,0,0,0
2015-02-26,0,NA,0,0,NA,0,0,0,338.188,0,0,0,3487.248,0,NA,0,0,0
2015-02-27,0,NA,0,0,NA,0,0,0,310.254,0,0,0,3429.775,0,NA,0,0,0
2015-02-28,0,NA,0,0,NA,17.037,0,0,404.912,0,0,0,3531.491,0,NA,0,0,0
2015-03-01,0,NA,0,0,NA,0,0,0,1032.236,0,0,0,4090.585,0,NA,0,0,0
2015-03-02,116.598,NA,0.337,0,NA,158.149,0,0,982.508,0,17.292,0,4672.384,0,NA,0,0,0
2015-03-03,0,NA,0,0,NA,344.881,0,0,537.779,0,456.075,0,5378.563,0,NA,0,0,0
2015-03-04,189.008,NA,0,0,NA,203.293,0,0,333.305,0,178.88,0,6181.453,0,NA,0,0,0
2015-03-05,400.384,NA,0,0,NA,30.136,0,0,327.926,0,150.678,0,6354.208,0,NA,0,0,0
2015-03-06,401.253,NA,0,0,NA,0,0,0,327.81,0,135.271,0,6458.823,0,NA,0,0,0
2015-03-07,402.53,NA,0,0,NA,53.755,0,0,329.723,0,5.958,0,6556.646,0,NA,0,0,0
2015-03-08,401.768,NA,0,0,NA,0,0,0,334.709,0,0,0,6350.145,0,NA,0,0,0
2015-03-09,401.946,NA,0,0,NA,0,0,0,326.199,0,0,0,5825.385,0,NA,0,0,0
2015-03-10,399.843,NA,0,0,NA,63.783,0,0,0,0,32.369,0,4681.69,0,NA,0,0,0
2015-03-11,399.618,NA,0,0,NA,0,0,0,332.163,0,0,0,4584.569,0,NA,0,0,0
2015-03-12,398.656,NA,0,0,NA,0,0,0,324.735,0,0,0.07,4173.819,0,NA,0,0,0
2015-03-13,396.542,NA,0,0,NA,16.935,0,0,323.912,0,0,0,3632.006,0,NA,0,0,0
2015-03-14,396.987,NA,0,0,NA,0,0,0,0,0,0,0,2953.432,0,NA,0,0,0
2015-03-15,397.321,NA,0,0,NA,0,0,0,0,0,0,0,2608.685,0,NA,0,0,0
2015-03-16,397.175,NA,0,0,NA,15.403,0,0,0,0,28.469,0,2182.976,0,NA,0,0,0
2015-03-17,397.069,NA,0,0,NA,0,25.71,0,0,0,0,0,2070.205,0,NA,0,0,0
2015-03-18,397.125,NA,66.567,0,NA,0,0,0,337.439,0,0,0,2057.324,0,NA,0,0,0
2015-03-19,179.931,NA,86.638,0,NA,0,0,0,329.551,0,0,0,1669.936,0,NA,0,0,0
2015-03-20,269.226,NA,79.593,0,NA,15.291,0,0,0,0,0,0,1411.163,0,NA,0,0,0
2015-03-21,268.772,NA,80.398,0,NA,0,0,0,0,0,0,0,1099.616,0,NA,0,0,0
2015-03-22,268.696,NA,80.302,0,NA,0,0,0,0,0,0,0,1491.609,0,NA,0,0,0
2015-03-23,128.778,NA,48.752,0,NA,15.803,0,0,0,0,38.025,0,1375.768,0,NA,0,0,0
2015-03-24,76.787,NA,48.181,0,NA,0,0,0,0,0,0,0,1602.525,0,NA,0,0,0
2015-03-25,48.185,NA,40.971,0,NA,0,0,0,0,0,0,0,1107.927,0,NA,0,0,0
2015-03-26,0,NA,0,0,NA,0,0,0,0,0,0,0,1085.975,0,NA,0,0,0
2015-03-27,0,NA,0,0,NA,15.464,0,0,0,0,0,0,1154.246,0,NA,0,0,0
2015-03-28,0,NA,0,0,NA,98.699,0,0,637.029,0,23.914,0,1163.086,0,NA,0,0,0
2015-03-29,0,NA,66.604,0,NA,18.131,0,0,0,0,188.943,0,874.579,0,NA,0,0,0
2015-03-30,0,NA,87.492,0,NA,0,0,0,0,0,423.612,0,1176.685,0,NA,0,0,0
2015-03-31,0,NA,84.494,0,NA,52.156,0,0,0,0,105.138,0,946.034,0,NA,0,0,0
2015-04-01,16.937,NA,79.61,0,NA,0,0,0,0,0,0,0,1008.134,0,NA,0,0,0
2015-04-02,69.072,NA,71.676,0,NA,0.714,0,0,0,0,0,0,1019.865,0,NA,0,0,0
2015-04-03,34.033,NA,69.956,0,NA,0,0,0,0,0,0,0,1019.497,0,NA,0,0,0
2015-04-04,35.323,NA,76.643,0,NA,15.654,0,0,0,0,0,0,1050.045,0,NA,0,0,0
2015-04-05,7.866,NA,74.85,0,NA,0,0,0,0,0,0,0,1085.544,0,NA,0,0,0
2015-04-06,50.559,NA,75.506,0,NA,0,0,0,0,0,0,0,1073.428,0,NA,0,0,0
2015-04-07,89.185,NA,73.613,0,NA,0,0,0,0,0,0,0,1181.961,0,NA,0,0,0
2015-04-08,99.158,NA,73.334,0,NA,15.532,0,0,0,0,0,0,1113.307,0,NA,0,0,0
2015-04-09,70.803,NA,44.298,0,NA,0,0,0,0,0,0,0,1033.967,0,NA,0,0,0
2015-04-10,93.105,NA,0,0,NA,0,0,0,0,0,0,0,1032.582,0,NA,0,0,0
2015-04-11,153.831,NA,0,0,NA,0,0,0,0,0,0,0,1037.317,0,NA,0,0,0
2015-04-12,97.137,NA,0,0,NA,15.142,0,0,0,0,0,0,1039.9,0,NA,0,0,0
2015-04-13,48.876,NA,0,0,NA,0,0,0,0,0,0,0,1227.051,0,NA,0,0,0
2015-04-14,108.835,NA,0,0,NA,0,0,0,0,0,0,0,1226.057,0,NA,0,0,0
2015-04-15,55.558,NA,0,0,NA,0,0,0,343.279,0,0,0,1415.942,0,NA,0,0,0
2015-04-16,88.123,NA,0,0,NA,0,0,0,332.555,0,0,0,1456.852,0,NA,0,0,0
2015-04-17,153.787,NA,0,0,NA,0,0,0,324.99,0,0,0,1246.874,0,NA,0,0,0
2015-04-18,0,NA,0,0,NA,0,0,0,0,0,0,0,1289.764,0,NA,0,0,0
2015-04-19,76.562,NA,0,0,NA,0,0,0,0,0,0,0,1490.558,0,NA,0,0,0
2015-04-20,58.418,NA,0,0,NA,0,0,0,305.02,0,0,0,1808.001,0,NA,0,0,0
2015-04-21,0,NA,0,0,NA,0,0,0,250.908,0,0,0,2255.728,0,NA,0,0,0
2015-04-22,41.378,NA,0,0,NA,15.855,0,0,137.106,0,0,0,2114.343,0,NA,0,0,0
2015-04-23,31.747,NA,0,0,NA,0,0,0,154.017,0,0,0,2704.913,0,NA,0,0,0
2015-04-24,0,NA,0,0,NA,0,0,0,406.715,0,55.82,0,3314.077,0,NA,0,0,0
2015-04-25,0,NA,0,0,NA,21.723,0,0,0,0,67.368,0,3433.063,0,NA,0,0,0
2015-04-26,0,NA,0,0,NA,20.514,0,0,0,0,56.996,0,3906.032,0,NA,0,0,0
2015-04-27,0,NA,0,0,NA,35.302,0,0,260.056,0,45.53,0,4103.819,0,NA,0,0,0
2015-04-28,0,NA,0,0,NA,24.385,0,0,275.281,0,0,0,4548.231,0,NA,0,0,0
2015-04-29,0,NA,0,0,NA,177.501,0,0,270.175,0,59.019,0,4226.778,0,NA,0,0,0
2015-04-30,0,NA,0,0,NA,163.742,0,0,271.157,0,0,0,3074.652,0,NA,0,0,48
2015-05-01,0,NA,0,0,NA,176.143,0,0,279.268,0,0,0,2978.373,0,NA,0,0,105
2015-05-02,0,NA,0,0,NA,103.443,0,0,271.546,0,0,0,2849.263,0,NA,0,0,104
2015-05-03,0,NA,0,0,NA,93.38,0,0,267.064,0,0,0,2873.132,0,NA,0,0,103
2015-05-04,0,NA,0,0,NA,29.57,0,0,275.942,0,0,0,2875.018,0,NA,0,0,102
2015-05-05,0,NA,0,0,NA,69.99,0,0,252.828,0,18.375,0,2578.566,0,NA,0,0,101
2015-05-06,0,NA,0,0,NA,220.55,0,0,329.137,0,41.363,0,2460.619,0,NA,0,0,102
2015-05-07,0,NA,0,0,NA,209.137,0,0,331.724,0,55.1,0,2192.308,0,NA,0,0,102
2015-05-08,0,NA,0,0,NA,72.916,0,0,328.884,0,30.693,0,1742.196,0,NA,0,0,101
2015-05-09,0,NA,0,0,NA,0,0,0,255.927,0,21.593,0,1469.512,0,NA,0,0,101
2015-05-10,0,NA,0,0,NA,0,0,0,250.856,0,21.136,0,1121.971,0,NA,0,0,101
2015-05-11,0,NA,0,0,NA,27.552,0,0,180.127,0,71.486,0,1030.117,0,NA,0,0,100
2015-05-12,0,NA,0,0,NA,78.174,0,0,278.111,0,64.526,0,630.485,0,NA,0,0,43
2015-05-13,0,NA,0,0,NA,68.058,0,0,327.989,0,0,0,475.964,0,NA,0,0,0
2015-05-14,0,NA,0,0,NA,45.674,0,0,0,0,0,0,438.058,0,NA,0,0,0
2015-05-15,0,NA,0,0,NA,88.612,0,0,287.909,0.89,0,0,437.853,0,NA,0,0,0
2015-05-16,0,NA,0,0,NA,0,0,0,0,0,0,0,173.431,0,NA,0,0,0
2015-05-17,0,NA,0,0,NA,0,0,0,0,0,0,0,198.448,0,NA,0,0,0
2015-05-18,50.312,NA,0,0,NA,6.03,0,0,242.861,0,0,0,460.621,0,NA,0,0,0
2015-05-19,20.793,NA,0,0,NA,10.996,0,0,332.544,0,57.306,0,389.969,0,NA,0,0,0
2015-05-20,0,NA,0,0,NA,0,0,0,175.379,0,0.175,0.259,440.39,0,NA,0,0,0
2015-05-21,0,NA,0,0,NA,0,0,0,272.819,0,0,0,381.735,0,NA,0,0,0
2015-05-22,0,NA,0,0,NA,105.418,0,0,248.307,0,0,0,201.461,0,NA,0,0,0
2015-05-23,0,NA,0,0,NA,212.619,0,0,0,0,0,0,463.866,0,NA,0,0,0
2015-05-24,0,NA,0,0,NA,83.324,0,0,0,0,0,0,308.839,0,NA,0,0,0
2015-05-25,0,NA,0,0,NA,0,0,0,0,0,0,0,395.584,0,NA,0,0,0
2015-05-26,0,NA,0,0,NA,0,0,0,312.421,0,3.993,0,324.101,0,NA,0,0,0
2015-05-27,124.525,NA,0,0,NA,0,0,0,319.526,0,0,0,220.801,0,NA,0,0,0
2015-05-28,9.56,NA,0,0,NA,31.537,0,0,319.716,0,19.115,0,275.521,0,NA,0,0,0
2015-05-29,73.085,NA,0,0,NA,36.306,0,0,320.062,0,0,0,288.691,0,NA,0,0,0
2015-05-30,0,NA,0,0,NA,69.466,0,0,285.659,0,0,0,258.129,0,NA,0,0,0
2015-05-31,0,NA,0,0,NA,69.734,0,0,198.369,0,0,0,243.48,0,NA,0,0,0
2015-06-01,0,NA,0,0,NA,30.205,0,0,209.887,0,0,0,243.417,0,NA,0,0,0
2015-06-02,83.752,NA,0,0,NA,37.271,0,0,225.861,0,0,0,243.902,0,NA,0,0,0
2015-06-03,22.709,NA,0,0,NA,39.902,0,0,208.965,0,0,0,438.732,0,NA,0,0,0
2015-06-04,44.362,NA,0,0,NA,16.895,0,0,232.235,0,0,0,310.053,0,NA,0,0,0
2015-06-05,65.754,NA,0,0,NA,17.519,0,0,186.649,0,0,0,277.178,0,NA,0,0,0
2015-06-06,9.757,NA,0,0,NA,32.048,0,0,328.132,0,0,0,216.447,0,NA,0,0,0
2015-06-07,86.057,NA,0,0,NA,29.774,0,0,279.544,0,0,0,274.733,0,NA,0,0,0
2015-06-08,9.484,NA,0,0,NA,22.393,0,0,265.282,0,0,0,303.487,0,NA,0,0,0
2015-06-09,94.808,NA,0,0,NA,37.469,0,0,237.286,0,0,0.993,124.462,0,NA,0,0,0
2015-06-10,54.651,NA,0,0,NA,116.821,0,0,328.489,0,0,0,530.529,0,NA,0,0,0
2015-06-11,0,NA,0,0,NA,184.037,0,0,379.267,0,0,0,530.569,0,NA,0,0,0
2015-06-12,79.295,NA,0,0,NA,240.959,0,0,335.281,0,0,0,712.952,0,NA,0,0,0
2015-06-13,0,NA,0,0,NA,140.491,0,0,333.541,0,0,0,622.242,0,NA,0,0,0
2015-06-14,43.986,NA,0,0,NA,99.213,0,0,338.562,0,0,0,487.351,0,NA,0,0,0
2015-06-15,23.497,NA,0,0,NA,53.417,0,0,330.278,0,179.448,0,556.028,0,NA,0,0,0
2015-06-16,80.358,NA,0,0,NA,21.318,0,0,331.219,0,297.238,0,406.393,0,NA,0,0,0
2015-06-17,17.111,NA,0,0,NA,56.146,0,0,347.767,0,219.822,0,440.752,0,NA,0,0,0
2015-06-18,94.988,NA,0,0,NA,122.061,0,0,341.755,0,0,0,431.297,0,NA,0,0,0
2015-06-19,90.749,NA,0,0,NA,103.288,0,0,343.213,0,0,0,393.282,0,NA,0,0,0
2015-06-20,20.356,NA,0,0,NA,0,0,0,412.119,0,0,0,236.241,0,NA,0,0,0
2015-06-21,101.795,NA,0,0,NA,0,0,0,344.661,0,0,0,398.348,0,NA,0,0,0
2015-06-22,112,NA,0,0,NA,14.782,0,0,358.493,0,0,0,374.537,0,NA,0,0,0
2015-06-23,106.978,NA,0,0,NA,0,0,0,339.736,0,0,0,355.377,0,NA,0,0,0
2015-06-24,132.198,NA,0,0,NA,0,0,0,340.984,0,0,0,282.492,0,NA,0,0,0
2015-06-25,90.989,NA,0,0,NA,0.767,0,0,337.471,0,0,0,236.123,0,NA,0,0,0
2015-06-26,58.221,NA,0,0,NA,7.724,0,0,339.922,0,0,0,428.322,0,NA,0,0,0
2015-06-27,56.929,NA,0,0,NA,0,0,0,341.734,0,0,0,434.537,0,NA,0,0,0
2015-06-28,78.753,NA,0,0,NA,3.568,0,0,350.667,0,0,0,413.741,0,NA,0,0,0
2015-06-29,108.584,NA,0,0,NA,12.022,0,0,334.903,0,40.63,0,202.195,0,NA,0,0,0
2015-06-30,0,NA,0,0,NA,3.43,0,0,342.848,0,0,0,282.8,0,NA,0,0,0
2015-07-01,0,NA,0,0,NA,33.954,0,0,340.388,0,0,0,520.151,0,NA,0,0,0
2015-07-02,68.308,NA,0,0,NA,0,0,0,339.186,0,0,0,247.837,0,NA,0,0,0
2015-07-03,0,NA,0,0,NA,54.629,0,0,335.879,0,0,0,405.446,0,NA,0,0,0
2015-07-04,0,NA,0,0,NA,0,0,0,347.06,0,0,0,272.532,0,NA,0,0,0
2015-07-05,0,NA,0,0,NA,15.675,0,0,345.423,0,0,0,493.218,0,NA,0,0,0
2015-07-06,0,NA,0,0,NA,16.065,0,0,351.448,0,2.487,0,674.564,0,NA,0,0,0
2015-07-07,0,NA,0,0,NA,27.647,0,0,343.001,0,0,0,677.743,0,NA,0,0,0
2015-07-08,18.981,NA,0,0,NA,37.641,0,0,342.527,0,0,0,758.568,0,NA,0,0,0
2015-07-09,37.373,NA,0,0,NA,25.149,0,0,336.101,0,0,0,911.87,0,NA,0,0,0
2015-07-10,50.916,NA,0,0,NA,0,0,0,341.773,0,0,0,1025.523,0,NA,0,0,0
2015-07-11,62.007,NA,0,0,NA,0,0,0,334.477,0,0,0,1030.408,0,NA,0,0,0
2015-07-12,55.769,NA,0,0,NA,0,0,0,347.407,0,0,0,984.003,0,NA,0,0,0
2015-07-13,62.397,NA,0,0,NA,0,0,0,440.901,0,0,0,893.181,0,NA,0,0,0
2015-07-14,66.346,NA,0,0,NA,0.621,0,0,353.816,0,0,0,758.569,0,NA,0,0,0
2015-07-15,57.883,NA,0,0,NA,15.145,0,0,341.173,0,28.989,0,753.071,0,NA,0,0,0
2015-07-16,11.405,NA,0,0,NA,3.999,0,0,342.81,0,0,0,595.466,0,NA,0,0,0
2015-07-17,24.464,NA,0,0,NA,131.594,0,0,344.567,0,0,0,555.26,0,NA,0,0,0
2015-07-18,0,NA,0,0,NA,56.64,0,0,343.745,0,0,0,533.848,0,NA,0,0,0
2015-07-19,0,NA,0,0,NA,25.83,0,0,345.084,0,0,0,463.924,0,NA,0,0,0
2015-07-20,0,NA,0,0,NA,147.722,0,0,341.088,0,0,0,632.692,0,NA,0,0,0
2015-07-21,54.47,NA,0,0,NA,229.626,0,0,335.054,0,0,0,483.148,0,NA,0,0,0
2015-07-22,0.035,NA,0,0,NA,216.325,0,0,339.847,0,0,0,420.39,0,NA,0,0,0
2015-07-23,0,NA,0,0,NA,172.749,0,0,339.806,0,0,0,527.294,0,NA,0,0,0
2015-07-24,0,NA,0,0,NA,135.413,0,0,329.847,0,0,0,687.324,0,NA,0,0,0
2015-07-25,0,NA,0,0,NA,158.007,0,0,321.739,0,0,0,550.019,0,NA,0,0,0
2015-07-26,0,NA,0,0,NA,224.94,0,0,339.302,0,0,0,543.564,0,NA,0,0,0
2015-07-27,0,NA,0,0,NA,141.657,0,0,344.143,0,65.065,0,643.183,0,NA,0,0,0
2015-07-28,0,NA,0,0,NA,70.594,0,0,336.807,0,107.704,0,705.721,0,NA,0,0,0
2015-07-29,0,NA,0,0,NA,203.241,0,0,335.018,0,0,0,612.528,0,NA,0,0,0
2015-07-30,0,NA,0,0,NA,265.944,0,0,334.019,0,10.83,0,808.913,0,NA,0,0,0
2015-07-31,0,NA,0,0,NA,165.022,0,0,323.95,0,0,0,755.923,0,NA,0,0,0
2015-08-01,0,NA,0,0,NA,138.995,0,0,318.416,0,12.229,0,672.046,0,NA,0,0,0
2015-08-02,0,NA,0,0,NA,232.285,0,0,333.463,0,7.367,0,892.202,0,NA,0,0,0
2015-08-03,0,NA,0,0,NA,232.103,0,0,385.989,0,138.454,0,689.547,0,NA,0,0,0
2015-08-04,0,NA,0,0,NA,366.082,0,0,328.27,0,22.013,0,934.056,0,NA,0,0,0
2015-08-05,0,NA,0,0,NA,346.089,0,0,333.862,0,0,0,853.444,0,NA,0,0,0
2015-08-06,0,NA,0,0,NA,290.993,0,0,304.432,0,0,0,951.769,0,NA,0,0,0
2015-08-07,0,NA,0,0,NA,217.278,0,0,390.612,0,25.659,0,946.118,0,NA,0,0,0
2015-08-08,0,NA,0,0,NA,160.203,0,0,112.569,0,0,0,936.677,0,NA,0,0,0
2015-08-09,0,NA,0,0,NA,49.661,0,0,0,0,0,0,904.176,0,NA,0,0,0
2015-08-10,0,NA,0,0,NA,82.041,0,0,27.271,0,47.352,0,1028.257,0,NA,0,0,0
2015-08-11,0,NA,0,0,NA,68.862,0,0,0,0,0,0.16,1182.395,0,NA,0,0,0
2015-08-12,0,NA,0,0,NA,22.453,0,0,0,0,15.784,0,1330.101,0,NA,0,0,0
2015-08-13,0,NA,0,0,NA,178.625,0,0,0,0,0,0,1486.483,0,NA,0,0,0
2015-08-14,0,NA,0,0,NA,255.177,0,0,580.284,0,114.805,0,1692.896,0,NA,0,0,0
2015-08-15,0,NA,0,0,NA,204.229,0,0,818.145,0,164.576,0,1872.654,0,NA,0,0,0
2015-08-16,0,NA,0,0,NA,139.247,0,0,751.839,0,35.344,0,2290.269,0,NA,0,0,0
2015-08-17,0.198,NA,0,0,NA,76.393,0,0,157.804,0,27.792,0,1795.054,0,NA,0,0,0
2015-08-18,0,NA,0,0,NA,183.374,0.256,0,0,0,51.286,0,1959.481,0,NA,0,0,0
2015-08-19,0,NA,0,0,NA,387.184,0,0,0,0,123.179,0,1813.49,0,NA,0,0,0
2015-08-20,0,NA,0,0,NA,313.747,0,0,0,0,47.19,17.423,2266.035,0,NA,0,0,0
2015-08-21,0,NA,0,0,NA,312.798,0,0,0,0,60.768,49.798,2268.776,0,NA,0,0,0
2015-08-22,0,NA,0,0,NA,311.412,0,0,0,0,53.685,43.71,2413.634,0,NA,0,0,0
2015-08-23,0,NA,0,0,NA,263.502,0,0,0,0,66.305,53.761,2350.626,0,NA,0,0,0
2015-08-24,0,NA,0,0,NA,143.443,0,0,0,0,80.816,0,2396.619,0,NA,0,0,0
2015-08-25,0,NA,0,0,NA,252.933,0,0,328.736,0,47.743,40.853,2738.703,0,NA,0,0,0
2015-08-26,0,NA,0,0,NA,481.419,0,0,445.55,0,84.75,39.925,3266.836,0,NA,0,0,0
2015-08-27,0,NA,0,0,NA,584.149,0,0,658.252,0,234.301,15.706,3528.63,0,NA,0,0,0
2015-08-28,0,NA,0,0,NA,528.164,0,0,1159.968,0,429.907,62.735,4281.279,0,NA,0,0,0
2015-08-29,24.4,NA,0,0,NA,613.1,0,0,856.383,0,761.608,66.629,4438.995,0,NA,0,0,0
2015-08-30,0,NA,0,0,NA,572.644,0,0,953.059,0,1150.065,70.362,4165.297,0,NA,0,0,0
2015-08-31,0,NA,0,0,NA,713.177,0,0,1270.38,0,1201.667,103.729,4398.771,0,NA,0,0,0
2015-09-01,0,NA,0,0,NA,552.441,0,0,1373.09,0,1509.651,171.54,4728.146,0,NA,0,0,0
2015-09-02,0,NA,0,0,NA,459.664,0,0,1445.318,0,1408.742,139.998,5118.537,0,NA,0,0,155
2015-09-03,0,NA,0.012,0,NA,456.626,0,0,953.246,0,1217.776,124.595,5549.518,0,NA,0,0,256
2015-09-04,0,NA,0,0,NA,425.939,0,0,503.614,0,719.97,88.506,5836.925,0,NA,0,0,254
2015-09-05,0,NA,0,0,NA,474.023,0,0,333.806,0,498.33,92.47,5747.999,0,NA,0,0,254
2015-09-06,0,NA,0,0,NA,492.101,0,0,335.984,0,314.317,70.085,5907.094,0,NA,0,0,256
2015-09-07,0,NA,0,0,NA,536.863,0,0,648.601,0,149.895,73.505,6377.291,0,NA,0,0,257
2015-09-08,0,NA,0,0,NA,665.496,0,0,604.002,0,347.623,68.933,6424.439,0,NA,0,0,257
2015-09-09,0,NA,0,0,NA,665.521,0,0,614.373,0,330.409,51.262,6100.359,0,NA,0,0,256
2015-09-10,0.637,NA,0,0,NA,628.105,0,0,389.173,0,285.748,42.469,6008.873,0,NA,400,0,100
2015-09-11,12.949,NA,0,0,NA,538.395,0,0,335.455,0,200.574,55.193,5605.891,0,NA,636,0,0
2015-09-12,8.678,NA,0,0,NA,447.037,0,0,329.412,0,286.236,27.895,5699.009,0,NA,NA,0,0
2015-09-13,22.376,NA,0,0,NA,367.484,0,0,334.609,0,144.516,55.928,5649.397,0,NA,NA,0,0
2015-09-14,7.788,NA,0,0,NA,249.23,0,0,335.104,0,262.038,10.865,5485.063,0,NA,641,0,0
2015-09-15,19.438,NA,0,0,NA,165.311,0,0,850.566,0,208.222,61.713,5938.038,0,NA,282,0,0
2015-09-16,9.455,NA,0,0,NA,172.317,0,0,986.185,0,276.479,39.709,5612.427,0,NA,131,0,0
2015-09-17,0,NA,0,0,NA,527.105,0,0,996.389,0,495.21,88.102,6027.461,0,NA,135,0,0
2015-09-18,0,NA,0,0,NA,897.587,0,0,2324.57,0,943.592,68.537,6208.882,0,NA,137,0,0
2015-09-19,0,NA,0,0,NA,1544.407,0,0,2492.999,0,1156.731,67.952,6470.538,0,NA,139,0,0
2015-09-20,0,NA,0,0,NA,1928.625,0,0,2098.207,0,1411.326,43.975,6421.42,0,NA,142,0,0
2015-09-21,0,NA,0,0,NA,1645.11,0,0,1336.174,0,1262.87,40.346,6086.674,0,NA,144,0,0
2015-09-22,0,NA,0,0,NA,1274.225,0,0,778.299,0,911.784,52.671,5861.659,0,NA,144,0,0
2015-09-23,0,NA,0,0,NA,996.503,0,0,753.533,0,667.331,67.068,5273.573,0,NA,145,0,0
2015-09-24,0,NA,0,0,NA,743.764,0,0,658.069,0,472.413,41.204,4894.334,0,NA,144,0,0
2015-09-25,0,NA,0,0,NA,550.228,0,0,469.988,0,247.787,9.893,4591.409,0,NA,144,0,0
2015-09-26,0,NA,0,0,NA,584.113,0,0,341.743,0,342.639,59.976,4684.861,0,NA,142,0,0
2015-09-27,0,NA,0,0,NA,530.319,0,0,672.588,0,327.114,0,4458.495,0,NA,143,0,0
2015-09-28,0,NA,0,0,NA,563.065,0,0,1105.818,0,322.599,39,4321.184,0,NA,142,0,0
2015-09-29,0,NA,0,0,NA,693.578,0,0,828.914,0,322.737,29.2,4295.139,0,NA,142,0,0
2015-09-30,0,NA,0,0,NA,574.184,0,0,468.107,0,412.359,60.424,4163.872,0,NA,142,0,0
2015-10-01,0,NA,0,0,NA,577.841,0,0,377.546,0,360.162,66.746,3849.73,0,NA,142,0,0
2015-10-02,0,NA,0,0,NA,563.454,0,0,421.652,0,334.197,29.449,3546.4,0,NA,143,0,0
2015-10-03,0,NA,0,0,NA,521.959,0,0,822.785,0,255.45,25.869,3505.716,0,NA,143,0,0
2015-10-04,0,NA,0,0,NA,449.793,0,0,819.772,0,209.925,57.587,3232.297,0,NA,142,0,0
2015-10-05,0,NA,0,0,NA,456.318,0,0,821.964,0,268.877,45.099,3104.37,0,NA,143,0,0
2015-10-06,0,NA,0,0,NA,475.923,0,0,829.716,0,332.079,5.707,3073.272,0,NA,44,0,0
2015-10-07,0,NA,0,0,NA,373.126,0,0,823.117,0,357.19,0,2951.251,0,NA,0,0,0
2015-10-08,0,NA,0,0,NA,708.611,0,0,813.345,0,358.703,0,2893.233,0,NA,0,0,0
2015-10-09,0,NA,0,0,NA,528.068,0,0,821.683,0,365.029,72.151,2454.711,0,NA,0,0,0
2015-10-10,0,NA,0,0,NA,476.804,0,0,818.016,0,454.609,78.646,2748.034,0,NA,0,0,0
2015-10-11,0,NA,0,0,NA,467.427,0,0,815.785,0,438.711,67.427,2268.041,0,NA,0,0,0
2015-10-12,0,NA,0,0,NA,372.415,0,0,816.981,0.058,403.232,42.843,2390.999,0,NA,0,0,0
2015-10-13,0,NA,0,0,NA,396.11,0,0,806.134,0,383.223,18.107,2354.755,0,NA,0,0,0
2015-10-14,0,NA,0,0,NA,582.796,0,0,823.397,0,369.33,67.39,2335.508,0,NA,0,0,0
2015-10-15,0,NA,0,0,NA,477.343,0,0,821.884,0,359.598,35.377,2208.339,0,NA,0,0,0
2015-10-16,0,NA,0,0,NA,550.442,0,0,816.629,0,343.422,23.248,2017.579,0,NA,0,0,0
2015-10-17,0,NA,0,0,NA,536.002,0,0,810.826,0,344.869,41.716,2012.514,0,NA,0,0,0
2015-10-18,0,NA,0,0,NA,531.347,0,0,813.666,0,306.652,0,2068.315,0,NA,0,0,0
2015-10-19,0,NA,0,0,NA,492.054,0,0,804.779,0,339.683,61.381,1897.405,0,NA,0,0,0
2015-10-20,0,NA,0,0,NA,474.953,0,0,809.444,0,334.419,0,1616.288,0,NA,0,0,0
2015-10-21,0,NA,0,0,NA,475.397,0,0,813.681,0,299.347,0,1536.541,0,NA,0,0,0
2015-10-22,0,NA,0,0,NA,401.913,0,0,813.993,0,312.795,2.63,1711.87,0,NA,0,0,0
2015-10-23,0,NA,0,0,NA,158.978,0,0,805.6,0,287.339,55.793,1891.395,0,NA,0,0,0
2015-10-24,0,NA,0,0,NA,82.096,0,0,803.722,0,207.155,0,1596.694,0,NA,0,0,0
2015-10-25,0,NA,0,0,NA,61.216,0,0,808.908,0,87.724,0,1496.067,0,NA,0,0,0
2015-10-26,0,NA,0,0,NA,65.611,0,0,806.658,0,140.385,0,1776.389,0,NA,0,0,0
2015-10-27,0,NA,0,0,NA,95.456,0,0,809.952,0,80.883,0,1641.662,0,NA,0,0,0
2015-10-28,0,NA,0,0,NA,127.103,0,0,811.904,0,72.549,0,2034.203,0,NA,0,0,0
2015-10-29,0,NA,0,0,NA,136.719,0,0,813.868,0,0,0,1813.341,0,NA,0,0,0
2015-10-30,0,NA,0,0,NA,138.18,0,0,806.98,0,0,0,1759.434,0,NA,0,0,0
2015-10-31,0,NA,0,0,NA,20.629,0,0,716.546,0,0,12.331,1725.314,0,NA,0,0,0
2015-11-01,0,NA,0,0,NA,16.893,0,0,587.192,0,0,42.146,1629.785,0,NA,0,0,0
2015-11-02,0,NA,0,0,NA,61.426,0,0,248.041,0,21.17,0,1569.771,0,NA,0,0,0
2015-11-03,0,NA,0,0,NA,51.84,0,0,0,0,1.935,0,1441.053,0,NA,0,0,0
2015-11-04,0,NA,0,0,NA,118.927,0,0,0,0,0,0.038,1317.015,0,NA,0,0,0
2015-11-05,0,NA,0,0,NA,33.075,0,0,0,0,0,0,1086.626,0,NA,0,0,0
2015-11-06,0,NA,0,0,NA,66.575,0,0,340.732,0,0,0,949.993,0,NA,0,0,0
2015-11-07,0,NA,0,0,NA,52.473,0,0,0,0,21.011,0,874.155,0,NA,0,0,0
2015-11-08,0,NA,0,0,NA,30.048,0,0,0,0,0,0,945.746,0,NA,0,0,0
2015-11-09,0,NA,0,0,NA,16.08,0,0,323.395,0,0,0,1091.181,0,NA,0,0,0
2015-11-10,0,NA,0,0,NA,76.239,0,0,341.599,0,0,0,995.245,0,NA,0,0,0
2015-11-11,0,NA,0,0,NA,96.927,0,0,0,0,22.327,33.867,853.382,0,NA,0,0,0
2015-11-12,0,NA,0,0,NA,16.186,0,0,394.082,0,0,28.307,628.694,0,NA,0,0,0
2015-11-13,0,NA,0,0,NA,142.098,0,0,392.91,0,0,0,666.234,0,NA,0,0,0
2015-11-14,0,NA,0,0,NA,112.553,0,0,0,0,0,0,617.348,0,NA,0,0,0
2015-11-15,0,NA,0,0,NA,91.593,0,0,0,0,0,0,533.541,0,NA,0,0,0
2015-11-16,0,NA,0,0,NA,69.821,0,0,341.333,0,30.74,0.141,534.148,0,NA,0,0,0
2015-11-17,0,NA,0,0,NA,62.312,0,0,334.829,0,0,14.065,429.546,0,NA,0,0,0
2015-11-18,0,NA,0,0,NA,29.517,0,0,303.086,0,0,74.069,507.388,0,NA,0,0,0
2015-11-19,0,NA,0,0,NA,129.41,0,0,338.805,0,26.481,44.275,675.194,0,NA,0,0,0
2015-11-20,0,NA,0,0,NA,143.039,0,0,570.802,0,375.801,0,899.972,0,NA,0,0,0
2015-11-21,0,NA,0,0,NA,169.252,0,0,558.449,0,365.114,0,954.343,0,NA,0,0,0
2015-11-22,0,NA,0,0,NA,235.1,0,0,835.132,0,507.258,73.392,1641.456,0,NA,0,0,0
2015-11-23,0,NA,0,0,NA,370.932,0,0,621.666,0,801.357,67.604,1451.993,0,NA,0,0,0
2015-11-24,0,NA,0,0,NA,240.202,0,0,0,0,651.896,67.452,1363.312,0,NA,0,0,0
2015-11-25,0,NA,0,0,NA,186.208,0,0,334.795,0,209.54,67.081,1146.401,0,NA,0,0,0
2015-11-26,0,NA,0,0,NA,79.171,0,0,0,0,87.636,50.152,831.246,0,NA,0,0,0
2015-11-27,0,NA,0,0,NA,66.882,0,0,0,0,85.876,0,996.349,0,NA,0,0,0
2015-11-28,0,NA,0,0,NA,47.486,0,0,0,0,55.431,38.451,578.422,0,NA,0,0,0
2015-11-29,0,NA,0,0,NA,32.791,0,0,0,0,15.892,45.95,813.182,0,NA,0,0,0
2015-11-30,0,NA,0,0,NA,37.364,0,0,0,0,0,0,799.856,0,NA,0,0,0
2015-12-01,0,NA,0,0,NA,33.336,0,0,17.127,0,0,0,583.159,0,NA,0,0,0
2015-12-02,0,NA,0,0,NA,138.767,0,0,375.383,0,0,0,590.317,0,NA,0,0,0
2015-12-03,0,NA,0,0,NA,202.921,0,0,978.28,0,79.568,65.219,784.1,0,NA,0,0,0
2015-12-04,0,NA,0,0,NA,205.981,0,0,606.253,0,68.217,47.751,1338.647,0,NA,0,0,0
2015-12-05,0,NA,0,0,NA,237.28,0,0,1198.618,0,484.975,76.796,1297.6,0,NA,0,1124,0
2015-12-06,0,NA,0,0,NA,842.618,0,0,1720.633,0,1094.074,73.532,1112.51,0,NA,0,2622,0
2015-12-07,0,NA,0,0,NA,952.048,0,0,1189.811,0,1487.486,65.175,1125.365,0,NA,0,2542,0
2015-12-08,0,NA,0,0,NA,524.666,0,0,451.507,0,1272.536,50.275,1174.783,0,NA,0,2489,0
2015-12-09,0,NA,0,0,NA,284.396,0,0,321.55,0,648.802,42.926,1049.02,0,NA,0,2446,0
2015-12-10,0,NA,0,0,NA,338.128,0,0,318.096,0,274.243,0,937.541,0,NA,0,1987,0
2015-12-11,0,NA,0,0,NA,428.56,0,0,203.756,0,348.28,61.994,777.409,0,NA,0,791,0
2015-12-12,0,NA,0,0,NA,381.813,0,0,0,0,264.853,65.6,844.86,0,NA,0,709,0
2015-12-13,0,NA,0,0,NA,336.873,0,0,0,0,259.776,8.875,838.434,0,NA,0,711,0
2015-12-14,0,NA,0,0,NA,263.937,0,0,0,0,142.427,0,672.709,0,NA,0,710,0
2015-12-15,0,NA,0,0,NA,261.61,0,0,0,0,94.309,0,534.617,0,NA,0,710,0
2015-12-16,0,NA,0,0,NA,99.089,0,0,0,0,55.466,0,776.674,0,NA,0,712,0
2015-12-17,0,NA,0,0,NA,73.817,0,0,0,0,0,0,640.071,0,NA,0,712,0
2015-12-18,88.405,NA,0,0,NA,89.257,0,0,301.446,0,0,25.875,648.849,0,NA,0,718,0
2015-12-19,260.487,NA,0,0,NA,53.029,0,0,0,0,39.866,67.275,631.668,0,NA,0,720,0
2015-12-20,339.533,NA,0,0,NA,45.078,0,0,0,0,72.636,66.559,593.181,0,NA,0,714,0
2015-12-21,267.376,NA,0,0,NA,24.351,0,0,0,0,0,16.647,412.53,0,NA,0,710,0
2015-12-22,0,NA,0,0,NA,32.301,0,0,0,0,0,0,509.941,0,NA,0,345,0
2015-12-23,0,NA,0,0,NA,47.996,0,0,222.009,0,7.843,31.054,602.166,0,NA,0,0,0
2015-12-24,0,NA,0,0,NA,19.863,0,0,0,0,0,66.485,616.71,0,NA,0,0,0
2015-12-25,0,NA,0,0,NA,52.549,0,0,0,0,21.018,45.964,480.134,0,NA,0,0,0
2015-12-26,0,NA,0,0,NA,61.737,0,0,0,0,51.658,0,682.808,0,NA,0,0,0
2015-12-27,0,NA,0,0,NA,0,0,0,0,0,46.771,0,361.945,0,NA,0,0,0
2015-12-28,0,NA,0,0,NA,18.543,0,0,0,0,42.906,0,448.372,0,NA,0,0,0
2015-12-29,0,NA,0,0,NA,31.93,0,0,0,0,7.497,0,366.945,0,NA,0,0,0
2015-12-30,0,NA,0,0,NA,16.038,0,0,0,0,0,64.46,573.985,0,NA,0,0,0
2015-12-31,0,NA,0,0,NA,9.919,0,0,0,0,0,39.407,383.216,0,NA,0,0,0
2016-01-01,0,NA,0,0,NA,16.653,0,0,0,0,0,0,418.114,0,NA,0,0,0
2016-01-02,0,NA,0,0,NA,29.803,0,0,0,0,0,0,433.326,0,NA,0,0,0
2016-01-03,0,NA,0,0,NA,48.55,0,0,0,0,0,23.532,411.06,0,NA,0,0,0
2016-01-04,87.465,NA,0,0,NA,27.208,0,0,181.942,0,0,67.385,466.063,0,NA,0,0,0
2016-01-05,342.861,NA,0,0,NA,36.424,0,0,503.438,0,14.239,29.498,527.105,0,NA,0,0,0
2016-01-06,214.326,NA,0,0,NA,66.685,0,0,338.414,0,38.064,0,506.987,0,NA,0,0,0
2016-01-07,178.932,NA,0,0,NA,146.631,0,0,0,0,193.068,0,520.478,0,NA,0,0,0
2016-01-08,268.678,NA,0,0,NA,17.707,0,0,0,0,174.919,0,476.082,0,NA,0,0,0
2016-01-09,268.447,NA,0,0,NA,105.359,0,0,0,0,5.894,0,714.711,0,NA,0,0,0
2016-01-10,232.644,NA,0,0,NA,230.77,0,0,419.507,0,86.057,0,857.268,0,NA,0,0,0
2016-01-11,186.391,NA,0,0,NA,57.854,0,0,267.353,0,299.608,0,869.35,0,NA,0,0,0
2016-01-12,363.136,NA,0,0,NA,41.622,0,0,276.158,0,313.242,0,815.452,0,NA,0,629,0
2016-01-13,505.671,NA,0,0,NA,62.814,0,0,168.987,0,145.165,0,997.022,0,NA,0,978,0
2016-01-14,526.825,NA,0,0,NA,35.668,0,0,183.45,0,107.257,0,772.698,0,NA,0,965,0
2016-01-15,365.113,NA,0,0,NA,151.627,0,0,585.962,0,174.808,0,1464.469,0,NA,0,956,0
2016-01-16,428.535,NA,0,0,NA,228.635,0,0,827.968,0,348.495,0,1857.677,0,NA,0,957,0
2016-01-17,428.632,NA,0,0,NA,181.835,0,0,818.063,0,504.28,0,2771.687,0,NA,0,954,0
2016-01-18,428.379,NA,0,0,NA,207.337,0,0,821.5,0,663.507,0,2978.103,0,NA,530,938,0
2016-01-19,428.345,NA,0,0,NA,227.478,0,0,604.794,0,587.939,1.673,3104.196,0,NA,870,893,425
2016-01-20,426.977,NA,0,0,NA,336.024,0,0,0,0,621.263,0,2816.397,0,NA,845,856,671
2016-01-21,551.236,NA,0,0,NA,132.596,0,0,370.274,0,600.691,0,2490.075,0,NA,834,844,298
2016-01-22,261.91,NA,0,0,NA,161.494,0,0,594.86,0,433.991,0,2737.911,0,NA,841,862,0
2016-01-23,436.997,NA,0,0,NA,172.969,0,0,1172.604,0,481.768,0,2944.78,0,NA,849,875,0
2016-01-24,606.819,NA,0,0,NA,74.042,0,0,897.861,0,957.195,0,2370.879,0,NA,843,871,0
2016-01-25,468.129,NA,0,0,NA,128.303,0,0,462.043,0,1158.821,0,2402.412,0,NA,844,873,0
2016-01-26,356.013,NA,0,0,NA,143.657,0,0,335.693,0,1013.742,0,2161.73,0,NA,NA,874,0
2016-01-27,192.574,NA,0,0,NA,582.488,0,0,1704.355,0,993.495,0,3175.797,0,NA,884,903,0
2016-01-28,0,NA,0,0,NA,2185.597,0,0,4123.22,0,1631.261,0,4072.709,0,NA,1983,1420,1216
2016-01-29,0,NA,0,0,NA,3003.448,0,0,4136.126,0,2213.022,50.412,4792.896,0,NA,2424,1607,2358
2016-01-30,0,NA,0,0,NA,3391.665,0,0,3975.289,0,2472.915,205.971,4940.594,0,NA,NA,1258,1958
2016-01-31,178.743,NA,0,0,NA,2828.26,0,0,2819.655,0,2201.478,137.434,4306.719,0,NA,2120,1102,1758
2016-02-01,318.282,NA,0,0,NA,2066.459,0,0,1935.74,0,2123.828,128.048,3928.613,0,NA,2075,1009,1643
2016-02-02,498.262,NA,0,0,NA,1186.312,0,0,1334.186,0,1954.588,104.041,3632.083,0,NA,2052,925,1550
2016-02-03,643.505,NA,0,0,NA,722.796,0,0,1001.695,0,1536.211,64.255,3597.063,0,NA,2020,822,1430
2016-02-04,640.875,NA,0,0,NA,745.266,0,0,744.828,0,1174.409,64.615,3572.484,0,NA,1969,760,1368
2016-02-05,571.649,NA,0,0,NA,655.629,0,0,824.295,0,806.546,65.583,3745.168,0,NA,1332,848,1361
2016-02-06,720.656,NA,0,0,NA,689.501,0,0,811.165,0,621.018,65.998,4325.97,0,NA,0,1155,1350
2016-02-07,700.928,NA,0,0,NA,861.609,0,0,1271.329,0,504.646,66.169,5021.838,0,NA,0,1222,1370
2016-02-08,788.946,NA,0,0,NA,642.931,0,0,1270.814,0,950.81,65.881,5112.194,0,NA,787,517,288
2016-02-09,798.45,NA,97.137,0,NA,405.864,0,0,528.685,0,684.738,21.88,5363.397,0,NA,580,0,495
2016-02-10,801.214,NA,106.17,0,NA,362.443,0,0,448.088,0,260.021,0,4655.539,0,NA,0,0,273
2016-02-11,631.466,NA,101.97,0,NA,303.147,0,0,0,0,146.682,0,4537.309,0,NA,0,0,0
2016-02-12,705.257,NA,99.738,0,NA,152.839,0,0,455.923,0,113.22,0.117,4304.447,0,NA,0,0,0
2016-02-13,816.887,NA,99.146,0,NA,110.92,0,0,0,0,24.676,0,3923.604,0,NA,0,0,0
2016-02-14,816.907,NA,66.051,0,NA,88.422,0,0,0,0,56.211,49.806,3710.459,0,NA,0,0,0
2016-02-15,818.271,NA,0,0,NA,60.885,0,0,53.09,0,92.863,37.731,3542.356,0,NA,0,0,0
2016-02-16,527.202,NA,64.234,0,NA,90.772,0,0,787.786,0.017,80.735,0,3489.421,0,NA,0,0,0
2016-02-17,605.227,NA,144.863,0,NA,582.988,0,0,724.076,0,34.453,0,3106.882,0,NA,0,0,0
2016-02-18,775.847,NA,144.408,0,NA,754.141,0,0,514.375,0,232.586,0,2869.76,0,NA,0,0,0
2016-02-19,812.493,NA,140.762,0,NA,541.54,0,0,319.949,0,260.977,0,2463.441,0,NA,0,0,0
2016-02-20,819.795,NA,138.764,0,NA,330.909,0,0,242.546,0,56.812,0,2334.644,0,NA,0,0,0
2016-02-21,822.24,NA,136.693,0,NA,163.275,0,0,0,0,5.726,0,2347.989,0,NA,0,0,0
2016-02-22,820.05,NA,142.55,0,NA,83.653,0,0,313.588,0,22.33,0,2452.76,0,NA,0,0,0
2016-02-23,817.682,NA,45.872,0,NA,133.653,0,0,182.905,0,28.109,0,2674.756,0,NA,0,0,0
2016-02-24,699.878,NA,0,0,NA,227.077,0,0,510.577,0,0,0,3218.107,0,NA,0,0,0
2016-02-25,664.465,NA,96.756,0,NA,242.965,0,0,175.695,0,28.524,0,3357.852,0,NA,0,0,0
2016-02-26,823.627,NA,137.833,0,NA,232.752,0,0,230.676,0,0.003,0,2835.31,0,NA,0,0,0
2016-02-27,822.81,NA,136.448,0,NA,118.472,0,0,0,0,0,0,3627.943,0,NA,0,0,0
2016-02-28,820.925,NA,132.838,0,NA,118.604,0,0,305.74,0,0,0,3532.451,0,NA,0,0,0
2016-02-29,819.33,NA,129.397,0,NA,128.109,0,0,0,0,0,0,3492.399,0,NA,0,0,0
2016-03-01,818.625,NA,129.016,0,NA,166.065,0,0,0,0,0,0,3177.719,0,NA,0,0,0
2016-03-02,817.781,NA,127.515,0,NA,25.572,0,0,0,0,0,0,3070.616,0,NA,0,0,0
2016-03-03,817.694,NA,125.08,0,NA,42.964,0,0,54.812,0,0,0,2252.438,0,NA,0,0,0
2016-03-04,816.432,NA,125.451,0,NA,88.508,0,0,0,0,0,0,2265.992,0,NA,0,0,0
2016-03-05,743.486,NA,125.006,0,NA,110.936,0,0,0,0,0,0,2499.681,0,NA,0,0,0
2016-03-06,782.205,NA,121.137,0,NA,28.351,0,0,0,0,0,0,2113.148,0,NA,0,0,0
2016-03-07,780.521,NA,121.958,0,NA,17.859,0,0,0,0,0,0,1980.877,0,NA,0,0,0
2016-03-08,777.127,NA,115.089,0,NA,16.1,0,0,0,0,0,0,1957.754,0,NA,0,0,0
2016-03-09,773.769,NA,113.153,0,NA,16.391,0,0,79.838,0,33.255,0,1777.836,0,NA,0,0,0
2016-03-10,772.943,NA,111.573,0,NA,16.023,0,0,5.461,0,48.772,0,1409.204,0,NA,0,0,0
2016-03-11,707.7,NA,108.498,0,NA,16.523,0,0,0,0,0,0,1152.294,0,NA,0,0,0
2016-03-12,400.624,NA,34.187,0,NA,1.371,0,0,0,0,0,0,486.888,0,NA,0,0,0
2016-03-13,398.033,NA,0,0,NA,17.144,0,0,0,0,0,0,732.072,0,NA,0,0,0
2016-03-14,398.86,NA,0,0,NA,14.626,0,0,0,0,13.203,0,550.94,0,NA,0,0,0
2016-03-15,312.914,NA,0,0,NA,16.473,0,0,340.07,0,0,0,445.832,0,NA,0,0,0
2016-03-16,274.94,NA,0,0,NA,17.142,0,0,292.997,0,13.825,0,512.367,0,NA,0,0,0
2016-03-17,271.104,NA,0,0,NA,16.469,0,0,304.442,0,9.146,0,597.366,0,NA,0,0,0
2016-03-18,274.481,NA,0,0,NA,17.547,0,0,331.803,0,0,0,322.768,0,NA,0,0,0
2016-03-19,275.041,NA,0,0,NA,6.096,0.262,0,634.964,0,0,0,410.401,0,NA,0,0,0
2016-03-20,276.467,NA,0,0,NA,102.912,0,0,560.196,0,77.216,0,579.333,0,NA,0,0,0
2016-03-21,278.538,NA,91.021,0,NA,102.622,0,0,0,0,548.43,0,540.665,0,NA,0,0,0
2016-03-22,278.304,NA,118.034,0,NA,74.118,0,0,0,0,276.157,0,350.284,0,NA,0,0,0
2016-03-23,274.541,NA,112.463,0,NA,34.222,0,0,290.403,0,11.45,0,367.801,0,NA,0,0,0
2016-03-24,204.596,NA,57.615,0,NA,31.471,0,0,175.08,0,0,0,549.635,0,NA,0,0,0
2016-03-25,0,NA,0,0,NA,72.606,0,0,174.286,0,0,0,687.842,0,NA,0,0,0
2016-03-26,91.637,NA,0,0,NA,237.006,0,0,289.958,0,0,0,1071.267,0,NA,0,0,0
2016-03-27,264.214,NA,0,0,NA,237.248,0,0,250.552,0,0,0,1480.545,0,NA,0,0,0
2016-03-28,266.444,NA,0,0,NA,172.383,0,0,282.804,0,0,0,1615.129,0,NA,0,0,0
2016-03-29,164.516,NA,0,0,NA,160.71,0,0,386.896,0,0,0,1769.391,0,NA,0,0,0
2016-03-30,0,NA,0,0,NA,543.8,0,0,1042.642,0,57.67,0,1838.779,0,NA,0,0,0
2016-03-31,366.61,NA,0,0,NA,526.442,0,0,1670.614,0,526.658,34.07,2308.357,0,NA,0,0,0
2016-04-01,730.558,NA,46.055,0,NA,563.778,0,0,1184.695,0,630.655,94.011,2925.81,0,NA,0,0,0
2016-04-02,803.729,NA,79.626,0,NA,473.239,0,0,497.992,0,754.389,68.774,3745.39,0,NA,0,0,0
2016-04-03,805.419,NA,85.398,0,NA,431.196,0,0,317.087,0,538.184,70.463,4580.84,0,NA,0,0,0
2016-04-04,801.72,NA,107.323,0,NA,299.465,0,0,283.428,0,280.583,70.399,4997.593,0,NA,0,0,0
2016-04-05,643.219,NA,104.392,0,NA,249.203,0,0,195.039,0,101.645,2.701,4947.73,0,NA,0,0,0
2016-04-06,700.864,NA,102.373,0,NA,338.925,0,0,259.896,0,0,0,4839.508,0,NA,0,0,0
2016-04-07,718.302,NA,105.357,0,NA,234.01,0,0,274.868,0,0,0,4503.761,0,NA,0,0,0
2016-04-08,759.485,NA,100.346,0,NA,306.639,0,0,265.849,0,0,0,4255.325,0,NA,0,0,0
2016-04-09,774.934,NA,94.868,0,NA,280.021,0,0,316.385,0,22.704,0,4131.461,0,NA,0,0,0
2016-04-10,795.803,NA,84.2,0,NA,236.009,0,0,342.333,0,0,0,3775.717,0,NA,0,0,0
2016-04-11,605.94,NA,78.596,0,NA,291.658,0,0,329.491,0,6.009,0,3640.194,0,NA,0,0,0
2016-04-12,274.502,NA,83.677,0,NA,170.157,0,0,319.007,0,0,0,3109.274,0,NA,0,0,0
2016-04-13,273.403,NA,84.478,0,NA,188.069,0,0,241.189,0,0,0,2957.588,0,NA,0,0,0
2016-04-14,273.401,NA,49.86,0,NA,222.147,0,0,339.466,0,0,0,2620.706,0,NA,0,0,0
2016-04-15,398.298,NA,0,0,NA,202.157,0,0,315.325,0,22.75,0,2536.286,0,NA,0,0,0
2016-04-16,472.149,NA,0,0,NA,250.595,0,0,308.304,0,0,0,2260.637,0,NA,0,0,0
2016-04-17,473.361,NA,0,0,NA,206.759,0,0,338.223,0,0,0,2198.972,0,NA,0,0,0
2016-04-18,473.89,NA,0,0,NA,279.878,0,0,331.843,0,0,0,1960.06,0,NA,0,0,0
2016-04-19,472.661,NA,0,0,NA,212.84,0,0,329.097,0,0,0,1970.135,0,NA,0,0,0
2016-04-20,469.254,NA,0,0,NA,241.196,0,0,328.178,0,18.073,0,2072.798,0,NA,0,0,0
2016-04-21,468.287,NA,0,0,NA,238.185,0,0,315.416,0,0,0,2103.697,0,NA,0,0,0
2016-04-22,469.418,NA,0,0,NA,201.619,0,0,332.096,0,31.058,0,1872.61,0,NA,0,0,0
2016-04-23,339.64,NA,0,0,NA,194.229,0,0,328.449,0,0,0,2104.947,0,NA,0,0,0
2016-04-24,270.851,NA,0,0,NA,200.107,0,0,329.952,0,0,0,1824.744,0,NA,0,0,0
2016-04-25,270.417,NA,0,0,NA,284.548,0,0,310.38,0,0,0,1912.067,0,NA,0,0,0
2016-04-26,163.369,NA,0,0,NA,118.659,0,0,306.317,0,0,0,1800.471,0,NA,0,0,0
2016-04-27,95.452,NA,0,0,NA,121.113,0,0,338.295,0,0,0,1571.984,0,NA,0,0,0
2016-04-28,110.008,NA,0,0,NA,98.913,0,0,335.647,0,0,0,1618.616,0,NA,0,0,0
2016-04-29,96.838,NA,0,0,NA,288.822,0,0,326.007,0,0,0,1231.004,0,NA,0,0,0
2016-04-30,0,NA,0,0,NA,204.624,0,0,348.392,0,0,0,1230.156,0,NA,0,0,0
2016-05-01,0,NA,0,0,NA,148.326,0,0,340.399,0,0,0,926.299,0,NA,0,0,0
2016-05-02,0,NA,0,0,NA,170.582,0.009,0,337.881,0,0,0,1122.092,0,NA,0,0,0
2016-05-03,0,NA,0,0,NA,257.925,0,0,341.188,0,0,0,764.603,0,NA,0,0,0
2016-05-04,0,NA,0,0,NA,231.081,0,0,331.972,0,75.047,0,1358.645,0,NA,0,0,0
2016-05-05,145.085,NA,0,0,NA,428.404,0,0,162.48,0,12.884,0,1380.486,0,NA,0,0,0
2016-05-06,26.908,NA,0,0,NA,199.985,0,0,338.679,0,10.567,0,1350.144,0,NA,0,0,0
2016-05-07,0,NA,0,0,NA,44.258,0,0,0,0,23.526,0,1353.023,0,NA,0,0,0
2016-05-08,0,NA,0,0,NA,21.153,0,0,0,0,0,0,1566.626,0,NA,0,0,0
2016-05-09,0,NA,0,0,NA,17.258,0,0,337.498,0,0,0,1610.634,0,NA,0,0,0
2016-05-10,0,NA,0,0,NA,17.535,0,0,171.241,0,4.647,0,1550.346,0,NA,0,0,0
2016-05-11,0,NA,0,0,NA,15.449,0,0,337.253,0,0,0,1493.864,0,NA,0,0,0
2016-05-12,79.878,NA,0,0,NA,16.897,0,0,328.674,0,0,0,1521.179,0,NA,0,0,0
2016-05-13,0,NA,0,0,NA,183.316,0,0,222.041,0,43.246,0,1592.15,0,NA,0,0,0
2016-05-14,0,NA,0,0,NA,213.629,0,0,0,0,0,0,1477.659,0,NA,0,0,0
2016-05-15,0,NA,0,0,NA,63.221,0,0,0,0,0,0,1479.442,0,NA,0,0,0
2016-05-16,11.184,NA,0,0,NA,9.165,0,0,342.771,0,112.618,0,1395.439,0,NA,0,0,0
2016-05-17,65.933,NA,0,0,NA,54.478,0,0,278.047,0,177.655,0,1554.918,0,NA,0,0,0
2016-05-18,0,NA,0,0,NA,373.821,0,0,1289.875,0,0,0,2043.271,0,NA,0,0,0
2016-05-19,380.7,NA,0,0,NA,1460.052,0,0,1806.307,0,0,62.321,2322.645,0,NA,0,0,0
2016-05-20,678.473,NA,0,0,NA,2136.914,0,0,3276.633,0,685.229,84.722,3126.718,0,NA,0,0,0
2016-05-21,797.63,NA,0,0,NA,1872.162,0,0,2681.351,0,1548.64,94.989,4245.123,0,NA,0,0,0
2016-05-22,796.706,NA,0,0,NA,1608.351,0,0,1800.313,0,1614.566,90.169,5622.715,0,NA,0,0,0
2016-05-23,796.383,NA,0,0,NA,1066.116,0,0,963.58,0,1363.135,78.765,8287.162,0,NA,0,0,0
2016-05-24,795.649,NA,0,0,NA,900.923,0,0,564.567,0,536.539,68.877,8114.988,0,NA,0,439,0
2016-05-25,794.08,NA,0,0,NA,459.963,0,0,34.041,0,233.523,69.087,7984.085,0,NA,0,610,0
2016-05-26,794.059,NA,0,0,NA,328.869,0,0,303.987,0,116.706,46.726,7535.402,0,NA,0,599,0
2016-05-27,794.878,NA,0,0,NA,106.704,0,0,0,0,39.344,50.931,7135.752,0,NA,0,238,0
2016-05-28,795.699,NA,0,0,NA,92.71,0,0,0,0,56.641,41.433,6629.689,0,NA,0,0,0
2016-05-29,794.657,NA,0,0,NA,90.912,0,0,0,0,75.045,32.143,6594.347,0,NA,0,0,0
2016-05-30,794.849,NA,0,0,NA,130.226,0,0,0,0,24.987,8.711,6252.545,0,NA,0,0,0
2016-05-31,720.191,NA,0,0,NA,74.937,0,0,309.558,0,11.055,33.695,5654.722,0,NA,0,0,0
2016-06-01,794.404,NA,0,0,NA,17.572,0,0,0,0,23.335,26.953,5336.636,0,NA,0,0,0
2016-06-02,795.285,NA,0,0,NA,16.007,0,0,0,0,0,20.8,5052.98,0,NA,0,0,0
2016-06-03,795.517,NA,0,0,NA,78.756,0,0,0,0,0,0,4637.328,0,NA,0,0,0
2016-06-04,795.216,NA,0,0,NA,0,0,0,0,0,40.464,21.084,4063.222,0,NA,0,0,0
2016-06-05,792.692,NA,0,0,NA,16.961,0,0,163.753,0,0,0,3985.421,0,NA,0,0,0
2016-06-06,788.409,NA,0,0,NA,16.581,0,0,504.681,0,0,0,3588.696,0,NA,0,0,0
2016-06-07,791.589,NA,0,0,NA,150.437,0,0,603.749,0,0,0,3587.547,0,NA,0,0,0
2016-06-08,792.632,NA,0,0,NA,353.035,0,0,769.784,0,0,27.24,3550.483,0,NA,0,0,0
2016-06-09,794.2,NA,0,0,NA,528.397,0,0,800.813,0,59.036,47.408,4532.757,0,NA,0,0,0
2016-06-10,550.493,NA,0,0,NA,1089.459,0,0,1163.436,0,92.295,70.929,5741.847,0,NA,0,0,0
2016-06-11,793.933,NA,0,0,NA,1132.655,0,0,872.832,0,421.353,42.997,7420.306,0,NA,0,0,0
2016-06-12,795.557,NA,0,0,NA,922.913,0,0,713.928,0,388.924,33.155,8517.963,0,NA,0,0,0
2016-06-13,795.826,NA,0,0,NA,538.844,0,0,180.453,0,337.973,26.576,8575.829,0,NA,0,0,0
2016-06-14,798.272,NA,0,0,NA,196.82,0,0,239.867,0.025,194.501,21.85,7997.181,0,NA,0,0,0
2016-06-15,795.906,NA,0,0,NA,117.931,0,0,0,0,145.992,0,7704.06,0,NA,0,0,0
2016-06-16,788.078,NA,0,0,NA,211.646,0,0,0,0,86.84,38.826,7356.989,0,NA,0,0,0
2016-06-17,782.962,NA,0,0,NA,126.618,0,0,347.25,0,85.965,7.615,6861.599,0,NA,0,0,0
2016-06-18,781.681,NA,0,0,NA,119.388,0,0,389.204,0,63.812,32.133,6235.724,0,NA,0,0,0
2016-06-19,795.057,NA,0,0,NA,319.963,0,0,571.101,0,86.154,21.083,5651.638,0,NA,0,0,0
2016-06-20,797.951,NA,0,0,NA,325.635,0,0,340.016,0,62.395,30.342,5171.198,0,NA,0,0,0
2016-06-21,799.051,NA,0,0,NA,279.121,0,0,491.745,0,36.204,5.831,4874.997,0,NA,0,0,0
2016-06-22,799.551,NA,0,0,NA,180.146,0,0,0,0,54.074,22.521,4681.188,0,NA,0,0,0
2016-06-23,798.458,NA,0,0,NA,113.376,0,0,298.336,0,88.167,20.5,4491.84,0,NA,0,0,0
2016-06-24,799.61,NA,0,0,NA,58.006,0,0,0,0,88.592,7.624,4127.657,0,NA,0,0,0
2016-06-25,798.723,NA,0,0,NA,45.141,0,0,333.729,0,37.275,24.691,3969.345,0,NA,0,0,0
2016-06-26,797.508,NA,0,0,NA,40.381,0,0,0,0,30.392,16.007,3789.55,0,NA,0,0,0
2016-06-27,796.662,NA,0,0,NA,72.027,0,0,261.334,0,32.235,0,3584.823,0,NA,0,0,0
2016-06-28,793.54,NA,0,0,NA,26.573,0,0,383.987,0,27.827,15.88,3171.516,0,NA,0,0,0
2016-06-29,790.447,NA,0,0,NA,91.747,0,0,174.32,0,75.832,8.91,3157.73,0,NA,0,0,0
2016-06-30,791.636,NA,0,0,NA,44.762,0,0,125.766,0,88.301,26.293,3121.046,0,NA,0,0,0
2016-07-01,705.811,NA,0,0,NA,100.788,0,0,380.208,0,39.592,0,2875.99,0,NA,0,0,0
2016-07-02,790.909,NA,0,0,NA,147.915,0,0,194.097,0,29.916,19.216,2604.034,0,NA,0,0,0
2016-07-03,789.275,NA,0,0,NA,182.734,0,0,607.376,0,59.914,0,2357.031,0,NA,0,0,0
2016-07-04,788.372,NA,0,0,NA,210.197,0,0,655.7,0,38.388,26.936,2219.379,0,NA,0,0,0
2016-07-05,787.574,NA,0,0,NA,386.507,0,0,411.712,0,64.095,6.031,2306.335,0,NA,0,0,0
2016-07-06,788.202,NA,0,0,NA,253.086,0,0,0,0,42.093,21.782,1879.716,0,NA,0,0,0
2016-07-07,788.548,NA,0,0,NA,185.178,0,0,0,0,88.645,25.312,1849.362,0,NA,0,0,0
2016-07-08,619.512,NA,0,0,NA,94.521,0,0,0,0,30.035,23.669,1468.747,0,NA,0,0,0
2016-07-09,566.259,NA,0,0,NA,102.03,0,0,0,0,11.024,0,1486.579,0,NA,0,0,0
2016-07-10,374.154,NA,0,0,NA,81.281,0,0,0,0,47.491,0,1074.714,0,NA,0,0,0
2016-07-11,156.146,NA,0,0,NA,67.615,0,0,0,0,42.422,0,1042.869,0,NA,0,0,0
2016-07-12,43.304,NA,0,0,NA,57.052,0,0,0,0,55.896,42.382,1009.095,0,NA,0,0,0
2016-07-13,0,NA,0,0,NA,65.819,0,0,0,0,29.253,44.977,1160.294,0,NA,0,0,0
2016-07-14,0,NA,0,0,NA,52.21,0,0,0,0,0,1.567,1300.164,0,NA,0,0,0
2016-07-15,0,NA,0,0,NA,25.91,0,0,0,0,16.424,0,1107.8,0,NA,0,0,0
2016-07-16,0,NA,0,0,NA,16.104,0,0,0,0,9.608,0,1173.384,0,NA,0,0,0
2016-07-17,0,NA,0,0,NA,13.481,0,0,0,0,21.685,0,1234.791,0,NA,0,0,0
2016-07-18,0,NA,0,0,NA,13.36,0,0,0,0,0,0,1224.593,0,NA,0,0,0
2016-07-19,0,NA,0,0,NA,13.79,0,0,0,0,0,15.046,1154.432,0,NA,0,0,0
2016-07-20,0,NA,0,0,NA,26.238,0,0,305.851,0,24.408,0,1218.777,0,NA,0,0,0
2016-07-21,0,NA,0,0,NA,15.387,0,0,337.395,0,0,0,1017.273,0,NA,0,0,0
2016-07-22,0,NA,0,0,NA,30.99,0,0,334.889,0,17.028,0,1263.596,0,NA,0,0,0
2016-07-23,0,NA,0,0,NA,41.918,0,0,344.072,0,0,0,1298.926,0,NA,0,0,0
2016-07-24,0,NA,0,0,NA,63.814,0,0,333.101,0,27.248,0,1089.036,0,NA,0,0,0
2016-07-25,0,NA,0,0,NA,69.601,0,0,323.729,0,0,38.345,1289.745,0,NA,0,0,0
2016-07-26,0.636,NA,0,0,NA,4.237,0,0,319.159,0,32.061,30.164,1172.397,0,NA,0,0,0
2016-07-27,0,NA,0,0,NA,30.674,0,0,316.518,0,0,24.791,1235.585,0,NA,0,0,0
2016-07-28,0,NA,0,0,NA,93.718,0,0,320.609,0,25.491,38.116,1207.981,0,NA,0,0,0
2016-07-29,0,NA,0,0,NA,106.777,0,0,328.71,0,0,45.458,1127.961,0,NA,0,0,0
2016-07-30,0,NA,0,0,NA,119.665,0,0,328.011,0,7.734,27.04,1068.857,0,NA,0,0,0
2016-07-31,0,NA,0,0,NA,155.555,0,0,321.952,0,19.256,34.328,1007.644,0,NA,0,0,0
2016-08-01,0,NA,0,0,NA,200.676,0,0,331.579,0,0,53.165,921.553,0,NA,0,0,0
2016-08-02,0,NA,0,0,NA,226.464,0,0,304.554,0,27.751,89.537,916.86,0,NA,0,0,0
2016-08-03,0,NA,0,0,NA,185.228,0,0,318.407,0,23.705,98.009,909.025,0,NA,0,0,0
2016-08-04,0,NA,0,0,NA,246.37,0,0,433.178,0,10.089,129.292,1131.156,0,NA,0,0,0
2016-08-05,0,NA,0,0,NA,231.96,0,0,438.775,0,244.604,184.512,1087.47,0,NA,0,0,0
2016-08-06,0,NA,0,0,NA,239.842,0,0,336.218,0,91.189,93.942,796.688,0,NA,0,0,0
2016-08-07,137.312,NA,0,0,NA,190.986,0,0,324.163,0,60.787,58.431,1141.907,0,NA,0,0,0
2016-08-08,115.079,NA,0,0,NA,326.014,0,0,446.983,0,410.969,70.258,1248.516,0,NA,0,0,0
2016-08-09,205.299,NA,0,0,NA,310.139,0,0,1832.258,0,331.736,59.027,1157.116,0,NA,0,0,0
2016-08-10,498.943,NA,0,0,NA,752.94,0,0,1704.611,0,1210.993,19.997,1246.592,0,NA,0,0,0
2016-08-11,639.058,NA,0,0,NA,755.27,0,0,1622.573,0,1242.296,23.078,1112.128,0,NA,0,0,0
2016-08-12,794.043,NA,0,0,NA,577.261,0,0,819.657,0,1149.783,20.12,1034.334,0,NA,0,0,0
2016-08-13,802.276,NA,0,0,NA,383.565,0,0,471.99,0,742.044,0,1071.179,0,NA,0,0,0
2016-08-14,798.562,NA,0,0,NA,276.72,0,0,430.435,0,593.308,0,1092.272,0,NA,0,0,0
2016-08-15,665.148,NA,0,0,NA,138.726,0,0,388.169,0,391.222,8.493,1103.403,0,NA,0,0,0
2016-08-16,802.492,NA,0,0,NA,123.861,0,0,249.391,0,403.439,17.373,1111.173,0,NA,0,0,0
2016-08-17,802.8,NA,0,0,NA,128.067,0,0,221.528,0,268.218,0,1035.35,0,NA,0,0,0
2016-08-18,803.731,NA,0,0,NA,80.015,0,0,223.053,0,197.429,37.51,1052.851,0,NA,0,0,0
2016-08-19,703.164,NA,0,0,NA,107.847,0,0,148.747,0,158.218,29.006,1212.838,0,NA,0,0,0
2016-08-20,364.902,NA,0,0,NA,94.03,0,0,0,0,120.254,34.461,1012.382,0,NA,0,0,0
2016-08-21,270.576,NA,0,0,NA,84.621,0,0,101.204,0,116.8,24.427,900.286,0,NA,0,0,0
2016-08-22,272.498,NA,0,0,NA,50.463,0,0,0,0,129.144,38.481,875.195,0,NA,0,0,0
2016-08-23,271.669,NA,0,0,NA,46.449,0,0,326.3,0,107.166,40.053,880.833,0,NA,0,0,0
2016-08-24,271.96,NA,0,0,NA,45.752,0,0,360.326,0,52.914,37.029,860.716,0,NA,0,0,0
2016-08-25,589.254,NA,0,0,NA,101.736,0,0,321.596,0,33.812,34.752,862.076,0,NA,0,0,0
2016-08-26,483.914,NA,0,0,NA,114.609,0,0,452.719,0,22.766,26.042,934.109,0,NA,0,0,0
2016-08-27,620.704,NA,0,0,NA,163.474,0,0,464.489,0,99.685,43.376,1022.178,0,NA,0,0,0
2016-08-28,717.286,NA,0,0,NA,165.741,0,0,746.347,0,102.348,52.702,936.755,0,NA,0,0,0
2016-08-29,491.79,NA,0,0,NA,192.84,0,0,805.789,0,134.461,45.131,1214.268,0,NA,0,0,0
2016-08-30,0,NA,0,0,NA,855.956,0,0,807.789,0,262.548,0,1378.191,0,NA,0,0,0
2016-08-31,55.248,NA,0,0,NA,1091.231,0,0,1151.975,0,277.256,26.365,1576.769,0,NA,0,0,0
2016-09-01,275.734,NA,0,0,NA,1126.541,0,0,1080.465,0,299.45,68.782,2388.922,0,NA,0,0,0
2016-09-02,516.503,NA,0,0,NA,1053.594,0,0,817.071,0,308.229,68.92,2993.79,0,NA,0,0,0
2016-09-03,611.001,NA,0,0,NA,898.371,0,0,799.115,0,342.105,69.046,3150.747,0,NA,0,0,0
2016-09-04,628.024,NA,0,0,NA,675.594,0,0,475.769,0,294.568,69.057,3068.064,0,NA,0,0,0
2016-09-05,629.872,NA,0,0,NA,821.23,0,0,395.269,0,170.458,68.957,3139.348,0,NA,0,0,0
2016-09-06,492.256,NA,0,0,NA,761.77,0,0,493.726,0,169.649,80.578,3587.1,0,NA,0,0,0
2016-09-07,653.682,NA,0,0,NA,676.702,0,0,531.317,0,285.833,59.679,3551.85,0,NA,0,0,0
2016-09-08,372.813,NA,0,0,NA,795.79,0,0,887.645,0,320.751,65.391,3653.571,0,NA,0,0,0
2016-09-09,767.842,NA,0,0,NA,944.302,0,0,826.766,0,332.753,76.321,4446.443,0,NA,0,0,0
2016-09-10,704.284,NA,0,0,NA,774.399,0,0,363.707,0,354.861,40.551,4988.245,0,NA,0,0,0
2016-09-11,747.864,NA,0,0,NA,568.111,0,0,330.619,0,250.231,72.107,5171.383,0,NA,0,0,0
2016-09-12,535.448,NA,0,0,NA,305.404,0,0,390.016,0,132.662,93.928,5383.239,0,NA,0,0,0
2016-09-13,390.571,NA,0,0,NA,313.717,0,0,397.447,0,123.78,84.397,5049.13,0,NA,0,0,0
2016-09-14,687.321,NA,0,0,NA,231.048,0,0,909.382,0,89.8,69.136,5409.795,0,NA,0,0,0
2016-09-15,806.6,NA,0,0,NA,277.534,0,0,300.691,0,187.704,75.918,5215.911,0,NA,0,0,0
2016-09-16,691.352,NA,0,0,NA,230.783,0,0,408.547,0,199.401,73.535,5480.204,0,NA,0,0,0
2016-09-17,382.195,NA,0,0,NA,198.084,0,0,333.191,0,188.214,52.478,5146.542,0,NA,0,0,0
2016-09-18,0,NA,0,0,NA,153.444,0,0,0,0,61.892,54.7,5036.434,0,NA,0,0,0
2016-09-19,166.468,NA,0,0,NA,125.167,0,0,389.121,0,131.059,47.323,5451.661,0,NA,0,0,0
2016-09-20,239.98,NA,0,0,NA,153.751,0,0,386.042,0,146.466,46.582,5879.711,0,NA,0,0,0
2016-09-21,391.579,NA,0,0,NA,141.09,0,0,386.456,0,36.634,40.789,6151.963,0,NA,0,0,0
2016-09-22,332.14,NA,0,0,NA,76.04,0,0,390.808,0,85.239,66.911,5916.649,0,NA,0,0,0
2016-09-23,161.219,NA,48.778,0,NA,231.107,0,0,396.468,0,54.879,90.673,5927.023,0,NA,0,0,0
2016-09-24,0,NA,0,0,NA,304.502,0,0,412.376,0,72.217,112.973,5848.488,0,NA,0,0,0
2016-09-25,0,NA,0,0,NA,229.773,0,0,404.015,0,115.075,85.278,5437.756,0,NA,0,0,0
2016-09-26,0,NA,0,0,NA,162.489,0,0,630.341,0,46.292,95.528,5312.75,0,NA,0,0,0
2016-09-27,0,NA,0,0,NA,232.872,0,0,337.926,0,87.106,87.304,5282.147,0,NA,0,0,0
2016-09-28,0.064,NA,0,0,NA,235.111,0,0,341.302,0,64.704,84.317,5256.982,0,NA,0,0,0
2016-09-29,0,NA,0,0,NA,332.144,0,0,344.049,0,75.175,94.699,5145.743,0,NA,0,0,0
2016-09-30,0,NA,0,0,NA,232.225,0,0,634.183,0,86.337,105.849,5096.727,0,NA,0,0,0
2016-10-01,0,NA,0,0,NA,342.795,0,0,767.28,0,121.842,70.274,4529.108,0,NA,0,0,0
2016-10-02,0,NA,0,0,NA,313.375,0,0,654.025,0,155.627,109.524,4096.767,0,NA,0,0,0
2016-10-03,0,NA,0,0,NA,376.845,0,0,510.638,0,332.768,104.636,4072.254,0,NA,0,0,0
2016-10-04,0,NA,0,0,NA,307.461,0,0,1434.877,0.026,62.579,169.601,3827.583,0,NA,0,0,0
2016-10-05,0,NA,0,0,NA,268.931,0,0,1197.205,0,171.598,187.491,3742.338,0,NA,0,0,0
2016-10-06,0,NA,0,0,NA,669.082,0,0,819.138,0,871.424,105.757,3844.772,0,NA,0,0,0
2016-10-07,0,NA,0,0,NA,950.295,0,0,1295.44,0,1063.03,0,3658.272,0,NA,0,0,0
2016-10-08,0,NA,74.91,0,NA,745.548,0,0,1441.006,0,1140.022,40.413,3850.936,0,NA,0,0,0
2016-10-09,0,NA,132.896,0,NA,704.244,0,0,796.836,0,869.154,68.791,3890.66,0,NA,0,0,0
2016-10-10,0,NA,129.12,0,NA,657.796,0,0,328.164,0,609.342,175.712,4141.557,0,NA,0,0,0
2016-10-11,0,NA,124.802,0,NA,455.447,0,0,292.288,0,367.416,146.917,4032.228,0,NA,0,0,0
2016-10-12,0,NA,79.311,0,NA,322.111,0,0,263.788,0,298.444,127.703,3958.576,0,NA,0,0,0
2016-10-13,0,NA,0,0,NA,123.565,0,0,98.157,0,86.172,94.435,3609.29,0,NA,0,0,0
2016-10-14,0,NA,0,0,NA,216.658,0,0,0,0,24.669,92.638,3275.035,0,NA,0,0,0
2016-10-15,0,NA,0,0,NA,129.817,0,0,0,0,30.347,91.568,2964.398,0,NA,0,0,0
2016-10-16,0,NA,0,0,NA,112.175,0,0,0,0,28.586,75.46,2889.707,0,NA,0,0,0
2016-10-17,0,NA,0,0,NA,113.393,0,0,219.522,0,13.509,73.655,2422.045,0,NA,0,0,0
2016-10-18,0,NA,0,0,NA,91.534,0,0,0,0,16.663,65.481,2522.496,0,NA,0,0,0
2016-10-19,0,NA,0,0,NA,16.837,0,0,0,0,26.272,58.655,2380.617,0,NA,0,0,0
2016-10-20,0,NA,0,0,NA,57.147,0,0,0,0,0,58.911,2244.89,0,NA,0,0,0
2016-10-21,0,NA,0,0,NA,16.61,0,0,0,0,23.137,42.727,2135.408,0,NA,0,0,0
2016-10-22,0,NA,0,0,NA,17.27,0,0,0,0,0,36.063,2088.178,0,NA,0,0,0
2016-10-23,0,NA,0,0,NA,22.185,0,0,0,0,21.766,24.81,1818.525,0,NA,0,0,0
2016-10-24,0.154,NA,0,0,NA,46.989,0,0,230.743,0,0,0,1677.017,0,NA,0,0,0
2016-10-25,0,NA,0,0,NA,14.246,0,0,672.247,0,22.539,0,1400.523,0,NA,0,0,0
2016-10-26,0,NA,0,0,NA,17.353,0,0,835.379,0,0,0,1472.469,0,NA,0,0,0
2016-10-27,0,NA,0,0,NA,19.01,0,0,830.648,0,20.534,0,1254.656,0,NA,0,0,0
2016-10-28,0,NA,0,0,NA,17.976,0,0,822.551,0,3.768,0,1025.877,0,NA,0,0,0
2016-10-29,0,NA,0,0,NA,17.584,0,0,815.653,0,0,0,1067.205,0,NA,0,0,0
2016-10-30,0,NA,0,0,NA,0,0,0,819.154,0,24.808,0,987.679,0,NA,0,0,0
2016-10-31,0,NA,0,0,NA,17.361,0,0,442.126,0,0,0,955.812,0,NA,0,0,0
2016-11-01,0,NA,0,0,NA,59.763,0,0,0,0,24.487,0,937.159,0,NA,0,0,0
2016-11-02,0,NA,0,0,NA,39.52,0,0,0,0,0,0,896.41,0,NA,0,0,0
2016-11-03,0,NA,0,0,NA,232.374,0,0,303.537,0,22.757,0,898.461,0,NA,0,0,0
2016-11-04,0,NA,0,0,NA,237.876,0,0,0,0,0,78.956,899.489,0,NA,0,0,0
2016-11-05,0,NA,0,0,NA,227.989,0,0,0,0,0,68.941,904.146,0,NA,0,0,0
2016-11-06,0,NA,0,0,NA,30.89,0,0,0,0,0,68.994,903.352,0,NA,0,0,0
2016-11-07,0,NA,0,0,NA,17.773,0,0,322.068,0,0,68.962,899.654,0,NA,0,0,0
2016-11-08,0,NA,0,0,NA,134.258,0,0,213.502,0,22.924,68.756,861.153,0,NA,0,0,0
2016-11-09,0,NA,89.465,0,NA,228.362,0,0,348.598,0,0,69.05,810.84,0,NA,0,0,0
2016-11-10,0,NA,135.739,0,NA,187.572,0,0,205.731,0,0,118.921,852.612,0,NA,0,0,0
2016-11-11,0,NA,136.03,0,NA,205.656,0,0,0,0,23.822,95.68,857.545,0,NA,0,0,0
2016-11-12,0,NA,134.681,0,NA,214.769,0,0,0,0,0,103.589,847.848,0,NA,0,0,0
2016-11-13,0,NA,132.993,0,NA,190.33,0,0,0,0,24.374,90.502,813.72,0,NA,0,0,0
2016-11-14,0,NA,74.205,0,NA,167.774,0,0,222.969,0,0,68.994,818.888,0,NA,0,0,0
2016-11-15,0,NA,52.538,0,NA,150.639,0,0,320.112,0,0,68.651,845.019,0,NA,0,0,0
2016-11-16,0,NA,123.813,0,NA,188.144,0,0,207.247,0,24.312,68.449,803.5,0,NA,0,0,0
2016-11-17,0.135,NA,122.56,0,NA,207.052,0,0,334.253,0,0,48.779,799.908,0,NA,0,0,0
2016-11-18,0,NA,116.293,0,NA,209.724,0,0,336.601,0,24.615,105.533,796.112,0,NA,0,0,0
2016-11-19,0,NA,116.856,0,NA,211.405,0,0,0,0,0,100.628,799.358,0,NA,0,0,0
2016-11-20,0,NA,116.453,0,NA,191.898,0,0,0,0,23.4,86.835,811.889,0,NA,0,0,0
2016-11-21,0,NA,117.119,0,NA,163.785,0,0,339.597,0,0,92.33,809.496,0,NA,0,0,0
2016-11-22,0,NA,116.49,0,NA,116.882,0,0,331.85,0,20.674,94.948,807.932,0,NA,0,0,0
2016-11-23,0,NA,115.245,0,NA,155.301,0,0,243.785,0,4.47,73.668,801.679,0,NA,0,0,0
2016-11-24,63.216,NA,114.413,0,NA,145.829,0,0,0,0,12.077,102.066,799.272,0,NA,0,0,0
2016-11-25,0,NA,114.159,0,NA,0,0,0,0,0,12.461,112.478,798.292,0,NA,0,0,0
2016-11-26,0,NA,113.873,0,NA,0,0,0,0,0,6.971,95.452,802.121,0,NA,0,0,0
2016-11-27,0,NA,112.871,0,NA,0,0,0,0,0,17.835,79.253,784.044,0,NA,0,0,0
2016-11-28,109.289,NA,112.431,0,NA,76.922,0,0,275.545,0,0,83.95,790.959,0,NA,0,0,0
2016-11-29,113.481,NA,113.502,0,NA,38.462,0,0,275.825,0,23.475,91.463,788.276,0,NA,0,0,0
2016-11-30,97.253,NA,112.439,0,NA,18.907,0,0,278.097,0,0,72.674,785.353,0,NA,0,0,0
2016-12-01,103.6,NA,95.465,0,NA,127.307,0,0,331.836,0,24.719,138.129,788.294,0,NA,0,0,0
2016-12-02,27.799,NA,0,0,NA,169.313,0,0,341.835,0,16.829,138.393,799.769,0,NA,0,0,0
2016-12-03,38.648,NA,0,0,NA,173.165,0,0,0,0,0,156.805,777.868,0,NA,0,0,0
2016-12-04,44.392,NA,0,0,NA,227.476,0,0,0,0,0,151.837,737.86,0,NA,0,0,0
2016-12-05,44.23,NA,0,0,NA,207.184,0,0,337.757,0,23.14,139.616,754.897,0,NA,0,0,0
2016-12-06,97.389,NA,0,0,NA,217.69,0,0,339.015,0,0,109.553,751.338,0,NA,0,0,0
2016-12-07,60.019,NA,0,0,NA,250.408,0,0,337.119,0,23.993,126.183,727.43,0,NA,0,0,0
2016-12-08,71.843,NA,0,0,NA,220.627,0,0,347.088,0,0,139.702,783.912,0,NA,0,0,0
2016-12-09,78.497,NA,0,0,NA,220.253,0,0,332.681,0,0,178.702,791.342,0,NA,0,0,0
2016-12-10,75.058,NA,0,0,NA,217.046,0,0,0,0,28.869,200.934,807.591,0,NA,0,0,0
2016-12-11,66.267,NA,0,0,NA,236.128,0,0,0,0,0,193.158,794.732,0,NA,0,0,0
2016-12-12,0,NA,0,0,NA,236.795,0,0,336.178,0,5.345,161.186,820.516,0,NA,0,0,0
2016-12-13,0,NA,0,0,NA,236.83,0,0,353.038,0,19.019,96.344,816.869,0,NA,0,0,0
2016-12-14,0,NA,0,0,NA,231.042,0,0,334.953,0,129.714,94.729,797.453,0,NA,0,0,0
2016-12-15,60.921,NA,0,0,NA,197.07,0,0,335.466,0,0,138.039,803.482,0,NA,0,0,0
2016-12-16,59.816,NA,0,0,NA,232.027,0,0,345.208,0,0,108.586,748.271,0,NA,0,0,0
2016-12-17,36.221,NA,0,0,NA,231.025,0,0,0,0,100.802,80.92,734.752,0,NA,0,0,0
2016-12-18,36.346,NA,0,0,NA,232.973,0,0,0,0,178.722,101.029,731.353,0,NA,0,0,0
2016-12-19,45.006,NA,0,0,NA,232.67,0,0,336.008,0,217.83,69.448,760.656,0,NA,0,0,0
2016-12-20,84.666,NA,0,0,NA,234.201,0,0,339.291,0,95.746,69.383,789.087,0,NA,0,0,0
2016-12-21,118.14,NA,0,0,NA,209.601,0,0,234.952,0,30.57,69.369,812.704,0,NA,0,0,0
2016-12-22,83.117,NA,0,0,NA,205.654,0,0,346.841,0,29.153,69.607,806.086,0,NA,0,0,0
2016-12-23,92.533,NA,0,0,NA,235.718,0,0,227.882,0,45.028,69.682,754.485,0,NA,0,0,0
2016-12-24,91.327,NA,0,0,NA,118.081,0,0,0,0,42.587,69.533,748.33,0,NA,0,0,0
2016-12-25,94.273,NA,0,0,NA,119.41,0,0,0,0,97.019,69.326,746.174,0,NA,0,0,0
2016-12-26,46.147,NA,0,0,NA,110.744,0,0,0,0,177.039,68.891,714.261,0,NA,0,0,0
2016-12-27,55.368,NA,0,0,NA,55.994,0,0,341.064,0,16.161,38.13,642.684,0,NA,0,0,0
2016-12-28,64.627,NA,0,0,NA,60.426,0,0,338.725,0,27.893,69.158,577.163,0,NA,0,0,0
2016-12-29,49.916,NA,0,0,NA,126.914,0,0,345.398,0,25.86,17.651,561.757,0,NA,0,0,0
2016-12-30,89.586,NA,0,0,NA,226.932,0,0,273.462,0,35.242,45.052,553.36,0,NA,0,0,0
2016-12-31,107.288,NA,0,0,NA,180.722,0,0,0,0,115.302,69.194,514.009,0,NA,0,0,0
2017-01-01,39.129,NA,0,0,NA,31.573,0,0,0,0,171.177,30.163,505.677,0,NA,0,0,0
2017-01-02,41.699,NA,0,0,NA,60.503,0,0,0,0,129.556,24.503,501.431,0,NA,0,0,0
2017-01-03,50.772,NA,0,0,NA,48.119,0,0,342.433,0,129.361,51.094,500.445,0,NA,0,0,0
2017-01-04,31.515,NA,0,0,NA,43.703,0,0,335.3,0,125.647,2.839,486.478,0,NA,0,0,0
2017-01-05,46.677,NA,0,0,NA,232.302,0,0,346.876,0,156.332,69.401,430.06,0,NA,0,0,0
2017-01-06,30.963,NA,0,0,NA,167.158,0,0,342.904,0,135.61,21.607,368.468,0,NA,0,0,0
2017-01-07,0,NA,0,0,NA,233.04,0,0,339.388,0,113.406,22.685,400.98,0,NA,0,0,0
2017-01-08,0,NA,0,0,NA,237.848,0,0,0,0,49.437,70.039,336.573,0,NA,0,0,0
2017-01-09,98.789,NA,0,0,NA,184.967,0,0,304.6,0,10.678,69.434,381.054,0,NA,0,0,0
2017-01-10,54.692,NA,0,0,NA,79.583,0,0,333.953,0,52.521,37.15,239.204,0,NA,0,0,0
2017-01-11,55.067,NA,0,0,NA,227.209,0,0,335.861,0,89.904,24.129,413.182,0,NA,0,0,0
2017-01-12,99.282,NA,0,0,NA,203.838,0,0,336.471,0,287.611,69.422,540.036,0,NA,0,0,0
2017-01-13,46.369,NA,0,0,NA,237.11,0,0,331.102,0,254.387,44.172,430.263,0,NA,0,0,0
2017-01-14,30.299,NA,0,0,NA,155.187,0,0,0,0,0,0,376.835,0,NA,0,0,0
2017-01-15,17.647,NA,0,0,NA,71.41,0,0,0,0,24.601,0,362.467,0,NA,0,0,0
2017-01-16,89.232,NA,0,0,NA,17.075,0,0,0,0,0,0,399.793,0,NA,0,0,0
2017-01-17,60.241,NA,0,0,NA,16.587,0,0,312.953,0,25.719,0,398.975,0,NA,0,0,0
2017-01-18,105.757,NA,0,0,NA,16.961,0,0,0,0,18.812,0,364.813,0,NA,0,0,0
2017-01-19,110.371,NA,0,0,NA,0.21,0,0,0,0,0,0,365.457,0,NA,0,0,0
2017-01-20,81.658,NA,0,0,NA,16.936,0,0,0,0,24.42,0,364.781,0,NA,0,0,0
2017-01-21,85.539,NA,0,0,NA,19.182,0,0,0,0,0,0,401.443,0,NA,0,0,0
2017-01-22,0,NA,0,0,NA,17.76,0,0,0,0,0,0,407.989,0,NA,0,0,0
2017-01-23,0.059,NA,0,0,NA,65.506,0,0,0,0,3.332,0,469.145,0,NA,0,0,0
2017-01-24,0,NA,0,0,NA,17.827,0,0,131.643,0,24.227,0,420.247,0,NA,0,0,0
2017-01-25,53.861,NA,0,0,NA,26.569,0,0,373.233,0,0,0,466.447,0,NA,0,0,0
2017-01-26,72.001,NA,0,0,NA,201.784,0,0,0,0,25.288,0,361.744,0,NA,0,0,0
2017-01-27,74.948,NA,0,0,NA,140.121,0,0,0,0,0,0,365.362,0,NA,0,0,0
2017-01-28,84.069,NA,0,0,NA,17.706,0,0,0,0,25.6,0,294.393,0,NA,0,0,0
2017-01-29,9.96,NA,0,0,NA,16.894,0,0,0,0,1.681,0,407.123,0,NA,0,0,0
2017-01-30,0,NA,0,0,NA,16.909,0,0,379.81,0,23.064,0,437.88,0,NA,0,0,0
2017-01-31,41.581,NA,0,0,NA,15.996,0,0,0,0.035,19.322,0,438.738,0,NA,0,0,0
2017-02-01,45.738,NA,0,0,NA,16.457,0,0,0,0,5.53,0,416.69,0,NA,0,0,0
2017-02-02,29.503,NA,0,0,NA,16.427,0,0,0,0,24.068,0,462.034,0,NA,0,0,0
2017-02-03,0,NA,0,0,NA,17.661,0,0,314.506,0,0,0,470.944,0,NA,0,0,0
2017-02-04,0,NA,0,0,NA,12.929,0,0,0,0,25.099,0,658.841,0,NA,0,0,0
2017-02-05,0,NA,0,0,NA,3.889,0,0,0,0,0,0,703.649,0,NA,0,0,0
2017-02-06,0,NA,0,0,NA,17.252,0,0,0,0,24.314,0,665.818,0,NA,0,0,0
2017-02-07,49.797,NA,0,0,NA,18.058,0,0,0,0,0,0,618.036,0,NA,0,0,0
2017-02-08,94.177,NA,0,0,NA,13.848,0,0,0,0,22.497,0,535.948,0,NA,0,0,0
2017-02-09,44.82,NA,0,0,NA,5.671,0,0,0,0,0,0,479.346,0,NA,0,0,0
2017-02-10,29.634,NA,0,0,NA,113.348,0,0,0,0,21.798,0,491.688,0,NA,0,0,0
2017-02-11,0,NA,0,0,NA,0,0,0,0,0,0,0,437.51,0,NA,0,0,0
2017-02-12,0,NA,0,0,NA,17.92,0,0,0,0,7.892,0,436.034,0,NA,0,0,0
2017-02-13,45.281,NA,0,0,NA,15.315,0,0,317.848,0,16.725,0,255.498,0,NA,0,0,0
2017-02-14,52.831,NA,0.006,0,NA,0.961,0,0,326.996,0,0,0,0,0,NA,0,0,0
2017-02-15,61.052,NA,0,0,NA,16.944,0,0,319.478,0,4.793,0,0,0,NA,0,0,0
2017-02-16,60.644,NA,0,0,NA,15.019,0,0,311.294,0,24.794,0,0,0,NA,0,0,0
2017-02-17,69.478,NA,0,0,NA,0,0,0,334.747,0,0,0,0,0,NA,0,0,0
2017-02-18,41.297,NA,0,0,NA,15.129,0,0,0,0,0,0,0,0,NA,0,0,0
2017-02-19,30.513,NA,0,0,NA,0,0,0,0,0,21.537,0,0,0,NA,0,0,0
2017-02-20,37.137,NA,0,0,NA,23.396,0,0,333.556,0,0,0,0,0,NA,0,0,0
2017-02-21,66.329,NA,0,0,NA,13.95,0,0,253.952,0,0,0,2.93,0,NA,0,0,0
2017-02-22,25.317,NA,0,0,NA,16.758,0,0,178.739,0,26.201,0,0,0,NA,0,0,0
2017-02-23,0,NA,0,0,NA,0,0,0,300.671,0,0,0,0,0,NA,0,0,0
2017-02-24,0,NA,0,0,NA,16.647,0,0,334.731,0,0,0,0,0,NA,0,0,0
2017-02-25,0,NA,0,0,NA,14.676,0,0,0,0,21.411,0,0,0,NA,0,0,0
2017-02-26,0,NA,0,0,NA,0,0,0,0,0,0,0,0,0,NA,0,0,0
2017-02-27,0,NA,0,0,NA,16.278,0,0,0,0,0,0.046,0,0,NA,0,0,0
2017-02-28,40.99,NA,0,0,NA,19.757,0,0,0,0,45.109,0,0,0,NA,0,0,0
2017-03-01,45.053,NA,0,0,NA,6.798,0,0,0,0,59.646,0,0,0,NA,0,0,0
2017-03-02,49.419,NA,0,0,NA,137.491,0,0,0,0,83.761,0,0,0,NA,0,0,0
2017-03-03,65.662,NA,0,0,NA,124.37,0,0,0,0,68.438,0,0,0,NA,0,0,0
2017-03-04,85.112,NA,0,0,NA,82.902,0,0,0,0,64.31,0,0,0,NA,0,0,0
2017-03-05,32.828,NA,0,0,NA,68.389,0,0,0,0,34.025,0,0,0,NA,0,0,0
2017-03-06,53.75,NA,0,0,NA,0,0,0,0,0,15.052,0,0,0,NA,0,0,0
2017-03-07,91.822,NA,0,0,NA,15.581,0,0,258.615,0,0,0,0,0,NA,0,0,0
2017-03-08,106.464,NA,0,0,NA,15.541,0,0,322.464,0,17.415,0,0,0,NA,0,0,0
2017-03-09,94.936,NA,0,0,NA,0,0,0,200.128,0,0,0,0.153,0,NA,0,0,0
2017-03-10,46.915,NA,0,0,NA,17.154,0,0,323.833,0,0,0,0,0,NA,0,0,0
2017-03-11,36.569,NA,0,0,NA,0,0,0,0,0,15.796,0,0,0,NA,0,0,0
2017-03-12,46.545,NA,0,0,NA,16.777,0,0,0,0,16.029,0,0,0,NA,0,0,0
2017-03-13,67.076,NA,0,0,NA,13.197,0,0,344.506,0,0,0,0,0,NA,0,0,0
2017-03-14,0,NA,0,0,NA,3.662,0,0,331.668,0,16.69,0,0,0,NA,0,0,0
2017-03-15,26.52,NA,0,0,NA,16.565,0,0,340.593,0,0,0,0,0,NA,0,0,0
2017-03-16,38.405,NA,0,0,NA,0,0,0,341.871,0,3.122,0,0,0,NA,0,0,0
2017-03-17,91.564,NA,0,0,NA,16.594,0,0,340.664,0,18.751,0,0,0,NA,0,0,0
2017-03-18,43.047,NA,0,0,NA,0,0,0,0,0,0,0,0,0,NA,0,0,0
2017-03-19,43.712,NA,0,0,NA,17.067,0,0,0,0,0,0,0,0,NA,0,0,0
2017-03-20,103.816,NA,0,0,NA,0,0,0,344.108,0,17.136,0,0,0,NA,0,0,0
2017-03-21,123.98,NA,0,0,NA,14.247,0,0,339.088,0,0,0,0,0,NA,0,0,0
2017-03-22,83.171,NA,0,0,NA,7.471,0,0,346.571,0,0,0,0,0,NA,0,0,0
2017-03-23,55.666,NA,0,0,NA,9.103,0,0,349.444,0,0,0,0,0,NA,0,0,0
2017-03-24,43.707,NA,0,0,NA,15.135,0,0,348.272,0,0,0,0,0,NA,0,0,0
2017-03-25,0,NA,0,0,NA,0,0,0,0,0,0,0,0,0,NA,0,0,0
2017-03-26,0,NA,0,0,NA,16.571,0,0,0,0,21.75,0,0,0,NA,0,0,0
2017-03-27,35.208,NA,0,0,NA,0.239,0,0,352.58,0,53.716,0,0,0,NA,0,0,0
2017-03-28,32.937,NA,0,0,NA,15.463,0,0,294.949,0,0,0,0,0,NA,0,0,0
2017-03-29,41.215,NA,0,0,NA,0.041,0,0,0,0,0,0,0,0,NA,0,0,0
2017-03-30,103.811,NA,0,0,NA,22.566,0,0,210.128,0,0,0,0,0,NA,0,0,0
2017-03-31,49.081,NA,0,0,NA,0,0,0,335.899,0,0,0,0,0,NA,0,0,0
2017-04-01,29.962,NA,0,0,NA,16.16,0,0,349.339,0,0,0,0,0,NA,0,0,0
2017-04-02,32.388,NA,0,0,NA,3.645,0,0,346.016,0,9.737,0,0,0,NA,0,0,0
2017-04-03,67.743,NA,0,0,NA,15.552,0,0,348.275,0,8.152,0,0,0,NA,0,0,0
2017-04-04,75.328,NA,0,0,NA,13.891,0,0,481.626,0,0,0,0,0,NA,0,0,0
2017-04-05,103.768,NA,0,0,NA,0.11,0,0,487.025,0,0,0,0,0,NA,0,0,0
2017-04-06,89.12,NA,0,0,NA,20.985,0,0,475.845,0,1.255,0,0,0,NA,0,0,0
2017-04-07,74.157,NA,0,0,NA,0,0,0,489.103,0,14.047,0,0,0,NA,0,0,0
2017-04-08,75.891,NA,0,0,NA,15.339,0,0,495.648,0,0,0,0,0,NA,0,0,0
2017-04-09,28.463,NA,0,0,NA,15.465,0,0,488.578,0,0,0,0,0,NA,0,0,0
2017-04-10,51.863,NA,0,0,NA,0,0,0,483.369,0,15.381,0,0,0,NA,0,0,0
2017-04-11,128.367,NA,0,0,NA,22.356,0,0,482.816,0,0,0,88.82,0,NA,0,0,0
2017-04-12,107.676,NA,0,0,NA,9.243,0,0,475.957,0,17.114,0,0,0,NA,0,0,0
2017-04-13,91.782,NA,0,0,NA,8.963,0,0,482.447,0,0.575,0,0,0,NA,0,0,0
2017-04-14,124.364,NA,0,0,NA,17.032,0,0,478.228,0,0,0,0,0,NA,0,0,0
2017-04-15,75.17,NA,0,0,NA,0,0,0,480.248,0,19.45,0,0,0,NA,0,0,0
2017-04-16,72.533,NA,0,0,NA,15.322,0,0,487.772,0,0,0,0,0,NA,0,0,0
2017-04-17,112.34,NA,0,0,NA,67.45,0.092,0,475.741,0,1.564,0,0,0,NA,0,0,0
2017-04-18,156.524,NA,0,0,NA,89.055,0,0,480.31,0,17.355,0,0,0,NA,0,0,0
2017-04-19,138.316,NA,0,0,NA,91.27,0,0,428.541,0,0,0,0,0,NA,0,0,0
2017-04-20,130.321,NA,0,0,NA,56.565,0,0,496.792,0,19.033,0,0,0,NA,0,0,0
2017-04-21,149.637,NA,0,0,NA,83.353,0,0,490.377,0,0,0,0,0,NA,0,0,0
2017-04-22,70.518,NA,0,0,NA,46.911,0,0,486.913,0,17.971,0,0,0,NA,0,0,0
2017-04-23,0,NA,0,0,NA,151.757,0,0,500.54,0,30.105,0,0,0,NA,0,0,0
2017-04-24,0,NA,0,0,NA,291.504,0,0,1745.713,0,19.464,12.018,0,0,NA,0,0,0
2017-04-25,0,NA,0,0,NA,491.52,0,0,530.105,0,245.301,265.786,0,0,NA,0,0,0
2017-04-26,0,NA,0,0,NA,387.948,0,0,326.796,0,330.465,245.113,0,0,NA,0,0,0
2017-04-27,0,NA,0,0,NA,134.421,0,0,0,0,304.07,168.639,0,0,NA,0,0,0
2017-04-28,0,NA,0,0,NA,53.703,0,0,335.441,0,266.329,123.468,0,0,NA,0,0,0
2017-04-29,0,NA,0,0,NA,22.325,0,0,0,0,248.558,119.575,0,0,NA,0,0,0
2017-04-30,0,NA,0,0,NA,17.393,0,0,0,0,216.589,72.585,0,0,NA,0,0,0
2017-05-01,0,NA,0,0,NA,34.65,0,0,0,0,2.28,72.248,0,0,NA,0,0,0
2017-05-02,0,NA,0,0,NA,79.566,0,0,835.468,0,23.192,41.232,0,0,NA,0,0,0
2017-05-03,0,NA,0,0,NA,209.286,0,0,2384.979,0,160.313,210.832,0,0,NA,0,0,0
2017-05-04,0,NA,0,0,NA,72.013,0,0,2131.568,0,1581.906,408.996,0,0,NA,82,0,0
2017-05-05,0,NA,0,0,NA,142.557,0,0,1819.015,0,1921.548,308.875,0,0,NA,141,0,0
2017-05-06,0,NA,0,0,NA,0,0,0,2245.476,0,1881.2,307.22,0,0,NA,142,0,0
2017-05-07,0,NA,0,0,NA,16.788,0,0,847.642,0,1665.032,296.468,0,0,NA,142,0,0
2017-05-08,0,NA,0,0,NA,16.935,0,0,456.192,0,1286.939,151.027,0,0,NA,142,0,0
2017-05-09,0,NA,0,0,NA,14.858,0,0,0,0,621.108,114.237,0,0,NA,134,172,0
2017-05-10,0,NA,78.784,0,NA,0,0,0,0,0,264.183,71.506,0,0,NA,126,248,0
2017-05-11,0,NA,110.599,0,NA,16.852,0,0,0,0,33.497,98.936,0,0,NA,124,245,0
2017-05-12,0,NA,111.848,0,NA,15.413,0,0,336.785,0,15.82,64.49,0,0,NA,123,242,0
2017-05-13,0,NA,112.183,0,NA,16.579,0,0,298.174,0,40.456,71.603,0,0,NA,121,239,0
2017-05-14,0,NA,111.088,0,NA,0,0,0,176.864,0,41.368,0.212,0,0,NA,120,238,0
2017-05-15,0,NA,106.149,0,NA,40.324,0,0,249.112,0,28.732,0,0,0,NA,118,235,0
2017-05-16,0,NA,100.348,0,NA,43.435,0,0,320.258,0,0,0,0,0,NA,117,233,0
2017-05-17,39.969,NA,91.607,0,NA,53.21,0,0,270.591,0,16.022,0,0,0,NA,116,229,0
2017-05-18,23.77,NA,87.172,0,NA,35.089,0,0,0,0,0,0,0,0,NA,95,117,0
2017-05-19,0,NA,82.522,0,NA,19.949,0,0,332.408,0,0,0,0,0,NA,NA,0,0
2017-05-20,0,NA,81.207,0,NA,15.168,0,0,0,0,0,0,0,0,NA,122,0,0
2017-05-21,37.703,NA,77.705,0,NA,0,0,0,0,0,0,0,0,0,NA,121,0,0
2017-05-22,32.173,NA,79.586,0,NA,16.998,0,0,329.877,0,27.457,0,0,0,NA,120,0,0
2017-05-23,35.048,NA,66.154,0,NA,18.169,0,0,326.639,0,0,0,0,0,NA,56,0,0
2017-05-24,49.029,NA,0,0,NA,16.451,0,0,147.803,0,29.284,0,0,0,NA,0,0,0
2017-05-25,0,NA,0,0,NA,36.539,0,0,316.059,0,0,0,0,0,NA,0,0,0
2017-05-26,0,NA,0,0,NA,46.876,0,0,189.38,0,0,0,0,0,NA,0,0,0
2017-05-27,0,NA,0,0,NA,98.982,0,0,0,0,18.886,0,0,0,NA,0,0,0
2017-05-28,0,NA,0,0,NA,16.231,0,0,329.942,0,0,0,0,0,NA,0,0,0
2017-05-29,0,NA,0,0,NA,9.935,0,0,0,0,0,0,0,0,NA,0,0,0
2017-05-30,0,NA,0,0,NA,6.551,0,0,291.429,0,18.19,0,0,0,NA,0,0,0
2017-05-31,0,NA,0,0,NA,15.619,0,0,305.339,0,0,0,0,0,NA,0,0,0
2017-06-01,0,NA,0,0,NA,114.801,0,0,316.289,0,0,0,0,0,NA,0,0,0
2017-06-02,0,NA,0,0,NA,94.4,0,0,510.778,0,17.081,0,0,0,NA,0,0,0
2017-06-03,0,NA,0,0,NA,234.334,0,0,486.807,0,23.784,55.5,0,0,NA,0,0,0
2017-06-04,0,NA,0,0,NA,666.881,0,0,668.339,0,0,108.161,0,0,NA,0,0,0
2017-06-05,0,NA,0,0,NA,945.51,0,0,850.989,0,53.923,189.322,5.704,0,NA,0,0,0
2017-06-06,0,NA,0,0,NA,1331.421,0,0,2461.138,0,628.502,266.139,0,0,NA,0,931,0
2017-06-07,0,NA,0,0,NA,2165.364,0,0,4317.152,0,1601.829,377.329,0,0,NA,1289,2578,1382
2017-06-08,1.845,NA,0,0,NA,2418.018,0,0,4704.2,0,2238.742,281.014,0,0,NA,1952,1464,2066
2017-06-09,0,NA,0,0,NA,2345.411,0,0,4485.939,0,2566.774,228.29,0,0,NA,1834,1242,1780
2017-06-10,0,NA,0,0,NA,2284.892,0,0,4172.607,0,2490.542,220.019,0,0,NA,1775,1112,1649
2017-06-11,0,NA,0,0,NA,1866.295,0,0,3924.762,0,2472.258,193.406,0,0,NA,1725,1018,1573
2017-06-12,0.85,NA,0,0,NA,1531.317,0,0,2795.48,0,2346.655,165.522,0,0,NA,1698,958,1499
2017-06-13,217.544,NA,0,0,NA,1175.981,0,0,1665.08,0,2140.656,104.388,0,0,NA,1656,859,1416
2017-06-14,128.395,NA,0,0,NA,1187.102,0,0,1299.755,0,1447.491,117.708,0,0,NA,1640,851,1366
2017-06-15,16.427,NA,0,0,NA,1164.342,0,0,1461.662,0,1217.928,182.782,0,0,NA,1615,844,1372
2017-06-16,0,NA,0,0,NA,1157.246,0,0,2388.678,0,1040.208,180.43,0,0,NA,1598,843,1361
2017-06-17,272.03,NA,0,0,NA,1108.926,0,0,2895.408,0,1399.398,156.585,0,0,NA,1604,827,1317
2017-06-18,502.152,NA,0,0,NA,1033.021,0,0,2771.08,0,1902.513,156.682,0,0,NA,1592,771,1244
2017-06-19,423.437,NA,0,0,NA,1548.695,0,0,2672.878,0,1686.57,100.166,0,0,NA,1590,778,1232
2017-06-20,431.134,NA,0,0,NA,1321.778,0,0,2590.845,0,1579.773,171.141,0,0,NA,1570,772,1222
2017-06-21,552.763,NA,0,0,NA,861.085,0,0,1727.368,0,1659.519,126.249,0,0,NA,1538,710,1156
2017-06-22,635.316,NA,0,0,NA,354.857,0,0,804.73,0,859.789,87.213,0,0,NA,1507,627,1105
2017-06-23,784.887,NA,0,0,NA,181.67,0,0,272.645,0,442.501,97.36,0,0,NA,1443,599,1036
2017-06-24,784.35,NA,0,0,NA,133.555,0,0,135.168,0,234.219,85.243,0,0,NA,1335,543,985
2017-06-25,787.523,NA,0,0,NA,73.016,0,0,0,0,164.237,70.146,0,0,NA,510,365,483
2017-06-26,688.268,NA,0,0,NA,15.834,0,0,0,0,54.877,70.622,0,0,NA,0,304,0
2017-06-27,720.074,NA,0,0,NA,16.643,0,0,373.09,0,50.337,70.657,0,0,NA,0,335,0
2017-06-28,716.537,NA,67.396,0,NA,19.379,0,0,379.828,0,38.745,43.815,0,0,NA,0,353,0
2017-06-29,849.295,NA,93.601,0,NA,41.8,0,0,653.786,0,36.94,69.58,0,0,NA,0,141,0
2017-06-30,851.202,NA,90.639,0,NA,64.543,0,0,679.439,0,29.807,36.685,0,0,NA,0,0,0
2017-07-01,854.055,NA,96.441,0,NA,238.477,0,0,981.958,0,7.019,38.867,0,0,NA,0,0,0
2017-07-02,856.174,NA,96.921,0,NA,237.604,0,0,846.779,0,59.745,61.794,0,0,NA,0,0,0
2017-07-03,856.751,NA,94.006,0,NA,13.082,0,0,743.498,0,87.508,16.072,0,0,NA,0,0,0
2017-07-04,856.749,NA,89.597,0,NA,4.359,0,0,283.028,0,18.498,0,0,0,NA,0,0,0
2017-07-05,856.529,NA,85.417,0,NA,17.152,0,0,343.709,0,20.253,42.935,0,0,NA,0,0,0
2017-07-06,595.037,NA,83.987,0,NA,16.35,0,0,301.771,0,20.182,0,0,0,NA,0,0,0
2017-07-07,424.44,NA,84.837,0,NA,16.527,0,0,0,0,19.363,0,0,0,NA,0,0,0
2017-07-08,425.002,NA,86.516,0,NA,17.325,0,0,0,0,20.805,2.684,0,0,NA,0,0,0
2017-07-09,423.738,NA,17.717,0,NA,18.162,0,0,230.66,0,0,29.293,0,0,NA,0,0,0
2017-07-10,416.169,NA,0,0,NA,4.476,0,0,0,0,19.913,0,0,0,NA,0,0,0
2017-07-11,414.101,NA,0,0,NA,12.57,0,0,314.387,0,20.294,0.033,0,0,NA,0,0,0
2017-07-12,154.021,NA,0,0,NA,59.269,0,0,0,0,22.674,55.484,0,0,NA,0,0,0
2017-07-13,0,NA,0,0,NA,181.938,0,0,1041.94,0,21.902,42.682,0,0,NA,0,0,0
2017-07-14,0,NA,0,0,NA,64.552,0,0,1114.214,0,12.772,49.26,0,0,NA,0,0,0
2017-07-15,0,NA,0,0,NA,25.968,0,0,822.375,0,8.028,128.696,0,0,NA,0,0,0
2017-07-16,0,NA,0,0,NA,30.484,0,0,496.01,0,18.455,105.4,0,0,NA,0,0,0
2017-07-17,0,NA,0,0,NA,15.163,0,0,200.817,0,17.525,81.65,0,0,NA,0,0,0
2017-07-18,0,NA,0,0,NA,14.844,0,0,218.013,0,22.404,98.517,0,0,NA,0,0,0
2017-07-19,45.97,NA,0,0,NA,48.917,0,0,640.69,0,21.845,97.8,0,0,NA,0,0,0
2017-07-20,0,NA,0,0,NA,65.473,0,0,574.089,0,21.626,69.669,0,0,NA,0,0,0
2017-07-21,12.322,NA,0,0,NA,49.534,0,0,375.018,0,35.454,69.616,0,0,NA,0,0,0
2017-07-22,47.326,NA,0,0,NA,0,0,0,187.594,0,82.407,69.507,0,0,NA,0,0,0
2017-07-23,0,NA,0,0,NA,80.854,0,0,157.79,0,57.599,24.726,0,0,NA,0,0,0
2017-07-24,0,NA,0,0,NA,67.094,0,0,181.225,0,51.685,25.212,0,0,NA,0,0,0
2017-07-25,0,NA,0,0,NA,0,0,0,273.269,0,22.771,48.185,0,0,NA,0,0,0
2017-07-26,0,NA,0,0,NA,16.714,0,0,133.951,0,22.049,0,0,0,NA,0,0,0
2017-07-27,0,NA,0,0,NA,47.651,0,0,162.46,0,29.275,39.955,0,0,NA,0,0,0
2017-07-28,0,NA,0,0,NA,0,0,0,128.105,0,12.172,0,0,0,NA,0,0,0
2017-07-29,0,NA,0,0,NA,0,0,0,329.978,0,18.994,0,0,0,NA,0,0,0
2017-07-30,0,NA,0,0,NA,21.805,0,0,278.689,0,17.775,0,0,0,NA,0,0,0
2017-07-31,0,NA,0,0,NA,105.551,0,0,830.875,0,47.501,0,0,0,NA,0,0,0
2017-08-01,0,NA,0,0,NA,197.663,0,0,658.487,0,85.365,67.231,0,0,NA,0,0,0
2017-08-02,23.307,NA,0,0,NA,212.582,0,0,778.734,0,85.991,70.08,0,0,NA,0,0,0
2017-08-03,206.017,NA,0,0,NA,56.331,0,0,664.327,0,84.985,69.706,378.173,0,NA,0,0,0
2017-08-04,213.597,NA,0,0,NA,16.227,0,0,395.897,0,82.798,21.908,228.494,0,NA,0,0,0
2017-08-05,214.744,NA,0,0,NA,31.648,0,0,393.579,0,81.317,0,0,0,NA,0,0,0
2017-08-06,213.527,NA,0,0,NA,0,0,0,0,0,80.399,0,0,0,NA,0,0,0
2017-08-07,79.581,NA,0,0,NA,17.932,0,0,169.454,0,23.171,0,0,0,NA,0,0,0
2017-08-08,0,NA,0,0,NA,199.977,0,0,381.045,0,21.002,0,0,0,NA,0,0,0
2017-08-09,0,NA,0,0,NA,369.16,0,0,458.096,0,20.697,0,0,0,NA,0,0,0
2017-08-10,0,NA,0,0,NA,116.579,0,0,563.326,0,22.836,30.058,0,0,NA,0,0,0
2017-08-11,0,NA,0,0,NA,196.649,0,0,834.427,0,52.032,112.051,0,0,NA,0,0,0
2017-08-12,0,NA,0,0,NA,49.197,0,0,1005.768,0,38.948,70.032,0,0,NA,0,0,0
2017-08-13,0,NA,0,0,NA,44.222,0,0,605.767,0,34.636,64.658,0,0,NA,0,0,0
2017-08-14,0,NA,0,0,NA,92.217,0,0,699.269,0,30.485,113.211,0,0,NA,0,0,0
2017-08-15,0,NA,0,0,NA,21.788,0,0,573.195,0,23.519,115.74,0.058,0,NA,0,0,0
2017-08-16,0,NA,0,0,NA,71.325,0,0,583.207,0,37.079,70.083,0,0,NA,0,0,0
2017-08-17,0,NA,0,0,NA,75.476,0,0,817.44,0,89.334,91.845,0,0,NA,0,0,0
2017-08-18,0,NA,0,0,NA,0,0,0,825.671,0,79.507,79.205,0,0,NA,0,0,0
2017-08-19,0,NA,0,0,NA,16.333,0,0,827.115,0,51.848,69.346,0,0,NA,0,0,0
2017-08-20,0,NA,0,0,NA,62.567,0,0,796.296,0,23.79,20.536,0,0,NA,0,0,0
2017-08-21,0,NA,0,0,NA,0,0,0,806.105,0,21.766,54.962,0,0,NA,0,0,0
2017-08-22,0,NA,0,0,NA,62.223,0,0,783.602,0,21.039,21.153,0,0,NA,0,0,0
2017-08-23,121.966,NA,0,0,NA,14.669,0,0,770.533,0,33.51,32.453,0,0,NA,0,0,0
2017-08-24,127.332,NA,0,0,NA,101.015,0,0,784.321,0,33.548,35.738,0,0,NA,0,0,0
2017-08-25,79.041,NA,0,0,NA,173.747,0,0,815.932,0,21.334,0,0,0,NA,0,0,0
2017-08-26,78.866,NA,0,0,NA,33.925,0,0,1077.878,0,189.135,44.297,0,0,NA,0,0,0
2017-08-27,118.464,NA,0,0,NA,84.618,0,0,973.248,0,120.013,9.305,0,0,NA,0,0,0
2017-08-28,123.311,NA,0,0,NA,38.559,0,0,839.258,0,71.637,73.183,0,0,NA,0,0,0
2017-08-29,0,NA,0,0,NA,15.701,0,0,812.916,0,0,0,0,0,NA,0,0,0
2017-08-30,0,NA,0,0,NA,0,0,0,816.279,0,38.348,47.584,0,0,NA,0,0,0
2017-08-31,0,NA,0,0,NA,15.469,0,0,836.118,0,18.718,1.823,0,0,NA,0,0,0
2017-09-01,0.76,NA,78.04,0,NA,0,0,0,827.067,0,10.357,46.326,0,0,NA,0,0,0
2017-09-02,0,NA,101.997,0,NA,14.881,0,0,449.752,0,6.343,0,0,0,NA,0,0,0
2017-09-03,0,NA,100.92,0,NA,0,0,0,463.163,0,0,0,0,0,NA,0,0,0
2017-09-04,0,NA,101.398,0,NA,16.946,0,0,645.416,0,0,20.553,0,0,NA,0,0,0
2017-09-05,39.717,NA,27.644,0,NA,87.79,0,0,1232.127,0,37.865,33.133,0,0,NA,0,0,0
2017-09-06,50.46,NA,0,0,NA,136.815,0,0,1387.842,0,23.845,57.229,0,0,NA,0,0,0
2017-09-07,200.292,NA,0,0,NA,406.677,0,0,1795.539,0,202.603,238.02,3.582,0,NA,1212,1222,1509
2017-09-08,48.767,NA,0,0,NA,234.108,0,0,750.299,0,700.105,356.612,0,0,NA,1608,1046,1597
2017-09-09,0,NA,0,0,NA,212.873,0,0,518.755,0,680.056,258.202,0.017,0,NA,1425,773,1263
2017-09-10,0,NA,0,0,NA,1129.556,0,0,764.155,0,846.37,16.601,110.87,0,NA,NA,716,1206
2017-09-11,0,NA,0,0,NA,1570.035,0,0,1966.189,0,0,0,1017.267,0,NA,1662,NA,1380
2017-09-12,0,NA,0,0,NA,1909.792,0,0,3565.234,0,0,0,2581.914,0,NA,1613,1110,1458
2017-09-13,0,NA,0,0,NA,2215.464,0,0,4576.395,0,366.544,0,4255.841,0,NA,1516,NA,1381
2017-09-14,143.917,NA,0,0,NA,2435.871,0,0,4299.577,0,1014.744,0,7121.222,0,NA,625,888,1122
2017-09-15,231.626,NA,0,0,NA,2414.603,0,0,3743.637,0,673.137,0,8143.122,0,NA,0,1076,1075
2017-09-16,449.936,NA,0,0,NA,2188.127,0,0,3106.396,0,927.534,0,8161.275,0,NA,0,1137,1131
2017-09-17,495.863,NA,0,0,NA,1735.104,0,0,2364.212,0,935.719,0,8123.408,0,NA,0,1142,1136
2017-09-18,378.473,NA,0,0,NA,1267.341,0,0,1741.088,0,683.737,0,7710.917,0,NA,0,778,480
2017-09-19,523.53,NA,0,0,NA,1118.877,0,0,1196.306,0,482.767,0,7277.051,0,NA,0,569,0
2017-09-20,566.444,NA,0,0,NA,680.833,0,0,1135.309,0,400.152,48.949,6909.352,0,NA,0,601,0
2017-09-21,588.023,NA,0,0,NA,428.954,0,0,911.134,0,332.297,68.185,6595.034,0,NA,0,239,0
2017-09-22,560.173,NA,0,0,NA,515.914,0,0,621.581,0,315.301,64.081,6567.67,0,NA,0,0,0
2017-09-23,462.407,NA,0,0,NA,344.391,0,0,621.256,0,329.464,67.868,6954.713,0,NA,0,0,0
2017-09-24,561.437,NA,0,0,NA,316.823,0,0,394.576,0,225.847,47.857,7249.644,0,NA,0,0,0
2017-09-25,358.01,NA,0,0,NA,353.153,0,0,251.949,0,76.6,1.11,7276.639,0,NA,0,0,0
2017-09-26,0,NA,0,0,NA,460.059,0,0,330.873,0,83.431,68.068,7306.641,0,NA,0,0,0
2017-09-27,0,NA,0,0,NA,350.17,0,0,327.043,0,44.346,53.984,7326.715,0,NA,0,0,0
2017-09-28,0,NA,0,0,NA,108.996,0,0,332.945,0,49.25,137.95,7289.437,0,NA,0,0,0
2017-09-29,0,NA,0,0,NA,288.587,0,0,1126.136,0,193.939,170.555,7282.955,0,NA,0,0,0
2017-09-30,0,NA,0,0,NA,315.07,0,0,1676.9,0,527.116,356.544,7207.075,0,NA,0,0,0
2017-10-01,0,NA,0,0,NA,377.429,0,0,1673.685,0,1129.228,360.165,7159.715,0,NA,0,0,0
2017-10-02,349.841,NA,0,0,NA,633.468,0,0,1941.689,0,1462.421,291.648,7167.469,0,NA,0,0,0
2017-10-03,599.222,NA,0,0,NA,390.226,0,0,1843.384,0,1561.079,295.895,7149.231,0,NA,0,0,0
2017-10-04,542.873,NA,0,0,NA,399.494,0,0,2438.968,0,1687.577,275.593,7115.569,0,NA,0,0,0
2017-10-05,197.592,NA,0,0,NA,1035.851,0,0,3036.693,0,1785.278,337.185,7452.027,0,NA,0,0,0
2017-10-06,458.658,NA,124.182,0,NA,1705.454,0,0,3907.135,0,1979.653,341.282,7503.465,0,NA,0,0,0
2017-10-07,467.259,NA,165.173,0,NA,2045.187,0,0,3376.373,0,2200.879,325.739,6314.204,0,NA,0,0,0
2017-10-08,461.28,NA,164.601,0,NA,1326.236,0,0,2404.778,0,2229.466,299.93,5472.831,0,NA,0,0,0
2017-10-09,474.873,NA,172.818,0,NA,819.731,0,0,1556.366,0,2314.706,281.957,4540.484,0,NA,0,0,0
2017-10-10,476.534,NA,176.909,0,NA,698.857,0,0,843.876,0,1770.401,217.605,3293.546,0,NA,0,0,0
2017-10-11,510.266,NA,182.548,0,NA,637.326,0,0,818.462,0,917.937,215.087,3301.415,0,NA,0,0,0
2017-10-12,540.648,NA,184.46,0,NA,671.389,0,0,828.895,0,471.733,240.754,3845.047,0,NA,0,0,170
2017-10-13,157.748,NA,190.977,0,NA,630.703,0,0,981.253,0,339.467,235.5,3216.15,0,NA,0,0,542
2017-10-14,417.248,NA,187.828,0,NA,583.417,0,0,868.951,0,291.589,254.747,2478.285,0,NA,0,0,536
2017-10-15,474.652,NA,189.569,0,NA,590.912,0,0,311.177,0,434.071,209.334,2143.727,0,NA,0,0,534
2017-10-16,325.779,NA,192.185,0,NA,551.144,0,0,457.969,0,321.924,201.786,1768.774,0,NA,0,0,534
2017-10-17,360.82,NA,193.228,0,NA,413.988,0,0,340.782,0,257.727,183.872,1705.84,0,NA,0,0,534
2017-10-18,505.768,NA,191.002,0,NA,97.232,0,0,289.53,0,228.196,195.404,1713.314,0,NA,0,0,534
2017-10-19,606.067,NA,186.023,0,NA,4.035,0,0,289.914,0,46.743,237.536,1706.096,0,NA,0,0,226
2017-10-20,607.862,NA,180.526,0,NA,133.613,0,0,324.007,0,21.689,252.407,1508.429,0,NA,0,0,0
2017-10-21,605.966,NA,178.539,0,NA,88.489,0,0,363.042,0,90.952,268.554,1407.288,0,NA,0,0,0
2017-10-22,606.306,NA,182.577,0,NA,2.291,0,0,350.303,0,0,260.617,1395.599,0,NA,0,0,0
2017-10-23,607.317,NA,186.613,0,NA,11.947,0,0,341.752,0,112.734,309.82,1404.122,0,NA,0,0,0
2017-10-24,646.069,NA,182.828,0,NA,43.848,0,0,644.68,0,101.927,243.781,1449.942,0,NA,0,0,0
2017-10-25,423.936,NA,181.19,0,NA,63.712,0,0,851.602,0,65.322,314.177,1541.749,0,NA,0,0,0
2017-10-26,417.05,NA,183.59,0,NA,55.859,0,0,847.336,0,323.773,368.475,1072.466,0,NA,0,0,0
2017-10-27,184.478,NA,181.455,0,NA,0,0,0,819.755,0,308.992,382.52,1118.6,0,NA,0,0,0
2017-10-28,0,NA,145.293,0,NA,82.448,0,0,853.007,0,493.749,339.555,1729.594,0,NA,0,0,0
2017-10-29,0,NA,0,0,NA,587.814,0,0,2606.127,0,936.75,347.108,2703.142,0,NA,0,659,1311
2017-10-30,56.043,NA,96.917,0,NA,619.233,0,0,2937.539,0,1997.851,237.55,2763.463,0,NA,0,984,1956
2017-10-31,267.29,NA,173.45,0,NA,803.588,0,0,1412.573,0,2250.719,265.409,3020.117,0,NA,0,557,1913
2017-11-01,357.201,NA,172.291,0,NA,625.13,0,0,827.745,0,1705.598,197.088,3012.22,0,NA,0,0,1675
2017-11-02,338.95,NA,175.522,0,NA,514.465,0,0,810.659,0,1142.764,188.546,2703.231,0,NA,0,0,1477
2017-11-03,436.129,NA,179.1,0,NA,618.541,0,0,538.056,0,801.259,184.47,2506.515,0,NA,0,0,1476
2017-11-04,437.23,NA,181.464,0,NA,576.067,0,0,526.472,0,678.167,168.549,2285.477,0,NA,0,0,1469
2017-11-05,468.097,NA,182.69,0,NA,492.396,0,0,402.142,0,569.846,131.895,2000.799,0,NA,0,0,1460
2017-11-06,475.266,NA,179.942,0,NA,221.774,0,0,477.141,0,410.749,117.927,1890.674,0,NA,0,0,1455
2017-11-07,475.159,NA,173.698,0,NA,113.153,0,0,331.351,0,408.11,104.962,1674.411,0,NA,0,0,1447
2017-11-08,475.754,NA,175.72,0,NA,17.682,0,0,333.32,0,293.217,94.993,1696.191,0,NA,0,0,699
2017-11-09,477.564,NA,177.03,0,NA,17.419,0,0,324.472,0,264.209,82.056,1763.412,0,NA,0,0,0
2017-11-10,477.599,NA,169.884,0,NA,17.887,0,0,345.847,0,277.723,0,1763.072,0,NA,0,0,0
2017-11-11,307.668,NA,145.525,0,NA,0,0,0,0,0,290.988,0,1826.509,0,NA,0,0,0
2017-11-12,537.581,NA,162.754,0,NA,16.936,0,0,0,0,95.691,0,1853.008,0,NA,0,0,0
2017-11-13,553.832,NA,50.182,0,NA,15.832,0,0,0,0,104.61,0,1864.108,0,NA,0,0,0
2017-11-14,510.933,NA,0,0,NA,77.682,0,0,0,0,46.736,0,1639.231,0,NA,0,0,0
2017-11-15,547.488,NA,0,0,NA,8.792,0,0,626.039,0,40.824,0.066,1469.396,0,NA,0,0,0
2017-11-16,523.342,NA,0,0,NA,106.832,0,0,618.388,0,30.756,0,1378.107,0,NA,0,0,0
2017-11-17,542.57,NA,0,0,NA,109.911,0,0,0,0,47.352,0,1261.81,0,NA,0,0,0
2017-11-18,543.016,NA,0,0,NA,91.124,0,0,0,0,63.534,0,1194.1,0,NA,0,0,0
2017-11-19,609.788,NA,0,0,NA,63.796,0,0,0,0,49.747,0,1155.089,0,NA,0,0,0
2017-11-20,548.207,NA,0,0,NA,0,0,0,0,0,39.1,130.887,1154.11,0,NA,0,0,0
2017-11-21,173.724,NA,0,0,NA,27.908,0,0,290.399,0,40.542,131.128,1222.113,0,NA,0,0,0
2017-11-22,286.256,NA,0,0,NA,17.293,0,0,427.244,0,31.801,110.509,1341.542,0,NA,0,0,0
2017-11-23,419.849,NA,0,0,NA,0,0,0,293.875,0,93.591,103.227,1340.79,0,NA,0,0,0
2017-11-24,541.67,NA,0,0,NA,135.913,0,0,220.877,0,130.98,126.313,1318.057,0,NA,0,0,0
2017-11-25,559.558,NA,0,0,NA,0.992,0,0,0,0,131.679,139.269,1259.252,0,NA,0,0,0
2017-11-26,515.485,NA,0,0,NA,17.467,0,0,0,0,149.37,126.37,1257.116,0,NA,0,0,0
2017-11-27,585.171,NA,0,0,NA,14.864,0,0,0,0,68.683,53.719,1203.075,0,NA,0,0,0
2017-11-28,566.579,NA,0,0,NA,0.51,0,0,0,0,0,0,1140.147,0,NA,0,0,0
2017-11-29,313.832,NA,0,0,NA,44.195,0,0,0,0,36.384,0,1086.562,0,NA,0,0,0
2017-11-30,461.146,NA,0,0,NA,0,0,0,0,0,20,0,1019.542,0,NA,0,0,0
2017-12-01,504.101,NA,0,0,NA,17.553,0,0,0,0,18.942,0,964.516,0,NA,0,0,0
2017-12-02,509.03,NA,0,0,NA,16.602,0,0,0,0,20.694,0,771.246,0,NA,0,0,0
2017-12-03,539.917,NA,0,0,NA,0,0,0,0,0,19.907,0,672.182,0,NA,0,0,0
2017-12-04,539.365,NA,0,0,NA,15.157,0,0,0,0,21.736,0,467.775,0,NA,0,0,0
2017-12-05,342.557,NA,0,0,NA,37.127,0,0,0,0,16.782,0,0,0,NA,0,0,0
2017-12-06,64.891,NA,0,0,NA,0,0,0,0,0,16.467,0,0,0,NA,0,0,0
2017-12-07,0,NA,0,0,NA,19.765,0,0,231.01,0,56.974,0,0.407,0,NA,0,0,0
2017-12-08,0,NA,0,0,NA,37.504,0,0,162.654,0,150.226,77.862,0,0,NA,0,0,0
2017-12-09,0,NA,0,0,NA,183.71,0,0,502.364,0,127.162,123.791,0,0,NA,0,0,0
2017-12-10,0,NA,0,0,NA,404.877,0,0,381.145,0,150.884,92.505,0,0,NA,0,0,0
2017-12-11,0,NA,0,0,NA,229.445,0,0,326.349,0,127.937,58.014,0,0,NA,0,0,0
2017-12-12,0,NA,94.937,0,NA,190.491,0,0,398.991,0,87.001,0,0.985,0,NA,0,0,0
2017-12-13,0,NA,136.097,0,NA,76.108,0,0,148.121,0,9.612,0.049,0,0,NA,0,0,0
2017-12-14,0,NA,135.288,0,NA,39.786,0,0,0,0,22.577,0,0,0,NA,0,0,0
2017-12-15,0,NA,134.261,0,NA,31.452,0,0,0,0,0,28.437,0,0,NA,0,0,0
2017-12-16,0,NA,133.719,0,NA,17.536,0,0,0,0,0,19.866,0,0,NA,0,0,0
2017-12-17,0,NA,132.211,0,NA,21.251,0,0,0,0,0,51.059,0,0,NA,0,0,0
2017-12-18,0,NA,130.38,0,NA,18.972,0,0,0,0,8.533,0,0,0,NA,0,0,0
2017-12-19,0,NA,130.461,0,NA,16.483,0,0,0,0,24.2,0,0,0,NA,0,0,0
2017-12-20,0,NA,129.69,0,NA,14.63,0,0,0,0,7.902,0,0,0,NA,0,0,0
2017-12-21,0,NA,129.493,0,NA,32.991,0,0,0,0,15.911,0,0,0,NA,0,0,0
2017-12-22,0,NA,129.698,0,NA,0,0,0,0,0,20.992,0,0,0,NA,0,0,0
2017-12-23,0,NA,129.797,0,NA,0,0,0,0,0,18.168,0,0,0,NA,0,0,0
2017-12-24,0,NA,129.762,0,NA,16.669,0,0,0,0,20.598,0,0,0,NA,0,0,0
2017-12-25,0,NA,129.228,0,NA,0,0,0,0,0,5.407,0,0,0,NA,0,0,0
2017-12-26,0,NA,128.208,0,NA,15.126,0,0,0,0,15.475,0,0,0,NA,0,0,0
2017-12-27,0,NA,128.109,0,NA,16.983,0,0,0,0,21.364,0,0,0,NA,0,0,0
2017-12-28,0,NA,80.178,0,NA,0,0,0,0,0,21.001,0,0,0,NA,0,0,0
2017-12-29,0,NA,77.49,0,NA,15.766,0,0,0,0,19.939,0,0,0,NA,0,0,0
2017-12-30,0,NA,131.026,0,NA,7.148,0,0,0,0,0,0,0,0,NA,0,0,0
2017-12-31,0,NA,130.43,0,NA,9.535,0,0,0,0,9.986,0,0,0,NA,0,0,0
2018-01-01,0,NA,44.303,0,NA,16.275,0,0,0,0,0,0,0,0,NA,0,0,0
2018-01-02,0,NA,0,0,NA,0,0,0,0,0,19.766,0,0,0,NA,0,0,0
2018-01-03,0,NA,39.915,0,NA,16.597,0,0,0,0,14.148,0,0,0,NA,0,0,0
2018-01-04,0,NA,118.557,0,NA,111.88,0,0,0,0,20.624,0,0,0,NA,0,0,0
2018-01-05,0,NA,120.841,0,NA,0,0,0,0,0,1.517,0,0,0,NA,0,0,0
2018-01-06,0,NA,121.095,0,NA,17.37,0,0,0,0,18.797,0,0,0,NA,0,0,0
2018-01-07,0,NA,119.543,0,NA,16.093,0,0,0,0,18.911,0,0,0,NA,0,0,0
2018-01-08,0,NA,51.12,0,NA,0,0,0,0,0,0,0.028,0,0,NA,0,0,0
2018-01-09,0.034,NA,0,0,NA,17.512,0,0,0,0,20.581,0,0,0,NA,0,0,0
2018-01-10,117.839,NA,0,0,NA,53.144,0,0,0,0,20.307,0,0,0,NA,0,0,0
2018-01-11,207.672,NA,0,0,NA,23.24,0,0,0,0,0,0,0,0,NA,0,0,0
2018-01-12,207.494,NA,0,0,NA,15.285,0,0,0,0,16.09,0,0,0,NA,0,0,0
2018-01-13,208.262,NA,0,0,NA,16.454,0,0,0,0,20.193,0,0,0,NA,0,0,0
2018-01-14,328.005,NA,0,0,NA,0,0,0,0,0,1.417,0,0,0,NA,0,0,0
2018-01-15,483.156,NA,0,0,NA,16.821,0,0,0,0,18.646,0,0,0,NA,0,0,0
2018-01-16,519.762,NA,0,0,NA,15.254,0,0,0,0,20.793,0,0,0,NA,0,0,0
2018-01-17,521.139,NA,66.677,0,NA,59.17,0,0,0,0,15.359,0,0,0,NA,0,0,0
2018-01-18,520.93,NA,140.465,0,NA,15.485,0,0,0,0,12.371,0,0,0,NA,0,0,0
2018-01-19,520.587,NA,117.875,0,NA,81.773,0,0,0,0,7.489,0,0,0,NA,0,0,0
2018-01-20,518.848,NA,116.444,0,NA,16.771,0,0,0,0,20.481,0,0,0,NA,0,0,0
2018-01-21,518.161,NA,112.469,0,NA,0,0,0,0,0,21.743,0,0,0,NA,0,0,0
2018-01-22,271.398,NA,110.632,0,NA,17.452,0,0,0,0,1.771,0,0,0,NA,0,0,0
2018-01-23,517.795,NA,64.321,0,NA,20.045,0,0,0,0,46.769,77.851,0,0,NA,0,0,0
2018-01-24,517.325,NA,0,0,NA,0,0,0,0,0,93.977,91.862,0,0,NA,0,0,0
2018-01-25,518.874,NA,0,0,NA,15.504,0,0,0,0,0,67.237,0,0,NA,0,0,0
2018-01-26,518.431,NA,0,0,NA,15.213,0,0,0,0,20.356,41.202,0,0,NA,0,0,0
2018-01-27,517.635,NA,0,0,NA,15.22,0,0,0,0,14.097,0,0,0,NA,0,0,0
2018-01-28,476.313,NA,0,0,NA,0,0,0,0,0,7.99,0,0,0,NA,0,0,0
2018-01-29,265.084,NA,39.666,0,NA,19.315,0,0,0,0,22.457,0,0,0,NA,0,0,0
2018-01-30,0,NA,118.018,0,NA,0,0,0,0,0,0,0,0,0,NA,0,0,0
2018-01-31,0,NA,117.613,0,NA,9.662,0,0,11.239,0,15.589,0,0,0,NA,0,98,0
2018-02-01,0,NA,118.157,0,NA,31.832,0,0,0,0,20.836,0,0,0,NA,0,274,0
2018-02-02,0,NA,117.596,0,NA,0,0,0,0,0,0,0,0,0,NA,0,271,0
2018-02-03,0,NA,115.006,0,NA,0,0,0,0,0,20.436,0,0,0,NA,0,269,0
2018-02-04,0,NA,114.24,0,NA,15.145,0,0,0,0,9.384,0,0,0,NA,0,266,0
2018-02-05,0,NA,114.384,0,NA,0,0,0,0,0,10.783,0,0,0,NA,0,266,0
2018-02-06,0,NA,112.42,0,NA,16.482,0,0,0,0,20.234,0,0,0,NA,0,265,0
2018-02-07,0,NA,111.913,0,NA,0,0,0,0,0,0,0,0,0,NA,0,264,0
2018-02-08,0,NA,111.579,0,NA,16.572,0,0,0,0,19.485,0,0,0,NA,0,264,0
2018-02-09,0,NA,109.9,0,NA,0,0,0,0,0,0,0,0,0,NA,0,262,0
2018-02-10,0,NA,109.72,0,NA,17.199,0,0,0,0,21.157,0,0,0,NA,0,261,0
2018-02-11,0,NA,108.615,0,NA,16.298,0,0,0,0,0,0,0,0,NA,0,259,0
2018-02-12,0,NA,108.13,0,NA,0,0,0,353.544,0,11.318,0,0,0,NA,0,259,0
2018-02-13,0,NA,106.855,0,NA,14.815,0,0,342.494,0,8.75,0,0,0,NA,0,259,0
2018-02-14,21.773,NA,107.045,0,NA,22.082,0,0,340.003,0,0,0,0,0,NA,0,258,0
2018-02-15,25.293,NA,105.905,0,NA,100.237,0,0,342.243,0,10.742,0,0,0,NA,0,257,0
2018-02-16,18.2,NA,106.081,0,NA,238.985,0,0,334.088,0,0,0,0,0,NA,0,256,0
2018-02-17,0,NA,105.841,0,NA,88.712,0,0,337.876,0,0,0,0,0,NA,0,256,0
2018-02-18,0,NA,103.731,0,NA,16.335,0,0,332.82,0,0,0,0,0,NA,0,255,0
2018-02-19,0,NA,100.852,0,NA,42.471,0,0,335.747,0,0,0,0,0,NA,0,253,0
2018-02-20,29.486,NA,99.383,0,NA,177.656,0,0,311.912,0,0,0,0,0,NA,0,252,0
2018-02-21,54.663,NA,119.051,0,NA,80.965,0,0,341.123,0,30.808,0,0,0,NA,0,77,0
2018-02-22,21.708,NA,128.298,0,NA,93.056,0,0,341.238,0,0,0,0,0,NA,0,0,0
2018-02-23,51.708,NA,127.132,0,NA,93.671,0,0,212.187,0,0,0,0,0,NA,0,0,0
2018-02-24,61.438,NA,122.362,0,NA,128.652,0,0,330.984,0,23.985,0,0,0,NA,0,0,0
2018-02-25,0,NA,124.617,0,NA,168.853,0,0,352.776,0,0,0,0,0,NA,0,0,0
2018-02-26,25.376,NA,124.51,0,NA,97.391,0,0,353.154,0,0,0,0,0,NA,0,0,0
2018-02-27,1.52,NA,123.376,0,NA,158.285,0,0,350.653,0,22.161,0,0,0,NA,0,0,0
2018-02-28,42.238,NA,123.367,0,NA,353.264,0,0,345.197,0,0,0,0,0,NA,0,0,0
2018-03-01,64.428,NA,124.254,0,NA,169.654,0,0,346.3,0,0,7.239,0,0,NA,0,0,0
2018-03-02,37.327,NA,123.797,0,NA,205.381,0,0,347.938,0,26.065,0,0,0,NA,0,0,0
2018-03-03,66.382,NA,120.543,0,NA,159.399,0,0,345.464,0,0,0,0,0,NA,0,0,0
2018-03-04,24.027,NA,116.962,0,NA,33.294,0,0,353.83,0,0,0,0,0,NA,0,0,0
2018-03-05,57.49,NA,118.14,0,NA,29.186,0,0,347.853,0,20.104,0,0,0,NA,0,0,0
2018-03-06,58.967,NA,115.495,0,NA,161.225,0,0,344.629,0,0,0,0,0,NA,0,0,0
2018-03-07,15.739,NA,111.686,0,NA,224.627,0,0,347.367,0,27.004,0,0,0,NA,0,0,0
2018-03-08,68.897,NA,110.907,0,NA,213.227,0,0,327.058,0,0,0,0,0,NA,0,0,0
2018-03-09,56.288,NA,111.782,0,NA,201.732,0,0,348.455,0,0,0,0,0,NA,0,0,0
2018-03-10,0,NA,81.815,0,NA,190.851,0,0,362.43,0,0,0,0,0,NA,0,0,0
2018-03-11,0,NA,0,0,NA,54.677,0,0,341.385,0,30.797,0,0,0,NA,0,0,0
2018-03-12,39.742,NA,0,0,NA,14.963,0,0,353.199,0,0,0,0,0,NA,0,0,0
2018-03-13,94.549,NA,0,0,NA,144.066,0,0,299.742,0,6.353,0,0,0,NA,0,0,0
2018-03-14,52.238,NA,84.427,0,NA,150.183,0,0,347.755,0,0,0,0,0,NA,0,0,0
2018-03-15,98.111,NA,111.623,0,NA,139.072,0,0,347.015,0,0,0,0,0,NA,0,0,0
2018-03-16,34.503,NA,110.527,0,NA,186.728,0,0,351.717,0,0,0,0,0,NA,0,0,0
2018-03-17,0,NA,109.047,0,NA,150.975,0,0,345.002,0,0,0,0,0,NA,0,0,0
2018-03-18,31.7,NA,109.283,0,NA,50.443,0,0,355.455,0,0,0,0,0,NA,0,0,0
2018-03-19,49.825,NA,106.367,0,NA,25.208,0,0,33.171,0,0,0,0,0,NA,0,0,0
2018-03-20,83.309,NA,99.688,0,NA,75.183,0,0,348.542,0,0,0,0,0,NA,0,0,0
2018-03-21,36.746,NA,99.448,0,NA,90.765,0,0,344.025,0,0,0,89.011,0,NA,0,0,0
2018-03-22,56.372,NA,95.022,0,NA,22.811,0,0,324.034,0,0,0,206.735,0,NA,0,0,0
2018-03-23,97.587,NA,91.635,0,NA,0,0,0,345.747,0,0,0,206.982,0,NA,0,0,0
2018-03-24,96.994,NA,80.831,0,NA,0,0,0,344.232,0,0,0,207.871,0,NA,0,0,0
2018-03-25,96.573,NA,74.328,0,NA,0,0,0,340.572,0,0,0,206.414,0,NA,0,0,0
2018-03-26,96.644,NA,77.25,0,NA,0,0,0,343.646,0,0,0,208.431,0,NA,0,0,0
2018-03-27,96.48,NA,66.811,0,NA,37.572,0,0,289.651,0,0,0,208.804,0,NA,0,0,0
2018-03-28,96.39,NA,64.083,0,NA,0,0,0,0,0,0,0,209.855,0,NA,0,0,0
2018-03-29,114.319,NA,60.984,0,NA,32.257,0,0,213.526,0,47.905,0,210.308,0,NA,0,0,0
2018-03-30,124.143,NA,60.193,0,NA,8.386,0,0,208.086,0,5.915,0,210.934,0,NA,0,0,0
2018-03-31,74.087,NA,18.374,0,NA,11.42,0,0,214.114,0,0,0,183.371,0,NA,0,0,0
2018-04-01,0,NA,0,0,NA,22.68,0,0,216.789,0,27.249,0,150.831,0,NA,0,0,0
2018-04-02,85.597,NA,0,0,NA,14.778,0,0,256.085,0,0,0,150.593,0,NA,0,0,0
2018-04-03,122.993,NA,0,0,NA,1.661,0,0,269.67,0,0,0,149.594,0,NA,0,0,0
2018-04-04,122.49,NA,0,0,NA,17.109,0,0,351.09,0,27.785,0,149.067,0,NA,0,0,0
2018-04-05,94.151,NA,0,0,NA,20.384,0,0,349.824,0,0,0,150.022,0,NA,0,0,0
2018-04-06,85.906,NA,0,0,NA,12.264,0,0,349.108,0,0.968,0,134.228,0,NA,0,0,0
2018-04-07,120.653,NA,0,0,NA,177.445,0,0,352.468,0,26.364,0,107.736,0,NA,0,0,0
2018-04-08,61.427,NA,0,0,NA,215.895,0,0,363.555,0,0,0,107.675,0,NA,0,0,0
2018-04-09,68.81,NA,0,0,NA,205.132,0,0,349.781,0,20.251,0,106.777,0,NA,0,0,0
2018-04-10,68.551,NA,0,0,NA,240.142,0,0,349.721,0,7.961,0,107.753,0,NA,0,0,0
2018-04-11,0,NA,0,0,NA,166.297,0,0,352.128,0,0,0,74.128,0,NA,0,0,0
2018-04-12,0,NA,0,0,NA,190.811,0,0,797.912,0,28.493,0,0,0,NA,0,0,0
2018-04-13,0,NA,0,0,NA,211.566,0,0,368.181,0,0,0,0,0,NA,0,0,0
2018-04-14,0,NA,0,0,NA,241.216,0,0,349.94,0,16.338,0,0,0,NA,0,0,0
2018-04-15,0,NA,0,0,NA,145.15,0,0,340.547,0,12.032,0,0,0,NA,0,0,0
2018-04-16,0,NA,0,0,NA,280.872,0,0,340.961,0,0,0,0,0,NA,0,0,0
2018-04-17,29.091,NA,0,0,NA,238.284,0,0,346.314,0,29.276,0,0,0,NA,0,0,0
2018-04-18,45.857,NA,0,0,NA,237.406,0,0,341.414,0,0,0,0,0,NA,0,0,0
2018-04-19,25.237,NA,0,0,NA,228.343,0,0,350.526,0,0,0,0,0,NA,0,0,0
2018-04-20,0,NA,0,0,NA,222.086,0,0,347.528,0,0,0,0,0,NA,0,0,0
2018-04-21,0,NA,0,0,NA,190.616,0,0,0,0,0,0,0,0,NA,0,0,0
2018-04-22,0,NA,0,0,NA,57.584,0,0,0,0,0,0,0,0,NA,0,0,0
2018-04-23,0,NA,0,0,NA,59.022,0,0,636.25,0,0,0,0,0,NA,0,0,0
2018-04-24,0,NA,0,0,NA,227.54,0,0,831.281,0,0,0,0,0,NA,0,0,0
2018-04-25,0,NA,0,0,NA,251.254,0,0,596.14,0,0,0,0,0,NA,0,0,0
2018-04-26,63.642,NA,0,0,NA,353.38,0,0,344.43,0,0,0,0,0,NA,0,0,0
2018-04-27,1.362,NA,0,0,NA,217.7,0,0,0,0,0,2.235,0,0,NA,0,0,0
2018-04-28,0,NA,0,0,NA,238.664,0,0,1034.512,0,0,44.611,0,0,NA,0,0,0
2018-04-29,0,NA,0,0,NA,85.719,0,0,1378.619,0,0,9.062,0,0,NA,0,0,0
2018-04-30,0,NA,0,0,NA,23.464,0,0,320.932,0,0,18.193,0,0,NA,0,0,0
2018-05-01,38.748,NA,0,0,NA,21.396,0,0,0,0,0,1.731,0,0,NA,0,0,0
2018-05-02,0,NA,0,0,NA,26.609,0,0,0,0,0,7.488,0,0,NA,0,422,0
2018-05-03,0,NA,0,0,NA,17.619,0,0,0,0,78.436,0,0,0,NA,0,909,0
2018-05-04,0,NA,0,0,NA,13.144,0,0,0,0,21.193,0,0,0,NA,0,1016,0
2018-05-05,0,NA,0,0,NA,13.57,0,0,0,0,24.128,0,0,0,NA,0,961,0
2018-05-06,0,NA,0,0,NA,24.516,0,0,0,0,28.715,0,0,0,NA,0,909,0
2018-05-07,18.449,NA,0,0,NA,5.046,0,0,0,0,22.456,0,0,0,NA,0,865,0
2018-05-08,0,NA,0,0,NA,14.538,0,0,0,0,17.098,14.051,0,0,NA,0,810,0
2018-05-09,0,NA,0,0,NA,17.162,0,0,0,0,21.482,36.559,0,0,NA,0,750,0
2018-05-10,0,NA,0,0,NA,40.121,0,0,0,0,15.329,28.89,0,0,NA,0,687,0
2018-05-11,0,NA,0,0,NA,95.405,0,0,0,0,23.321,16.927,0,0,NA,0,448,0
2018-05-12,0,NA,0,0,NA,18.399,0,0,0,0,25.329,0,12.564,0,NA,0,313,0
2018-05-13,0,NA,0,0,NA,75.709,0,0,374.442,0,56.011,25.697,115.029,0,NA,0,317,0
2018-05-14,0,NA,0,0,NA,211.137,0,0,1553.388,0,129.43,93.941,459.694,0,NA,0,357,0
2018-05-15,0,NA,0,0,NA,507.168,0,0,2719.92,0,140.523,103.2,37.923,0,NA,0,397,0
2018-05-16,0,NA,0,0,NA,718.032,0,0,2408.801,0,242.741,255.047,36.801,0,NA,0,NA,617
2018-05-17,0,NA,0,0,NA,541.806,0,0,2133.42,0,593.734,291.889,36.786,0,NA,0,NA,1075
2018-05-18,0,NA,0,0,NA,523.444,0,0,2827.685,0,878.355,286.212,36.546,0,NA,0,871,1173
2018-05-19,0,NA,0,0,NA,650.105,0,0,2356.527,0,1147.806,277.756,36.306,0,NA,0,1162,1164
2018-05-20,0,NA,0,0,NA,1749.156,0,0,3072.247,0,1208.614,275.507,36.115,0,NA,0,1235,1236
2018-05-21,0,NA,0,0,NA,2297.14,0,0,3844.545,0,1428.718,316.794,35.8,0,NA,0,1304,1305
2018-05-22,0,NA,0,0,NA,1689.476,0,0,3576.012,0,1842.132,335.978,35.68,0,NA,1115,1513,1675
2018-05-23,0,NA,0,0,NA,1289.748,0,0,3210.056,0,1792.709,338.201,35.885,0,NA,1536,1296,1550
2018-05-24,0,NA,0,0,NA,764.166,0,0,2500.344,0,1777.98,242.052,35.943,0,NA,1418,1155,1389
2018-05-25,0,NA,0,0,NA,588.458,0,0,2403.334,0,1806.364,97.205,35.794,0,NA,1384,1132,1332
2018-05-26,0,NA,0,0,NA,602.291,0,0,2450.003,0,1738.41,118.185,35.505,0,NA,1401,1196,1394
2018-05-27,0,NA,0,0,NA,1162.485,0,0,3101.67,0,1600.644,130.013,34.983,0,NA,1415,1202,1412
2018-05-28,0,NA,0,0,NA,2137.591,0,0,3788.282,0,1407.846,120.947,35.056,0,NA,1402,1188,1402
2018-05-29,47.512,NA,0,0,NA,2112.174,0,0,3155.235,0,1412.795,117.718,35.282,0,NA,1378,1172,1371
2018-05-30,181.778,NA,0,0,NA,1564.666,0,0,2343.788,0,1615.214,118.864,35.062,0,NA,1378,1132,1291
2018-05-31,119.045,NA,0,0,NA,1043.082,0,0,1856.36,0,1380.226,159.824,35.104,0,NA,1396,1166,1303
2018-06-01,180.532,NA,0,0,NA,811.967,0,0,1506.49,0,1345.198,99.216,35.099,0,NA,1364,1113,1258
2018-06-02,385.88,NA,0,0,NA,458.376,0,0,518.625,0,643.88,91.999,35.725,0,NA,1307,1040,1199
2018-06-03,415.497,NA,0,0,NA,443.498,0,0,339.453,0,384.58,99.257,36.944,0,NA,1242,1013,1129
2018-06-04,402.479,NA,0,0,NA,116.636,0,0,328.941,0,149.575,0.87,19.022,0,NA,1151,944,1048
2018-06-05,394.088,NA,0,0,NA,144.472,0,0,0,0,335.392,0,0,0,NA,1057,864,972
2018-06-06,493.221,NA,0,0,NA,61.255,0,0,0,0,169.789,76.722,0,0,NA,968,819,887
2018-06-07,594.524,NA,0,0,NA,42.291,0,0,0,0,96.222,94.425,0,0,NA,852,744,770
2018-06-08,444.234,NA,0,0,NA,21.687,0,0,211.867,0,73.959,76.729,0,0,NA,725,733,756
2018-06-09,709.788,NA,0,0,NA,63.642,0,0,652.14,0,72.764,86.525,0,0,NA,649,662,630
2018-06-10,735.903,NA,0,0,NA,127.138,0,0,780.071,0,90.11,93.764,0,0,NA,622,615,591
2018-06-11,724.179,NA,0,0,NA,56.863,0,0,1319.868,0,148.37,113.8,0,0,NA,556,622,501
2018-06-12,563.704,NA,0,0,NA,55.509,0,0,1073.451,0,243.064,129.854,0,0,NA,264,349,487
2018-06-13,728.944,NA,0,0,NA,42.153,0,0,808.347,0,604.519,166.568,0,0,NA,0,0,522
2018-06-14,449.116,NA,0,0,NA,22.788,0,0,806.504,0,519.596,81.851,0,0,NA,0,0,613
2018-06-15,684.952,NA,0,0,NA,123.713,0,0,800.136,0.028,131.623,114.081,0,0,NA,0,0,646
2018-06-16,729.913,NA,0,0,NA,72.889,0,0,1498.961,0,116.878,153.548,0,0,NA,0,0,659
2018-06-17,788.256,NA,0,0,NA,22.114,0,0,1025.459,0,350.517,82.132,0,0,NA,0,0,656
2018-06-18,788.793,NA,12.568,0,NA,40.62,0,0,1094.106,0,375.177,110.452,0,0,NA,0,0,652
2018-06-19,790.078,NA,11.117,0,NA,31.492,0,0,788.457,0,471.653,94.199,0,0,NA,0,0,292
2018-06-20,794.019,NA,0,0,NA,17.457,0,0,515.196,0,359.28,90.444,0,0,NA,0,0,0
2018-06-21,795.226,NA,0,0,NA,19.486,0,0,810.011,0,91.849,97.529,0,0,NA,0,0,0
2018-06-22,666.056,NA,0,0,NA,18.869,0,0,791.684,0,75.237,85.204,0,0,NA,0,0,0
2018-06-23,791.428,NA,0,0,NA,22.127,0,0,805.452,0,55.176,78.965,0,0,NA,0,0,0
2018-06-24,788.994,NA,0,0,NA,0,0,0,1030.614,0,65.078,66.993,0,0,NA,0,0,0
2018-06-25,787.652,NA,0,0,NA,17.435,0,0,1060.301,0,139.937,61.406,0.103,0,NA,0,0,0
2018-06-26,787.616,NA,0,0,NA,18.635,0,0,1217.391,0,361.508,59.545,0.185,0,NA,0,0,0
2018-06-27,662.547,NA,0,0,NA,18.718,0,0,1112.375,0,366.145,94.164,0.665,0,NA,0,0,0
2018-06-28,650.067,NA,0,0,NA,0,0,0,961.079,0,305.68,162.485,0,0,NA,0,0,0
2018-06-29,795.385,NA,0,0,NA,20.561,0,0,442.997,0,186.342,192.266,0,0,NA,0,0,0
2018-06-30,793.951,NA,0,0,NA,17.106,0,0,46.27,0,149.587,167.736,0,0,NA,0,0,0
2018-07-01,794.714,NA,0,0,NA,79.035,0,0,0,0,106.757,129.006,0,0,NA,0,0,0
2018-07-02,796.164,NA,0,0,NA,182.336,0,0,0,0,43.551,105.316,0,0,NA,0,0,0
2018-07-03,795.336,NA,0,0,NA,27.612,0,0,0,0,37.001,84.17,0,0,NA,0,0,0
2018-07-04,793.422,NA,0,0,NA,18.601,0,0,0,0,31.293,96.119,0,0,NA,0,0,0
2018-07-05,645.947,NA,0,0,NA,133.888,0,0,1126.677,0,44.269,85.317,0,0,NA,0,0,0
2018-07-06,663.079,NA,0,0,NA,22.089,0,0,1639.131,0,82.412,74.967,0,0,NA,0,0,0
2018-07-07,797.168,NA,0,0,NA,19.013,0,0,2111.781,0,848.369,62.611,0,0,NA,0,0,0
2018-07-08,799.119,NA,0,0,NA,18.109,0,0,2181.671,0,1666.101,55.843,0,0,NA,0,0,0
2018-07-09,800.658,NA,0,0,NA,311.781,0,0,1420.254,0,1804.047,48.325,0,0,NA,0,0,0
2018-07-10,801.392,NA,41.386,0,NA,233.1,0,0,681.292,0,1492.507,73.903,0,0,NA,0,0,0
2018-07-11,800.614,NA,83.756,0,NA,96.823,0,0,158.282,0,601.314,120.758,0,0,NA,0,0,0
2018-07-12,646.269,NA,93.235,0,NA,54.502,0,0,322.02,0,451.044,131.179,0,0,NA,0,0,0
2018-07-13,805.048,NA,93.082,0,NA,21.604,0,0,307.433,0,264.601,145.785,0,0,NA,0,0,0
2018-07-14,806.235,NA,94.02,0,NA,33.661,0,0,0,0,249.977,135.228,0,0,NA,0,0,0
2018-07-15,806.378,NA,90.222,0,NA,6.367,0,0,0,0,64.192,125.559,0,0,NA,0,0,0
2018-07-16,806.338,NA,79.031,0,NA,38.065,0,0,212.194,0,119.741,114.837,0,0,NA,0,0,0
2018-07-17,806.594,NA,71.268,0,NA,17.898,0,0,0,0,163.054,94.657,0,0,NA,0,0,0
2018-07-18,806.846,NA,68.118,0,NA,17.477,0,0,0,0,123.012,80.888,0,0,NA,0,0,0
2018-07-19,806.386,NA,64.632,0,NA,4.199,0,0,0,0,44.066,69.362,0,0,NA,0,0,0
2018-07-20,806.302,NA,59.598,0,NA,13.823,0,0,0,0,88.815,58.148,0,0,NA,0,0,0
2018-07-21,806.232,NA,57.984,0,NA,18.783,0,0,0,0,28.542,50.883,0,0,NA,0,0,0
2018-07-22,805.315,NA,14.013,0,NA,15.57,0,0,0,0,57.998,53.686,0,0,NA,0,0,0
2018-07-23,701.649,NA,0,0,NA,46.929,0,0,830.674,0,107.333,69.317,0,0,NA,0,0,0
2018-07-24,802.992,NA,0,0,NA,150.811,0,0,1030.875,0,76.442,60.872,0,0,NA,0,0,0
2018-07-25,803.676,NA,0,0,NA,81.67,0,0,872.616,0,71.809,177.283,0,0,NA,0,0,0
2018-07-26,552.926,NA,0,0,NA,83.129,0,0,468.026,0,154.298,117.225,0,0,NA,0,0,0
2018-07-27,329.262,NA,0,0,NA,129.871,0,0,302.48,0,173.924,103.863,0,0,NA,0,0,0
2018-07-28,305.464,NA,0,0,NA,216.923,0,0,0,0,172.798,76.153,0,0,NA,0,0,0
2018-07-29,306.874,NA,0,0,NA,93.654,0,0,236.008,0,177.201,45.874,0,0,NA,0,0,0
2018-07-30,301.21,NA,0,0,NA,55.314,0,0,771.153,0,348.918,36.335,0,0,NA,0,0,0
2018-07-31,304.96,NA,0,0,NA,39.911,0,0,825.242,0,234.099,51.887,0,0,NA,0,0,0
2018-08-01,305.974,NA,0,0,NA,21.937,0,0,507.316,0,249.882,225.843,0,0,NA,0,0,0
2018-08-02,307.26,NA,0,0,NA,33.296,0,0,150.956,0,202.456,282.777,0,0,NA,0,0,0
2018-08-03,306.181,NA,0,0,NA,15.926,0,0,193.744,0,178.407,142.227,0,0,NA,0,0,0
2018-08-04,307.358,NA,0,0,NA,8.766,0,0,0,0,169.638,84.758,0,0,NA,0,0,0
2018-08-05,307.526,NA,0,0,NA,16.349,0,0,0,0,169.578,61.285,0,0,NA,0,0,0
2018-08-06,306.803,NA,0,0,NA,17.305,0,0,0,0,99.595,35.186,0,0,NA,0,0,0
2018-08-07,303.983,NA,0,0,NA,15.916,0,0,0,0,25.805,66.727,0,0,NA,0,0,0
2018-08-08,303.681,NA,0,0,NA,17.879,0,0,0,0,24.036,60.237,0,0,NA,0,0,0
2018-08-09,304.779,NA,0,0,NA,0,0,0,262.999,0,21.635,49.223,0,0,NA,0,0,0
2018-08-10,306.212,NA,0,0,NA,17.248,0,0,341.736,0,0,40.107,0,0,NA,0,0,0
2018-08-11,304.03,NA,0,0,NA,46.664,0,0,340.12,0,23.102,42.863,0,0,NA,0,0,0
2018-08-12,305.398,NA,0,0,NA,77.021,0,0,349.028,0,11.823,39.391,0,0,NA,0,0,0
2018-08-13,305.022,NA,0,0,NA,38.87,0,0,349.078,0,25.183,34.174,0,0,NA,0,0,0
2018-08-14,303.335,NA,0,0,NA,19.106,0,0,343.888,0,15.058,43.738,0,0,NA,0,0,0
2018-08-15,304.792,NA,0,0,NA,40.53,0,0,351.785,0,24.598,39.666,0,0,NA,0,0,0
2018-08-16,300.225,NA,0,0,NA,19.689,0,0,345.158,0,13.163,43.251,0,0,NA,0,0,0
2018-08-17,299.511,NA,0,0,NA,24.562,0,0,348.027,0,19.803,36.031,0,0,NA,0,0,0
2018-08-18,305.687,NA,0,0,NA,0,0,0,341.908,0,19.088,39.664,0,0,NA,0,0,0
2018-08-19,306.087,NA,0,0,NA,17.068,0,0,346.442,0,18.152,41.105,0,0,NA,0,0,0
2018-08-20,304.187,NA,0,0,NA,113.917,0,0,647.445,0,62.838,68.488,0,0,NA,0,0,0
2018-08-21,302.866,NA,0,0,NA,78.973,0,0,822.312,0,28.08,55.191,0,0,NA,0,0,0
2018-08-22,304.562,NA,0,0,NA,101.608,0,0,806.629,0,114.471,45.879,0,0,NA,0,0,0
2018-08-23,280.398,NA,0,0,NA,28.391,0,0,810.306,0,146.025,129.886,0,0,NA,0,0,0
2018-08-24,307.466,NA,0,0,NA,26.781,0,0,790.294,0,315.345,152.571,0,0,NA,0,0,0
2018-08-25,305.933,NA,0,0,NA,27.403,0,0,816.631,0,562.255,119.39,0,0,NA,0,0,0
2018-08-26,305.73,NA,0,0,NA,17.465,0,0,822.397,0,472.829,127.459,0,0,NA,0,0,0
2018-08-27,305.565,NA,0,0,NA,18.54,0,0,822.89,0,384.216,134.546,0,0,NA,0,0,0
2018-08-28,305.54,NA,0,0,NA,64.119,0,0,817.013,0,424.585,122.452,0,0,NA,0,0,0
2018-08-29,285.639,NA,0,0,NA,110.119,0,0,821.672,0,424.882,117.067,60.162,0,NA,0,0,0
2018-08-30,205.066,NA,0,0,NA,0,0,0,815.198,0,594.41,105.583,0,0,NA,0,0,0
2018-08-31,419.317,NA,0,0,NA,15.64,0,0,814.079,0,452.752,95.665,0,0,NA,0,0,0
2018-09-01,577.551,NA,0,0,NA,22.835,0,0,817.559,0,375.464,89.226,0,0,NA,0,0,0
2018-09-02,287.571,NA,0,0,NA,30.884,0,0,818.63,0,319.314,91.417,0,0,NA,0,0,0
2018-09-03,76.859,NA,0,0,NA,122.152,0,0,896.303,0,430.566,139.499,0,0,NA,0,0,0
2018-09-04,152.198,NA,0,0,NA,249.746,0,0,1733.676,0,782.881,123.805,0,0,NA,0,0,0
2018-09-05,356.087,NA,0,0,NA,55.856,0,0,1372.336,0,1372.486,127.796,0,0,NA,0,0,0
2018-09-06,448.162,NA,0,0,NA,82.809,0,0,300.619,0,1270.627,126.175,0,0,NA,0,0,0
2018-09-07,402.564,NA,0,0,NA,35.427,0,0,359.982,0,606.254,96.433,0,0,NA,0,0,0
2018-09-08,546.592,NA,0,0,NA,20.314,0,0,334.52,0,240.1,137.518,0,0,NA,0,0,0
2018-09-09,577.014,NA,0,0,NA,41.179,0,0,0,0,414.888,141.039,0,0,NA,0,0,0
2018-09-10,576.141,NA,0,0,NA,21.52,0,0,449.404,0,228.557,126.202,0,0,NA,0,0,0
2018-09-11,576.754,NA,0,0,NA,27.456,0,0,335.662,0,259.531,113.839,0,0,NA,0,0,0
2018-09-12,578.037,NA,0,0,NA,33.978,0,0,596.047,0,292.806,114.996,0,0,NA,0,0,0
2018-09-13,578.08,NA,0,0,NA,17.373,0,0,683.75,0,228.111,135.481,0,0,NA,0,0,0
2018-09-14,309.223,NA,0,0,NA,36.002,0,0,642.929,0,389.793,114.065,0,0,NA,0,0,0
2018-09-15,271.83,NA,0,0,NA,0,0,0,469.747,0,301.759,134.441,0,0,NA,0,0,0
2018-09-16,254.545,NA,0,0,NA,15.005,0,0,318.991,0,424.445,136.909,0,0,NA,0,0,0
2018-09-17,95.331,NA,0,0,NA,20.781,0,0,0,0,339.271,130.158,0,0,NA,0,0,0
2018-09-18,46.181,NA,0,0,NA,17.998,0,0,0,0,104.416,107.384,0,0,NA,0,0,0
2018-09-19,25.207,NA,0,0,NA,137.422,0,0,0,0,52.992,85.738,0,0,NA,0,0,0
2018-09-20,0,NA,0,0,NA,24.089,0,0,0,0,75.324,74.8,0,0,NA,0,0,0
2018-09-21,0,NA,0,0,NA,0,0,0,404.02,0,111.348,89.996,0,0,NA,0,0,0
2018-09-22,0,NA,0,0,NA,17.788,0,0,324.648,0,98.961,84.493,0,0,NA,0,0,0
2018-09-23,0,NA,0,0,NA,6.425,0,0,331.293,0,91.328,76.792,0,0,NA,0,0,0
2018-09-24,0,NA,0,0,NA,23.835,0,0,936.321,0,183.467,88.991,0,0,NA,0,0,0
2018-09-25,0,NA,0,0,NA,96.794,0,0,550.212,0,267.281,94.262,0,0,NA,0,0,0
2018-09-26,0,NA,0,0,NA,357.967,0.039,0,330.16,0,243.358,94.964,0,0,NA,0,0,0
2018-09-27,0,NA,0,0,NA,302.464,0,0,332.226,0,182.298,78.847,0,0,NA,0,0,0
2018-09-28,0,NA,0,0,NA,223.97,0,0,330.654,0,99.961,70.089,0,0,NA,0,0,0
2018-09-29,0,NA,0,0,NA,117.706,0,0,319.199,0,100.877,59.124,0,0,NA,0,0,0
2018-09-30,0,NA,0,0,NA,116.991,0,0,330.294,0,61.258,54.502,0,0,NA,0,0,0
2018-10-01,0,NA,0,0,NA,446.035,0,0,332.115,0,44.166,47.382,0,0,NA,0,0,0
2018-10-02,0,NA,0,0,NA,272.164,0,0,334.3,0,38.739,41.806,0,0,NA,0,0,0
2018-10-03,0,NA,0,0,NA,291.615,0,0,337.095,0,21.89,38.375,0,0,NA,0,0,0
2018-10-04,0,NA,0,0,NA,257.231,0,0,321.901,0.094,25.712,32.398,0,0,NA,0,0,0
2018-10-05,0,NA,0,0,NA,220.51,0,0,196.877,0,14.279,28.411,0,0,NA,0,0,0
2018-10-06,0,NA,0,0,NA,242.648,0,0,312.58,0,22.695,25.055,0,0,NA,0,0,0
2018-10-07,0,NA,0,0,NA,213.246,0,0,333.236,0,22.639,22.525,0,0,NA,0,0,0
2018-10-08,0,NA,0,0,NA,261.074,0,0,338.8,0,16.404,16.08,0,0,NA,0,0,0
2018-10-09,0,NA,0,0,NA,292.125,0,0,337.103,0,23.804,0,0,0,NA,0,0,0
2018-10-10,0,NA,0,0,NA,266.691,0,0,334.036,0,17.628,0,0.039,0,NA,0,0,0
2018-10-11,0,NA,0,0,NA,240.413,0,0,331.906,0,18.822,0,0,0,NA,0,0,0
2018-10-12,0,NA,0,0,NA,304.246,0,0,332.382,0,25.723,0,0,0,NA,0,0,0
2018-10-13,0,NA,0,0,NA,246.35,0,0,332.799,0,15.84,0,0,0,NA,0,0,0
2018-10-14,0,NA,0,0,NA,191.432,0,0,336.49,0,18.613,0,0,0,NA,0,0,0
2018-10-15,0,NA,0,0,NA,237.122,0,0,335.751,0,8.437,0,0,0,NA,0,0,0
2018-10-16,0,NA,0,0,NA,198.18,0,0,336.232,0,22.966,0,0,0,NA,0,0,0
2018-10-17,0,NA,0,0,NA,112.708,0,0,325.94,0,12.603,0,0,0,NA,0,0,0
2018-10-18,0,NA,0,0,NA,213.663,0,0,335.679,0,23.214,0,0,0,NA,0,0,0
2018-10-19,0,NA,0,0,NA,345.672,0,0,334.979,0,12.022,0,0,0,NA,0,0,0
2018-10-20,0,NA,0,0,NA,370.935,0,0,334.904,0,21.095,0,0,0,NA,0,0,0
2018-10-21,0,NA,0,0,NA,286.901,0,0,326.992,0,15.168,0,0,0,NA,0,0,0
2018-10-22,0,NA,0,0,NA,396.334,0,0,330.779,0,13.409,0,881.298,0,NA,0,0,0
2018-10-23,0,NA,0,0,NA,293.572,0,0,326.34,0,21.781,2.044,827.481,0,NA,0,0,0
2018-10-24,0,NA,0,0,NA,405.294,0,0,337.403,0,12.804,0,0,0,NA,0,0,0
2018-10-25,0,NA,0,0,NA,294.162,10.722,0,335.702,31.896,19.043,0,0.193,0,NA,0,0,0
2018-10-26,0,NA,0,0,NA,261.297,0,0,334.804,0,19.606,0,0,0,NA,0,0,0
2018-10-27,0,NA,0,0,NA,189.015,0,0,324.34,0,14.687,0,0,0,NA,0,0,0
2018-10-28,0,NA,0,0,NA,191.675,0,0,329.74,0,12.364,0,0,0,NA,0,0,0
2018-10-29,0,NA,0,0,NA,212.517,0,0,332.67,0,18.684,0,0,0,NA,0,0,0
2018-10-30,0,NA,0,0,NA,193.174,0,0,343.122,0,9.659,0,0,0,NA,0,0,0
2018-10-31,0.037,NA,0,0,NA,234.307,0,0,332.205,0,11.562,0.982,0,0,NA,0,0,0
2018-11-01,0,NA,0,0,NA,134.571,0,0,333.844,0,22.618,0,0,0,NA,0,0,0
2018-11-02,0,NA,0,0,NA,283.7,0,0,334.347,0,18.049,0,0,0,NA,0,0,0
2018-11-03,0,NA,0,0,NA,403.971,0,0,343.39,0,4.777,0,0,0,NA,0,0,0
2018-11-04,0,NA,0,0,NA,377.05,0,0,354.109,0,10.157,0,0,0,NA,0,0,0
2018-11-05,0,NA,0,0,NA,316.373,0,0,359.33,0,9.755,0,0,0,NA,0,0,0
2018-11-06,0,NA,0,0,NA,240.109,0,0,348.526,0,6.105,0,0,0,NA,0,0,0
2018-11-07,0,NA,0,0,NA,265.322,0,0,356.525,0,9.241,0,0,0,NA,0,0,0
2018-11-08,0,NA,0,0,NA,274.38,0,0,354.906,0,9.521,0,0,0,NA,0,0,0
2018-11-09,0,NA,0,0,NA,264.972,0,0,357.244,0,3.726,0,0,0,NA,0,0,0
2018-11-10,0,NA,0,0,NA,146.03,0,0,345.113,0,9.569,0,0,0,NA,0,0,0
2018-11-11,0,NA,0,0,NA,211.545,0,0,351.242,0,4.829,0,0,0,NA,0,0,0
2018-11-12,0,NA,0,0,NA,206.21,0,0,348.743,0,9.866,0,0,0,NA,0,0,0
2018-11-13,0,NA,0,0,NA,247.774,0,0,363.278,0,10.034,0,0,0,NA,0,0,0
2018-11-14,0,NA,0,0,NA,253.959,0,0,358.42,0,9.445,0,0,0,NA,0,0,0
2018-11-15,0,NA,0,0,NA,252.849,0,0,340.827,0,10.069,0,0,0,NA,0,0,0
2018-11-16,0,NA,0,0,NA,195.829,0,0,342.742,0,9.653,0,0,0,NA,0,0,0
2018-11-17,0,NA,0,0,NA,218.117,0,0,346.499,0,9.588,0,0,0,NA,0,0,0
2018-11-18,0,NA,0,0,NA,384.699,0,0,340.541,0,9.99,0,0,0,NA,0,0,0
2018-11-19,0,NA,0,0,NA,346.163,0,0,345.028,0,9.579,0,128.972,0,NA,0,0,0
2018-11-20,0,NA,0,0,NA,283.834,0,0,334.049,0,10.324,0,0,0,NA,0,0,0
2018-11-21,0,NA,0,0,NA,228.431,0,0,279.414,0,13.39,0,0,0,NA,0,0,0
2018-11-22,0,NA,0,0,NA,179.631,0,0,0,0,9.834,0,0,0,NA,0,0,0
2018-11-23,0,NA,0,0,NA,157.658,0,0,274.714,0,6.801,0,0,0,NA,0,0,0
2018-11-24,0,NA,0,0,NA,163.459,0,0,276.762,0,10.466,0,0,0,NA,0,0,0
2018-11-25,0,NA,0,0,NA,252.173,0,0,266.992,0,10.38,0,0,0,NA,0,0,0
2018-11-26,0,NA,0,0,NA,259.031,0,0,277.248,0,9.967,0,0,0,NA,0,0,0
2018-11-27,0,NA,0,0,NA,224.348,0,0,283.171,0,9.59,0,0,0,NA,0,0,0
2018-11-28,0,NA,0,0,NA,203.227,0,0,279.704,0,9.556,0,0,0,NA,0,0,0
2018-11-29,20.898,NA,0,0,NA,64.854,0,0,346.538,0,7.578,0,0,0,NA,0,0,0
2018-11-30,0,NA,0,0,NA,133.283,0,0,169.827,0,6.845,0,0,0,NA,0,0,0
2018-12-01,0,NA,0,0,NA,150.169,0,0,333.887,0,9.972,0,0,0,NA,0,0,0
2018-12-02,0,NA,0,0,NA,199.433,0,0,341.381,0,9.123,0,0,0,NA,0,0,0
2018-12-03,80.869,NA,0,0,NA,174.9,0,0,327.858,0,9.321,0,0,0,NA,0,0,0
2018-12-04,88.45,NA,0,0,NA,138.089,0,0,342.232,0,9.687,0,0,0,NA,0,0,0
2018-12-05,45.011,NA,0,0,NA,194.129,0,0,344.341,0,8.655,0,0,0,NA,0,0,0
2018-12-06,75.262,NA,0,0,NA,152.418,0,0,342.748,0,8.024,0,0,0,NA,0,0,0
2018-12-07,98.647,NA,0,0,NA,132.64,0,0,338.479,0,11.326,0,0,0,NA,0,0,0
2018-12-08,0,NA,0,0,NA,113.126,0,0,342.592,0,5.2,0,0,0,NA,0,0,0
2018-12-09,0,NA,0,0,NA,119.076,0,0,348.087,0,10.907,0,0,0,NA,0,0,0
2018-12-10,41.518,NA,0,0,NA,160.485,0,0,357.338,0,8.53,0,0,0,NA,0,0,0
2018-12-11,58.262,NA,0,0,NA,180.309,0,0,350.648,0,8.024,0,19.09,0,NA,0,0,0
2018-12-12,11.863,NA,0.569,0,NA,132.846,0,0,350.848,0,7.695,0,67.901,0,NA,0,0,0
2018-12-13,102.357,NA,0,0,NA,135.475,0,0,348.212,0,7.616,0,26.411,0,NA,0,0,0
2018-12-14,94.842,NA,0,0,NA,116.526,0,0,348.107,0,11.666,0,90.093,0,NA,0,0,0
2018-12-15,0,NA,0,0,NA,106.239,0,0,350.387,0,0.005,0,178.501,0,NA,0,0,0
2018-12-16,0,NA,0,0,NA,117.231,0,0,338.244,0,9.848,0,143.758,0,NA,0,0,0
2018-12-17,0,NA,0,0,NA,202.524,0,0,350.563,0,5.336,0,92.667,0,NA,0,0,0
2018-12-18,80.394,NA,0,0,NA,211.877,0,0,358.501,0,54.957,0,127.513,0,NA,0,0,0
2018-12-19,10.772,NA,0,0,NA,141.304,0,0,352.773,0,5.151,0,144.369,0,NA,0,0,0
2018-12-20,0,NA,0,0,NA,156.016,0,0,294.671,0,15.157,0,5.371,0,NA,0,0,0
2018-12-21,0,NA,0,0,NA,169.497,0,0,277.526,0,9.642,0,0,0,NA,0,0,0
2018-12-22,77.878,NA,NA,0,NA,107.545,0,0,277.298,0,10.839,0,71.05,0,NA,0,0,0
2018-12-23,16.238,NA,NA,0,NA,94.175,0,0,279.557,0,10.788,0,87.464,0,NA,0,0,0
2018-12-24,21.049,NA,NA,0,NA,207.89,0,0,270.582,0,11.029,0,87.447,0,NA,0,0,0
2018-12-25,15.41,NA,NA,0,NA,98.405,0,0,0,0,10.497,0,87.344,0,NA,0,0,0
2018-12-26,0,NA,NA,0,NA,123.513,0,0,281.161,0,15.279,0,116.677,0,NA,0,0,0
2018-12-27,40.73,NA,NA,0,NA,20.408,0,0,281.019,0,10.672,0,117.005,0,NA,0,0,0
2018-12-28,0,NA,NA,0,NA,107.933,0,0,282.018,0,10.739,0,236.912,0,NA,0,0,0
2018-12-29,0,NA,NA,0,NA,17.68,0,0,282.562,0,11.154,0,291.874,0,NA,0,0,0
2018-12-30,26.863,NA,NA,0,NA,16.499,0,0,258.577,0,15.008,0,211.89,0,NA,0,0,0
2018-12-31,15.05,NA,NA,0,NA,8.126,0,0,278.248,0,11.675,0,169.295,0,NA,0,0,0
2019-01-01,24.203,NA,NA,0,NA,9.334,0,0,0,0,11.017,0,188.802,0,NA,0,0,0
2019-01-02,60.464,NA,NA,0,NA,16.695,0,0,282.486,0,10.823,0,219.681,0,NA,0,0,0
2019-01-03,35.955,NA,NA,0,NA,17.809,0,0,345.67,0,10.965,0,231.66,0,NA,0,0,0
2019-01-04,58.843,NA,NA,0,NA,0,0,0,273.04,0,11.269,0,233.331,0,NA,0,0,0
2019-01-05,11.818,NA,NA,0,NA,16.844,0,0,339.315,0,11.957,0,237.934,0,NA,0,0,0
2019-01-06,0,NA,NA,0,NA,15.343,0,0,347.833,0,11.284,0,221.26,0,NA,0,0,0
2019-01-07,45.863,NA,NA,0,NA,0,0,0,334.08,0,8.968,0,217.068,0,NA,0,0,0
2019-01-08,120.771,NA,NA,0,NA,16.035,0,0,345.321,0,8.407,0,216.572,0,NA,0,0,0
2019-01-09,56.821,NA,NA,0,NA,34.433,0,0,351.102,0,12.032,0,219.508,0,NA,0,0,0
2019-01-10,120.153,NA,NA,0,NA,55.834,0,0,338.887,0,10.111,0,284.96,0,NA,0,0,0
2019-01-11,124.485,NA,NA,0,NA,34.616,0,0,344.766,0,9.745,0,245.198,0,NA,0,0,0
2019-01-12,124.117,NA,NA,0,NA,39.697,0,0,342.93,0,14.189,0,241.979,0,NA,0,0,0
2019-01-13,25.035,NA,NA,0,NA,1.395,0,0,339.451,0,10.196,0,369.035,0,NA,0,0,0
2019-01-14,83.667,NA,NA,0,NA,18.479,0,0,351.975,0,10.203,0,319.671,0,NA,0,0,0
2019-01-15,123.817,NA,NA,0,NA,23.086,0,0,260.345,0,10.338,0,329.608,0,NA,0,0,0
2019-01-16,97.164,NA,NA,0,NA,80.889,0,0,281.234,0,6.089,0,303.55,0,NA,0,0,0
2019-01-17,123.954,NA,NA,0,NA,124.524,0,0,352.553,0,10.627,0,307.57,0,NA,0,0,0
2019-01-18,89.858,NA,NA,0,NA,122.727,0,0,352.184,0,10.299,0,289.934,0,NA,0,0,0
2019-01-19,58.821,NA,NA,0,NA,52.673,0,0,341.933,0,9.835,0,288.414,0,NA,0,0,0
2019-01-20,83.525,NA,NA,0,NA,38.97,0,0,624.304,0,15.694,0,334.711,0,NA,0,0,0
2019-01-21,37.07,NA,NA,0,NA,36.259,0,0,550.322,0,9.437,0,263.58,0,NA,0,0,0
2019-01-22,75.271,NA,NA,0,NA,21.996,0,0,334.699,0,10.649,0,426.197,0,NA,0,0,0
2019-01-23,77.613,NA,NA,0,NA,15.515,0,0,350.94,0,15.603,0,438.165,0,NA,0,0,0
2019-01-24,94.513,NA,NA,0,NA,38.44,0,0,619.695,0,13.082,22.092,632.626,0,NA,0,0,0
2019-01-25,62.772,NA,NA,0,NA,21.945,0,0,824.632,0,77.173,87.889,534.242,0,NA,0,0,0
2019-01-26,0,NA,NA,0,NA,40.761,0,0,780.69,0,691.64,60.228,665.569,0,NA,0,0,0
2019-01-27,0,NA,NA,0,NA,386.71,0,0,1510.445,0,884.56,50.895,1279.019,0,NA,0,0,0
2019-01-28,0.373,NA,NA,0,NA,1202.949,0,0,3213.56,0,830.886,92.551,940.528,0,NA,0,0,0
2019-01-29,0,NA,NA,0,NA,1563.691,0,0,3179.192,0,721.468,176.236,1043.502,0,NA,0,0,0
2019-01-30,0,NA,NA,0,NA,1447.242,0,0,2690.77,0.009,731.679,268.448,1141.028,0,NA,0,0,0
2019-01-31,0,NA,NA,0,NA,661.921,0,0,1700.067,0,831.77,280.244,1141.329,0,NA,0,0,0
2019-02-01,0,NA,NA,0,NA,430.871,0,0,1207.277,0,867.108,204.856,1175.739,0,NA,0,0,0
2019-02-02,0,NA,NA,0,NA,1013.408,0,0,1139.896,0,798.508,62.1,1281.646,0,NA,0,0,0
2019-02-03,0,NA,NA,0,NA,1259.697,0,0,855.534,0,716.778,0,1329.161,0,NA,0,0,0
2019-02-04,39.508,NA,NA,0,NA,685.56,0,0,635.96,0,612.807,0,1295.671,0,NA,0,0,0
2019-02-05,82.161,NA,NA,0,NA,615.044,0,0,392.734,0,441.409,0,1428.225,0,NA,0,0,0
2019-02-06,0,NA,NA,0,NA,293.623,0,0,396.317,0,253.594,0,1380.781,0,NA,0,0,0
2019-02-07,0,NA,NA,0,NA,217.92,0,0,397.749,0,129.51,0,1243.693,0,NA,305,0,0
2019-02-08,0,NA,NA,0,NA,183.972,0,0,393.311,0,65.359,0,941.192,0,NA,384,0,0
2019-02-09,0,NA,NA,0,NA,308.997,0,0,410.32,0,0,0,945.993,0,NA,260,0,0
2019-02-10,0,NA,NA,0,NA,361.585,0,0,416.196,0,0,0,941.917,0,NA,259,0,0
2019-02-11,0,NA,NA,0,NA,327.988,0,0,390.607,0,0,0,938.657,0,NA,258,0,0
2019-02-12,0,NA,NA,0,NA,260.272,0,0,234.885,0,0,51.349,1150.66,0,NA,257,0,0
2019-02-13,0,NA,NA,0,NA,205.417,0,0,602.619,0,0,81.378,1743.406,0,NA,259,0,0
2019-02-14,0,NA,NA,0,NA,318.271,0,0,613.747,0,0,70.939,2041.562,0,NA,261,0,0
2019-02-15,0,NA,NA,0,NA,260.389,0,0,164.888,0,24.466,71.923,2035.56,0,NA,260,0,0
2019-02-16,0,NA,NA,0,NA,156.15,0,0,0,0,0,70.528,1999.871,0,NA,259,0,0
2019-02-17,0,NA,NA,0,NA,33.112,0,0,0,0,0,33.34,1981.862,0,NA,257,0,0
2019-02-18,0,NA,NA,0,NA,63.02,0,0,170.674,0,0,0,1973.464,0,NA,257,0,0
2019-02-19,0,NA,NA,0,NA,115.459,0,0,169.48,0,42.971,0,1988.032,0,NA,256,0,0
2019-02-20,0,NA,NA,0,NA,78.987,0,0,168.955,0,0,0,2030.448,0,NA,255,0,0
2019-02-21,0,NA,NA,0,NA,23.76,0,0,632.505,0,26.719,0,1666.999,0,NA,254,0,0
2019-02-22,0,NA,NA,0,NA,77.214,0,0,813.236,0,7.891,0,1208.133,0,NA,254,0,0
2019-02-23,0,NA,NA,0,NA,99.259,0,0,812.345,0,17.973,0,1194.175,0,NA,253,0,0
2019-02-24,0,NA,NA,0,NA,92.746,0,0,826.906,0,NA,28.179,1209.486,0,NA,256,0,0
2019-02-25,0,NA,NA,0,NA,44.885,0,0,863.589,0,NA,71.749,1218.298,0,NA,266,0,0
2019-02-26,0,NA,NA,0,NA,29.389,0,0,834.834,0,0,124.274,1113.914,0,NA,268,0,0
2019-02-27,0,NA,NA,0,NA,179.666,0,0,866.499,0,0,141.329,1107.721,0,NA,272,0,0
2019-02-28,0,NA,NA,0,NA,131.928,0,0,859.661,0,79.394,140.991,1112.757,0,NA,273,0,0
2019-03-01,0,NA,NA,0,NA,108.848,0,0,707.38,0,189.396,115.133,1104.854,0,NA,273,0,0
2019-03-02,0,NA,NA,0,NA,0,0,0,833.762,0,100.504,83.206,1104.243,0,NA,273,0,0
2019-03-03,0,NA,NA,0,NA,0,0,0,832.214,0,50.649,70.596,1104.676,0,NA,272,0,0
2019-03-04,0,NA,NA,0,NA,51.565,0,0,830.936,0,30.348,48.413,1104.094,0,NA,272,0,0
2019-03-05,0,NA,NA,0,NA,29.508,0,0,827.408,0,31.078,0,1122.239,0,NA,273,0,0
2019-03-06,0,NA,NA,0,NA,23.823,0,0,827.054,0,14.761,45.034,942.805,0,NA,491,0,0
2019-03-07,0,NA,NA,0,NA,19.583,0,0,820.699,0,13.553,5.047,307.506,0,NA,648,0,0
2019-03-08,0,NA,NA,0,NA,20.691,0,0,815.551,0,13.6,0,350.693,0,NA,640,0,0
2019-03-09,0,NA,NA,0,NA,0,0,0,849.623,0,13.501,0,348.174,0,NA,633,0,0
2019-03-10,0,NA,NA,0,NA,0,0,0,837.756,0,13.738,0,345.718,0,NA,627,0,0
2019-03-11,0,NA,NA,0,NA,33.394,0,0,845.753,0,14.194,0,348.552,0,NA,624,0,0
2019-03-12,0,NA,NA,0,NA,17.463,0,0,834.015,0,13.661,0,357.009,0,NA,621,0,0
2019-03-13,0,NA,NA,0,NA,14.22,0,0,822.955,0,13.52,0,286.463,0,NA,614,0,0
2019-03-14,0,NA,NA,0,NA,13.715,0,0,848.755,0,13.58,0,108.42,0,NA,606,0,0
2019-03-15,0,NA,NA,0,NA,16.114,0,0,854.961,0,13.672,0,70.051,0,NA,599,0,0
2019-03-16,0,NA,NA,0,NA,0,0,0,860.228,0,13.286,0,0,0,NA,594,0,0
2019-03-17,0,NA,NA,0,NA,0,0,0,849.673,0,13.394,0,0,0,NA,591,0,0
2019-03-18,0,NA,NA,0,NA,36.76,0,0,851.092,0,13.232,0,0,0,NA,588,0,0
2019-03-19,0,NA,NA,0,NA,21.497,0,0,847.056,0,14.838,27.256,0,0,NA,588,0,0
2019-03-20,0.038,NA,NA,0,NA,253.359,0,0,268.097,0,58.073,102.943,0.238,0,NA,604,0,0
2019-03-21,0,NA,NA,0,NA,126.235,0,0,661.047,0,151.506,72.373,0,0,NA,609,0,0
2019-03-22,0,NA,NA,0,NA,74.429,0,0,301.506,0,53.154,72.252,0,0,NA,605,0,0
2019-03-23,0,NA,NA,0,NA,0,0,0,406.069,0,40.928,30.125,0,0,NA,600,0,0
2019-03-24,0,NA,NA,0,NA,16.623,0,0,413.382,0,31.724,0,0,0,NA,594,0,0
2019-03-25,0,NA,NA,0,NA,41.358,0,0,393.459,0,6.18,0,0,0,NA,590,0,0
2019-03-26,0.379,NA,NA,0,NA,25.426,0,0,373.353,0,12.353,0,0,0,NA,337,0,0
2019-03-27,0,NA,NA,0,NA,14.449,0,0,401.67,0,17.198,14.599,0,0,NA,123,0,0
2019-03-28,0,NA,NA,0,NA,21.909,0,0,347.534,0,12.864,12.167,0,0,NA,126,0,0
2019-03-29,0,NA,NA,0,NA,22.181,0,0,0,0,13.372,0,0,0,NA,126,0,0
2019-03-30,0,NA,NA,0,NA,0,0,0,0,0,0.34,0,0,0,NA,126,0,0
2019-03-31,0,NA,NA,0,NA,0,0,0,346.745,0,13.039,0,0,0,NA,126,0,0
2019-04-01,0,NA,NA,0,NA,0,0,0,224.286,0,13.595,0,0,0,NA,126,0,0
2019-04-02,0,NA,NA,0,NA,14.879,0,0,55.099,0,13.426,0,0,0,NA,126,0,0
2019-04-03,0,NA,NA,0,NA,0,0,0,234.712,0,0,0,0,0,NA,127,0,0
2019-04-04,0,NA,NA,0,NA,20.799,0,0,352.78,0,0,0,0,0,NA,126,0,0
2019-04-05,0,NA,NA,0,NA,0,0,0,257.086,0,0,0,0,0,NA,50,0,0
2019-04-06,0,NA,NA,0,NA,17.259,0,0,412.278,0,0,0,0,0,NA,0,0,0
2019-04-07,0,NA,NA,0,NA,0,0,0,411.418,0,0,0,0,0,NA,0,0,0
2019-04-08,0,NA,NA,0,NA,19.301,0,0,382.915,0,0,0.558,0,0,NA,0,0,0
2019-04-09,0,NA,NA,0,NA,0,0,0,399.624,0,0,0.46,0,0,NA,0,0,0
2019-04-10,0,NA,NA,0,NA,18.685,0,0,385.788,0,0,0.545,0,0,NA,0,0,0
2019-04-11,0,NA,NA,0,NA,0,0,0,398.632,0,0,0.53,0,0,NA,0,0,0
2019-04-12,0,NA,NA,0,NA,15.17,0,0,395.032,0,0,1.094,0,0,NA,0,0,0
2019-04-13,0,NA,NA,0,NA,0,0,0,407.302,0,0,0,0,0,NA,0,0,0
2019-04-14,0,NA,NA,0,NA,18.115,0,0,395.314,0,0,0.392,0,0,NA,0,0,0
2019-04-15,0,NA,NA,0,NA,20.474,0,0,NA,0,0,1.253,0,0,NA,0,0,0
2019-04-16,0,NA,NA,0,NA,0,0,0,410.761,0,0,0.159,0.319,0,NA,0,0,0
2019-04-17,0,NA,NA,0,NA,16.715,0,0,402.099,0,0,0,0,0,NA,0,0,0
2019-04-18,0,NA,NA,0,NA,51.682,0,0,409.003,0,0,0,0,0,NA,0,0,0
2019-04-19,0,NA,NA,0,NA,35.016,0,0,266.407,0,36.061,0,0,0,NA,0,0,0
2019-04-20,0,NA,NA,0,NA,133.299,0,0,248.805,0,26.236,0,0,0,NA,0,0,0
2019-04-21,0,NA,NA,0,NA,231.39,0,0,401.281,0,20.688,0,0,0,NA,0,0,0
2019-04-22,0,NA,NA,0,NA,85.628,0,0,399.623,0,18.154,0,0,0,NA,0,0,0
2019-04-23,0,NA,NA,0,NA,26.609,0,0,403.587,0,0,0,0,0,NA,0,0,0
2019-04-24,0,NA,NA,0,NA,14.214,0,0,404.952,0,0,0,0,0,NA,0,0,0
2019-04-25,0,NA,NA,0,NA,18.074,0,0,406.625,0,0,0,0,0,NA,0,0,0
2019-04-26,0,NA,NA,0,NA,17.28,0,0,407.207,0,0,0,0,0,NA,0,0,0
2019-04-27,0,NA,NA,0,NA,18.467,0,0,410.461,0,0,0,0,0,NA,0,0,0
2019-04-28,0,NA,NA,0,NA,18.169,0,0,415.503,0,0,0,0,0,NA,0,0,0
2019-04-29,0,NA,NA,0,NA,17.09,0,0,415.116,0,0,0,0,0,NA,0,0,0
2019-04-30,0,NA,NA,0,NA,16.475,0,0,675.275,0,0,0,0,0,NA,0,0,0
2019-05-01,0,NA,NA,0,NA,16.421,0,0,809.471,0,0,0,0,0,NA,0,0,0
2019-05-02,0,NA,NA,0,NA,17.145,0,0,806.77,0,0,0,0,0,NA,0,0,0
2019-05-03,0,NA,NA,0,NA,49.73,0,0,621.346,2.154,0,0,0,0,NA,0,0,0
2019-05-04,0,NA,NA,0,NA,113.911,0,0,849.835,0,0,0,0,0,NA,0,0,0
2019-05-05,0,NA,NA,0,NA,9.869,0,0,845.692,0,72.707,0,0,0,NA,0,0,0
2019-05-06,0,NA,NA,0,NA,32.399,0,0,817.267,0,47.261,0,0,0,NA,0,0,0
2019-05-07,0,NA,NA,0,NA,20.159,0,0,836.302,0,0,0,129.814,0,NA,0,0,0
2019-05-08,0.19,NA,NA,0,NA,18.258,0,0,827.667,0,0,0,491.321,0,NA,0,0,436
2019-05-09,0,NA,NA,0,NA,60.034,0,0,399.301,0,125.556,0,320.569,0,NA,0,0,627
2019-05-10,0.043,NA,NA,0,NA,227.527,0,0,308.568,0,422.073,0,350.895,0,NA,0,0,624
2019-05-11,0,NA,NA,0,NA,305.229,0,0,420.328,0,323.389,0,397.245,0,NA,0,0,617
2019-05-12,0,NA,NA,0,NA,124.305,0,0,415.953,0,340.084,0,433.061,0,NA,0,0,611
2019-05-13,0,NA,NA,0,NA,485.718,0,0,695.039,0,383.583,0,422.021,0,NA,0,0,614
2019-05-14,0,NA,NA,0,NA,608.251,0,0,841.431,0,649.771,0,470.12,0,NA,0,0,826
2019-05-15,0,NA,NA,0,NA,1232.835,0,0,544.914,0,766.281,0,476.576,0,NA,0,0,1150
2019-05-16,0,NA,NA,0,NA,1374.324,0,0,0,0,645.79,0,560.242,0,NA,0,0,1170
2019-05-17,0,NA,NA,0,NA,409.826,0,0,0,0,295.575,0,546.123,0,NA,0,0,1168
2019-05-18,0,NA,NA,0,NA,272.076,0,0,0,0,164.941,0,475.511,0,NA,0,0,1151
2019-05-19,0,NA,NA,0,NA,313.927,0,0,0,0,136.768,0,447.961,0,NA,0,0,1127
2019-05-20,0,NA,NA,0,NA,265.708,0,0,0,0,0,0,464.325,0,NA,0,0,1102
2019-05-21,0,NA,NA,0,NA,157.061,0,0,359.329,0,0,0,463.183,0,NA,202,0,554
2019-05-22,0,NA,0,0,NA,256.13,0,0,344.721,0,0,0,466.893,0,NA,385,0,0
2019-05-23,0,NA,0,0,NA,68.283,0,0,85.52,0,0,0,368.791,0,NA,177,0,0
2019-05-24,0,NA,0,0,NA,17.41,0,0,172.78,0,0,0,335.481,0,NA,0,0,0
2019-05-25,0,NA,0,0,NA,16.243,0,0,266.906,0,0,0,332.201,0,NA,0,0,0
2019-05-26,0,NA,0,0,NA,17.792,0,0,284.267,0,0,0,102.654,0,NA,0,0,0
2019-05-27,0,NA,0,0,NA,7.799,0,0,0,0,0,0,102.139,0,NA,0,0,0
2019-05-28,0.013,NA,0,0,NA,9.375,0,0,0,0,0,0,100.735,0,NA,0,0,0
2019-05-29,0,NA,0,0,NA,17.004,0,0,0,0,0,0,231.153,0,NA,0,0,0
2019-05-30,0,NA,0,0,NA,116.747,0,0,0,0,0,0,249.339,0,NA,0,0,0
2019-05-31,0,NA,0,0,NA,288.497,0,0,0,0,0,0,156.953,0,NA,0,0,0
2019-06-01,0,NA,0,0,NA,136.812,0,0,0,0,0,0,27.896,0,NA,0,0,0
2019-06-02,0,NA,0,0,NA,101.461,0,0,0,0,0,0,32.914,0,NA,0,0,0
2019-06-03,0,NA,0,0,NA,117.355,0,0,0,0,0,0,113.707,0,NA,0,0,0
2019-06-04,0,NA,0,0,NA,144.664,0,0,13.475,0,0,0,110.818,0,NA,0,0,0
2019-06-05,0,NA,0,0,NA,172.692,0,0,0,0,0,0,236.469,0,NA,0,0,0
2019-06-06,0,NA,0,0,NA,132.247,0,0,0,0,0,0,81.424,0,NA,0,0,0
2019-06-07,0,NA,0,0,NA,239.966,0,0,0,0,16.348,0,318.506,0,NA,0,0,0
2019-06-08,0,NA,0,0,NA,239.938,0,0,131.999,0,0,0,125.019,0,NA,0,0,0
2019-06-09,0,NA,0,0,NA,240.026,0,0,0,0,15.687,0,0,0,NA,0,0,0
2019-06-10,0,NA,0,0,NA,235.581,0,0,601.96,0,66.845,0,47.25,0,NA,0,0,0
2019-06-11,0,NA,0,0,NA,202.329,0,0,1069.869,0,61.436,0,218.745,0,NA,0,0,512
2019-06-12,0,NA,0,0,NA,299.491,0,0,718.329,0,232.957,0,199.45,0,NA,0,0,762
2019-06-13,0,NA,0,0,NA,702.957,0,0,214.316,0,196.717,0,181.971,0,NA,0,0,750
2019-06-14,0,NA,0,0,NA,653.796,0,0,230.146,0,525.673,0,120.535,0,NA,0,0,757
2019-06-15,0,NA,0,0,NA,558.366,0,0,204.494,0,565.908,0,211.142,0,NA,0,0,757
2019-06-16,0,NA,0,0,NA,582.248,0,0,362.727,0,339.517,0,239.307,0,NA,0,0,762
2019-06-17,0,NA,0,0,NA,743.135,0,0,261.816,0,399.003,0,239.071,0,NA,0,0,768
2019-06-18,0,NA,NA,0,NA,813.685,0,0,331.023,0,339.803,0,426.232,0,NA,392,0,755
2019-06-19,0,NA,NA,0,NA,804.616,0,0,408.876,0,349.135,0,539.684,0,NA,675,0,728
2019-06-20,0,NA,NA,0,NA,1041.238,0,0,852.327,0,356.643,0,723.548,0,NA,685,0,740
2019-06-21,0,NA,NA,0,NA,908.719,0,0,673.217,0,480.534,0,784.346,0,NA,680,0,735
2019-06-22,0,NA,NA,0,NA,688.704,0,0,164.841,0,524.12,0,891.227,0,NA,673,0,726
2019-06-23,0,NA,NA,0,NA,556.715,0,0,0,0,347.058,0,890.968,0,NA,662,0,715
2019-06-24,0,NA,NA,0,NA,489.809,0,0,0,0,114.464,0,896.648,0,NA,646,0,701
2019-06-25,0,NA,NA,0,NA,494.88,0,0,0,0,0,0,1018.146,0,NA,624,0,682
2019-06-26,0,NA,NA,0,NA,478.152,0,0,0,0,69.52,0,1223.385,0,NA,266,0,304
2019-06-27,0,NA,NA,0,NA,466.918,0,0,0,0,86.37,0,1350.536,0,NA,0,0,0
2019-06-28,0,NA,NA,0,NA,416.635,0,0,0,0,106.305,0,1350.581,0,NA,0,0,0
2019-06-29,0,NA,NA,0,NA,801.684,0,0,0,0,82.96,0,951.124,0,NA,0,0,0
2019-06-30,0,NA,NA,0,NA,661.556,0,0,0,0,84.308,0,1117.163,0,NA,0,0,0
2019-07-01,0,NA,NA,0,NA,385.257,0,0,0,0,66.886,0,793.894,0,NA,0,0,0
2019-07-02,0,NA,NA,0,NA,389.35,0,0,0,0,47.352,0,917.94,0,NA,0,0,0
2019-07-03,0.083,NA,NA,0,NA,419.47,0,0,0,0,55.503,0,938.522,0,NA,0,0,0
2019-07-04,0,NA,NA,0,NA,500.608,0,0,0,0,52.584,0,744.198,0,NA,0,0,0
2019-07-05,0,NA,NA,0,NA,501.962,0,0,136.464,0,20.257,0,591.551,0,NA,0,0,0
2019-07-06,0,NA,NA,0,NA,506.512,0,0,607.086,0,35.425,0,502.496,0,NA,0,0,0
2019-07-07,0,NA,NA,0,NA,502.1,0,0,886.8,0,56.498,0,493.296,0,NA,0,0,0
2019-07-08,0,NA,NA,0,NA,521.455,0,0,1348.547,0,594.42,0,487.031,0,NA,0,0,0
2019-07-09,0,NA,NA,0,NA,612.625,0,0,1578.564,0,876.38,0,494.382,0,NA,0,0,0
2019-07-10,0,NA,NA,0,NA,730.292,0,0,816.661,0,953.718,0,701.471,0,NA,0,0,0
2019-07-11,0,NA,NA,0,NA,667.462,0,0,738.69,0,938.358,0,665.23,0,NA,0,0,0
2019-07-12,0,NA,NA,0,NA,552.716,0,0,694.643,0,873.654,0,754.339,0,NA,0,0,0
2019-07-13,0,NA,NA,0,NA,202.137,0,0,363.438,0,764.609,0,673.409,0,NA,0,0,0
2019-07-14,0,NA,NA,0,NA,136.436,0,0,333.228,0,560.271,0,780.77,0,NA,0,0,0
2019-07-15,0,NA,NA,0,NA,173.918,0,0,0,0,461.773,0,801.072,0,NA,0,0,0
2019-07-16,0,NA,NA,0,NA,132.223,0,19.902,0,0,295.384,0,849.072,0,NA,0,0,0
2019-07-17,0,NA,NA,0,NA,154.015,0,0,0,0,186.913,0,666.951,0,NA,0,0,0
2019-07-18,0,NA,NA,0,NA,161.895,0,0,0,0,157.621,0,654.622,0,NA,0,0,0
2019-07-19,0,NA,NA,0,NA,135.107,0,0,0,0,164.416,0,656.788,0,NA,0,0,0
2019-07-20,0,NA,NA,0,NA,157.043,0,0,0,0,44.423,0,653.846,0,NA,0,0,0
2019-07-21,0,NA,NA,0,NA,113.419,0,0,668.029,0,61.122,0,585.567,0,NA,0,0,0
2019-07-22,0,NA,NA,0,NA,134.415,0,0,801.196,0,63.156,1.425,651.508,0,NA,0,0,0
2019-07-23,0,NA,NA,0,NA,158.54,0,0,1287.995,0,361.357,0,662.242,0,NA,0,0,0
2019-07-24,0,NA,NA,0,NA,470.271,0,0,1053.075,0,692.036,0,658.108,0,NA,0,0,0
2019-07-25,0,NA,NA,0,NA,407.725,0,0,676.188,0,731.553,0,654.887,0,NA,0,0,0
2019-07-26,0,NA,NA,0,NA,294.121,0,0,521.74,0,715.911,0,644.771,0,NA,0,0,0
2019-07-27,0,NA,NA,0,NA,268.455,0,0,685.732,0,540.032,0,693.889,0,NA,0,0,0
2019-07-28,0,NA,NA,0,NA,408.022,0,0,791.884,0,305.349,0,663.61,0,NA,0,0,0
2019-07-29,0,NA,NA,0,NA,241.755,0,0,646.395,0,285.828,0,726.187,0,NA,0,0,0
2019-07-30,0,NA,NA,0,NA,231.276,0,0,554.048,0,234.574,0.863,649.31,0,NA,0,0,0
2019-07-31,0,NA,NA,0,NA,177.96,0,0,414.038,0,153.065,0,642.039,0,NA,0,0,0
2019-08-01,0,NA,NA,0,NA,261.971,0,0,585.145,0,251.479,0,895.97,0,NA,0,0,0
2019-08-02,0,NA,NA,0,NA,599.83,0,0,1282.665,0,676.18,0,1133.069,0,NA,0,0,0
2019-08-03,0,NA,NA,0,NA,860.095,0,0,1739.568,0,780.495,0,1199.904,0,NA,0,0,0
2019-08-04,0,NA,NA,0,NA,881.613,0,0,1681.125,0,834.61,0,1375.952,0,NA,0,0,0
2019-08-05,0,NA,NA,0,NA,993.409,0,0,1429.761,0,921.447,0,1385.669,0,NA,0,0,0
2019-08-06,0,NA,NA,0,NA,915.606,0,0,1991.837,0,988.899,0,1707.455,0,NA,0,0,0
2019-08-07,0,NA,NA,0,NA,864.288,0,0,2350.901,0,910.395,0,1997.943,0,NA,0,0,576
2019-08-08,0,NA,NA,0,NA,608.892,0,0,1356.947,0,780.125,0,2236.833,0,NA,0,0,959
2019-08-09,0,NA,NA,0,NA,700.47,0,0,805.838,0,837.01,0,2351.682,0,NA,0,0,944
2019-08-10,0,NA,NA,0,NA,523.029,0,0,354.549,0,849.559,0,2782.053,0,NA,0,0,936
2019-08-11,0,NA,NA,0,NA,415.866,0,0,255.249,0,695.446,0,2894.841,0,NA,0,0,934
2019-08-12,0,NA,NA,0,NA,313.426,0,0,638.411,0,527.332,0,2892.931,0,NA,0,0,937
2019-08-13,0,NA,NA,0,NA,240.852,0,0,988.537,0,548.897,0,920.617,0,NA,0,0,938
2019-08-14,0,NA,NA,0,NA,387.52,0,0,1399.209,0,720.875,0,1.728,0,NA,0,0,1371
2019-08-15,0,NA,NA,0,NA,817.57,0,0,1381.39,0,833.638,0,2431.45,0,NA,0,0,1689
2019-08-16,0,NA,NA,0,NA,987.122,0,0,1667.659,0,874.122,0,4614.092,0,NA,0,0,1664
2019-08-17,0,NA,NA,0,NA,1097.565,0,0,1321.778,0,1042.931,0,4999.468,0,NA,0,0,1658
2019-08-18,0,NA,NA,0,NA,850.571,0,0,1050.961,0,1266.315,0,5229.393,0,NA,0,0,1650
2019-08-19,0,NA,NA,0,NA,689.384,0,0,807.886,0,1420.87,0,5514.054,0,NA,0,0,1643
2019-08-20,0,NA,NA,0,NA,868.987,0,0,281.072,0,738.209,0,5641.952,0,NA,0,0,1629
2019-08-21,0,NA,NA,0,NA,872.037,0,0,377.355,0,423.42,0,5674.738,0,NA,0,0,1614
2019-08-22,0,NA,NA,0,NA,667.39,0,0,0,0,240.183,0,5665.271,0,NA,0,0,1602
2019-08-23,0,NA,NA,0,NA,558.497,0,0,432.307,0,146.576,0,5580.519,0,NA,0,0,1594
2019-08-24,0,NA,NA,0,NA,502.725,0,0,66.727,0,140.437,0,5456.059,0,NA,0,0,1579
2019-08-25,0,NA,NA,0,NA,307.354,0,0,175.197,0,80.53,0,5422.636,0,NA,0,0,1572
2019-08-26,0,NA,NA,0,NA,414.76,0,0,521.83,0,51.814,0,5099.277,0,NA,0,0,1561
2019-08-27,0,NA,NA,0,NA,346.191,0,0,389.735,0,48.988,0,5128.997,0,NA,0,0,1543
2019-08-28,0,NA,NA,0,NA,427.116,0,0,281.498,0,100.568,0,4806.135,0,NA,0,0,1523
2019-08-29,0,NA,NA,0,NA,449.432,0,0,59.825,0,72.969,0,4619.022,0,NA,0,0,1508
2019-08-30,0,NA,NA,0,NA,1051.765,0,0,989.934,0,373.438,0,4731.867,0,NA,1080,882,1763
2019-08-31,0,NA,NA,0,NA,692.502,0,0,325.5,0,489.096,0,4303.225,0,NA,1493,875,1362
2019-09-01,0,NA,NA,0,NA,280.017,0,0,518.563,0,712.708,0,4348.823,0,NA,1399,685,1130
2019-09-02,0,NA,NA,0,NA,241.192,0,0,196.487,0,895.331,0,3548.592,0,NA,1331,594,998
2019-09-03,0,NA,NA,0,NA,358.497,0,0,380.928,0,724.449,0,2591.25,0,NA,1408,267,544
2019-09-04,0,NA,NA,0,NA,284.284,0,0,537.317,0,717.742,0,2402.308,0,NA,790,0,0
2019-09-05,0,NA,NA,0,NA,563.85,0,0,876.363,0,370.903,0,1738.72,0,NA,0,0,0
2019-09-06,0,NA,NA,0,NA,635.786,0,0,688.507,0,630.173,0,1591.225,0,NA,0,0,0
2019-09-07,0,NA,NA,0,NA,648.285,0,0,871.889,0,132.997,0,1333.628,0,NA,0,0,0
2019-09-08,0,NA,NA,0,NA,507.937,0,0,870.935,0,0,0,696.064,0,NA,0,0,0
2019-09-09,0,NA,NA,0,NA,506.266,0,0,860.299,0,0,0,148.868,0,NA,0,0,0
2019-09-10,0,NA,NA,0,NA,455.636,0,0,873.683,0,0,0,0,0,NA,0,0,0
2019-09-11,0,NA,NA,0,NA,416.72,0,0,870.918,0,0,0,0,0,NA,0,0,0
2019-09-12,0,NA,NA,0,NA,301.119,0,0,869.624,0,0,0,0,0,NA,0,0,0
2019-09-13,0,NA,NA,0,NA,527.285,0,0,871.381,0,0,0,0,0,NA,0,0,0
2019-09-14,0,NA,NA,0,NA,584.007,0,0,865.373,0,0,0,371.896,0,NA,0,0,0
2019-09-15,0,NA,NA,0,NA,607.713,0,0,864.378,0,0,0,220.78,0,NA,0,0,0
2019-09-16,0,NA,NA,0,NA,405.893,0,0,861.77,0,73.986,0,245.659,0,NA,0,0,0
2019-09-17,0,NA,NA,0,NA,420.006,0,0,496.449,0,57.23,0,546.389,0,NA,0,0,0
2019-09-18,0,NA,NA,0,NA,248.077,0,0,0,0,28.297,0,1905.154,0,NA,0,0,0
2019-09-19,0,NA,NA,0,NA,246.497,0,0,0,0,43.742,0,1707.711,0,NA,0,0,0
2019-09-20,0,NA,NA,0,NA,177.012,0,0,0,0,37.304,0,1690.903,0,NA,0,0,0
2019-09-21,0,NA,NA,0,NA,139.439,0,0,0,0,37.599,0,1356.789,0,NA,0,0,0
2019-09-22,0,NA,NA,0,NA,67.429,0,0,181.679,0,36.102,0,1139.636,0,NA,0,0,0
2019-09-23,0,NA,NA,0,NA,61.096,0,0,239.646,0,23.869,0,1026.77,0,NA,0,0,0
2019-09-24,0,NA,NA,0,NA,28.88,0,0,36.601,0,40.956,0,868.774,0,NA,0,0,0
2019-09-25,0,NA,NA,0,NA,132.512,0,0,0,0,0,0,972.503,0,NA,0,0,0
2019-09-26,0,NA,NA,0,NA,0,0,0,326.342,0,0,0,718.892,0,NA,0,0,0
2019-09-27,0,NA,NA,0,NA,0,0,0,339,0,0,0,298.245,0,NA,0,0,0
2019-09-28,0,NA,NA,0,NA,23.938,0,0,343.585,0,0,0,289.825,0,NA,0,0,0
2019-09-29,0,NA,NA,0,NA,32.103,0,0,0,0,0,0,245.751,0,NA,0,0,0
2019-09-30,0,NA,NA,0,NA,0,0,0,332.33,0,0,0,405.291,0,NA,0,0,0
2019-10-01,0,NA,NA,0,NA,0,0,0,333.661,0,0,0,394.074,0,NA,0,0,0
2019-10-02,0,NA,NA,0,NA,42.679,0,0,429.901,0,0,0,201.994,0,NA,0,0,0
2019-10-03,0,NA,NA,0,NA,0,0,0,0,0,0,0,297.544,0,NA,0,0,0
2019-10-04,0,NA,NA,0,NA,0,0,0,205.601,0,0,0,379.042,0,NA,0,0,0
2019-10-05,0,NA,NA,0,NA,0,0,0,0,0,0,0,203.272,0,NA,0,0,0
2019-10-06,0,NA,NA,0,NA,0,0,0,355.65,0,0,0,333.858,0,NA,0,0,0
2019-10-07,0.247,NA,NA,0,NA,43.225,0,0,0,0,0,0,311.61,0,NA,0,0,0
2019-10-08,0,NA,NA,0,NA,0,0,0,860.679,0,0,0,365.646,0,NA,0,0,0
2019-10-09,0,NA,NA,0,NA,226.584,0,0,1210.392,0,85.939,26.959,359.682,0,NA,0,0,0
2019-10-10,0,NA,NA,0,NA,238.95,0,0,1697.8,0,134.821,0,242.882,0,NA,0,0,0
2019-10-11,0,NA,NA,0,NA,279.815,0,0,1314.594,0,186.38,42.469,110.489,0,NA,0,0,0
2019-10-12,0,NA,NA,0,NA,238.615,0,0,826.178,0,136.018,7.608,77.797,0,NA,0,0,0
2019-10-13,0,NA,NA,0,NA,235.876,0,0,0,0,48.008,0,308.966,0,NA,0,0,0
2019-10-14,0,NA,NA,0,NA,122.111,0,0,0,0,0,0,114.334,0,NA,0,0,0
2019-10-15,0,NA,NA,0,NA,106.08,0,0,0,0,0,0,203.229,0,NA,0,0,0
2019-10-16,0,NA,NA,0,NA,110.433,0,0,0,0,28.349,0,202.589,0,NA,0,0,0
2019-10-17,0,NA,NA,0,NA,236.102,0,0,0,0,0.435,0,246.414,0,NA,0,0,0
2019-10-18,0,NA,NA,0,NA,231.711,0,0,0,0,0,0,204.112,0,NA,0,0,0
2019-10-19,0,NA,NA,0,NA,137.473,0,0,159.897,0,0,0,204.974,0,NA,0,0,0
2019-10-20,0,NA,NA,0,NA,83.458,0,0,599.276,0,28.08,0,206.34,0,NA,0,0,0
2019-10-21,0,NA,NA,0,NA,148.703,0,0,464.758,0,70.581,0,207.282,0,NA,0,0,0
2019-10-22,0,NA,NA,0,NA,95.487,0,0,0,0,30.864,0,301.907,0,NA,0,0,0
2019-10-23,0,NA,NA,0,NA,215.665,0,0,0,0,71.686,0,300.269,0,NA,0,0,0
2019-10-24,0,NA,NA,0,NA,241.909,0,0,0,0,0,0,233.242,0,NA,0,0,0
2019-10-25,0,NA,NA,0,NA,118.684,0,0,0,0,55.598,17.618,298.095,0,NA,0,0,0
2019-10-26,0,NA,NA,0,NA,211.334,0,0,492.951,0,72.939,23.298,317.494,0,NA,0,0,0
2019-10-27,0,NA,NA,0,NA,503.506,0,0,840.422,0,0,0,380.978,0,NA,0,0,0
2019-10-28,0,NA,NA,0,NA,545.204,0,0,720.534,0,0,0,242.886,0,NA,0,0,0
2019-10-29,0,NA,NA,0,NA,279.565,0,0,0,0,13.322,0,332.357,0,NA,0,0,0
2019-10-30,0,NA,NA,0,NA,290.473,0,0,0,0,107.704,0,288.236,0,NA,0,0,0
2019-10-31,0,NA,NA,0,NA,258.826,0,0,0,0,10.859,0,246.05,0,NA,0,0,0
2019-11-01,0,NA,NA,0,NA,199.793,0,0,0,0,0,0,307.811,0,NA,0,0,0
2019-11-02,0,NA,NA,0,NA,235.059,0,0,0,0,7.404,0,294.546,0,NA,0,0,0
2019-11-03,0,NA,NA,0,NA,175.784,0,0,0,0,69.532,0,227.975,0,NA,0,0,0
2019-11-04,0.074,NA,NA,0,NA,222.167,0,0,0,0,24.31,0,115.382,0,NA,0,0,0
2019-11-05,0,NA,NA,0,NA,267.914,0,0,0,0,0,0,134.334,0,NA,0,0,0
2019-11-06,0,NA,NA,0,NA,224.129,0,0,0,0,8.267,0,198.24,0,NA,0,0,0
2019-11-07,0,NA,NA,0,NA,211.825,0,0,0,0,68.394,0,199.918,0,NA,0,0,0
2019-11-08,0,NA,NA,0,NA,102.305,0,165.111,0,0,0,0,70.724,0,NA,0,0,0
2019-11-09,0,NA,NA,0,NA,131.142,0,305.29,0,0,0,0,0,0,NA,0,0,0
2019-11-10,0,NA,NA,0,NA,114.42,0,267.885,0,0,0,0,287.801,0,NA,0,0,0
2019-11-11,0,NA,NA,0,NA,148.247,0,227.849,0,0,0,0,638.132,0,NA,0,0,0
2019-11-12,0,NA,NA,0,NA,131.698,0,204.882,0,0,0,0,336.07,0,NA,0,0,0
2019-11-13,0,NA,NA,0,NA,71.932,0,163.379,0,0,0,0,294.654,0,NA,0,0,0
2019-11-14,0,NA,NA,0,NA,119.944,0,42.797,0,0,0,0,211.939,0,NA,0,0,0
2019-11-15,0,NA,NA,0,NA,81.599,0,0,318.632,0,0,0,294.844,0,NA,0,0,0
2019-11-16,0,NA,NA,0,NA,138.582,0,0,308.177,0,0,0,310.214,0,NA,0,0,0
2019-11-17,0,NA,NA,0,NA,146.962,0,0,0,0,0,0,191.864,0,NA,0,0,0
2019-11-18,0,NA,NA,0,NA,29.118,0,0,0,0,0,0,401.992,0,NA,0,0,0
2019-11-19,0,NA,NA,0,NA,21.237,0,0,0,0,0,0,400.973,0,NA,0,0,0
2019-11-20,0,NA,NA,0,NA,0,0,0,0,0,0,0,168.682,0,NA,0,0,0
2019-11-21,0,NA,NA,0,NA,21.193,0,0,102.939,0,0,0.339,128.509,0,NA,0,0,0
2019-11-22,0,NA,NA,0,NA,36.777,0,0,300.185,0,0,0.741,233.91,0,NA,0,0,0
2019-11-23,0,NA,NA,0,NA,12.718,0,0,0,0,0,0.672,404.413,0,NA,0,0,0
2019-11-24,0,NA,NA,0,NA,31.554,0,0,0,0,0,0,319.174,0,NA,0,0,0
2019-11-25,0,NA,NA,0,NA,47.976,0,0,295.911,0,0,0,269.597,0,NA,0,0,0
2019-11-26,0,NA,NA,0,NA,67.176,0,0,295.156,0,0,0,192.428,0,NA,0,0,0
2019-11-27,0,NA,NA,0,NA,34.324,0,0,301.508,0,0,0,337.3,0,NA,0,0,0
2019-11-28,0,NA,NA,0,NA,41.05,0,0,0,0,0,0,309.97,0,NA,0,0,0
2019-11-29,0,NA,NA,0,NA,14.257,0,0,0,0,0,0,281.118,0,NA,0,0,0
2019-11-30,0,NA,NA,0,NA,18.234,0,0,0,0,0,0,227.618,0,NA,0,0,0
2019-12-01,0,NA,NA,0,NA,16.855,0,0,0,0,0,0,297.2,0,NA,0,0,0
2019-12-02,0,NA,NA,0,NA,54.011,0,0,300.055,0,0,0,344.089,0,NA,0,0,0
2019-12-03,0,NA,NA,0,NA,12.106,0,0,478.215,0,0,0,195.617,0,NA,0,0,0
2019-12-04,0,NA,NA,0,NA,20.835,0,0,277.176,0,0,0,219.603,0,NA,0,0,0
2019-12-05,0,NA,NA,0,NA,1.412,0,0,300.441,0,0,0,306.637,0,NA,0,0,0
2019-12-06,0,NA,NA,0,NA,22.465,0,0,294.661,0,0,0,211.69,0,NA,0,0,0
2019-12-07,0,NA,NA,0,NA,18.024,0,0,296.263,0,0,0,246.498,0,NA,0,0,0
2019-12-08,0,NA,NA,0,NA,17.624,0,0,0,0,0,0,332.358,0,NA,0,0,0
2019-12-09,0,NA,NA,0,NA,31.328,0,0,283.88,0,0,0,336.937,0,NA,0,0,0
2019-12-10,0,NA,NA,0,NA,17.709,0,0,326.822,0,0,0,382.141,0,NA,0,0,0
2019-12-11,0,NA,NA,0,NA,1.121,0,0,371.338,0,1.684,0,235.405,0,NA,0,0,0
2019-12-12,0,NA,NA,0,NA,91.489,0,0,302.329,0,0,0,484.192,0,NA,0,0,0
2019-12-13,0,NA,NA,0,NA,2.477,0,0,1113.834,0,0,0,363.832,0,NA,0,0,0
2019-12-14,0,NA,NA,0,NA,174.89,0,0,753.761,0,0,0,314.016,0,NA,0,0,0
2019-12-15,0,NA,NA,0,NA,236.256,0,0,0,0,0,45.499,276.11,0,NA,0,0,0
2019-12-16,0,NA,NA,0,NA,114.119,0,0,103.419,0,0,65.02,276.444,0,NA,0,0,0
2019-12-17,0,NA,NA,0,NA,35.59,0,0,379.158,0,0,64.462,389.503,0,NA,0,0,0
2019-12-18,0,NA,NA,0,NA,62.918,0,0,412.266,0,0,64.648,439.693,0,NA,0,0,0
2019-12-19,0,NA,NA,0,NA,93.951,0,0,811.537,0,0,18.528,423.255,0,NA,0,0,0
2019-12-20,0,NA,NA,0,NA,170.896,0,0,721.065,0,0,64.482,413.079,0,NA,0,0,0
2019-12-21,0,NA,NA,0,NA,75.996,0,0,329.33,0,0,64.214,305.011,0,NA,0,0,0
2019-12-22,0,NA,NA,0,NA,158.88,0,0,272,0,0,64.111,454.039,0,NA,0,0,0
2019-12-23,0,NA,NA,0,NA,341.95,0,0,210.332,0,0,64.006,223.423,0,NA,0,0,0
2019-12-24,0,NA,NA,0,NA,241.751,0,0,105.473,0,0,63.814,279.621,0,NA,0,0,0
2019-12-25,0,NA,NA,0,NA,242.735,0,0,0,0,0,34.414,137.379,0,NA,0,0,0
2019-12-26,0,NA,NA,0,NA,349.445,0,0,0,0,0,0,349.72,0,NA,0,0,0
2019-12-27,0,NA,NA,0,NA,198.164,0,0,0,0,0,0,282.94,0,NA,0,0,0
2019-12-28,0,NA,NA,0,NA,259.88,0,0,322.379,0,0,0,546.819,0,NA,0,0,0
2019-12-29,0,NA,NA,0,NA,408.202,0,0,1616.712,0,0,1.141,563.255,0,NA,0,0,0
2019-12-30,0,NA,NA,0,NA,418.144,0,0,477.001,0,229.255,158.014,402.734,0,NA,0,0,0
2019-12-31,0,NA,NA,0,NA,446.62,0,0,541.098,0,232.516,205.374,421.751,0,NA,0,0,0
2020-01-01,0,NA,NA,0,NA,242.411,0,0,0,0,185.323,258.62,269.383,0,NA,0,0,0
2020-01-02,0,NA,NA,0,NA,418.765,0,0,0,0,183.848,92.335,389.119,0,NA,0,0,0
2020-01-03,0,NA,NA,0,NA,335.314,0,0,0,0,182.353,62.93,406.208,0,NA,0,0,0
2020-01-04,0,NA,NA,0,NA,194.802,0,0,0,0,86.415,49.991,457.654,0,NA,0,0,0
2020-01-05,0,NA,NA,0,NA,157.23,0,0,0,0,0,0,164.268,0,NA,0,0,0
2020-01-06,0,NA,NA,0,NA,35.013,0,0,0,0,0,0,429.749,0,NA,0,0,0
2020-01-07,0,NA,NA,0,NA,57.256,0,0,147.542,0,0,0,367.672,0,NA,0,0,0
2020-01-08,0,NA,NA,0,NA,150.646,0,0,254.486,0,0,0,104.584,0,NA,0,0,0
2020-01-09,0,NA,NA,0,NA,55.231,0,0,537.42,0,0,0,140.293,0,NA,0,0,0
2020-01-10,0,NA,NA,0,NA,116.154,0,0,561.765,0,0,0,213.107,0,NA,0,0,0
2020-01-11,0,NA,NA,0,NA,21.783,0,0,244.122,0,0,0,241.301,0,NA,0,0,0
2020-01-12,0,NA,NA,0,NA,71.385,0,0,0,0,0,0,415.839,0,NA,0,0,0
2020-01-13,0.47,NA,NA,0,NA,72.857,0,0,560.038,0,0,0,287.026,0,NA,0,0,0
2020-01-14,0,NA,NA,0,NA,95.545,0,0,291.729,0,0,0,238.176,0,NA,0,0,0
2020-01-15,0,NA,NA,0,NA,14.313,0,0,293.76,0,0,0,213.057,0,NA,0,0,0
2020-01-16,0,NA,NA,0,NA,17.641,0,0,294.693,0,0,0,426.459,0,NA,0,0,0
2020-01-17,0,NA,NA,0,NA,40.049,0,0,293.176,0,30.703,0,425.776,0,NA,0,0,0
2020-01-18,0,NA,NA,0,NA,0,0,0,280.37,0,6.995,0,296.949,0,NA,0,0,0
2020-01-19,0,NA,NA,0,NA,21.931,0,0,288.569,0,0,0,286.233,0,NA,0,0,0
2020-01-20,0,NA,NA,0,NA,21.393,0,0,240.29,0,0,0,208.099,0,NA,0,0,0
2020-01-21,0,NA,NA,0,NA,13.089,0,0,269.917,0,0,0,181.387,0,NA,0,0,0
2020-01-22,0,NA,NA,0,NA,22.683,0,0,589.611,0,0,0,445.905,0,NA,0,0,0
2020-01-23,0,NA,NA,0,NA,27.986,0,0,582.456,0,0,0,158.253,0,NA,0,0,0
2020-01-24,0,NA,NA,0,NA,0,0,0,0,0,0,0,97.871,0,NA,0,0,0
2020-01-25,0,NA,NA,0,NA,0,0,0,0,0,0,0,206.203,0,NA,0,0,0
2020-01-26,0,NA,NA,0,NA,21.372,0,0,0,0,0,0,128.342,0,NA,0,0,0
2020-01-27,0,NA,NA,0,NA,26.366,0,0,0,0,0,0,125.443,0,NA,0,0,0
2020-01-28,0,NA,NA,0,NA,14.37,0,0,0,0,0,0,194.813,0,NA,0,0,0
2020-01-29,0,NA,NA,0,NA,12.508,0,0,0,0,0,0,113.493,0,NA,0,0,0
2020-01-30,0,NA,NA,0,NA,21.421,0,0,273.932,0,0,0,123.079,0,NA,0,0,0
2020-01-31,0,NA,NA,0,NA,0,0,0,564.93,0,0,0,400.62,0,NA,0,0,0
2020-02-01,0,NA,NA,0,NA,51.884,0,0,814.335,0,0,0,232.072,0,NA,0,0,0
2020-02-02,0,NA,NA,0,NA,0,0,0,543.473,0,29.674,0,358.511,0,NA,0,0,0
2020-02-03,0,NA,NA,0,NA,38.202,0,0,6,0,184.348,92.068,425.87,0,NA,0,0,0
2020-02-04,0,NA,NA,0,NA,19.244,0,0,0,0,182.805,228.562,273.699,0,NA,0,0,0
2020-02-05,0,NA,NA,0,NA,45.81,0,0,0,0,180.674,100.423,294.717,0,NA,0,0,0
2020-02-06,0,NA,NA,0,NA,26.557,0,0,0,0,78.18,25.11,609.917,0,NA,0,0,0
2020-02-07,0,NA,NA,0,NA,0,0,0,766.251,0,0,0,638.483,0,NA,0,0,0
2020-02-08,0,NA,NA,0,NA,18.48,0,0,651.792,0,36.475,19.392,674.934,0,NA,0,0,0
2020-02-09,0,NA,NA,0,NA,14.736,0,0,0,0,183.652,194.33,684.97,0,NA,0,0,0
2020-02-10,0,NA,NA,0,NA,25.494,0,0,0,0,182.343,285.495,765.365,0,NA,0,0,0
2020-02-11,0,NA,NA,0,NA,0,0,0,0,0,181.809,106.724,622.135,0,NA,0,0,0
2020-02-12,0,NA,NA,0,NA,0,0,27.553,0,0,84.679,37.952,573.359,0,NA,0,0,0
2020-02-13,0,NA,NA,0,NA,32.762,0,115.538,0,0,0,0,626.724,0,NA,0,0,0
2020-02-14,0,NA,NA,0,NA,0,0,149.724,0,0,0,0,910.322,0,NA,0,0,0
2020-02-15,0,NA,NA,0,NA,32.905,0,93.112,0,0,0,0,806.097,0,NA,0,0,0
2020-02-16,0,NA,NA,0,NA,0,0,73.014,0,0,0,0,931.504,0,NA,0,0,0
2020-02-17,0,NA,NA,0,NA,31.173,0,51.955,0,0,0,0,852.275,0,NA,0,0,0
2020-02-18,0,NA,NA,0,NA,0,0,150.427,0,0,0,0,847.315,0,NA,0,0,0
2020-02-19,0,NA,NA,0,NA,0,0,146.631,0,0,0,0,774.654,0,NA,0,0,0
2020-02-20,0,NA,NA,0,NA,19.925,0,134.885,0,0,0,0,742.51,0,NA,0,0,0
2020-02-21,0,NA,NA,0,NA,0,0,155.9,0,0,0,0,601.653,0,NA,0,0,0
2020-02-22,0,NA,NA,0,NA,45.097,0,156.57,0,0,0,0,613.52,0,NA,0,0,0
2020-02-23,0,NA,NA,0,NA,0,0,144.615,0,0,0,0,509.457,0,NA,0,0,0
2020-02-24,0,NA,NA,0,NA,2.375,0,51.345,0,0,0,0,506.503,0,NA,0,0,0
2020-02-25,0,NA,NA,0,NA,0,0,0,63.978,0,0,0,631.062,0,NA,0,0,0
2020-02-26,0,NA,NA,0,NA,20.581,0,0,314.814,0,0,0,683.236,0,NA,0,0,0
2020-02-27,0,NA,NA,0,NA,0,0,0,296.265,0,0,0,672.252,0,NA,0,0,0
2020-02-28,0,NA,NA,0,NA,18.036,0,0,244.086,0,0,0,816.703,0,NA,0,0,0
2020-02-29,0,NA,NA,0,NA,4.9,0,0,46.882,0,0,0,641.316,0,NA,0,0,0
2020-03-01,0,NA,NA,0,NA,0,0,0,0,0,0,0,645.567,0,NA,0,0,0
2020-03-02,0,NA,NA,0,NA,19.188,0,0,123.804,0,0,0,646.827,0,NA,0,0,0
2020-03-03,0.033,NA,NA,0,NA,11.834,0,0,242.783,0,0,0,788.806,0,NA,0,0,0
2020-03-04,0,NA,NA,0,NA,109.048,0,0,0,0,0,0,623.901,0,NA,0,0,0
2020-03-05,0,NA,NA,0,NA,0,0,0,0,0,0,0,667.206,0,NA,0,0,0
2020-03-06,0,NA,NA,0,NA,0,0,0,0,0,0,0,641.421,0,NA,0,0,0
2020-03-07,0,NA,NA,0,NA,18.17,0,0,0,0,0,0,615.747,0,NA,0,0,0
2020-03-08,0,NA,NA,0,NA,0,0,0,0,0,0,0,437.963,0,NA,0,0,0
2020-03-09,0,NA,NA,0,NA,18.282,0,0,0,0,0,0,438.958,0,NA,0,0,0
2020-03-10,0,NA,NA,0,NA,0,0,0,0,0,0,0,440.892,0,NA,0,0,0
2020-03-11,0,NA,NA,0,NA,44.489,0,77.464,1.008,0,0,0,529.237,0,NA,0,0,0
2020-03-12,0,NA,NA,0,NA,0,0,127.514,0,0,0,0,634.745,0,NA,0,0,0
2020-03-13,0,NA,NA,0,NA,0,0,132.012,0,0,0,0,555.689,0,NA,0,0,0
2020-03-14,0,NA,0,0,NA,19.672,0,134.061,0,0,0,0,659.025,0,NA,0,0,0
2020-03-15,0,NA,0,0,NA,0,0,136.342,0,0,0,0,660.387,0,NA,0,0,0
2020-03-16,0,NA,0,0,NA,19.971,0,136.073,0,0,0,0,563.07,0,NA,0,0,0
2020-03-17,0.109,NA,0,0,NA,0,0,183.316,0,0,0,0,580.795,0,NA,0,0,0
2020-03-18,0,NA,0,0,NA,17.651,0,294.944,0,0,0,0,590.04,0,NA,0,0,0
2020-03-19,0.186,NA,0,0,NA,0,0,306.342,0,0,0,42.107,492.752,0,NA,0,0,0
2020-03-20,0,NA,0,0,NA,18.974,0,309.078,0,0,0,130.693,662.702,0,NA,0,0,0
2020-03-21,0,NA,0,0,NA,0,0,309.451,0,0,0,157.9,660.56,0,NA,0,0,0
2020-03-22,0,NA,0,0,NA,18.671,0,156.331,0,0,0,149.303,566.733,0,NA,0,0,0
2020-03-23,0,NA,0,0,NA,0,0,89.616,0,0,0.453,171.478,463.492,0,NA,0,0,0
2020-03-24,0,NA,0,0,NA,18.346,0,257.784,0,0,0,147.041,562.16,0,NA,0,0,0
2020-03-25,0,NA,0,0,NA,16.601,0,287.63,0,0,0,118.537,552.497,0,NA,0,0,0
2020-03-26,0,NA,0,0,NA,0,0,207.525,0,0,0,130.459,448.116,0,NA,0,0,0
2020-03-27,0,NA,0,0,NA,18.359,0,0,0,0,0,102.068,348.854,0,NA,0,0,0
2020-03-28,0,NA,0,0,NA,0,0,0,0,0,0,127.251,320.296,0,NA,0,0,0
2020-03-29,23.117,NA,0,0,NA,17.752,0,37.879,0,0,0,126.882,263.063,0,NA,0,0,0
2020-03-30,90.603,NA,0,0,NA,0,0,43.402,0,0,0,125.96,289.297,0,NA,0,0,0
2020-03-31,31.458,NA,0,0,NA,19.673,0,25.253,0,0,0,93.887,290.486,0,NA,0,0,0
2020-04-01,21.602,NA,0,0,NA,75.99,0,380.959,0,0,0,63.857,183.409,0,NA,0,0,0
2020-04-02,26.392,NA,0,0,NA,0,0,389.958,0,0,0,63.881,298.643,0,NA,0,0,0
2020-04-03,25.735,NA,0,0,NA,18.601,0,395.977,0,0,0,63.743,144.08,0,NA,0,0,0
2020-04-04,0,NA,0,0,NA,4.842,0,375.168,0,0,0,63.925,313.08,0,NA,0,0,0
2020-04-05,28.922,NA,0,0,NA,12.109,0,399.268,0,0,0,64.559,317.273,0,NA,0,0,0
2020-04-06,0,NA,0,0,NA,17.599,0,295.672,0,0,0,60.767,421.429,0,NA,0,0,0
2020-04-07,78.521,NA,0,0,NA,0,0,79.015,0,0,0,0,228.05,0,NA,0,0,0
2020-04-08,29.218,NA,0,0,NA,16.06,0,116.996,0,0,0,0,295.8,0,NA,0,0,0
2020-04-09,35.022,NA,0,0,NA,11.986,0,201.473,0,0,0,0,221.59,0,NA,0,0,0
2020-04-10,26.88,NA,0,0,NA,2.884,0,217.64,0,0,0,0,304.135,0,NA,0,0,0
2020-04-11,0,NA,0,0,NA,16.509,0,110.192,0,0,0,0,304.485,0,NA,0,0,0
2020-04-12,0,NA,0,0,NA,0,0,0,0,0,0,0,135.786,0,NA,0,0,0
2020-04-13,43.631,NA,0,0,NA,16.89,0,13.354,0,0,0,0,262.166,0,NA,0,0,0
2020-04-14,47.068,NA,0,0,NA,0,0,157.818,0,0,0,0,254.576,0,NA,0,0,0
2020-04-15,45.126,NA,0,0,NA,15.65,0,305.524,0,0,0,0,255.748,0,NA,0,0,0
2020-04-16,37.977,NA,0,0,NA,13.614,0,109.155,204.375,0,0,0,259.324,0,NA,0,0,0
2020-04-17,45.972,NA,0,0,NA,0,0,0,350.244,0,0,0,257.205,0,NA,0,0,0
2020-04-18,0,NA,0,0,NA,17.415,0,0,353.821,0,0,0,257.938,0,NA,0,0,0
2020-04-19,0,NA,0,0,NA,17.567,0,0,359.563,0,0,0,255.049,0,NA,0,0,0
2020-04-20,55.769,NA,0,0,NA,0,0,0,345.137,0,0,0,255.174,0,NA,0,0,0
2020-04-21,49.426,NA,0,0,NA,17.977,0,0,354.694,0,0,0,259.31,0,NA,0,0,0
2020-04-22,42.328,NA,0,0,NA,14.842,0,0,352.124,0,69.441,0,258.961,0,NA,0,0,0
2020-04-23,51.344,NA,0,0,NA,0,0,0,211.886,0,64.172,0,209.245,0,NA,0,0,0
2020-04-24,47.744,NA,0,0,NA,15.94,0,0,0,0,0,0,285.447,0,NA,0,0,0
2020-04-25,23.697,NA,0,0,NA,0,0,0,0,0,0,0,445.913,0,NA,0,0,0
2020-04-26,0,NA,0,0,NA,15.766,0,0,0,0,0,0,296.504,0,NA,0,0,0
2020-04-27,64.306,NA,0,0,NA,16.881,0,0,299.79,0,0,19.741,363.031,0,NA,0,0,0
2020-04-28,62.884,NA,0,0,NA,65.922,0,0,727.566,0,0,0,419.659,0,NA,0,0,0
2020-04-29,47.523,NA,0,0,NA,20.835,0,0,276.917,0,0,0,451.081,0,NA,0,0,0
2020-04-30,29.276,NA,0,0,NA,66.268,0,0,172.637,0,0,0.056,451.898,0,NA,0,0,0
2020-05-01,44.343,NA,0,0,NA,92.975,0,0,175.542,0,0,0,460.544,0,NA,0,0,0
2020-05-02,17.782,NA,0,0,NA,50.81,0,0,0,0,0,0,452.568,0,NA,0,0,0
2020-05-03,0,NA,0,0,NA,45.669,0,0,0,0,0,0,554.965,0,NA,0,0,0
2020-05-04,46.524,NA,0,0,NA,13.876,0,0,309.874,0,0,0,673.948,0,NA,0,0,0
2020-05-05,52.212,NA,0,0,NA,3.22,0,0,314.058,0,0,0,584.034,0,NA,0,0,0
2020-05-06,57.33,NA,0,0,NA,15.24,0,0,180.523,0,0,0,379.789,0,NA,0,0,0
2020-05-07,57.029,NA,0,0,NA,0,0,0,128.14,0,0,0,405.852,0,NA,0,0,0
2020-05-08,53.299,NA,0,0,NA,121.03,0,0,103.402,0,0,229.312,271.092,0,NA,0,0,0
2020-05-09,0,NA,0,0,NA,135.924,0,0,0,0,0,345.181,291.991,0,NA,0,0,0
2020-05-10,0,NA,0,0,NA,202.619,0,0,0,0,0,300.309,408.246,0,NA,0,0,0
2020-05-11,52.25,NA,0,0,NA,28.96,0,0,316.543,0,0,93.443,332.555,0,NA,0,0,0
2020-05-12,59.514,NA,0,0,NA,15.374,0,0,262.148,0,0,0,260.706,0,NA,0,0,0
2020-05-13,54.275,NA,0,0,NA,0,0,0,176.718,0,0,0,325.108,0,NA,0,0,0
2020-05-14,39.081,NA,0,0,NA,15.67,0,0,120.218,0,0,0,74.675,0,NA,0,0,0
2020-05-15,0,NA,0,0,NA,3.449,0,0,0,0,0,0,197.894,0,NA,0,0,0
2020-05-16,0,NA,0,0,NA,69.265,0,0,344.013,0,0,0,132.376,0,NA,0,0,0
2020-05-17,0,NA,0,0,NA,15.372,0,0,353.07,0,0,0,174.46,0,NA,0,0,0
2020-05-18,0,NA,0,0,NA,76.963,0,0,342.199,0.055,0,0,99.465,0,NA,0,0,0
2020-05-19,0,NA,0,0,NA,81.722,0,0,992.206,0,0,0,274.985,0,NA,0,0,0
2020-05-20,0,NA,0,0,NA,192.555,0,0,1052.159,0,0,116.77,190.391,0,NA,0,0,268
2020-05-21,0,NA,0,0,NA,409.163,0,0,584.198,0,208.346,347.881,260.816,0,NA,0,0,362
2020-05-22,0,NA,0,0,NA,272.735,0,0,395.305,0,414.189,213.128,222.477,0,NA,0,206,490
2020-05-23,0,NA,0,0,NA,232.81,0,0,351.043,0,370.101,216.523,326.728,0,NA,0,373,571
2020-05-24,0,NA,0,0,NA,188.367,0,0,261.11,0,331.545,216.917,375.805,0,NA,0,365,560
2020-05-25,0,NA,0,0,NA,843.477,0,0,1171.236,0,616.726,79.684,625.873,0,NA,0,379,581
2020-05-26,0,NA,0,0,NA,946.765,0,0,1952.683,0,739.886,0,759.485,0,NA,160,631,997
2020-05-27,0,NA,0,0,NA,981.121,0,0,2260.693,0,1317.927,0.011,619.293,0,NA,479,1037,1620
2020-05-28,0,NA,0,0,NA,771.334,0,0,1971.009,0,1819.724,0,555.405,0,NA,486,986,1499
2020-05-29,0,NA,0,0,NA,936.521,7.457,0,1132.087,0,1833.193,0,746.633,0,NA,494,975,1439
2020-05-30,0,NA,0,0,NA,1143.511,0,0,292.603,0,1128.536,0,884.616,0,NA,493,939,1388
2020-05-31,0,NA,0,0,NA,527.755,0,0,345.396,0,664.835,0,892.509,0,NA,484,896,1368
2020-06-01,0,NA,0,0,NA,353.814,0,0,343.554,0,658.728,0,901.718,0,NA,222,394,596
2020-06-02,0,NA,0,0,NA,304.116,0,0,0,0,668.486,0,963.123,0,NA,0,0,0
2020-06-03,0,NA,0,0,NA,338.706,0,0,1217.494,0,739.197,0,935.302,0,NA,399,400,224
2020-06-04,0,NA,0,0,NA,600.009,0,0,1935.144,0,986.273,0,1142.32,0,NA,666,668,373
2020-06-05,0,NA,0,0,NA,946.569,0,0,3033.579,0,1475.595,0,1329.037,0,NA,675,668,371
2020-06-06,0,NA,0,0,NA,1359.393,0.031,0,3352.377,2.06,2255.765,30.426,1309.787,0,NA,695,678,373
2020-06-07,0,NA,0,0,NA,1496.435,0,0,3251.523,0,2542.861,0,1513.31,0,NA,702,682,374
2020-06-08,0,NA,0,0,NA,1493.696,0,0,2313.521,0,2402.817,0,1383.337,0,NA,710,692,378
2020-06-09,0,NA,NA,0,NA,1018.412,0,0,1244.464,0,2058.67,0,1281.232,0,NA,1178,976,965
2020-06-10,0,NA,NA,0,NA,697.988,0,0,837.267,0,1477.568,0,1151.386,0,NA,1348,999,1126
2020-06-11,0,NA,NA,0,NA,369.598,0,0,2014.133,0,591.725,0,1291.122,0,NA,1281,934,1062
2020-06-12,0,NA,NA,0,NA,270.904,0,0,1445.279,0,986.953,0,1166.255,0,NA,1206,866,997
2020-06-13,0,NA,NA,0,NA,188.448,0,0,460.167,0,1286.198,0,1068.871,0,NA,1157,795,929
2020-06-14,0,NA,NA,0,NA,227.761,0,0,428.458,0,1260.047,0,956.488,0,NA,1117,734,866
2020-06-15,0,NA,NA,0,NA,221.99,0,0,328.532,0,790.721,0,912.511,0,NA,937,633,739
2020-06-16,0,NA,NA,0,NA,211.15,0,0,724.583,0,464.889,18.484,697.268,0,NA,549,496,539
2020-06-17,0,NA,NA,0,NA,165.523,0,0,353.88,0,437.826,35.72,863.239,0,NA,525,479,526
2020-06-18,0,NA,NA,0,NA,188.909,0,0,297.953,0,444.414,0,760.617,0,NA,545,326,137
2020-06-19,0,NA,NA,0,NA,196.534,0,0,211.634,0,405.481,30.716,1238.003,0,NA,602,305,0
2020-06-20,0,NA,NA,0,NA,318.343,0,0,238.536,0,369.082,38.505,1184.222,0,NA,636,326,0
2020-06-21,0,NA,NA,0,NA,293.039,0,0,70.229,0,388.35,0,1106.562,0,NA,650,335,0
2020-06-22,0,NA,NA,0,NA,258.395,0,0,128.979,0,284.638,0,1079.419,0,NA,652,338,0
2020-06-23,0,NA,NA,0,NA,231.867,0,0,132.466,0,348.83,0,1172.238,0,NA,650,337,0
2020-06-24,0,NA,NA,0,NA,226.312,0,0,88.379,0,90.498,0,1086.2,0,NA,438,355,0
2020-06-25,0,NA,NA,0,NA,148.331,0,0,119.578,0,129.744,0,995.424,0,NA,0,408,0
2020-06-26,0,NA,NA,0,NA,125.969,0,0,355.309,0,97.247,0,1038.976,0,NA,0,160,0
2020-06-27,0,NA,NA,0,NA,137.711,0,0,357.366,0,54.948,0,949.221,0,NA,0,0,0
2020-06-28,0,NA,NA,0,NA,50.239,0,0,363.753,0,20.748,0,846.615,0,NA,0,0,0
2020-06-29,0,NA,NA,0,NA,15.464,0,0,59.897,0,0,0,867.956,0,NA,0,0,0
2020-06-30,0,NA,NA,0,NA,18.846,0,0,333.339,0,0,0,787.147,0,NA,0,0,0
2020-07-01,0,NA,NA,0,NA,0,0,0,304.702,0,0,0,767.48,0,NA,0,0,0
2020-07-02,0,NA,NA,0,NA,21.84,0,0,151.901,0,0,0,771.741,0,NA,0,0,0
2020-07-03,0,NA,NA,0,NA,14.903,0,0,358.967,0,0,0,793.523,0,NA,0,0,0
2020-07-04,0,NA,NA,0,NA,3.327,0,0,353.139,0,0,0,797.229,0,NA,0,0,0
2020-07-05,0,NA,NA,0,NA,24.931,0,0,355.554,0,0,0,788.916,0,NA,0,0,0
2020-07-06,0,NA,NA,0,NA,47.373,0,0,580.345,0,7.414,0,953.318,0,NA,0,0,0
2020-07-07,0,NA,NA,0,NA,312.829,0,0,459.339,0,0,0,947.413,0,NA,0,0,0
2020-07-08,0,NA,NA,0,NA,342.545,0,0,750.813,0,0,0,1089.502,0,NA,0,0,0
2020-07-09,0,NA,NA,0,NA,236.145,0,0,908.591,0,0,0,1110.756,0,NA,0,0,0
2020-07-10,0,NA,NA,0,NA,154.024,0,0,854.147,0,0,0,1202.685,0,NA,0,0,0
2020-07-11,0,NA,NA,0,NA,125.789,0,0,316.585,0,113.122,72.76,1276.669,0,NA,0,0,0
2020-07-12,0,NA,2.98,0,NA,64.995,0,0,0,0,187.923,200.318,1316.598,0,NA,0,0,0
2020-07-13,0,NA,6.191,0,NA,89.595,0,0,228.405,0,185.845,188.086,1389.208,0,NA,0,0,0
2020-07-14,0,NA,9.402,0,NA,79.208,0,0,202.139,0,185.578,65.39,1101.946,0,NA,0,0,0
2020-07-15,0,NA,12.613,0,NA,100.083,0,0,0,0,184.603,17.676,1516.433,0,NA,0,0,0
2020-07-16,0,NA,15.823,0,NA,93.619,0,0,251.729,0,179.857,1.999,1466.207,0,NA,0,0,0
2020-07-17,0,NA,19.034,0,NA,54.655,0,0,306.768,0,0,0,1551.753,0,NA,0,0,0
2020-07-18,0,NA,22.245,0,NA,169.623,0,0,415.061,0,50.461,0,1703.1,0,NA,0,0,0
2020-07-19,0,NA,25.456,0,NA,306.076,0,0,358.022,0,186.14,107.13,1801.43,0,NA,0,0,0
2020-07-20,0,NA,28.666,0,NA,382.09,0,0,45.825,0,184.443,319.068,2028.741,0,NA,0,0,0
2020-07-21,0,NA,31.877,0,NA,346.95,0,0,369.354,0,183.267,118.134,2175.198,0,NA,0,0,0
2020-07-22,0,NA,35.088,0,NA,391.689,0,0,251.536,0,184.97,44.458,2297.982,0,NA,0,0,0
2020-07-23,0,NA,38.299,0,NA,490.701,0,0,849.002,0,184.688,147.641,2298.159,0,NA,0,0,0
2020-07-24,0,NA,41.51,0,NA,1104.8,0,0,1440.519,0,184.191,219.009,2706.995,0,NA,0,0,0
2020-07-25,0,NA,44.72,0,NA,1049.044,0,0,432.411,0,184.967,320.826,2904.877,0,NA,0,0,0
2020-07-26,0,NA,47.931,0,NA,762.455,0,0,180.969,0,182.38,319.657,3477.928,0,NA,0,0,0
2020-07-27,0,NA,51.142,0,NA,725.292,0,0,735.537,0,242.534,327.156,3823.464,0,NA,0,0,0
2020-07-28,0,NA,54.353,0,NA,688.85,0,0,2079.816,0,567.873,202.373,3865.486,0,NA,0,0,0
2020-07-29,0,NA,57.563,0,NA,1013.715,0,0,2385.557,0,1493.976,286.32,3863.065,0,NA,0,0,0
2020-07-30,0,NA,60.774,0,NA,1098.356,0,0,1234.013,0,2400.423,27.792,3889.396,0,NA,0,0,0
2020-07-31,0,NA,63.985,0,NA,1275.213,0,0,658.191,0,1640.398,0,3733.828,0,NA,0,1953,0
2020-08-01,0,NA,67.196,0,NA,1330.696,0,0,231.312,0,1055.116,0,3512.09,0,NA,0,2650,0
2020-08-02,0,NA,70.407,0,NA,1014.5,0,0,433.884,0,438.731,0,3519.064,0,NA,0,2538,0
2020-08-03,0,NA,73.617,0,NA,463.427,0,0,329.705,0,32.034,0,3513.076,0,NA,0,1158,0
2020-08-04,0,NA,76.828,0,NA,258.012,0,0,17.401,0,89.413,0,3773.21,0,NA,0,0,0
2020-08-05,0,NA,80.039,0,NA,423.961,0,0,274.865,0,62.884,0,3850.71,0,NA,0,0,0
2020-08-06,0,NA,83.25,0,NA,652.079,0,0,334.181,0,0,0,3866.955,0,NA,0,0,0
2020-08-07,0,NA,86.46,0,NA,230.935,0,0,296.574,0,100.181,0,4069.486,0,NA,0,0,0
2020-08-08,0,NA,89.671,0,NA,308.665,0,0,270.167,0,181.772,15.279,4135.216,0,NA,0,0,0
2020-08-09,0,NA,92.882,0,NA,1127.218,0,0,584.872,0,180.719,128.117,4128.739,0,NA,0,0,0
2020-08-10,0,NA,96.093,0,NA,1590.534,0,0,945.728,0,178.067,245.548,4014.262,0,NA,0,0,0
2020-08-11,0,NA,99.304,0,NA,795.266,0,0,1093.076,0,412.528,77.632,3559.598,0,NA,0,0,0
2020-08-12,0,NA,102.514,0,NA,591.065,0,0,875.281,0,536.974,32.415,3232.102,0,NA,0,0,0
2020-08-13,0,NA,105.725,0,NA,558.79,0,0,583.793,0,631.812,17.713,2963.421,0,NA,0,0,0
2020-08-14,0,NA,108.936,0,NA,582.559,0,0,348.75,0,619.328,68.006,2797.22,0,NA,0,0,0
2020-08-15,0,NA,112.147,0,NA,512.102,0,0,291.826,0,567.548,97.357,2383.097,0,NA,0,0,0
2020-08-16,0,NA,115.357,0,NA,523.962,0,0,606.221,0,480.61,89.52,2362.233,0,NA,0,0,0
2020-08-17,0,NA,118.568,0,NA,514.021,0,0,190.937,0,462.562,66.493,2392.403,0,NA,0,0,0
2020-08-18,0,NA,121.779,0,NA,513.286,0,0,594.873,0,462.076,139.492,2174.999,0,NA,0,0,0
2020-08-19,0,NA,124.99,0,NA,870.739,0,0,338.185,0,442.344,95.777,2189.117,0,NA,0,0,0
2020-08-20,0,NA,128.201,0,NA,1224.923,0,0,691.307,0,471.894,81.787,2106.335,0,NA,0,0,0
2020-08-21,0,NA,131.411,0,NA,1250.249,0,0,861.031,0,433.659,81.587,1984.162,0,NA,0,0,0
2020-08-22,0,NA,134.622,0,NA,1181.431,0,0,816.193,0,557.474,116.606,1964.056,0,NA,0,0,0
2020-08-23,0,NA,137.833,0,NA,869.721,0,0,623.167,0,565.276,131.639,1874.942,0,NA,0,0,0
2020-08-24,0,NA,141.044,0,NA,608.834,0,0,316.733,0,652.86,105.185,1743.954,0,NA,0,0,0
2020-08-25,0,NA,144.254,0,NA,592.417,0,0,290.391,0,868.166,147.019,1875.196,0,NA,0,0,0
2020-08-26,0,NA,147.465,0,NA,526.697,0,0,293.726,0,719.983,99.495,1986.716,0,NA,0,0,0
2020-08-27,0,NA,150.676,0,NA,641.093,0,0,277.876,0,429.516,67.114,2363.644,0,NA,0,0,0
2020-08-28,0,NA,153.887,0,NA,667.916,0,0,281.218,0,244.648,0,2565.704,0,NA,0,0,0
2020-08-29,0,NA,157.098,0,NA,585.155,0,0,283.785,0,275.389,0,2484.756,0,NA,0,0,0
2020-08-30,0,NA,160.308,0,NA,619.014,0,0,653.524,0,88.241,0,2885.748,0,NA,0,0,0
2020-08-31,0,NA,163.519,0,NA,825.559,0,0,802.129,0,179.631,0,2947.911,0,NA,0,0,0
2020-09-01,0,NA,166.73,0,NA,768.896,0,0,839.051,0,204.411,0,3003.647,0,NA,0,0,0
2020-09-02,0,NA,169.941,0,NA,807.642,0,0,848.111,0,186.296,0,2859.272,0,NA,0,0,0
2020-09-03,0,NA,173.151,0,NA,593.485,0,0,688.831,0,156.443,0,2863.926,0,NA,0,0,0
2020-09-04,0,NA,176.362,0,NA,317.139,0,0,849.545,0,85.82,0,2852.121,0,NA,0,0,0
2020-09-05,0,NA,179.573,0,NA,309.211,0,0,856.424,0,35.513,0,2687.628,0,NA,0,0,0
2020-09-06,0,NA,182.784,0,NA,267.374,0,0,869.338,0,231.989,0,2680.478,0,NA,0,0,0
2020-09-07,0,NA,185.995,0,NA,292.877,0,0,1219.92,0,139.856,0,2645.93,0,NA,0,0,0
2020-09-08,0,NA,189.205,0,NA,214.71,0,0,2174.498,0,145.957,0,2650.148,0,NA,0,0,0
2020-09-09,0.028,NA,192.416,0,NA,368.333,0,0,2425.562,0,288.998,0.135,2383.644,0,NA,0,0,0
2020-09-10,0,NA,195.627,0,NA,444.361,0,0,1786.642,0,552.732,68.639,2225.806,0,NA,0,0,0
2020-09-11,0,NA,198.838,0,NA,744.489,0,0,1551.044,0,1006.43,87.895,2310.014,0,NA,0,0,0
2020-09-12,0,NA,202.049,0,NA,777.83,0,0,1144.918,0,1170.683,0,2732.719,0,NA,0,0,0
2020-09-13,0,NA,205.259,0,NA,1290.831,0,0,1244.873,0,1023.334,0,2437.404,0,NA,0,0,0
2020-09-14,0,NA,208.47,0,NA,1449.172,0,0,1157.768,0,763.351,0,2475.94,0,NA,0,0,0
2020-09-15,0,NA,211.681,0,NA,1252.89,0,0,564.284,0,737.28,0,2656.632,0,NA,0,0,0
2020-09-16,0,NA,214.892,0,NA,849.312,0,0,419.202,0,679.078,0,3108.865,0,NA,0,0,0
2020-09-17,0,NA,218.102,0,NA,565.243,0,0,343.032,0,651.073,0,3024.895,0,NA,0,0,0
2020-09-18,0,NA,221.313,0,NA,470.305,0,0,733.124,0,520.262,0,3139.661,0,NA,0,0,0
2020-09-19,0,NA,224.524,0,NA,641.794,0,0,1030.136,0,558.695,0,3077.082,0,NA,0,0,0
2020-09-20,0,NA,227.735,0,NA,749.872,0,0,1218.665,0,417.047,0,3101.776,0,NA,0,0,0
2020-09-21,0,NA,230.946,0,NA,903.321,0,0,1327.526,0,463.614,0,3628.555,0,NA,0,0,0
2020-09-22,50.176,NA,234.156,0,NA,852.077,0,0,1849.333,0,421.655,0,4054.942,0,NA,0,0,482
2020-09-23,203.529,NA,237.367,0,NA,1019.199,0,0,1066.412,0,622.769,0,4371.284,0,NA,0,0,1644
2020-09-24,220.303,NA,240.578,0,NA,1123.519,0,0,856.662,0,568.798,0,4208.299,0,NA,0,0,2204
2020-09-25,60.068,NA,243.789,0,NA,805.297,0,0,857.423,0,481.117,0,3922.48,0,NA,0,0,2161
2020-09-26,200.132,NA,246.999,0,NA,805.167,0,0,572.366,0,305.888,0,4037.225,0,NA,0,0,2146
2020-09-27,219.192,NA,250.21,0,NA,730.14,0,0,550.851,0,212.453,0,4008.882,0,NA,0,0,2192
2020-09-28,219.427,NA,253.421,0,NA,599.008,0,0,341.189,0,171.081,0,4201.848,0,NA,0,0,2215
2020-09-29,134.468,NA,256.632,0,NA,503.941,0,0,1192.509,0,170.764,0.389,4124.1,0,NA,0,534,1836
2020-09-30,75.841,NA,259.843,0,NA,728.603,0,0,971.056,0,170.887,0,4175.453,0,NA,479,1380,1164
2020-10-01,0,NA,263.053,0,NA,930.998,0,0,847.108,0,172.107,0,4076.085,0,NA,916,892,1353
2020-10-02,0,NA,266.264,0,NA,821.854,0,0,851.276,0,169.708,28.354,3501.909,0,NA,2064,1746,2239
2020-10-03,0,NA,269.475,0,NA,861.101,0,0,853.785,0,171.131,60.984,3917.299,0,NA,2353,1696,2209
2020-10-04,0,NA,272.686,0,NA,890.125,0,0,1147.014,0,173.51,0,4997.852,0,NA,2190,1452,1890
2020-10-05,104.242,NA,275.896,0,NA,916.375,0,0,1053.364,0,175.575,0,4906.557,0,NA,1271,970,1110
2020-10-06,181.224,NA,279.107,0,NA,879.395,0,0,680.641,0,175.56,33.809,4934.466,0,NA,791,390,396
2020-10-07,57.917,NA,282.318,0,NA,884.156,0,0,1207.336,0,176.065,140.246,4798.488,0,NA,592,141,184
2020-10-08,0,NA,285.529,0,NA,906.026,0,0,1013.135,0,175.042,175.265,4142.506,0,NA,186,0,0
2020-10-09,0,NA,288.74,0,NA,905.42,0,0,626.715,0,173.792,175.062,4157.988,0,NA,0,0,0
2020-10-10,0,NA,291.95,0,NA,897.091,0,0,673.686,0,173.274,109.241,4037.814,0,NA,0,0,0
2020-10-11,0,NA,295.161,0,NA,909.073,0,0,1176.727,0,173.371,0,3728.171,0,NA,0,0,0
2020-10-12,0,NA,298.372,0,NA,968.036,0,0,987.394,0,174.274,9.392,3443.61,0,NA,0,0,0
2020-10-13,0,NA,301.583,0,NA,1046.744,0,0,749.478,0,173.878,134.794,3317.578,0,NA,0,0,0
2020-10-14,0,NA,304.793,0,NA,898.799,0,0,755.16,0,172.199,103.982,2940.963,0,NA,0,0,0
2020-10-15,0,NA,308.004,0,NA,707.324,0,0,798.989,0,173.821,12.985,2706.756,0,NA,0,0,0
2020-10-16,0,NA,311.215,0,NA,630.214,0,0,959.901,0,126.648,0,2273.278,0,NA,0,0,0
2020-10-17,0,NA,314.426,0,NA,614.164,0,0,912.842,0,131.624,0,1840.028,0,NA,0,0,0
2020-10-18,0,NA,317.637,0,NA,599.06,0,0,985.376,0,81.873,0,1770.057,0,NA,0,0,0
2020-10-19,0,NA,320.847,0,NA,1052.356,0,0,1625.275,0,266.475,78.602,1450.906,0,NA,0,645,588
2020-10-20,0,NA,324.058,0,NA,1513.321,0,0,2530.557,0,492.719,108.622,1416.084,0,NA,0,1692,1581
2020-10-21,0,NA,327.269,0,NA,1626.221,0,0,1944.845,0,1276.661,93.323,1219.949,0,NA,1616,2213,2539
2020-10-22,0,NA,330.48,0,NA,1539.398,0,0,1450.722,0,1655.224,0,1043.952,0,NA,2120,1736,2357
2020-10-23,0,NA,333.69,0,NA,1767.53,0,0,1904.188,0,1723.367,0,772.719,0,NA,1987,1509,2125
2020-10-24,0,NA,336.901,0,NA,1737.193,0,0,1674.102,0,1887.447,0,719.817,0,NA,1906,1421,2026
2020-10-25,0,NA,340.112,0,NA,1469.3,0,0,1724.3,0,1849.578,0,733.522,0,NA,1843,1395,1996
2020-10-26,0,NA,343.323,0,NA,1273.962,0,0,1918.718,0,1871.305,0,462.675,0,NA,1815,1338,1942
2020-10-27,59.929,NA,346.534,0,NA,1095.945,0,0,1130.814,0,1901.072,0,465.793,0,NA,1791,1264,1874
2020-10-28,136.533,NA,349.744,0,NA,845.487,0,0,745.186,0,1618.704,0,826.317,0,NA,1747,1177,1787
2020-10-29,149.753,NA,352.955,0,NA,679.316,0,0,964.906,0,1393.982,0,1443.942,0,NA,1762,1016,1270
2020-10-30,77.973,NA,356.166,0,NA,981.523,0,0,860.607,0,991.24,0,1311.686,0,NA,983,0,0
2020-10-31,0,NA,359.377,0,NA,1122.183,0,0,855.849,0,610.208,0,1240.592,0,NA,0,0,0
2020-11-01,0,NA,362.587,0,NA,903.627,0,0,820.766,0,532.006,0,888.832,0,NA,0,0,0
2020-11-02,0,NA,365.798,0,NA,914.137,0,0,753.709,0,282.286,0,1154.118,0,NA,0,0,0
2020-11-03,0,NA,369.009,0,NA,815.243,0,0,635.29,0,205.711,0,936.903,0,NA,0,0,12
2020-11-04,0,NA,372.22,0,NA,796.745,0,0,415.525,0,74.551,22.278,913.844,0,NA,0,1356,NA
2020-11-05,0,NA,375.431,0,NA,712.423,0,0,269.785,0,238.426,0,761.251,0,NA,0,2299,2328
2020-11-06,0,NA,378.641,0,NA,791.478,0,0,528.878,0,149.983,0,771.816,0,NA,NA,1667,1895
2020-11-07,0,NA,381.852,0,NA,735.042,0,0,0,0,78.96,0,774.981,0,NA,NA,1242,1631
2020-11-08,0,NA,385.063,0,NA,1057.347,0,0,663.22,0,530.316,0,949.041,0,NA,NA,1242,1633
2020-11-09,0,NA,388.274,0,NA,1419.855,0,0,1861.125,0,532.006,0,1365.621,0,NA,NA,1371,1752
2020-11-10,0,NA,391.484,0,NA,2148.248,0,0,2826.093,0,808.627,0,1524.621,0,NA,NA,1273,1672
2020-11-11,0,NA,394.695,0,NA,2287.865,0,0,2513.879,0,1659.229,0,1920.537,0,NA,1520,1140,1550
2020-11-12,0,NA,397.906,0,NA,2005.106,0,0,2006.864,0,1834.517,0,2248.258,0,NA,1478,1098,1515
2020-11-13,25.893,NA,401.117,0,NA,1519.76,0,0,1088.413,0,1990.741,0,2138,0,NA,1156,768,1075
2020-11-14,213.248,NA,404.328,0,NA,1309.151,0,0,523.204,0,1589.68,0,1987.198,0,NA,0,0,0
2020-11-15,215.247,NA,407.538,0,NA,1064.573,0,0,439.169,0,1057.982,0,2141.252,0,NA,0,0,0
2020-11-16,233.246,NA,410.749,0,NA,930.779,0,0,448.688,0,511.415,0,1925.118,0,NA,0,0,0
2020-11-17,285.019,NA,413.96,0,NA,915.64,0,0,183.582,0,239.355,0,1858.832,0,NA,0,0,0
2020-11-18,264.909,NA,417.171,0,NA,478.554,0,0,150.092,0,0,0,1884.133,0,NA,0,0,0
2020-11-19,317.125,NA,420.381,0,NA,449.084,0,14.214,3.492,0,0,0,1772.075,0,NA,0,0,0
2020-11-20,122.38,NA,423.592,0,NA,299.005,0,0,258.928,0,0,0,1733.702,0,NA,0,0,0
2020-11-21,0,NA,426.803,0,NA,272.029,0,0,50.877,0,0,0,1818.735,0,NA,0,0,0
2020-11-22,0,NA,430.014,0,NA,324.879,0,35.837,0,0,0,0,1852.972,0,NA,0,0,0
2020-11-23,0,NA,433.225,0,NA,128.56,0,26.133,0,0,0,0,1826.306,0,NA,0,0,0
2020-11-24,0,NA,436.435,0,NA,157.272,0,5.23,0,0,0,0,1782.775,0,NA,0,0,0
2020-11-25,0,NA,439.646,0,NA,179.998,0,7.298,0,0,0,0,1598.793,0,NA,0,0,0
2020-11-26,0,NA,442.857,0,NA,139.576,0,33.081,0,0,0,0,1666.028,0,NA,0,0,0
2020-11-27,0,NA,446.068,0,NA,80.455,0,14.562,0,0,0,0,1671.377,0,NA,0,0,0
2020-11-28,0,NA,449.278,0,NA,48.19,0,8.586,0,0,0,0,1549.655,0,NA,0,0,0
2020-11-29,0,NA,452.489,0,NA,42.625,0,0,0,0,0,0,1504.928,0,NA,0,0,0
2020-11-30,0,NA,455.7,0,NA,0,0,12.428,0,0,0,0,1528.89,0,NA,0,0,0
2020-12-01,0,NA,458.911,0,NA,44.107,0,0,0,0,0,0,1442.321,0,NA,0,0,0
2020-12-02,0,NA,462.122,0,NA,23.29,0,0,0,0,0,0,1036.875,0,NA,0,0,0
2020-12-03,0,NA,465.332,0,NA,17.724,0,0,14.555,0,0,0,1002.822,0,NA,0,0,0
2020-12-04,110.946,NA,468.543,0,NA,36.897,0,0,0,0,0,0,1121.578,0,NA,0,0,0
2020-12-05,218.453,NA,471.754,0,NA,17.929,0,12.573,0,0,0,0,884.034,0,NA,0,0,0
2020-12-06,276.143,NA,474.965,0,NA,111.876,0,0,0,0,0,0,967.3,0,NA,0,0,0
2020-12-07,92.707,NA,478.175,0,NA,127.142,0,0,909.56,0,0,0,1572.877,0,NA,0,0,0
2020-12-08,109.594,NA,481.386,0,NA,620.693,0,0,1718.43,0,0,0,1767.048,0,NA,0,0,0
2020-12-09,244.051,NA,484.597,0,NA,1223.037,0,0,641.665,0,0,0,1566.589,0,NA,0,0,0
2020-12-10,273.453,NA,487.808,0,NA,1143.634,0,0,191.404,0,0,0,1713.451,0,NA,0,0,0
2020-12-11,274.098,NA,491.019,0,NA,617.603,0,0,368.158,0,0,0,1500.943,0,NA,0,0,0
2020-12-12,273.62,NA,494.229,0,NA,360.009,0,0,179.226,0,0,0,1766.554,0,NA,0,0,0
2020-12-13,273.034,NA,497.44,0,NA,327.609,0,0,361.676,0,0,0,1764.665,0,NA,0,0,0
2020-12-14,273.431,NA,500.651,0,NA,375.648,0,0,0,0,0,0,1729.798,0,NA,0,0,0
2020-12-15,274.112,NA,503.862,0,NA,327.657,0,15.143,0,0,0,0.146,1847.58,0,NA,0,0,0
2020-12-16,274.428,NA,507.072,0,NA,338.615,0,24.506,0,0,0,0,1773.432,0,NA,0,0,0
2020-12-17,274.968,NA,510.283,0,NA,304.27,0,38.483,0,0,0,0,1803.322,0,NA,0,0,0
2020-12-18,276.14,NA,513.494,0,NA,210.407,0,0,0,0,0,0,1671.546,0,NA,0,0,0
2020-12-19,253.691,NA,516.705,0,NA,156.873,0,0,0,0,0,0,1654.462,0,NA,0,0,0
2020-12-20,273.444,NA,519.916,0,NA,69.673,0,0,0,0,0,0,1490.215,0,NA,0,0,0
2020-12-21,180.631,NA,0,0,NA,143.345,0,32.259,0,0,0,0,1523.162,0,NA,0,0,0
2020-12-22,267.842,NA,0,0,NA,0,0,0,0,0,0,0,1476.114,0,NA,0,0,0
2020-12-23,232.265,NA,0,0,NA,18.961,0,0,0,0,0,0,1444.994,0,NA,0,0,0
2020-12-24,277.233,NA,0,0,NA,41.468,0,3.89,0,0,0,0,1256.351,0,NA,0,0,0
2020-12-25,287.919,NA,0,0,NA,20.482,0,0,0,0,0,0,1347.132,0,NA,0,0,0
2020-12-26,286.509,NA,0,0,NA,14.036,0,0,0,0,0,0,1151.176,0,NA,0,0,0
2020-12-27,281.035,NA,0,0,NA,5.529,0,0,0,0,0,0,980.602,0,NA,0,0,0
2020-12-28,275.991,NA,0,0,NA,16.598,0,0,0,0,0,0,1151.072,0,NA,0,0,0
2020-12-29,275.512,NA,0,0,NA,17.086,0,2.263,0,0,0,0,938.935,0,NA,0,0,0
2020-12-30,275.778,NA,0,0,NA,17.085,0,1.05,0,0,0,0,903.791,0,NA,0,0,0
2020-12-31,275.998,NA,0,0,NA,0,0,0,0,0,0,0,538.056,0,NA,0,0,0
2021-01-01,273.566,NA,0,0,NA,0,0,0,0,0,0,0,564.385,0,NA,0,0,0
2021-01-02,273.279,NA,0,0,NA,0,0,0,0,0,0,0,564.054,0,NA,0,0,0
2021-01-03,275.463,NA,0,0,NA,0,0,0,0,0,0,0,569.537,0,NA,0,0,0
2021-01-04,279.3,NA,0,0,NA,69.428,0,0,0,0,0,0,192.41,0,NA,0,0,0
2021-01-05,280.769,NA,0,0,NA,6.733,0,0,0,0,0,0,5.226,0,NA,0,0,0
2021-01-06,279.071,NA,0,0,NA,11.005,0,0,0,0,0,0,391.788,0,NA,0,0,0
2021-01-07,208.229,NA,0,0,NA,5.694,0,0,0,0,0,0,680.883,0,NA,0,0,0
2021-01-08,0,NA,0,0,NA,0,0,0,0,0,0,0,693.205,0,NA,0,0,0
2021-01-09,0,NA,0,0,NA,0,0,0,0,0,0,0,805.369,0,NA,0,0,0
2021-01-10,0,NA,0,0,NA,0,0,0,0,0,0,0,769.892,0,NA,0,0,0
2021-01-11,0,NA,0,0,NA,18.788,0,0,0,0,0,0,701.085,0,NA,0,0,0
2021-01-12,0,NA,0,0,NA,1.794,0,0.007,0,0,0,0,687.337,0,NA,0,0,0
2021-01-13,0,NA,0,0,NA,34.509,0,0,0,0,0,0,696.613,0,NA,0,0,0
2021-01-14,0,NA,0,0,NA,43.419,0,0,0,0,0,0,698.534,0,NA,0,0,0
2021-01-15,0,NA,0,0,NA,12.977,0,0,0,0,0,0,696.146,0,NA,0,0,0
2021-01-16,0,NA,0,0,NA,4.215,0,0,0,0,0,0,707.251,0,NA,0,0,0
2021-01-17,0,NA,0,0,NA,17.96,0,0,0,0,0,0,843.119,0,NA,0,0,0
2021-01-18,0,NA,0,0,NA,17.607,0,0,0,0,0,0,678.997,0,NA,0,0,0
2021-01-19,0,NA,0,0,NA,0,0,0,0,0,0,0,876.551,0,NA,0,0,0
2021-01-20,0,NA,0,0,NA,36.716,0,0,0,0,0,0,792.677,0,NA,0,0,0
2021-01-21,0,NA,0,0,NA,0,0,0,0,0,0,0,591.934,0,NA,0,0,0
2021-01-22,0,NA,0,0,NA,6.966,0,0,0,0,0,0,87.1,0,NA,0,0,0
2021-01-23,0,NA,0,0,NA,33.399,0,0,0,0,0,0,0,0,NA,0,0,0
2021-01-24,0,NA,0,0,NA,28.225,0,0,0,0,0,0,11.096,0,NA,0,0,0
2021-01-25,0,NA,0,0,NA,15.716,0,0,0,0,0,0,875.057,0,NA,0,0,0
2021-01-26,0,NA,0,0,NA,14.874,0,0,0,0,0,0,941.088,0,NA,0,0,0
2021-01-27,0,NA,0,0,NA,15.669,0,0,0,0,0,0,913.666,0,NA,0,0,0
2021-01-28,0,NA,0,0,NA,0,0,0,0,0,0,0,896.167,0,NA,0,0,0
2021-01-29,0,NA,0,0,NA,18.026,0,0,0,0,0,0,851.193,0,NA,0,0,0
2021-01-30,0,NA,0,0,NA,0,0,0,0,0,0,0,823.142,0,NA,0,0,0
2021-01-31,0,NA,0,0,NA,17.747,0,0,0,0,0,0,810.778,0,NA,0,0,0
2021-02-01,0.455,NA,0,0,NA,17.391,0,0,0,0,0,0,659.1,0,NA,0,0,0
2021-02-02,35.454,NA,0,0,NA,0,0,0,0,0,0,0,887.294,0,NA,0,0,0
2021-02-03,0,NA,0,0,NA,14.509,0,0,0,0,0,0,927.875,0,NA,0,0,0
2021-02-04,0,NA,0,0,NA,0,0,0,0,0,0,0,880.331,0,NA,0,0,0
2021-02-05,18.287,NA,0,0,NA,17.309,0,0,0,0,0,0,986.624,0,NA,0,0,0
2021-02-06,0,NA,0,0,NA,0,0,0,0,0,0,0,919.559,0,NA,0,0,0
2021-02-07,0,NA,0,0,NA,0,0,0,0,0,0,0,944.55,0,NA,0,0,0
2021-02-08,0,NA,0,0,NA,29.241,0,0,0,0,0,0,943.578,0,NA,0,0,0
2021-02-09,0,NA,0,0,NA,13.604,0,0,0,0,0,0,915.388,0,NA,0,0,0
2021-02-10,0,NA,0,0,NA,69.691,0,0,0,0,0,0,924.356,0,NA,0,0,0
2021-02-11,0,NA,0,0,NA,143.748,0,0,0,0,0,0,887.204,0,NA,0,0,0
2021-02-12,0,NA,0,0,NA,108.746,0,0,0,0,0,0,830.489,0,NA,0,0,0
2021-02-13,0,NA,0,0,NA,16.628,0,0,0,0,0,0,923.663,0,NA,0,0,0
2021-02-14,0,NA,0,0,NA,16.496,0,0,0,0,0,0,1025.091,0,NA,0,0,0
2021-02-15,0,NA,0,0,NA,0,0,0,0,0,0,0,974.991,0,NA,0,0,0
2021-02-16,0,NA,0,0,NA,22.828,0,0,0,0,0,0,1067.751,0,NA,0,0,0
2021-02-17,0,NA,0,0,NA,15.792,0,0,0,0,0,0,1076.261,0,NA,0,0,0
2021-02-18,0,NA,0,0,NA,2.293,0,0,60.187,0,0,0,1028.151,0,NA,0,0,0
2021-02-19,0,NA,0,0,NA,15.838,0,0,15.774,0,0,0,1085.825,0,NA,0,0,0
2021-02-20,0,NA,0,0,NA,14.423,0,0,0,0,0,0,1046.075,0,NA,0,0,0
2021-02-21,0,NA,0,0,NA,0,0,0,0,0,0,0,1067.441,0,NA,0,0,0
2021-02-22,0,NA,0,0,NA,24.908,0,0,0,0,0,0,1023.97,0,NA,0,0,0
2021-02-23,0,NA,0,0,NA,0,0,0,0,0,0,0,1085.718,0,NA,0,0,0
2021-02-24,0,NA,0,0,NA,16.817,0,0,0,0,0,0,1026.702,0,NA,0,0,0
2021-02-25,0,NA,0,0,NA,0,0,0,24.821,0,43.436,0,1033.521,0,NA,0,0,0
2021-02-26,0,NA,0,0,NA,19.747,0,0,11.999,0,0,0,1040.013,0,NA,0,0,0
2021-02-27,0,NA,0,0,NA,14.709,0,0,0,0,0,0,976.442,0,NA,0,0,0
2021-02-28,0,NA,0,0,NA,0,0,0,0,0,0,0,913.85,0,NA,0,0,0
2021-03-01,0,NA,0,0,NA,16.898,0,0,0,0,0,0,937.744,0,NA,0,0,0
2021-03-02,0,NA,0,0,NA,0,0,0,0,0,0,0,987.383,0,NA,0,0,0
2021-03-03,0,NA,0,0,NA,16.485,0,0,0,0,0,0,939.555,0,NA,0,0,0
2021-03-04,0,NA,4.494,0,NA,0,0,0,0,0,0,0,944.908,0,NA,0,0,0
2021-03-05,74.309,NA,38.024,0,NA,16.163,0,0,0,0,0,0,933.468,0,NA,0,0,0
2021-03-06,0,NA,76.756,0,NA,0,0,0,0,0,0,0,959.132,0,NA,0,0,0
2021-03-07,0,NA,115.488,0,NA,16.594,0,0,0,0,0,0,940.379,0,NA,0,0,0
2021-03-08,0,NA,154.221,0,NA,0,0,0,0,0,0,0,918.282,0,NA,0,0,0
2021-03-09,0,NA,192.953,0,NA,16.202,0,0,72.518,0,0,0,910.411,0,NA,0,0,0
2021-03-10,0,NA,231.685,0,NA,0,0,0,288.722,0,0,0,886.686,0,NA,0,0,0
2021-03-11,0,NA,270.417,0,NA,0,0,0,105.332,0,0,0,915.619,0,NA,0,0,0
2021-03-12,0,NA,309.149,0,NA,16.208,0,0,188.825,0,0,0,909.445,0,NA,0,0,0
2021-03-13,0,NA,347.882,0,NA,0,0,0,0,0,0,0,906.275,0,NA,0,0,0
2021-03-14,0,NA,386.614,0,NA,15.549,0,0,0,0,0,0,894.272,0,NA,0,0,0
2021-03-15,0,NA,425.346,0,NA,0,0,0,98.493,0,0,0,915.691,0,NA,0,0,0
2021-03-16,0,NA,464.078,0,NA,18.19,0,0,0,0,0,0,889.069,0,NA,0,0,0
2021-03-17,20.52,NA,502.81,0,NA,0,0,0,0,0,0,0,870.874,0,NA,0,0,0
2021-03-18,3.022,NA,541.542,0,NA,18.829,0,0,0,0,0,0,874.396,0,NA,0,0,0
2021-03-19,0,NA,580.275,0,NA,69.166,0,0,0,0,0,0,877.302,0,NA,0,0,0
2021-03-20,0,NA,619.007,0,NA,0,0,0,0,0,0,0,866.206,0,NA,0,0,0
2021-03-21,0,NA,657.739,0,NA,15.492,0,0,0,0,0,0,855.918,0,NA,0,0,0
2021-03-22,0,NA,696.471,0,NA,99.027,0,0,0,0,0,0,826.817,0,NA,0,0,0
2021-03-23,0,NA,735.203,0,NA,205.857,0,0,329.463,0,0,0,741.986,0,NA,0,0,0
2021-03-24,68.559,NA,NA,0,NA,0,0,0,329.518,0,0,0,650.63,0,NA,0,0,0
2021-03-25,1.227,NA,NA,0,NA,18.046,0,0,332.19,0,0,0,639.737,0,NA,0,0,0
2021-03-26,45.019,NA,NA,0,NA,18.084,0,0,325.294,0,0,0,682.055,0,NA,0,0,0
2021-03-27,0,NA,NA,0,NA,2.901,0,0,317.577,0,0,0,666.232,0,NA,0,0,0
2021-03-28,41.653,NA,NA,0,NA,17.114,0,0,319.186,0,0,0,702.411,0,NA,0,0,0
2021-03-29,0,NA,NA,0,NA,16.233,0,0,353.465,0,0,0,667.527,0,NA,0,0,0
2021-03-30,41.666,NA,NA,0,NA,23.029,0,0,192.554,0,0,0,341.409,0,NA,0,0,0
2021-03-31,0,NA,NA,0,NA,70.615,0,0,272.594,0,0,0,259.617,0,NA,0,0,0
2021-04-01,0,NA,NA,0,NA,91.556,0,0,209.652,0,0,0,308.748,0,NA,0,0,0
2021-04-02,82.514,NA,NA,0,NA,90.183,0,0,116.283,0,0,0,293.045,0,NA,0,0,0
2021-04-03,44.231,NA,NA,0,NA,67.449,0,0,352.931,0,0,0,332.686,0,NA,0,0,0
2021-04-04,0,NA,NA,0,NA,63.689,0,0,356.637,0,0,0,331.437,0,NA,0,0,0
2021-04-05,78.121,NA,NA,0,NA,22.427,0,0,358.275,0,0,0,299.246,0,NA,0,0,0
2021-04-06,60.388,NA,NA,0,NA,21.214,0,0,341.187,0,1.273,0,268.919,0,NA,0,0,0
2021-04-07,76.514,NA,NA,0,NA,30.578,0,0,508.388,0,0,0,521.817,0,NA,0,0,0
2021-04-08,61.581,NA,NA,0,NA,69.06,0,0,508.836,0,0,0,589.517,0,NA,0,0,0
2021-04-09,52.215,NA,NA,0,NA,61.222,0,0,387.172,0,0,0,569.913,0,NA,0,0,0
2021-04-10,0,NA,NA,0,NA,65.794,0,0,335.233,0,0,0,434.602,0,NA,0,0,0
2021-04-11,0,NA,NA,0,NA,63.68,0,0,455.949,0,0,0,653.245,0,NA,0,0,0
2021-04-12,0,NA,NA,0,NA,65.933,0,0,1284.438,0,0,0,513.327,0,NA,0,0,0
2021-04-13,0,NA,NA,0,NA,569.096,0,0,914.917,0,0,0,548.498,0,NA,0,0,0
2021-04-14,0,NA,NA,0,NA,374.336,0,0,845.913,0,0,0,655.487,0,NA,0,0,0
2021-04-15,0,NA,NA,0,NA,67.683,0,0,414.732,0,0,0,712.933,0,NA,277,0,0
2021-04-16,35.084,NA,NA,0,NA,0,0,0,291.606,0,0,0,789.621,0,NA,452,0,0
2021-04-17,0,NA,NA,0,NA,18.253,0,0,345.633,0,0,0,882.522,0,NA,463,0,0
2021-04-18,0,NA,NA,0,NA,2.786,0,0,27.714,0,0,0,780.568,0,NA,458,0,0
2021-04-19,0,NA,NA,0,NA,30.709,0,0,291.732,0,0,0,796.147,0,NA,455,0,0
2021-04-20,0,NA,NA,0,NA,210.353,0,0,1128.017,0,0,0,781.531,0,NA,456,0,0
2021-04-21,0,NA,NA,0,NA,661.305,0,0,500.714,0,0,0,996.311,0,NA,460,0,0
2021-04-22,68.785,NA,NA,0,NA,688.986,0,0,53.845,0,0,0,970.938,0,NA,462,0,0
2021-04-23,23.867,NA,NA,0,NA,117.056,0,0,182.326,0,0,0,920.027,0,NA,459,0,0
2021-04-24,0,NA,NA,0,NA,10.947,0,0,0,0,0,0,928.862,0,NA,452,0,0
2021-04-25,0,NA,NA,0,NA,18.204,0,0,0,0,0,0,926.838,0,NA,450,0,0
2021-04-26,43.515,NA,NA,0,NA,17.156,0,0,337.067,0,0,0,915.481,0,NA,446,0,0
2021-04-27,35.166,NA,NA,0,NA,10.976,0,0,344.575,0,0,0,890.998,0,NA,440,0,0
2021-04-28,18.895,NA,NA,0,NA,4.409,0,0,342.013,0,0,0,878.47,0,NA,174,0,0
2021-04-29,35.841,NA,NA,0,NA,19.454,0,0,342.475,0,0,0,871.035,0,NA,0,0,0
2021-04-30,33.238,NA,NA,0,NA,18.018,0,0,336.675,0,0,0,894.568,0,NA,0,0,0
2021-05-01,0,NA,NA,0,NA,0,0,0,345.7,0,0,0,724.801,0,NA,0,0,0
2021-05-02,41.849,NA,NA,0,NA,22.482,0,0,354.051,0,0,0,824.365,0,NA,0,0,0
2021-05-03,43.802,NA,NA,0,NA,7.847,0,0,357.595,0,0,0,866.018,0,NA,0,0,0
2021-05-04,63.542,NA,NA,0,NA,17.385,0,0,336.274,0,0,0,307.142,0,NA,0,0,0
2021-05-05,47.471,NA,NA,0,NA,0,0,0,285.123,0,0,0,0.634,0,NA,0,0,0
2021-05-06,48.659,NA,NA,0,NA,29.385,0,0,0,0,0,0,362.398,0,NA,0,0,0
2021-05-07,40.79,NA,NA,0,NA,0,0,0,287.17,0,0,0,654.308,0,NA,0,0,0
2021-05-08,0,NA,NA,0,NA,16.8,0,0,272.758,0,0,0,613.028,0,NA,0,0,0
2021-05-09,40.079,NA,770.708,0,NA,15.53,0,0,261.82,0,0,0,572.005,0,NA,0,0,0
2021-05-10,46.097,NA,770.708,0,NA,4.739,0,0,326.471,0,0,0,615.84,0,NA,0,0,0
2021-05-11,34.16,NA,770.708,0,NA,15.493,0,0,328.202,0,0,0,551.817,0,NA,0,0,0
2021-05-12,54.657,NA,770.708,0,NA,0,0,0,352.802,0,0,0,553.348,0,NA,0,0,0
2021-05-13,0,NA,770.708,0,NA,17.58,0,0,354.105,0,0,0,459.049,0,NA,0,0,0
2021-05-14,0,NA,770.708,0,NA,0,0,0,358.085,0,0,0,387.211,0,NA,0,0,0
2021-05-15,0,NA,770.708,0,NA,17.312,0,0,104.879,0,0,0,453.07,0,NA,0,0,0
2021-05-16,0,NA,770.708,0,NA,16.522,0,0,352.9,0,0,0,521.445,0,NA,0,0,0
2021-05-17,0,NA,770.708,0,NA,0,0,0,11.155,0,0.752,0,463.586,0,NA,0,0,0
2021-05-18,0,NA,770.708,0,NA,15.999,0,0,348.358,0,86.196,0,478.527,0,NA,0,0,0
2021-05-19,0,NA,770.708,0,NA,1.262,0,0,343.559,0,12.616,0,391.135,0,NA,0,0,0
2021-05-20,25.118,NA,770.708,0,NA,15.336,0,0,340.198,0,0,0,333.239,0,NA,0,0,0
2021-05-21,47.929,NA,770.708,0,NA,16.05,0,0,248.314,0,0,0,361.44,0,NA,0,0,0
2021-05-22,62.48,NA,770.708,0,NA,95.569,0,0,0,0,0,0,300.011,0,NA,0,0,0
2021-05-23,49.61,NA,770.708,0,NA,0,0,0,0,0,0,0,253.815,0,NA,0,0,0
2021-05-24,55.342,NA,770.708,0,NA,17.916,0,0,295.194,0,0,0,239.188,0,NA,0,0,0
2021-05-25,0,NA,770.708,0,NA,0,0,0,307.32,0,0,0,224.15,0,NA,0,0,0
2021-05-26,56.17,NA,770.708,0,NA,17.822,0,0,306.519,0,0,0,234.015,0,NA,0,0,0
2021-05-27,0,NA,770.708,0,NA,15.01,0,0,176.989,0,0,0,209.339,0,NA,0,0,0
2021-05-28,0,NA,770.708,0,NA,0,0,0,158.113,0,0,0,240.441,0,NA,0,0,0
2021-05-29,47.646,NA,770.708,0,NA,17.172,0,0,146.682,0,0,0,281.608,0,NA,0,0,0
2021-05-30,0,NA,770.708,0,NA,0,0,0,148.122,0,0,0,284.34,0,NA,0,0,0
2021-05-31,36.786,NA,770.708,0,NA,16.928,0,0,144.177,0,0,0,301.543,0,NA,0,0,0
2021-06-01,0,NA,770.708,0,NA,12.747,0,0,144.381,0,0,0,315.448,0,NA,0,0,0
2021-06-02,42.844,NA,770.708,0,NA,0,0,0,145.872,0,0,0,311.053,0,NA,0,0,0
2021-06-03,59.134,NA,770.708,0,NA,16.551,0,0,458.62,0,0,0,315.589,0,NA,0,0,0
2021-06-04,41.434,NA,770.708,0,NA,54.079,0,0,906.267,0,0,0,307.892,0,NA,0,0,0
2021-06-05,0.327,NA,770.708,0,NA,549.092,0,0,483.708,0,0,0,294.773,0,NA,0,0,0
2021-06-06,0,NA,770.708,0,NA,643.78,0,0,142.611,0,0,0,267.821,0,NA,0,0,0
2021-06-07,72.38,NA,770.708,0,NA,122.065,0,0,336.961,0,0,0,267.392,0,NA,0,0,0
2021-06-08,34.879,NA,770.708,0,NA,0,0,0,290.407,0,0,0,270.52,0,NA,0,0,0
2021-06-09,52.286,NA,770.708,0,NA,17.162,0,0,283.976,0,0,0,192.624,0,NA,0,0,0
2021-06-10,61.926,NA,770.708,0,NA,0,0,0,146.24,0,0,0,234.987,0,NA,0,0,0
2021-06-11,0,NA,770.708,0,NA,16.915,0,0,143.975,0,0,0,250.394,0,NA,0,0,0
2021-06-12,23.658,NA,770.708,0,NA,17.014,0,0,143.598,0,0,0,256.074,0,NA,0,0,0
2021-06-13,0,NA,770.708,0,NA,0,0,0,142.536,0,0,0,225.318,0,NA,0,0,0
2021-06-14,0,NA,770.708,0,NA,17.45,0,0,155.169,0,0,0,247.477,0,NA,0,0,0
2021-06-15,31.018,NA,770.708,0,NA,15.453,0,0,108.14,0,0,0,233.579,0,NA,0,0,0
2021-06-16,15.883,NA,770.708,0,NA,87.947,0,0,7.959,0,0,0,251.833,0,NA,0,0,0
2021-06-17,0,NA,770.708,0,NA,137.746,0,0,343.478,0,0,0,283.36,0,NA,0,0,0
2021-06-18,0,NA,NA,0,NA,47.992,0,0,363.377,0,0,0,258.013,0,NA,0,0,0
2021-06-19,0,NA,770.708,0,NA,385.884,0,0,272.052,0,0,0,245.365,0,NA,0,0,0
2021-06-20,0,NA,770.708,0,NA,438.035,0,0,89.347,0,0,0,216.156,0,NA,0,0,0
2021-06-21,0,NA,770.708,0,NA,236.978,0,0,231.545,0,0,0,411.583,0,NA,0,0,0
2021-06-22,0,NA,770.708,0,NA,218.721,0,0,331.376,0,0,0,385.321,0,NA,0,0,0
2021-06-23,0,NA,770.708,0,NA,545.495,0,0,236.204,0,0,0,460.665,0,NA,0,0,0
2021-06-24,0,NA,770.708,0,NA,360.508,0,0,709.891,0,0,0,410.292,0,NA,0,0,0
2021-06-25,0,NA,770.708,0,NA,174.437,0,0,970.039,0,0,0,432.802,0,NA,0,0,0
2021-06-26,0,NA,770.708,0,NA,51.304,0,0,315.55,0,0,0,554.302,0,NA,0,0,0
2021-06-27,0,NA,770.708,0,NA,18.177,0,0,230.018,0,0,0,647.827,0,NA,0,0,0
2021-06-28,0,NA,770.708,0,NA,39.984,0,0,0,0,0,0,915.356,0,NA,0,0,0
2021-06-29,0,NA,770.708,0,NA,128.191,0,0,491.782,0,0,0,756.991,0,NA,0,0,0
2021-06-30,0,NA,770.708,0,NA,421.399,0,0,876.121,0,23.498,117.725,798.318,0,NA,0,0,0
2021-07-01,0,NA,770.708,0,NA,288.678,0,0,1183.052,0,18.967,289.766,836.172,0,NA,0,0,0
2021-07-02,0,NA,770.708,0,NA,308.554,0,0,866.31,0,123.966,315.923,964.318,0,NA,0,0,0
2021-07-03,0,NA,770.708,0,NA,215.834,0,0,796.68,0,384.126,295.336,878.756,0,NA,0,0,0
2021-07-04,0,NA,770.708,0,NA,406.051,0,0,358.202,0,559.15,184.914,1009.375,0,NA,0,0,0
2021-07-05,0,NA,770.708,0,NA,576.123,0,0,265.098,0,849.298,0,895.497,0,NA,0,0,0
2021-07-06,0,NA,770.708,0,NA,470.831,0,0,703.545,0,415.013,0,1026.398,0,NA,0,0,0
2021-07-07,0,NA,770.708,0,NA,178.006,0,0,360.258,0,315.971,0,1063.572,0,NA,0,0,0
2021-07-08,NA,NA,770.708,0,NA,184.128,0,0,233.012,0,456.618,30.603,1218,0,NA,0,0,0
2021-07-09,NA,NA,770.708,0,NA,222.695,0,0,363.597,0,342.138,100.595,978.515,0,NA,0,0,0
2021-07-10,NA,NA,770.708,0,NA,228.202,0,0,365.661,0,317.861,81.691,1158.955,0,NA,0,0,0
2021-07-11,NA,NA,770.643,0,NA,165.688,0,0,356.513,0,191.66,43.748,1137.904,0,NA,0,0,0
2021-07-12,NA,NA,732.443,0,NA,145.234,0,0,366.418,0,135.84,0,1096.066,0,NA,0,0,0
2021-07-13,0,NA,661.954,0,NA,146.277,0,0,408.67,0,271.261,0,689.028,0,NA,0,0,0
2021-07-14,0,NA,591.465,0,NA,143.231,0,0,559.693,0,127.844,0,1222.361,0,NA,0,0,0
2021-07-15,0,NA,NA,0,NA,236.012,0,0,355.856,0,208.945,0.456,1196.315,0,NA,0,0,0
2021-07-16,0,NA,NA,0,NA,91.583,0,0,338.041,0,252.992,0,1158.098,0,NA,0,0,0
2021-07-17,0,NA,NA,0,NA,202.537,0,0,134.511,0,51.082,83.836,1167.04,0,NA,0,0,0
2021-07-18,0,NA,NA,0,NA,89.585,0,0,131.653,0,92.668,129.492,1152.916,0,NA,0,0,0
2021-07-19,0,NA,NA,0,NA,109.46,0,0,243.72,0,41.468,128.428,1170.346,0,NA,0,0,0
2021-07-20,0,NA,NA,0,NA,134.518,0,0,306.403,0,0,126.148,1459.344,0,NA,0,0,0
2021-07-21,0,NA,NA,0,NA,117.516,0,0,0,0,0,66.055,1457.015,0,NA,0,0,0
2021-07-22,0,NA,NA,0,NA,271.081,0,0,164.737,0,0,93.014,1372.068,0,NA,0,0,0
2021-07-23,0,NA,NA,0,NA,315.597,0,0,258.281,0,0,102.166,1343.016,0,NA,0,0,0
2021-07-24,0,NA,NA,0,NA,157.744,0,0,357.809,0,0,127.786,1345.852,0,NA,0,0,0
2021-07-25,0,NA,NA,0,NA,291.439,0,0,363.684,0,18.355,120.217,1344.64,0,NA,0,0,0
2021-07-26,0,NA,NA,0,NA,260.904,0,0,362.029,0,41.216,148.827,1717.695,0,NA,0,0,0
2021-07-27,0,NA,NA,0,NA,154.86,0,0,365.267,0,13.311,227.91,1611.298,0,NA,0,0,0
2021-07-28,0,NA,NA,0,NA,200.301,0,0,1102.379,0,41.092,316.836,1616.727,0,NA,0,0,0
2021-07-29,0,NA,NA,0,NA,519.799,0,0,1742.233,0,17.139,317.45,1653.346,0,NA,0,0,0
2021-07-30,0,NA,NA,0,NA,1744.396,0,0,1340.968,0,92.665,318.041,1478.936,0,NA,0,0,0
2021-07-31,0,NA,NA,0,NA,938.364,0,0,537.052,0,93.421,327.032,1467.585,0,NA,0,0,0
2021-08-01,0,NA,NA,0,NA,448.907,0,0,338.992,0,591.213,179.089,1589.934,0,NA,0,0,0
2021-08-02,0,NA,NA,0,NA,244.739,0,0,282.2,0,513.616,169.484,1538.651,0,NA,0,0,0
2021-08-03,0,NA,NA,0,NA,376.884,0,0,345.31,0,605.668,86.051,1716.549,0,NA,0,0,0
2021-08-04,0,NA,NA,0,NA,491.163,0,0,1073.978,0,528.028,29.485,1952.392,0,NA,0,0,0
2021-08-05,0,NA,NA,0,NA,929.285,0,0,873.054,0,387.95,0,1882.952,0,NA,0,0,0
2021-08-06,0,NA,NA,0,NA,638.223,0,0,736.932,0,563.219,0,1853.447,0,NA,0,0,0
2021-08-07,0,NA,NA,0,NA,790.834,0,0,600.805,0,683.18,0,1808.349,0,NA,0,0,0
2021-08-08,0,NA,NA,0,NA,1040.94,0,0,425.699,0,614.025,0,1757.632,0,NA,0,0,0
2021-08-09,0,NA,NA,0,NA,952.069,0,0,106.345,0,337.216,0,1746.54,0,NA,0,0,0
2021-08-10,0,NA,NA,0,NA,578.976,0,0,155.699,0,471.42,0,1772.175,0,NA,0,0,0
2021-08-11,0,NA,NA,0,NA,475.444,0,0,110.953,0,226.904,0,2246.604,0,NA,0,0,0
2021-08-12,0,NA,NA,0,NA,386.941,0,0,95.756,0,354.352,0,2494.611,0,NA,0,0,0
2021-08-13,0,NA,NA,0,NA,532.076,0,0,551.703,0,206.178,0,2112.448,0,NA,0,0,618
2021-08-14,0,NA,NA,0,NA,1113.707,0,0,267.113,0,236.522,0,2544.503,0,NA,0,0,919
2021-08-15,0,NA,NA,0,NA,961.987,0,0,359.861,0,211.194,0,2489.969,0,NA,0,0,910
2021-08-16,0,NA,NA,0,NA,800.658,0,0,413.333,0,70.392,0,2372.981,0,NA,0,0,905
2021-08-17,0,NA,NA,0,NA,495.829,0,0,295.552,0,99.655,0,2381.895,0,NA,0,0,897
2021-08-18,0,NA,NA,0,NA,299.814,0,0,153.567,0,0,0,2207.353,0,NA,0,0,367
2021-08-19,0,NA,NA,0,NA,108.637,0,0,201.245,0,0,0,2255.777,0,NA,0,0,0
2021-08-20,0,NA,NA,0,NA,347.121,0,0,0,0,0,0,2222.473,0,NA,0,0,0
2021-08-21,0,NA,NA,0,NA,286.465,0,0,0,0,0,0,2192.713,0,NA,0,0,0
2021-08-22,0,NA,NA,0,NA,244.737,0,0,0,0,0,0,2161.24,0,NA,0,0,0
2021-08-23,0,NA,NA,0,NA,261.824,0,0,0,0,0,0,2140.824,0,NA,0,0,0
2021-08-24,0,NA,NA,0,NA,329.749,0,0,0,0,0,0,2102.506,0,NA,0,0,0
2021-08-25,0,NA,NA,0,NA,310.731,0,0,0,0,0,0,2066.566,0,NA,0,0,0
2021-08-26,0,NA,NA,0,NA,614.479,0,0,1437.079,0,53.911,103.552,2094.879,0,NA,0,0,0
2021-08-27,0,NA,NA,0,NA,1259.06,0,0,1320.975,0,12.425,130.052,2105.868,0,NA,0,0,0
2021-08-28,0,NA,NA,0,NA,1275.969,0,0,1298.775,0,89.911,183.929,2087.634,0,NA,0,0,0
2021-08-29,0,NA,NA,0,NA,1238.627,0,0,729.781,0,89.73,273.307,2083.04,0,NA,0,0,0
2021-08-30,0,NA,NA,0,NA,830.472,0,0,391.921,0,39.789,294.324,2031.832,0,NA,0,0,0
2021-08-31,0,NA,NA,0,NA,438.956,0,0,277.673,0,0,204.923,1965.761,0,NA,0,0,0
2021-09-01,0,NA,NA,0,NA,373.629,0,0,112.732,0,0,98.846,1881.734,0,NA,0,0,0
2021-09-02,0,NA,NA,0,NA,314.237,0,0,174.781,0,0,0,1831.675,0,NA,0,0,0
2021-09-03,0,NA,NA,0,NA,386.468,0,0,459.02,0,0,65.028,1802.942,0,NA,0,0,0
2021-09-04,0,NA,NA,0,NA,527.726,0,0,286.942,0,0,118.816,1654.852,0,NA,0,0,0
2021-09-05,0,NA,NA,0,NA,570.296,0,0,126.848,0,0,79.103,1704.112,0,NA,0,0,0
2021-09-06,0,NA,NA,0,NA,333.047,0,0,45.367,0,0,59.263,1676.495,0,NA,0,0,0
2021-09-07,0,NA,NA,0,NA,347.038,0,0,0,0,0,38.484,1680.247,0,NA,0,0,0
2021-09-08,0,NA,NA,0,NA,271.478,0,0,0,0,0,0,1624.334,0,NA,0,0,0
2021-09-09,0,NA,NA,0,NA,203.153,0,0,175.823,0,0,4.534,1605.384,0,NA,0,0,0
2021-09-10,0,NA,NA,0,NA,423.001,0,0,142.983,0,0,66.917,1616.537,0,NA,0,0,0
2021-09-11,0,NA,NA,0,NA,597.487,0,0,433.132,0,0,39.643,1645.912,0,NA,0,0,0
2021-09-12,0,NA,NA,0,NA,482.845,0,0,677.231,0,0,0,1600.827,0,NA,0,0,0
2021-09-13,0,NA,NA,0,NA,550.553,0,0,614.812,0,0,0,1592.243,0,NA,0,0,0
2021-09-14,0,NA,NA,0,NA,814.099,0,0,802.217,0,0,0,1600.248,0,NA,0,0,0
2021-09-15,0,NA,NA,0,NA,530.83,0,0,779.893,0,0,0,1586.814,0,NA,0,0,0
2021-09-16,0,NA,NA,0,NA,468.038,0,0,509.492,0,0,0,1572.739,0,NA,0,0,0
2021-09-17,0,NA,NA,0,NA,430.459,0,0,811.469,0,0,104.706,2001.721,0,NA,0,0,0
2021-09-18,0,NA,NA,0,NA,540.059,0,0,1365.083,0,0,177.11,1736.279,0,NA,0,0,0
2021-09-19,0,NA,NA,0,NA,668.011,0,0,992.061,0,0,85.558,2014.595,0,NA,0,0,0
2021-09-20,0,NA,NA,0,NA,470.213,0,0,883.233,0,254.313,51.859,2104.568,0,NA,0,0,0
2021-09-21,0.033,NA,NA,0,NA,959.712,0,0,1174.922,0,265.363,58.128,2458.116,0,NA,0,0,0
2021-09-22,0,NA,NA,0,NA,1294.933,0,0,1238.664,0,205.888,126.577,2754.934,0,NA,0,0,0
2021-09-23,0,NA,NA,0,NA,1427.358,0,0,1227.698,0,128.83,0,2803.226,0,NA,0,0,0
2021-09-24,0,NA,NA,0,NA,1477.806,0,0,1018.942,0,189.973,0,3322.956,0,NA,0,0,0
2021-09-25,0,NA,NA,0,NA,1163.548,0,0,1168.932,0,240.406,0,3403.008,0,NA,0,0,0
2021-09-26,0,NA,NA,0,NA,1276.786,0,0,827.211,0,236.899,54.799,3530.347,0,NA,0,0,0
2021-09-27,0,NA,NA,0,NA,1015.767,0,0,290.304,0,194.485,56.186,3543.994,0,NA,0,0,0
2021-09-28,0,NA,NA,0,NA,554.377,0,0,305.787,0,136.355,28.665,3469.641,0,NA,0,0,0
2021-09-29,0,NA,NA,0,NA,307.03,0,0,221.396,0,46.369,0,3116.619,0,NA,0,0,0
2021-09-30,0,NA,NA,0,NA,177.869,0,0,0,0,0,0,3004.512,0,NA,0,0,0
2021-10-01,0,NA,NA,0,NA,239.3,0,0,167.854,0,0,0,2631.897,0,NA,0,0,0
2021-10-02,0,NA,NA,0,NA,179.184,0,0,45.673,0,0,0,2666.679,0,NA,0,0,0
2021-10-03,0,NA,NA,0,NA,70.671,0,0,0,0,0,0,2627.025,0,NA,0,0,0
2021-10-04,0,NA,NA,0,NA,134.261,0,0,156.625,0,0,0,2359.922,0,NA,0,0,0
2021-10-05,0,NA,NA,0,NA,73.675,0,0,48.435,0,0,0,2334.718,0,NA,0,0,0
2021-10-06,0,NA,NA,0,NA,88.773,0,0,22.564,0,0,0,2289.407,0,NA,0,0,0
2021-10-07,0,NA,NA,0,NA,150.175,0,0,0,0,0,0,1885.914,0,NA,0,0,0
2021-10-08,0,NA,NA,0,NA,84.069,0,0,178.001,0,2.716,19.131,2100.634,0,NA,0,0,0
2021-10-09,0,NA,NA,0,NA,537.745,0,0,1847.273,0,0,259.615,2152.979,0,NA,0,0,0
2021-10-10,0,NA,NA,0,NA,624.991,0,0,2607.144,0,424.327,72.287,1950.919,0,NA,0,0,0
2021-10-11,4.13,NA,NA,0,NA,1058.756,0,0,1515.558,0,303.215,75.528,1735.526,0,NA,0,0,0
2021-10-12,2.639,NA,NA,0,NA,811.877,0,0,839.84,0,364.876,126.219,1793.086,0,NA,0,0,0
2021-10-13,0,NA,NA,0,NA,999.856,0,0,654.838,0,284.07,110.845,1885.5,0,NA,0,0,0
2021-10-14,1.788,NA,NA,0,NA,769.146,0,0,219.104,0,206.401,32.423,1868.41,0,NA,0,0,0
2021-10-15,0,NA,NA,0,NA,541.61,0,0,380.148,0,107.646,21.892,1881.716,0,NA,0,0,0
2021-10-16,0,NA,NA,0,NA,511.148,0,0,314.242,0,117.472,39.18,1894.693,0,NA,0,0,0
2021-10-17,0,NA,NA,0,NA,413.221,0,0,51.187,0,0,84.576,1873.551,0,NA,0,0,0
2021-10-18,0,NA,NA,0,NA,269.645,0,0,205.011,0,0,55.446,1844.048,0,NA,0,0,0
2021-10-19,0,NA,NA,0,NA,124.139,0,0,126.164,0,0,26.107,1819.996,0,NA,0,0,0
2021-10-20,0,NA,NA,0,NA,21.879,0,0,329.531,0,0,0,1750.873,0,NA,0,0,0
2021-10-21,0,NA,NA,0,NA,153.707,0,0,279.729,0,0,0,1717.299,0,NA,0,0,0
2021-10-22,0,NA,NA,0,NA,154.054,0,0,123.762,0,0,0,1584.324,0,NA,0,0,0
2021-10-23,0,NA,NA,0,NA,96.634,0,0,217.247,0,0,0,1724.397,0,NA,0,0,0
2021-10-24,0,NA,NA,0,NA,93.972,0,0,284.71,0,0,0,1708.842,0,NA,0,0,0
2021-10-25,0,NA,NA,0,NA,149.281,0,0,324.827,0,0,0,1713.526,0,NA,0,0,0
2021-10-26,0,NA,NA,0,NA,165.42,0,0,202.46,0,0,0,1685.226,0,NA,0,0,0
2021-10-27,0,NA,NA,0,NA,86.063,0,0,311.32,0,0,0,1631.637,0,NA,0,0,0
2021-10-28,0,NA,NA,0,NA,72.572,0,0,130.746,0,0,0,1605.264,0,NA,0,0,0
2021-10-29,0,NA,NA,0,NA,68.36,0,0,263.091,0,0,0,1530.08,0,NA,0,0,0
2021-10-30,0,NA,NA,0,NA,16.572,0,0,0,0,0,0,1523.999,0,NA,0,0,0
2021-10-31,0,NA,NA,0,NA,15.098,0,0,0,0,0,0,1500.109,0,NA,0,0,0
2021-11-01,0,NA,NA,0,NA,0,0,0,283.204,0,0,0,1457.83,0,NA,0,0,0
2021-11-02,0,NA,NA,0,NA,19.305,0,0,236.352,0,0,0,1391.421,0,NA,0,0,0
2021-11-03,0,NA,NA,0,NA,0,0,0,323.242,0,0,0,1402.626,0,NA,0,0,0
2021-11-04,0,NA,NA,0,NA,20.163,0,0,303.13,0,0,0,1232.527,0,NA,0,0,0
2021-11-05,0,NA,NA,0,NA,344.595,0,0,1123.473,0,0,94.269,1575.13,0,NA,0,0,0
2021-11-06,0,NA,NA,0,NA,355.107,0,0,1101.765,0,0,173.411,1611.527,0,NA,0,0,0
2021-11-07,0,NA,NA,0,NA,488.205,0,0,645.087,0,0,0,1517.859,0,NA,0,0,0
2021-11-08,0,NA,NA,0,NA,666.413,0,0,431.955,0,96.284,0,1469.774,0,NA,0,0,0
2021-11-09,0,NA,NA,0,NA,389.966,0,0,354.027,0,65.809,0,1453.488,0,NA,0,0,0
2021-11-10,0,NA,NA,0,NA,200.42,0,0,0,0,0,0,1463.69,0,NA,0,0,0
2021-11-11,0,NA,NA,0,NA,0,0,0,0,0,0,27.031,1467.271,0,NA,0,0,0
2021-11-12,0,NA,NA,0,NA,181.019,0,0,371.923,0,0,56.229,1486.265,0,NA,0,0,0
2021-11-13,0,NA,NA,0,NA,301.613,0,0,332.836,0,0,55.98,1488.285,0,NA,0,0,0
2021-11-14,0,NA,NA,0,NA,565.24,0,0,119.947,0,0,55.741,1477.768,0,NA,0,0,0
2021-11-15,0,NA,NA,0,NA,251.99,0,0,123.443,0,0,55.756,1485.392,0,NA,0,0,0
2021-11-16,0,NA,NA,0,NA,157.398,0,0,12.81,0,26.749,42.308,1437.521,0,NA,0,0,0
2021-11-17,0,NA,NA,0,NA,96.643,0,0,153.826,0,0,0,1357.218,0,NA,0,0,0
2021-11-18,0,NA,NA,0,NA,231.725,0,0,177.513,0,0,0,1287.703,0,NA,0,0,0
2021-11-19,0,NA,NA,0,NA,339.203,0,0,91.986,0,0,0,1143.522,0,NA,0,0,0
2021-11-20,0,NA,NA,0,NA,311.509,0,0,136.81,0,0,0.804,1027.943,0,NA,0,0,0
2021-11-21,0,NA,NA,0,NA,235.87,0,0,0,0,15.223,57.197,737.899,0,NA,0,0,0
2021-11-22,0,NA,NA,0,NA,450.598,0,0,556.513,0,86.047,56.055,690.119,0,NA,0,0,0
2021-11-23,0,NA,NA,0,NA,360.338,0,0,454.479,0,85.733,55.621,623.569,0,NA,0,0,0
2021-11-24,0,NA,NA,0,NA,175.422,0,0,541.992,0,25.161,16.246,592.675,0,NA,0,0,0
2021-11-25,0,NA,NA,0,NA,20.064,0,0,0,0,0,0,568.03,0,NA,0,0,0
2021-11-26,0,NA,NA,0,NA,79.901,0,0,0,0,0,0,553.362,0,NA,0,0,0
2021-11-27,0,NA,NA,0,NA,41.052,0,0,0,0,0,0,541.856,0,NA,0,0,0
2021-11-28,0,NA,NA,0,NA,0,0,0,0,0,65.573,43.594,516.253,0,NA,0,0,0
2021-11-29,0,NA,NA,0,NA,0,0,0,0,0,70.688,49.372,380.121,0,NA,0,0,0
2021-11-30,0,NA,NA,0,NA,3.454,0,0,51.717,0,0,0,0.197,0,NA,0,0,0
2021-12-01,0,NA,NA,0,NA,43.084,0,0,111.145,0,0,0,0.046,0,NA,0,0,0
2021-12-02,0,NA,NA,0,NA,16.279,0,0,14.162,0,0,0,0.088,0,NA,0,0,0
2021-12-03,0,NA,NA,0,NA,29.905,0,0,23.078,0,0.051,0,0,0,NA,0,0,0
2021-12-04,0,NA,NA,0,NA,0,0,0,367.235,0,0,0,0,0,NA,0,0,0
2021-12-05,0,NA,NA,0,NA,0,0,0,376.107,0,0,21.256,0,0,NA,0,0,0
2021-12-06,0,NA,NA,0,NA,25.733,0,0,348.765,0,0,55.33,0.026,0,NA,0,0,0
2021-12-07,0,NA,NA,0,NA,0,0,0,368.612,0,0,54.496,1.974,0,NA,0,0,0
2021-12-08,0,NA,NA,0,NA,25.733,0,0,356.203,0,0,25.302,0.556,0,NA,0,0,0
2021-12-09,0,NA,NA,0,NA,38.005,0,0,230.185,0,0,0,99.963,0,NA,0,0,0
2021-12-10,0,NA,NA,0,NA,369.15,0,0,301.02,0,0,0,398.998,0,NA,0,0,0
2021-12-11,0,NA,NA,0,NA,38.907,0,0,301.555,0,0,0,378.88,0,NA,0,0,0
2021-12-12,0,NA,NA,0,NA,0,0,0,348.551,0,0,0,366.343,0,NA,0,0,0
2021-12-13,0,NA,NA,0,NA,26.006,0,0,343.262,0,0,0,376.942,0,NA,0,0,0
2021-12-14,0,NA,NA,0,NA,226.629,0,0,335.701,0,0,0,383.49,0,NA,0,0,0
2021-12-15,0,NA,NA,0,NA,15.456,0,0,339.648,0,0,21.873,392.4,0,NA,0,0,0
2021-12-16,0,NA,NA,0,NA,107.315,0,0,428.91,0,0,114.401,453.873,0,NA,0,0,0
2021-12-17,0,NA,NA,0,NA,417.672,0,0,325.613,0,0,112.59,388.263,0,NA,0,0,0
2021-12-18,0,NA,NA,0,NA,119.867,0,0,345.506,0,0,24.405,389.174,0,NA,0,0,0
2021-12-19,0,NA,518.039,0,NA,180.91,0,0,341.732,0,0,0,407.237,0,NA,0,0,0
2021-12-20,0,NA,518.039,0,NA,291.587,0,0,345.05,0,0,0,395.536,0,NA,0,0,0
2021-12-21,0,NA,518.039,0,NA,239.341,0,0,498.975,0,0,0,400.367,0,NA,0,0,0
2021-12-22,0,NA,518.039,0,NA,257.443,0,0,346.409,0,0,0,370.664,0,NA,0,0,0
2021-12-23,0,NA,518.039,0,NA,0,0,0,0,0,0,0,381.148,0,NA,0,0,0
2021-12-24,0,NA,518.039,0,NA,0,0,0,0,0,0,0,387.525,0,NA,0,0,0
2021-12-25,0,NA,518.039,0,NA,0,0,0,0,0,0,0,378.78,0,NA,0,0,0
2021-12-26,0,NA,518.039,0,NA,0,0,0,0,0,0,0,365.941,0,NA,0,0,0
2021-12-27,0,NA,518.039,0,NA,51.448,0,0,283.091,0,0,0,380.72,0,NA,0,0,0
2021-12-28,0,NA,518.039,0,NA,46.949,0,0,283.96,0,0,0,382.343,0,NA,0,0,0
2021-12-29,0,NA,518.039,0,NA,385.606,0,0,278.426,0,0,16.228,377.322,0,NA,0,0,0
2021-12-30,0,NA,518.039,0,NA,0,0,3.751,0,0,0,114.513,372.168,0,NA,0,0,0
2021-12-31,0,NA,518.039,0,NA,0,0,0,0,0,0,96.151,376.199,0,NA,0,0,0
2022-01-01,0,NA,518.039,0,NA,0,0,0,0,0,0,0,386.213,0,NA,0,0,0
2022-01-02,0,NA,518.039,0,NA,0,0,0,0,0,0,0,371.838,0,NA,0,0,0
2022-01-03,0,NA,518.039,0,NA,77.139,0,0,278.476,0,0,0,373.574,0,NA,0,0,0
2022-01-04,0,NA,518.039,0,NA,10.442,0,0,280.486,0,0,0,357.379,0,NA,0,0,0
2022-01-05,0,NA,518.039,0,NA,0,0,0,274.924,0,0,0,380.205,0,NA,0,0,0
2022-01-06,0,NA,518.039,0,NA,0,0,0,252.851,0,0,0,343.075,0,NA,0,0,0
2022-01-07,0,NA,518.039,0,NA,0,0,0,295.905,0,0,0,317.802,0,NA,0,0,0
2022-01-08,0,NA,518.039,0,NA,0,0,0,93.136,0,0,0,304.618,0,NA,0,0,0
2022-01-09,0,NA,518.039,0,NA,0,0,0,93.5,0,0,0,326.803,0,NA,0,0,0
2022-01-10,0,NA,518.039,0,NA,0,0,0,266.972,0,0,0,350.389,0,NA,0,0,0
2022-01-11,0,NA,518.039,0,NA,0,0,0,342.858,0,0,0,377.688,0,NA,0,0,0
2022-01-12,0,NA,518.039,0,NA,0,0,0,149.963,0,0,0,363.401,0,NA,0,0,0
2022-01-13,0,NA,518.039,0,NA,0,0,0,0,0,0,0,314.58,0,NA,0,0,0
2022-01-14,0,NA,518.039,0,NA,0,0,0,0,0,0,0,291.917,0,NA,0,0,0
2022-01-15,0,NA,518.039,0,NA,0,0,0,0,0,0,0,309.87,0,NA,0,0,0
2022-01-16,0,NA,518.039,0,NA,0,0,0,0,0,0,0,380.923,0,NA,0,0,0
2022-01-17,0,NA,518.039,0,NA,0,0,0,278.136,0,0,0,406.936,0,NA,0,0,0
2022-01-18,0,NA,518.039,0,NA,0,0,0.154,0,0,23.742,25.897,354.334,0,NA,0,0,0
2022-01-19,0,NA,518.039,0,NA,0,0,0,65.463,0,154.355,128.65,367.306,0,NA,0,0,0
2022-01-20,0,NA,518.039,0,NA,0,0,0,207.891,0,59.518,0,363.821,0,NA,0,0,0
2022-01-21,0,NA,518.039,0,NA,0,0,0,301.767,0,0,0,340.502,0,NA,0,0,0
2022-01-22,0,NA,518.039,0,NA,0,0,0,297.74,0,0,0,399.917,0,NA,0,0,0
2022-01-23,0,NA,518.039,0,NA,0,0,0,299.427,0,0,0,406.236,0,NA,0,0,0
2022-01-24,0,NA,518.039,0,NA,127.871,0,0,305.474,0,0,0,481.922,0,NA,0,0,0
2022-01-25,0,NA,518.039,0,NA,54.14,0,0,340.798,0,0,1.443,609.061,0,NA,0,0,0
2022-01-26,0,NA,518.039,0,NA,258.065,0,0,349.617,0,0,0.399,814.357,0,NA,0,0,0
2022-01-27,0,NA,518.039,0,NA,79.958,0,0,245.271,0,0,0,865.127,0,NA,0,0,0
2022-01-28,0,NA,518.039,0,NA,16.141,0,0,74.485,0,0,0,953.693,0,NA,0,0,0
2022-01-29,0,NA,518.039,0,NA,85.92,0,0,20.89,0,0,0,969.126,0,NA,0,0,0
2022-01-30,0,NA,518.039,0,NA,0,0,0,0,0,0,0,1010.4,0,NA,0,0,0
2022-01-31,0,NA,518.039,0,NA,0,0,0,0,0,0,0,1023.638,0,NA,0,0,0
2022-02-01,0,NA,518.039,0,NA,0,0,0,340.884,0,0,0,1065.237,0,NA,0,0,0
2022-02-02,0,NA,518.039,0,NA,0,0,0,346.177,0,0,0,1039.336,0,NA,0,0,0
2022-02-03,0,NA,518.039,0,NA,0,0,0,347.887,0,0,0,1024.625,0,NA,0,0,0
2022-02-04,0,NA,518.039,0,NA,0,0,0,345.85,0,0,0,1129.952,0,NA,0,0,0
2022-02-05,0,NA,518.039,0,NA,0,0,0,0,0,0,0,1085.816,0,NA,0,0,0
2022-02-06,0,NA,NA,0,NA,0,0,0,0,0,0,0,1067.025,0,NA,0,0,0
2022-02-07,0,NA,NA,0,NA,0,0,0,0,0,0,0,1091.47,0,NA,0,0,0
2022-02-08,0,NA,487.073,0,NA,0,0,0,0,0,0,0,1085.202,0,NA,0,0,0
2022-02-09,0,NA,454.126,0,NA,0,0,0,177.578,0,0,0,1107.421,0,NA,0,378,0
2022-02-10,0,NA,421.178,0,NA,0,0,0,168.713,0,0,0,1108.88,0,NA,0,537,0
2022-02-11,0,NA,388.231,0,NA,0,0,0,0,0,0,0,1108.379,0,NA,0,529,0
2022-02-12,0,NA,355.284,0,NA,0,0,0,0,0,0,0,1090.563,0,NA,0,524,0
2022-02-13,0,NA,322.337,0,NA,71.472,0,0,0,0,0,0,1133.692,0,NA,0,524,0
2022-02-14,0,NA,292.36,0,NA,9.857,0,0,0,0,0,0,1108.232,0,NA,0,526,0
2022-02-15,0,NA,278.211,0,NA,106.537,0,0,102.837,0,0,0,1101.16,0,NA,0,521,0
2022-02-16,0,NA,242.026,0,NA,0,0,0,9.52,0,0,0,1105.569,0,NA,0,518,0
2022-02-17,0,NA,202.619,0,NA,0,0,0,134.902,0,0,0,1072.749,0,NA,0,626,0
2022-02-18,0,NA,163.213,0,NA,0,0,0,243.632,0,0,0,1070.658,0,NA,0,757,0
2022-02-19,0,NA,123.806,0,NA,0,0,27.152,0,0,0,0,1035.217,0,NA,0,755,0
2022-02-20,0,NA,84.4,0,NA,0,0,62.759,0,0,0,0,1026.924,0,NA,0,752,0
2022-02-21,0,NA,44.993,0,NA,0,0,0,275.282,0,0,0,1027.632,0,NA,0,747,0
2022-02-22,0,NA,5.586,0,NA,0,0,0,290.632,0,0,0,996.087,0,NA,0,742,0
2022-02-23,0,NA,NA,0,NA,0,0,0,290.052,0,0,0,957.839,0,NA,0,739,0
2022-02-24,0,NA,NA,0,NA,0,0,0,293.777,0,0,0,946.35,0,NA,0,735,0
2022-02-25,0,NA,NA,0,NA,0,0,0,140.381,0,0,0,801.838,0,NA,0,732,0
2022-02-26,0,NA,NA,0,NA,0,0,5.099,0,0,0,0,746.579,0,NA,0,729,0
2022-02-27,0,NA,NA,0,NA,0,0,0,0,0,0,0,609.376,0,NA,0,725,0
2022-02-28,0,NA,NA,0,NA,0,0,0,0,0,0,0,572.388,0,NA,0,722,0
2022-03-01,0,NA,NA,0,NA,0,0,0,0,0,0,0,505.112,0,NA,0,720,0
2022-03-02,0,NA,NA,0,NA,0,0,0,0,0,0,0,491.15,0,NA,0,718,0
2022-03-03,0,NA,NA,0,NA,0,0,0,0,0,0,0,447.106,0,NA,0,714,0
2022-03-04,0,NA,NA,0,NA,0,0,0,0,0,0,0,385.338,0,NA,0,716,0
2022-03-05,0,NA,NA,0,NA,0,0,0,0,0,0,0,351.184,0,NA,0,722,0
2022-03-06,0,NA,NA,0,NA,0,0,0,0,0,0,0,268.039,0,NA,0,737,0
2022-03-07,0,NA,NA,0,NA,0,0,0,0,0,0,0,287.355,0,NA,0,737,0
2022-03-08,0,NA,NA,0,NA,0,0,0,0,0,0,0,247.923,0,NA,0,439,0
2022-03-09,0,NA,NA,0,NA,0,0,0,0,0,0,0,280.994,0,NA,0,106,0
2022-03-10,0,NA,NA,0,NA,0,0,0,0,0,0,0,304.768,0,NA,0,0,0
2022-03-11,0,NA,NA,0,NA,0,0,0,0,0,0,0,293.998,0,NA,0,0,0
2022-03-12,0,NA,NA,0,NA,0,0,0,0,0,0,0,401.804,0,NA,0,0,0
2022-03-13,0,NA,NA,0,NA,0,0,0,0,0,0,0,359.055,0,NA,0,0,0
2022-03-14,0,NA,NA,0,NA,0,0,0,0,0,0,0,462.416,0,NA,0,0,0
2022-03-15,0,NA,NA,0,NA,0,0,0,0,0,0,0,533.261,0,NA,0,0,0
2022-03-16,0,NA,NA,0,NA,0,0,0,0.063,0,0,0,689.263,0,NA,0,0,0
2022-03-17,0,NA,NA,0,NA,0,0,0,174.435,0,0,0,696.538,0,NA,0,0,0
2022-03-18,0,NA,NA,0,NA,0,0,0,0,0,0,0,733.002,0,NA,0,0,0
2022-03-19,0,NA,NA,0,NA,114.224,0,0,0,0,0,0,734.857,0,NA,0,0,0
2022-03-20,0,NA,NA,0,NA,120.909,0,0,0,0,0,0,789.298,0,NA,0,0,0
2022-03-21,0,NA,NA,0,NA,107.022,0,0,0,0,0,0,854.835,0,NA,0,0,0
2022-03-22,0,NA,NA,0,NA,0,0,0,0,0,0,0,846.133,0,NA,0,0,0
2022-03-23,0,NA,NA,0,NA,0,0,0,0,0,0,0,802.109,0,NA,0,0,0
2022-03-24,0,NA,NA,0,NA,0,0,0,0,0,0,0,784.462,0,NA,0,0,0
2022-03-25,0,NA,NA,0,NA,0,0,0,0,0,0,0,854.317,0,NA,0,0,0
2022-03-26,0,NA,NA,0,NA,0,0,0,0,0,0,0,828.754,0,NA,0,0,0
2022-03-27,0,NA,NA,0,NA,0,0,0,0,0,0,0,824.709,0,NA,0,0,0
2022-03-28,40.196,NA,NA,0,NA,0,0,0,0,0,0,0,850.442,0,NA,0,0,0
2022-03-29,0,NA,NA,0,NA,0,0,0,0,0,0,0,827.802,0,NA,0,0,0
2022-03-30,0,NA,NA,0,NA,6.108,0,0,0,0,0,0,835.271,0,NA,0,0,0
2022-03-31,32.684,NA,NA,0,NA,0,0,0,0,0,0,0,853.227,0,NA,0,0,0
2022-04-01,0,NA,NA,0,NA,0,0,0,0,0,0,0,888.999,0,NA,0,0,0
2022-04-02,0,NA,NA,0,NA,0,0,0,0,0,0,0,883.494,0,NA,0,0,0
2022-04-03,0,NA,NA,0,NA,0,0,0,0,0,0,0,883.962,0,NA,0,0,0
2022-04-04,0,NA,NA,0,NA,0,0,0,0,0,0,0,923.986,0,NA,0,0,0
2022-04-05,0,NA,NA,0,NA,0,0,0,0,0,0,0,933.423,0,NA,0,0,0
2022-04-06,0,NA,NA,0,NA,0.366,0,0,275.686,0,0,0,961.982,0,NA,0,0,0
2022-04-07,0,NA,NA,0,NA,0,0,0,165.491,0,0,0,1036.075,0,NA,0,0,0
2022-04-08,0,NA,NA,0,NA,0,0,0,346.522,0,0,0,967.432,0,NA,0,0,0
2022-04-09,0,NA,NA,0,NA,0,0,0,0,0,0,0,1002.677,0,NA,0,0,0
2022-04-10,0,NA,NA,0,NA,0,0,0,0,0,0,0,1023.685,0,NA,0,0,0
2022-04-11,24.046,NA,NA,0,NA,0,0,0,347.106,0,0,0,1038.184,0,NA,0,0,0
2022-04-12,0,NA,NA,0,NA,0,0,0,44.199,0,0,0,1121.139,0,NA,0,0,0
2022-04-13,0,NA,NA,0,NA,0,0,0,0,0,0,0,966.506,0,NA,0,0,0
2022-04-14,19.315,NA,NA,0,NA,0,0,0,0,0,0,0,1085.953,0,NA,0,0,0
2022-04-15,1.185,NA,NA,0,NA,0.771,0,0,0.195,0,0,0,1089.528,0,NA,0,0,0
2022-04-16,0,NA,NA,0,NA,0,0,0,0,0,0,0,1312.769,0,NA,0,0,0
2022-04-17,0,NA,NA,0,NA,0,0,0,0,0,0,0,1004.695,0,NA,0,0,0
2022-04-18,0,NA,NA,0,NA,0,0,0,0,0,0,0,1186.531,0,NA,0,0,0
2022-04-19,0,NA,NA,0,NA,0,0,0,0,0,0,0,1197.258,0,NA,0,0,0
2022-04-20,0,NA,NA,0,NA,0,0,0,0,0,0,0,1207.738,0,NA,0,0,0
2022-04-21,32.146,NA,NA,0,NA,0,0,0,0,0,0,0,1293.06,0,NA,0,0,0
2022-04-22,0,NA,NA,0,NA,0,0,0,0,0,0,0,1391.268,0,NA,0,0,0
2022-04-23,49.807,NA,NA,0,NA,0,0,0,0,0,0,0,1396.276,0,NA,0,0,0
2022-04-24,6.94,NA,NA,0,NA,0,0,0,327.624,0,0,0,1502.646,0,NA,0,0,0
2022-04-25,33.848,NA,NA,0,NA,0,0,0,171.689,0,0,0,1483.393,0,NA,0,0,0
2022-04-26,0,NA,NA,0,NA,0,0,0,0,0,0,0,1601.246,0,NA,0,0,0
2022-04-27,41.167,NA,NA,0,NA,0,0,0,292.749,0,0,0,1605.361,0,NA,0,0,0
2022-04-28,53.856,NA,NA,0,NA,0,0,0,0,0,0,0,1612.515,0,NA,0,0,0
2022-04-29,0,NA,NA,0,NA,0,0,0,0,0,0,0,1694.334,0,NA,0,0,0
2022-04-30,0,NA,NA,0,NA,0,0,0,15.56,0,0,0,1676.17,0,NA,0,0,0
2022-05-01,0,NA,NA,0,NA,0,0,0,0,0,0,0,1672.197,0,NA,0,0,0
2022-05-02,0,NA,NA,0,NA,0,0,0,0,0,0,0,1620.423,0,NA,0,0,0
2022-05-03,0,NA,NA,0,NA,0,0,0,7.96,0,0,0,1611.967,0,NA,0,0,0
2022-05-04,0,NA,NA,0,NA,0,0,0,17.347,0,0,0,1594.145,0,NA,0,0,0
2022-05-05,0,NA,NA,0,NA,0,0,0,36.273,0,0,0,1571.031,0,NA,0,0,0
2022-05-06,0,NA,NA,0,NA,0,0,0,177.624,0,0,0,1530.983,0,NA,0,0,0
2022-05-07,0,NA,NA,0,NA,0,0,0,134.446,0,0,0,1548.028,0,NA,0,0,0
2022-05-08,0,NA,NA,0,NA,0,0,0,0,0,0,0,1502.538,0,NA,0,0,0
2022-05-09,0,NA,NA,0,NA,0,0,0,222.137,0,0,0,1439.772,0,NA,0,0,0
2022-05-10,0,NA,NA,0,NA,0,0,0,0,0,0,0,1439.072,0,NA,0,0,0
2022-05-11,0,NA,NA,0,NA,0,0,0,307.797,0,0,0,1408.984,0,NA,0,0,0
2022-05-12,0,NA,NA,0,NA,0,0,0,0,0,0,0,1360.622,0,NA,0,0,0
2022-05-13,0,NA,NA,0,NA,0,0,0,307.481,0,0,0,1304.763,0,NA,0,0,0
2022-05-14,0,NA,NA,0,NA,0,0,0,356.864,0,0,0,1260.001,0,NA,0,0,0
2022-05-15,0,NA,NA,0,NA,0,0,0,0,0,0,0,1300.639,0,NA,0,0,0
2022-05-16,0,NA,NA,0,NA,0.375,0,0,347.742,0,0,0,1256.538,0,NA,0,0,0
2022-05-17,0,NA,NA,0,NA,0,0,0,0,0,0,0,1220.199,0,NA,0,0,0
2022-05-18,0,NA,NA,0,NA,0,0,0,0,0,0,0,1164.772,0,NA,0,0,0
2022-05-19,0,NA,NA,0,NA,11.13,0,0,0,0,0,0.082,1082.606,0,NA,0,0,0
2022-05-20,0,NA,NA,0,NA,0,0,0,170.776,0,0,0,1031.235,0,NA,0,0,0
2022-05-21,0,NA,NA,0,NA,154.409,0,0,614.239,0,0,0,1001.688,0,NA,0,0,0
2022-05-22,0,NA,NA,0,NA,439.273,0,0,606.209,0,0,0,946.448,0,NA,0,0,0
2022-05-23,0,NA,NA,0,NA,527.539,0,0,363.456,0,0,0,875.855,0,NA,0,0,0
2022-05-24,0,NA,NA,0,NA,368.414,0,0,278.834,0,0,0.408,810.862,0,NA,0,0,0
2022-05-25,0,NA,0,0,NA,325.556,0,0,0,0,0,0.018,822.561,0,NA,0,0,0
2022-05-26,0,NA,0,0,NA,128.559,0,0,0,0,0,0,784.994,0,NA,0,0,0
2022-05-27,0,NA,0,0,NA,41.646,0,0,0,0,0,0,740.315,0,NA,0,0,0
2022-05-28,0,NA,0,0,NA,9.854,0,0,0,0,0,0,644.985,0,NA,0,0,0
2022-05-29,0,NA,0,0,NA,23.953,0,0,0,0,0,0,664.758,0,NA,0,0,0
2022-05-30,0,NA,0,0,NA,83.477,0,0,220.667,0,0,0,616.381,0,NA,0,0,0
2022-05-31,0,NA,0,0,NA,301.471,0,0,187.44,0,0,0,558.439,0,NA,0,0,0
2022-06-01,0,NA,0,0,NA,566.05,0,0,53.642,0,0,0,412.964,0,NA,248,253,270
2022-06-02,0,NA,0,0,NA,428.138,0,0,98.111,0,0,0,311.073,0,NA,336,333,356
2022-06-03,0,NA,0,0,NA,904.68,0,0,665.368,0,0,0,323.621,0,NA,335,330,350
2022-06-04,0,NA,0,0,NA,1950.409,0,0,1817.187,0,0,0,381.66,0,NA,366,368,385
2022-06-05,0,NA,0,0,NA,1809.254,0,0,1841.182,0,0,16.242,339.42,0,NA,382,385,400
2022-06-06,0,NA,0,0,NA,1468.479,0,0,683.203,0,431.539,157.077,330.912,0,NA,387,386,401
2022-06-07,0,NA,0,0,NA,1401.312,0,0,1289.841,0,886.264,190.69,276.105,0,NA,612,609,624
2022-06-08,0,NA,0,0,NA,1315.056,0,0,1714.758,0,750.818,187.184,290.153,0,NA,722,722,742
2022-06-09,0,NA,0,0,NA,1372.648,0,0,1630.202,0,578.265,181.931,302.98,0,NA,724,725,743
2022-06-10,0,NA,0,0,NA,1851.663,0,0,1726.788,0,601.611,174.155,338.193,0,NA,715,717,733
2022-06-11,0,NA,0,0,NA,1233.605,0,0,2166.796,0,757.601,288.804,415.463,0,NA,717,719,735
2022-06-12,0,NA,0,0,NA,883.365,0,0,1904.548,0,1226.24,70.365,340.311,0,NA,714,714,731
2022-06-13,0,NA,0,0,NA,852.103,0,0,1338.86,0,866.768,240.238,297.175,0,NA,713,713,729
2022-06-14,0,NA,0,0,NA,1024.79,0,0,689.483,0,1017.558,196.287,355.755,0,NA,711,712,727
2022-06-15,0,NA,0,0,NA,907.031,0,0,166.785,0,920.113,62.537,352.417,0,NA,706,706,721
2022-06-16,0,NA,0,0,NA,356.332,0,0,0,0,613.852,7.579,328.941,0,NA,698,700,718
2022-06-17,0,NA,0,0,NA,113.201,0,0,149.528,0,412.538,88.43,278.389,0,NA,688,695,715
2022-06-18,0,NA,0,0,NA,133.154,0,0,0,0,437.77,0,272.683,0,NA,676,683,706
2022-06-19,0,NA,0,0,NA,175.071,0,0,1008.591,0,693.243,0,194.345,0,NA,673,678,700
2022-06-20,0,NA,0,0,NA,289.887,0,0,1254.603,0,428.003,0,198.695,0,NA,669,676,696
2022-06-21,0,NA,0,0,NA,466.618,0,13.189,1146.256,0,656.955,136.821,477.207,0,NA,665,675,699
2022-06-22,0,NA,0,0,NA,664.821,0,0,389.917,0,596.453,133.099,341.749,0,NA,392,407,426
2022-06-23,0,NA,0,0,NA,338.579,0,0,459.764,0,204.145,222.11,169.011,0,NA,204,199,201
2022-06-24,0,NA,0,0,NA,277.729,0,0,96.623,0,268.813,387.382,76.874,0,NA,207,202,205
2022-06-25,0,NA,0,0,NA,303.711,0,0,99.256,0,679.077,255.6,166.895,0,NA,209,204,207
2022-06-26,0,NA,0,0,NA,323.492,0,0,51.169,0,336,213.684,383.168,0,NA,210,205,208
2022-06-27,0,NA,0,0,NA,200.486,0,0,0,0,195.202,137.379,384.581,0,NA,209,205,208
2022-06-28,0,NA,0,0,NA,140.7,0,0,106.744,0,190.617,84.383,683.975,0,NA,208,203,208
2022-06-29,0,NA,0,0,NA,97.442,0,0,237.869,0,15.448,189.953,517.866,0,NA,68,70,75
2022-06-30,0,NA,0,0,NA,109.65,0,0,0,0,80.614,51.08,297.005,0,NA,0,0,0
2022-07-01,0,NA,0,0,NA,174.379,0,0,0,0,115.663,0,299.385,0,NA,0,0,0
2022-07-02,0,NA,0,0,NA,291.3,0,0,0,0,0,68.936,210.69,0,NA,0,0,0
2022-07-03,0,NA,0,0,NA,541.618,0,0,0,0,0,61.727,263.671,0,NA,0,0,0
2022-07-04,0,NA,0,0,NA,628.588,0,0,0,0,0,35.68,252.649,0,NA,0,0,0
2022-07-05,0,NA,0,0,NA,504.364,0,0,0,0,0,42.315,220.03,0,NA,0,0,0
2022-07-06,0,NA,0,0,NA,266.595,0,0,0,0,0,0,290.85,0,NA,0,0,0
2022-07-07,0,NA,0,0,NA,240.648,0,0,0,0,0,0,313.621,0,NA,0,0,0
2022-07-08,0,NA,0,0,NA,219.327,0,0,0,0,0,19.953,303.694,0,NA,0,0,0
2022-07-09,0,NA,0,0,NA,233.767,0,0,0,0,0,40.641,276.36,0,NA,0,0,0
2022-07-10,0,NA,0,0,NA,239.023,0,0,0,0,0,0,236.339,0,NA,0,0,0
2022-07-11,0,NA,0,0,NA,97.645,0,0,0,0,0,0,189.958,0,NA,0,0,0
2022-07-12,0,NA,0,0,NA,63.767,0,0,0,0,0,27.998,182.323,0,NA,0,0,0
2022-07-13,0,NA,0,0,NA,0,0,0,0,0,0,24.703,93.222,0,NA,0,0,0
2022-07-14,0,NA,0,0,NA,0,0,0,276.284,0,0,0,132.248,0,NA,0,0,0
2022-07-15,0,NA,0,0,NA,0,0,0,85.539,0,0,71.006,92.583,0,NA,0,0,0
2022-07-16,0,NA,0,0,NA,2.028,0,0,0,0,29.733,201.366,78.544,0,NA,0,0,0
2022-07-17,0,NA,0,0,NA,51.94,0,0,712.85,0,603.328,240.498,189.624,0,NA,0,0,0
2022-07-18,0,NA,0,0,NA,29.253,0,0,877.156,0,426.572,157.751,132.695,0,NA,0,0,0
2022-07-19,0,NA,0,0,NA,19.027,0,0,612.775,0,620.297,203.556,99.051,0,NA,0,0,0
2022-07-20,0,NA,0,0,NA,75.413,0,0,425.191,0,474.622,141.972,64.495,0,NA,0,0,0
2022-07-21,0,NA,0,0,NA,199.745,0,0,308.614,0,535.121,130.471,66.819,0,NA,96,0,0
2022-07-22,0,NA,0,0,NA,166.577,0,0,152.324,0,313.8,161.664,68.8,0,NA,140,0,0
2022-07-23,0,NA,0,0,NA,193.305,0,0,201.02,0,444.438,159.038,100.771,0,NA,138,0,0
2022-07-24,0,NA,0,0,NA,212.104,0,0,218.105,0,290.642,140.189,73.391,0,NA,139,0,0
2022-07-25,0,NA,0,0,NA,166.048,0,0,13.808,0,221.748,134.571,44.344,0,NA,140,0,0
2022-07-26,0,NA,0,0,NA,133.468,0,0,5.6,0,197.424,157.836,83.956,0,NA,138,0,0
2022-07-27,0,NA,0,0,NA,94.865,0,0,156.8,0,172.109,164.952,57.704,0,NA,138,0,0
2022-07-28,0,NA,0,0,NA,136.184,0,0,0,0,0,263.114,134.377,0,NA,138,0,0
2022-07-29,0,NA,0,0,NA,152.959,0,0,0,0,0,208.647,255.36,0,NA,138,0,0
2022-07-30,0,NA,0,0,NA,110.994,0,0,0,0,0,96.055,340.61,0,NA,137,0,0
2022-07-31,0,NA,0,0,NA,0,0,0,0,0,0,56.846,332.717,0,NA,137,0,0
2022-08-01,0,NA,0,0,NA,0,0,0,0,0,0,47.076,285.588,0,NA,137,0,0
2022-08-02,0,NA,0,0,NA,0,0,0,0,0,0,0,361.636,0,NA,89,0,0
2022-08-03,0,NA,0,0,NA,16.415,0,0,0,0,0,0,57.847,0,NA,0,0,0
2022-08-04,0,NA,0,0,NA,0,0,0,78.621,0,0,0,105.769,0,NA,0,0,0
2022-08-05,0,NA,NA,0,NA,0,0,0,0,0,0,0,80.226,0,NA,0,0,0
2022-08-06,0,NA,NA,0,NA,0,0,0,0,0,0,0,84.329,0,NA,0,0,0
2022-08-07,0,NA,NA,0,NA,0,0,0,0,0,0,0,69.413,0,NA,0,0,0
2022-08-08,0,NA,NA,0,NA,0,0,0,0,0,0,0,55.405,0,NA,0,0,0
2022-08-09,0,NA,NA,0,NA,0,0,0,0,0,0,0,103.959,0,NA,0,0,0
2022-08-10,0,NA,NA,0,NA,0,0,0,0,0,0,0,108.86,0,NA,0,0,0
2022-08-11,0,NA,NA,0,NA,0,0,0,0,0,0,0,99.048,0,NA,0,0,0
2022-08-12,0,NA,NA,0,NA,0,0,0,0,0,0,0,93.955,0,NA,0,0,0
2022-08-13,0,NA,NA,0,NA,0,0,0,0,0,0,0,73.748,0,NA,0,0,0
2022-08-14,0,NA,NA,0,NA,0,0,0,0,0,0,0,67.113,0,NA,0,0,0
2022-08-15,0,NA,NA,0,NA,0,0,0,0,0,0,0,54.689,0,NA,0,0,0
2022-08-16,0,NA,NA,0,NA,20.604,0,0,0,0,0,0,0,0,NA,0,0,0
2022-08-17,0,NA,NA,0,NA,0,0,0,0,0,0,0,0.092,0,NA,0,0,0
2022-08-18,0,NA,NA,0,NA,0,0,0,125.886,0,20.15,0,0,0,NA,0,0,0
2022-08-19,0,NA,NA,0,NA,0,0,0,124.653,0,0,0,173.488,0,NA,0,0,0
2022-08-20,0,NA,NA,0,NA,0,0,0,0,0,0,0,125.248,0,NA,0,0,0
2022-08-21,0,NA,NA,0,NA,0,0,0,0,0,0,0,157.797,0,NA,0,0,0
2022-08-22,0,NA,NA,0,NA,0,0,0,257.123,0,0,0,269.005,0,NA,0,0,0
2022-08-23,0,NA,NA,0,NA,0,0,0,270.637,0,0,0,258.6,0,NA,0,0,0
2022-08-24,0,NA,NA,0,NA,0,0,0,184.544,0,0,0,209.28,0,NA,0,0,0
2022-08-25,0,NA,NA,0,NA,18.245,0,0,1.982,0,0,0,245.236,0,NA,0,0,0
2022-08-26,0,NA,NA,0,NA,0,0,0,44.755,0,0,0,389.352,0,NA,0,0,0
2022-08-27,0,NA,NA,0,NA,0,0,0,143.005,0,0,0,598.079,0,NA,0,0,0
2022-08-28,0,NA,NA,0,NA,0,0,0,0,0,0,0,655.838,0,NA,0,0,0
2022-08-29,0,NA,NA,0,NA,0,0,0,321.667,0,0,0,934.555,0,NA,0,0,0
2022-08-30,0,NA,NA,0,NA,0.718,0,0,153.061,0,0,0,712.764,0,NA,0,0,0
2022-08-31,0,NA,NA,0,NA,15.872,0,0,280.246,0,0,0,863.138,0,NA,0,0,0
2022-09-01,0,NA,NA,0,NA,0,0,0,232.95,0,0,0,852.459,0,NA,0,0,0
2022-09-02,0,NA,NA,0,NA,0,0,0,139.059,0,0,0,783.826,0,NA,0,0,0
2022-09-03,0,NA,NA,0,NA,0,0,0,0,0,0,0,611.575,0,NA,0,0,0
2022-09-04,0,NA,NA,0,NA,0,0,0,0,0,0,0,397.563,0,NA,0,0,0
2022-09-05,0,NA,NA,0,NA,0,0,0,0,0,0,0,310.735,0,NA,0,0,0
2022-09-06,0,NA,NA,0,NA,0,0,0,253.781,0,0,0,287.256,0,NA,0,0,0
2022-09-07,0,NA,NA,0,NA,0,0,0,236.41,0,0,0,289.902,0,NA,0,0,0
2022-09-08,0,NA,NA,0,NA,19.532,0,0,212.448,0,0,0,251.581,0,NA,0,0,0
2022-09-09,0,NA,NA,0,NA,0,0,0,0,0,0,0,142.213,0,NA,0,0,0
2022-09-10,0,NA,NA,0,NA,6.83,0,0,0,0,0,0,165.751,0,NA,0,0,0
2022-09-11,0,NA,NA,0,NA,0,0,0,0,0,0,0,161.479,0,NA,0,0,0
2022-09-12,0,NA,NA,0,NA,0,0,0,894.971,0,0,0,153.831,0,NA,0,0,0
2022-09-13,0,NA,NA,0,NA,0,0,0,677.373,0,42.759,17.73,263.899,0,NA,0,0,0
2022-09-14,0,NA,NA,0,NA,0,0,0,601.868,0,0,24.237,678.049,0,NA,0,0,0
2022-09-15,0,NA,NA,0,NA,0,0,0,1053.963,0,0,113.343,719.198,0,NA,0,0,0
2022-09-16,0,NA,NA,0,NA,0,0,0,1678.99,0,0,350.746,821.485,0,NA,0,0,0
2022-09-17,0,NA,NA,0,NA,0,0,0,1936.767,0,0,200.22,957.171,0,NA,0,0,0
2022-09-18,0,NA,NA,0,NA,0,0,0,2022.034,0,0,171.516,1083.477,0,NA,0,0,0
2022-09-19,0,NA,NA,0,NA,448.817,0,0,1885.125,0,0,170.847,1237.7,0,NA,0,0,0
2022-09-20,0,NA,NA,0,NA,354.104,0,0,1695.132,0,13.141,218.439,1386.977,0,NA,0,0,0
2022-09-21,0,NA,NA,0,NA,581.762,0,0,1314.717,0,493.825,281.822,1489.089,0,NA,0,0,0
2022-09-22,0,NA,NA,0,NA,650.69,0,0,989.314,0,590.9,213.889,1651.459,0,NA,0,0,0
2022-09-23,0,NA,NA,0,NA,586.856,0,0,817.153,0,641.42,194.649,2123.189,0,NA,0,0,0
2022-09-24,0,NA,NA,0,NA,342.155,0,0,809.556,0,603.913,190.135,2869.538,0,NA,0,0,0
2022-09-25,0,NA,NA,0,NA,1149.159,0,0,1445.732,0,1081.722,143.895,3911.854,0,NA,0,0,0
2022-09-26,0,NA,NA,0,NA,1212.295,0,0,1800.579,0,1101.938,0,4950.139,0,NA,1072,1095,1337
2022-09-27,0,NA,NA,0,NA,1170.608,0,0,2183.235,0,1689.112,0,5164.49,0,NA,1767,1561,1970
2022-09-28,0,NA,NA,0,NA,1888.641,0,0,3224.311,0,2316.19,0,6507.441,0,NA,1716,1379,1684
2022-09-29,0,NA,NA,0,NA,2170.014,0,0,3518.993,0,2477.128,0,7407.883,0,NA,1343,190,947
2022-09-30,0,NA,NA,0,NA,1894.765,0,0,3230.073,0,2547.813,0,8299.477,0,NA,434,150,157
2022-10-01,0,NA,NA,0,NA,860.449,0,0,2580.827,0,2210.785,0,8789.011,0,NA,0,0,0
2022-10-02,0,NA,NA,0,NA,243.324,0,0,1967.829,0,1599.221,0,8996.55,0,NA,0,0,0
2022-10-03,0,NA,NA,0,NA,110.5,0,0,1535.868,0,1182.879,0,9778.877,0,NA,0,0,0
2022-10-04,0,NA,NA,0,NA,10.862,0,0,897.213,0,1180.185,0,10845.249,0,NA,0,0,0
2022-10-05,0,NA,NA,0,NA,17.281,0,0,501.325,0,1171.568,0,11545.209,0,NA,0,0,0
2022-10-06,0,NA,NA,0,NA,17.917,0,0,299.336,0,1077.294,0,12658.39,0,NA,0,0,0
2022-10-07,0,NA,NA,0,NA,17.195,0,0,195.145,0,455.747,86.11,13349.111,0,NA,0,0,0
2022-10-08,0,NA,NA,0,NA,16.944,0,0,145.163,0,340.335,170.293,13690.652,0,NA,0,0,0
2022-10-09,0,NA,NA,0,NA,2.451,0,0,97.812,0,243.587,194.514,13570.014,0,NA,0,0,0
2022-10-10,0,NA,NA,0,NA,51.393,0,0,188.881,0,228.177,121.356,13247.801,0,NA,0,0,0
2022-10-11,0,NA,NA,0,NA,0,0,0,292.379,0,145.651,48.712,13372.286,0,NA,0,0,0
2022-10-12,0,NA,NA,0,NA,0,0,0,0,0,112.914,14.718,13833.023,0,NA,0,0,0
2022-10-13,0,NA,NA,0,NA,73.705,0,0,189.688,0,127.236,41.309,13555.303,0,NA,0,0,0
2022-10-14,0,NA,NA,0,NA,13.628,0,0,1123.095,0,132.684,141.173,13828.666,0,NA,0,0,0
2022-10-15,0,NA,NA,0,NA,17.097,0,0,1438.241,0,809.401,73.541,14286.555,0,NA,0,0,0
2022-10-16,0,NA,NA,0,NA,21.839,0,0,1053.24,0,857.568,0,13556.28,0,NA,0,0,0
2022-10-17,0,NA,NA,0,NA,16.494,0,0,352.17,0,1110.52,0,13270.666,0,NA,0,0,0
2022-10-18,0,NA,NA,0,NA,20.446,0,0,346.008,0,1119.423,0,13241.051,0,NA,0,0,0
2022-10-19,0,NA,NA,0,NA,254.533,0,0,505.221,0,723.104,0,12579.589,0,NA,0,0,0
2022-10-20,0,NA,NA,0,NA,224.592,0,0,241.498,0,454.015,75.854,12207.408,0,NA,0,0,0
2022-10-21,0,NA,NA,0,NA,334.557,0,0,227.064,0,281.732,209.438,11837.319,0,NA,0,0,0
2022-10-22,0,NA,NA,0,NA,278.935,0,0,302.892,0,295.316,167.683,11251.534,0,NA,0,0,0
2022-10-23,0,NA,NA,0,NA,226.913,0,0,319.633,0,0,324.384,10731.214,0,NA,0,0,0
2022-10-24,0,NA,NA,0,NA,128.02,0,0,338.141,0,0,225.276,9938.989,0,NA,0,0,0
2022-10-25,0,NA,NA,0,NA,35.918,0,0,338.349,0,0,107.527,9304.379,0,NA,0,0,0
2022-10-26,0,NA,NA,0,NA,16.435,0,0,332.556,0,0,0,8503.691,0,NA,0,0,0
2022-10-27,0,NA,NA,0,NA,7.994,0,0,354.363,0,0,0,7603.599,0,NA,0,0,0
2022-10-28,0,NA,NA,0,NA,9.521,0,0,262.769,0,0,0,6878.839,0,NA,0,0,0
2022-10-29,0,NA,NA,0,NA,17.699,0,0,330.907,0,0,0,5921.419,0,NA,0,0,0
2022-10-30,0,NA,NA,0,NA,17.193,0,0,306.47,0,0,0,5401.621,0,NA,0,0,0
2022-10-31,0,NA,NA,0,NA,20.661,0,0,0,0,0,0,4690.137,0,NA,0,0,0
2022-11-01,0,NA,NA,0,NA,16.275,0,0,252.182,0,0,0,4389.532,0,NA,0,0,0
2022-11-02,0,NA,NA,0,NA,16.248,0,0,10.254,0,0,0,4098.016,0,NA,0,0,0
2022-11-03,0,NA,NA,0,NA,0,0,0,0,0,0,0,3583.261,0,NA,0,0,0
2022-11-04,0,NA,NA,0,NA,19.743,0,0,280.613,0,0,0,3445.409,0,NA,0,0,0
2022-11-05,0,NA,NA,0,NA,17.317,0,0,295.888,0,0,0,2869.755,0,NA,0,0,0
2022-11-06,0,NA,NA,0,NA,16.792,0,0,339.787,0,0,0,2838.433,0,NA,0,0,0
2022-11-07,0,NA,NA,0,NA,14.697,0,0,348.608,0,0,0,2444.917,0,NA,0,0,0
2022-11-08,0,NA,NA,0,NA,3.063,0,20.096,566.573,0,0,0,2183.159,0,NA,0,0,0
2022-11-09,0,NA,NA,0,NA,345.617,0,0,620.257,0,166.743,0,2124.897,0,NA,0,0,0
2022-11-10,0,NA,NA,0,NA,537.121,0,0,1626.492,0,1124.993,0,2564.732,0,NA,0,0,0
2022-11-11,0,NA,NA,0,NA,228.533,0,0,1729.189,0,1035.61,0,2688.553,0,NA,0,0,0
2022-11-12,0,NA,NA,0,NA,120.098,0,0,1042.579,0,1277.841,0,2625.852,0,NA,0,0,0
2022-11-13,0,NA,NA,0,NA,64.157,0,0,548.243,0,1472.369,0,2864.541,0,NA,0,0,0
2022-11-14,0,NA,NA,0,NA,31.696,0,0,696.57,0,1337.542,0,2893.636,0,NA,0,0,0
2022-11-15,0,NA,NA,0,NA,18.062,0,0,590.353,0,837.651,66.517,2936.409,0,NA,0,0,0
2022-11-16,0,NA,NA,0,NA,167.002,0,0,346.846,0,635.821,216.193,2983.599,0,NA,0,0,0
2022-11-17,0,NA,NA,0,NA,98.759,0,0,340.928,0,374.665,170.261,2925.675,0,NA,0,0,0
2022-11-18,0,NA,NA,0,NA,25.81,0,0,347.129,0,183.469,154.539,2801.017,0,NA,0,0,0
2022-11-19,0,NA,NA,0,NA,0,0,0,337.782,0,0,309.173,2569.663,0,NA,0,0,0
2022-11-20,0,NA,NA,0,NA,19.332,0,0,336.723,0,0,245.169,2548.431,0,NA,0,0,0
2022-11-21,0,NA,NA,0,NA,26.54,0,0,442.533,0,0,218.457,3084.82,0,NA,0,0,0
2022-11-22,0,NA,NA,0,NA,241.861,0,0,328.556,0,49.309,239.524,2960.942,0,NA,0,193,0
2022-11-23,0,NA,NA,0,NA,169.197,0,0,327.237,0,60.524,309.94,2970.447,0,NA,0,288,0
2022-11-24,0,NA,NA,0,NA,226.767,0,0,0,0,0,331.38,3217.134,0,NA,0,286,0
2022-11-25,0,NA,NA,0,NA,3.498,0,0,461.244,0,0,331.593,3350.604,0,NA,0,286,0
2022-11-26,0,NA,NA,0,NA,218.686,0,0,0,0,0,330.641,3481.882,0,NA,0,285,0
2022-11-27,0,NA,NA,0,NA,2.789,0,0,0,0,0,328.876,3293.083,0,NA,0,284,0
2022-11-28,0,NA,NA,0,NA,19.47,0,0,0,0,0,317.963,2990.833,0,NA,0,285,0
2022-11-29,0,NA,NA,0,NA,16.823,0,0,0,0,0,64.003,2798.475,0,NA,0,105,0
2022-11-30,0,NA,NA,0,NA,0,0,0,0,0,0,25.658,2656.895,0,NA,0,0,0
2022-12-01,0,NA,NA,0,NA,17.917,0,0,0,0,0,52.823,2557.818,0,NA,0,0,0
2022-12-02,0,NA,NA,0,NA,16.593,0,0,0,0,0,3.268,2241.296,0,NA,0,0,0
2022-12-03,0,NA,NA,0,NA,0,0,0,0,0,0,0,2086.467,0,NA,0,0,0
2022-12-04,0,NA,NA,0,NA,17.373,0,0,0,0,0,0,2065.08,0,NA,0,0,0
2022-12-05,0,NA,NA,0,NA,18.198,0,0,0,0,0,0,2023.07,0,NA,0,0,0
2022-12-06,0,NA,NA,0,NA,15.542,0,0,0,0,0,0,1914.791,0,NA,0,0,0
2022-12-07,0,NA,NA,0,NA,0,0,0,0,0,0,0,1824.966,0,NA,0,0,0
2022-12-08,0,NA,NA,0,NA,21.888,0,0,12.007,0,0,0,1595.372,0,NA,0,0,0
2022-12-09,0,NA,NA,0,NA,0,0,0,0,0,0,0,1640.229,0,NA,0,0,0
2022-12-10,0,NA,NA,0,NA,17.355,0,0,0,0,0,0,1598.552,0,NA,0,0,0
2022-12-11,0,NA,NA,0,NA,18.109,0,0,0,0,0,0,1609.55,0,NA,0,0,0
2022-12-12,7.177,NA,NA,0,NA,0,0,0,0,0,0,0,1568.746,0,NA,0,0,0
2022-12-13,NA,NA,NA,0,NA,0,0,0,0,0,0,60.501,1562.568,0,NA,0,0,0
2022-12-14,0,NA,NA,0,NA,0,0,0,0,0,0,9.896,1540.631,0,NA,0,0,0
2022-12-15,0,NA,NA,0,NA,111.715,0,0,0,0,0,159.93,1541.693,0,NA,0,0,0
2022-12-16,0,NA,NA,0,NA,108.28,0,0,0,0,0,333.132,1639.613,0,NA,0,0,0
2022-12-17,0,NA,NA,0,NA,202.897,0,0,345.572,0,0,334.846,1526.266,0,NA,0,0,0
2022-12-18,0,NA,NA,0,NA,490.849,0,0,0,0,0,322.152,1624.14,0,NA,0,0,0
2022-12-19,0,NA,NA,0,NA,95.825,0,0,159.316,0,0,145.35,1579.177,0,NA,0,0,0
2022-12-20,0,NA,NA,0,NA,167.546,0,0,344.701,0,0,163.356,1575.241,0,NA,0,0,0
2022-12-21,0,NA,NA,0,NA,188.364,0,0,186.484,0,0,160.86,1641.155,0,NA,0,149,0
2022-12-22,0,NA,NA,0,NA,0,0,0,0,0,0,292.56,1631.32,0,NA,0,288,0
2022-12-23,0,NA,NA,0,NA,133.793,0,0,0,0,0,322.746,1637.522,0,NA,0,287,0
2022-12-24,0,NA,NA,0,NA,34.932,0,0,0,0,0,164.233,1614.458,0,NA,0,289,0
2022-12-25,0,NA,NA,0,NA,0,0,0,0,0,0,43.01,1615.657,0,NA,0,291,0
2022-12-26,0,NA,NA,0,NA,0,0,0,0,0,0,0,1592.847,0,NA,0,290,0
2022-12-27,0,NA,NA,0,NA,0,0,0,0,0,0,0,1441.569,0,NA,0,290,0
2022-12-28,0,NA,NA,0,NA,0,0,0,0,0,0,0,1430.469,0,NA,0,289,0
2022-12-29,0,NA,NA,0,NA,0,0,0,0,0,0,0,1531.274,0,NA,0,289,0
2022-12-30,0,NA,NA,0,NA,125.735,0,0,0,0,0,0,1584.113,0,NA,0,290,0
2022-12-31,0,NA,NA,0,NA,163.069,0,0,0,0,0,0,1502.167,0,NA,0,290,0
2023-01-01,0,NA,NA,0,NA,0,0,0,0,0,0,0,1490.748,0,NA,0,291,0
2023-01-02,0,NA,NA,0,NA,0,0,0,0,0,0,0,1485.348,0,NA,0,291,0
2023-01-03,0,NA,NA,0,NA,0,0,0,0,0,0,0,1485.181,0,NA,0,290,0
2023-01-04,0,NA,NA,0,NA,29.695,0,0,0,0,0,0,1464.48,0,NA,0,289,0
2023-01-05,0,NA,NA,0,NA,0,0,0,0,0,0,0,1465.411,0,NA,0,289,0
2023-01-06,0,NA,NA,0,NA,0,0,0,0,0,0,0,1448.826,0,NA,0,290,0
2023-01-07,0,NA,NA,0,NA,0,0,0,0,0,0,0,1442.83,0,NA,0,289,0
2023-01-08,0,NA,NA,0,NA,0,0,0,0,0,0,0,1425.398,0,NA,0,288,0
2023-01-09,0,NA,NA,0,NA,0,0,0,0,0,0,0,1515.446,0,NA,0,288,0
2023-01-10,0,NA,NA,0,NA,0,0,0,0,0,4.166,0,1669.58,0,NA,0,288,0
2023-01-11,0,NA,NA,0,NA,0,0,0,0,0,0,0,1174.908,0,NA,0,287,0
2023-01-12,0,NA,NA,0,NA,32.152,0,0,0,0,18.661,0,1711.167,0,NA,0,286,0
2023-01-13,0,NA,NA,0,NA,0,0,0,0,0,0,0,1348.704,0,NA,0,286,0
2023-01-14,0,NA,NA,0,NA,0,0,0,0,0,0,0,1459.133,0,NA,0,288,0
2023-01-15,0,NA,NA,0,NA,0,0,0,0,0,0,0,1408.268,0,NA,0,290,0
2023-01-16,0,NA,NA,0,NA,97.341,0,0,0,0,0,0,1351.567,0,NA,0,290,0
2023-01-17,0.022,NA,NA,0,NA,30.94,0,0,0,0,0,0,1349.972,0,NA,0,290,0
2023-01-18,0,NA,NA,0,NA,0,0,0,192.66,0,0,0,1310.23,0,NA,0,289,0
2023-01-19,0,NA,NA,0,NA,0,0,0,332.254,0,0,0,1308.346,0,NA,0,289,0
2023-01-20,0,NA,NA,0,NA,0,0,0,357.351,0,0,0,1342.125,0,NA,0,290,0
2023-01-21,0,NA,NA,0,NA,0,0,0,0,0,0,0,1337.004,0,NA,0,291,0
2023-01-22,0,NA,NA,0,NA,0,0,0,0,0,0,0,1359.453,0,NA,0,290,0
2023-01-23,0,NA,NA,0,NA,0,0,0,350.373,0,0,0,1378.335,0,NA,0,291,0
2023-01-24,0,NA,NA,0,NA,0,0,0,0,0,0,0,1374.946,0,NA,0,291,0
2023-01-25,0,NA,NA,0,NA,0,0,0,0,0,0,0,1475.743,0,NA,0,290,0
2023-01-26,10.75,NA,NA,0,NA,0,0,0,0,0,0,0,1439.051,0,NA,0,291,0
2023-01-27,0,NA,NA,0,NA,0,0,0,0,0,0,0,1395.316,0,NA,0,292,0
2023-01-28,0,NA,NA,0,NA,0,0,0,57.95,0,0,0,1382.603,0,NA,0,291,0
2023-01-29,0,NA,NA,0,NA,24.595,0,0,0,0,0,0,1454.322,0,NA,0,290,0
2023-01-30,0,NA,NA,0,NA,0,0,0,28.334,0,0,0,1603.348,0,NA,0,289,0
2023-01-31,0,NA,NA,0,NA,0,0,0,40.614,0,0,0,1267.326,0,NA,0,289,0
2023-02-01,0,NA,NA,0,NA,0,0,0,23.029,0,0,0,1373.983,0,NA,0,289,0
2023-02-02,0,NA,NA,0,NA,0,0,0,36.065,0,0,0,1402.727,0,NA,0,288,0
2023-02-03,0,NA,NA,0,NA,0,0,0,0,0,0,0,1409.876,0,NA,0,288,0
2023-02-04,0,NA,NA,0,NA,0,0,0,0,0,0,0,1386.858,0,NA,0,289,0
2023-02-05,0,NA,NA,0,NA,0,0,0,0,0,0,0,1435.22,0,NA,0,288,0
2023-02-06,0,NA,NA,0,NA,0,0,0,219.612,0,0,0,1392.206,0,NA,0,289,0
2023-02-07,0,NA,NA,0,NA,0,0,0,51.28,0,0,0,1448.701,0,NA,0,290,0
2023-02-08,0,NA,NA,0,NA,0,0,0,49.282,0,0,0,1468.785,0,NA,0,289,0
2023-02-09,0,NA,NA,0,NA,0,0,0,40.433,0,0,0.152,1410.924,0,NA,0,464,0
2023-02-10,0,NA,NA,0,NA,0,0,0,0,0,0,0,1372.476,0,NA,0,530,0
2023-02-11,0,NA,NA,0,NA,0,0,0,0,0,0,280.228,1369.164,0,NA,0,526,0
2023-02-12,0,NA,NA,0,NA,54.455,0,0,0,0,0,291.324,1373.987,0,NA,0,525,0
2023-02-13,0,NA,NA,0,NA,85.942,0,0,0,0,0,156.193,1365.82,0,NA,0,526,0
2023-02-14,0,NA,NA,0,NA,0,0,0,0,0,0,0.281,1300.342,0,NA,0,523,0
2023-02-15,0,NA,NA,0,NA,0,0,0,0,0,0,0,1298.643,0,NA,0,519,0
2023-02-16,0,NA,NA,0,NA,0,0,0,0,0,0,0,1289.357,0,NA,0,745,0
2023-02-17,0,NA,NA,0,NA,0,0,0,0,0,0,0,1409.494,0,NA,0,902,0
2023-02-18,0,NA,NA,0,NA,0,0,0,0,0,0,0,1290.517,0,NA,0,896,0
2023-02-19,0,NA,NA,0,NA,0,0,0,0,0,0,0,1255.412,0,NA,0,886,0
2023-02-20,0,NA,NA,0,NA,0,0,0,0,0,0,0,1288.375,0,NA,0,877,0
2023-02-21,0,NA,NA,0,NA,0,0,0,0,0,0,0,1400.605,0,NA,0,869,0
2023-02-22,0,NA,NA,0,NA,0,0,0,0,0,0,0,1296.96,0,NA,0,858,0
2023-02-23,0,NA,NA,0,NA,0,0,0,0,0,0,0,1270.932,0,NA,0,851,0
2023-02-24,0,NA,NA,0,NA,0,0,0,75.072,0,0,0,1252.942,0,NA,0,844,0
2023-02-25,0,NA,NA,0,NA,0,0,0,0,0,0,0,1237.629,0,NA,0,839,0
2023-02-26,0,NA,NA,0,NA,0,0,0,0,0,0,0,1214.288,0,NA,0,830,0
2023-02-27,0,NA,NA,0,NA,0,0,0,0,0,0,0,1196.517,0,NA,0,819,0
2023-02-28,0,NA,NA,0,NA,0,0,0,0,0,0,0,1104.945,0,NA,0,292,0
2023-03-01,0,NA,NA,0,NA,0,0,0,339.333,0,0,0,1192.005,0,NA,0,0,0
2023-03-02,0,NA,NA,0,NA,0,0,0,321.836,0,0,0,1074.989,0,NA,0,0,0
2023-03-03,0,NA,NA,0,NA,0,0,0,320.76,0,0,0,906.389,0,NA,0,0,0
2023-03-04,0,NA,NA,0,NA,0,0,0,0,0,0,0,961.446,0,NA,0,0,0
2023-03-05,0,NA,NA,0,NA,0,0,0,0,0,0,0,865.388,0,NA,0,0,0
2023-03-06,74.164,NA,NA,35.05,NA,0,0,0,339.496,0,0,0,770.618,0,NA,0,0,0
2023-03-07,37.899,NA,NA,37.24,NA,0,0,0,340.104,0,0,0,606.489,0,NA,0,0,0
2023-03-08,0,NA,NA,37.24,NA,0,0,0,345.029,0,0,0,693.6,0,NA,0,0,0
2023-03-09,61.182,NA,NA,0,NA,0,0,0,234.48,0,0,0,653.336,0,NA,0,0,0
2023-03-10,44.996,NA,NA,0,NA,0,0,0,331.229,0,0,0,651.262,0,NA,0,0,0
2023-03-11,10.854,NA,NA,0,NA,0,0,0,0,0,0,0,638.735,0,NA,0,0,0
2023-03-12,0,NA,NA,0,NA,0,0,0,0,0,0,0,668.635,0,NA,0,0,0
2023-03-13,65.608,NA,NA,35.05,NA,0,0,0,338.187,0,0,0,551.305,0,NA,0,0,0
2023-03-14,76.468,NA,NA,35.05,NA,0,0,0,339.342,0,0,0,578.585,0,NA,0,0,0
2023-03-15,45.905,NA,NA,35.05,NA,0,0,0,347.575,0,0,0,640.603,0,NA,0,0,0
2023-03-16,31.807,NA,NA,30.67,NA,14.862,0,0,0,0,0,0,585.111,0,NA,0,0,0
2023-03-17,49.519,NA,NA,0,NA,0,0,0,0,0,0,0,600.296,0,NA,0,0,0
2023-03-18,0,NA,NA,0,NA,0,0,0,0,0,0,0,529.558,0,NA,0,0,0
2023-03-19,0,NA,NA,0,NA,0,0,0,0,0,0,0,526.994,0,NA,0,0,0
2023-03-20,45.584,NA,NA,0,NA,0,0,0,0,0,0,0,519.863,0,NA,0,0,0
2023-03-21,71.229,NA,NA,0,NA,0,0,0,0,0,0,0,533.523,0,NA,0,0,0
2023-03-22,47.382,NA,NA,0,NA,0,0,0,0,0,0,0,551.728,0,NA,0,0,0
2023-03-23,38.776,NA,NA,0,NA,0,0,0,0,0,0,0,524.389,0,NA,0,0,0
2023-03-24,47.638,NA,NA,0,NA,0,0,0,0,0,0,0,517.247,0,NA,0,0,0
2023-03-25,0,NA,NA,0,NA,0,0,0,0,0,0,0,523.914,0,NA,0,0,0
2023-03-26,0,NA,NA,0,NA,0,0,0,0,0,0,0,522.561,0,NA,0,0,0
2023-03-27,58.236,NA,NA,0,NA,0,0,0,0,0,0,0,516.446,0,NA,0,0,0
2023-03-28,71.996,NA,NA,0,NA,0,0,0,0,0,0,0,523.971,0,NA,0,0,0
2023-03-29,32.769,NA,NA,0,NA,0,0,0,0,0,0,0,688.129,0,NA,0,0,0
2023-03-30,47.597,NA,NA,0,NA,0,0,0,0,0,0,0,638.406,0,NA,0,0,0
2023-03-31,0,NA,NA,0,NA,0,0,0,1.851,0,0,0,447.157,0,NA,0,0,0
2023-04-01,37.789,NA,NA,0,NA,0,0,0,412.198,0,0,0,521.718,0,NA,0,0,0
2023-04-02,0,NA,NA,0,NA,0,0,0,358.461,0,0,0,487.085,0,NA,0,0,0
2023-04-03,33.483,NA,NA,0,NA,0,0,0,525.287,0,0,0,452.835,0,NA,0,0,0
2023-04-04,37.94,NA,NA,0,NA,0,0,0,72.611,0,0,0,385.364,0,NA,0,0,0
2023-04-05,64.323,NA,NA,0,NA,0,0,0,425.603,0,0,0,313.817,0,NA,0,0,0
2023-04-06,0,NA,NA,0,NA,0,0,0,366.606,0,0,0,306.821,0,NA,0,0,0
2023-04-07,49.463,NA,NA,0,NA,0,0,0,385.627,0,0,0,305.106,0,NA,0,0,0
2023-04-08,0,NA,NA,0,NA,0,0,0,185.944,0,0,0,293.619,0,NA,0,0,0
2023-04-09,0,NA,NA,0,NA,0,0,0,0,0,0,0,323.186,0,NA,0,0,0
2023-04-10,0,NA,NA,0,NA,0,0,0,20.407,0,0,0,140.73,0,NA,0,0,0
2023-04-11,0,NA,NA,0,NA,0,0,0,302.36,0,0,0,272.968,0,NA,0,0,0
2023-04-12,0,NA,NA,0,NA,0,0,0,433.251,0,0,0,303.675,0,NA,0,0,0
2023-04-13,0,NA,NA,0,NA,0,0,0,884.704,0,0,0,337.265,0,NA,0,0,0
2023-04-14,0,NA,NA,0,NA,0,0,0,870.081,0,0,0,333.645,0,NA,0,0,0
2023-04-15,0,NA,NA,0,NA,0,0,0,578.238,0,0,0,333.388,0,NA,0,0,0
2023-04-16,0,NA,NA,0,NA,0,0,0,497.903,0,0,0,261.069,0,NA,0,0,0
2023-04-17,0,NA,NA,0,NA,0,0,0,1676.787,0,0,0,351.286,0,NA,0,0,0
2023-04-18,0,NA,NA,0,NA,0,0,0,1722.464,0,0,139.055,333.73,0,NA,0,0,0
2023-04-19,0,NA,NA,0,NA,0,0,0,1492.583,0,0,314.308,306.335,0,NA,0,0,0
2023-04-20,0,NA,NA,0,NA,38.616,0,0,859.826,0,99.568,194.19,240.999,0,NA,0,0,173
2023-04-21,0,NA,NA,0,NA,235.47,0,0,674.839,0,153.464,326.33,244.204,0,NA,0,0,258
2023-04-22,0,NA,NA,0,NA,108.89,0,0,460.378,0,92.728,323.588,199.594,0,NA,0,0,254
2023-04-23,0,NA,NA,0,NA,0,0,0,449.429,0,92.188,319.987,220.666,0,NA,0,0,253
2023-04-24,0,NA,NA,0,NA,21.712,0,0,680.288,0,62.494,314.363,256.421,0,NA,0,0,252
2023-04-25,0,NA,NA,0,NA,0,0,0,866.253,0,57.032,319.174,328.313,0,NA,0,0,445
2023-04-26,0,NA,NA,0,NA,0,0,0,1349.387,0,14.392,158.015,397.334,0,NA,0,0,678
2023-04-27,0,NA,NA,0,NA,76.653,0,0,1421.054,0,62.853,302.846,268.465,0,NA,0,0,668
2023-04-28,0,NA,NA,0,NA,133.972,0,0,1289.323,0,462.638,236.041,279.182,0,NA,0,0,665
2023-04-29,0,NA,NA,0,NA,0,0,0,253.389,0,514.407,267.497,276.522,0,NA,0,0,660
2023-04-30,0,NA,NA,0,NA,0,0,0,454.838,0,512.1,170.93,230.325,0,NA,0,0,654
2023-05-01,0,NA,NA,0,NA,0,0,56.197,813.528,0,350.207,159.481,244.199,0,NA,0,0,659
2023-05-02,0,NA,NA,0,NA,0,0,0,0,0,243.929,249.588,227.621,0,NA,0,0,654
2023-05-03,0,NA,NA,0,NA,0,0,0,149.236,0,198.731,239.074,245.253,0,NA,0,0,650
2023-05-04,0,NA,NA,0,NA,0,0,0,189.41,0,182.6,113.849,233.028,0,NA,0,0,643
2023-05-05,0,NA,NA,0,NA,0,0,0,0,0,105.477,0,208.73,0,NA,0,0,632
2023-05-06,0,NA,NA,0,NA,71.309,0,0,0,0,32.788,0,214.132,0,NA,0,0,622
2023-05-07,0,NA,NA,0,NA,72.594,0,0,0,0,62.332,0,235.518,0,NA,0,0,613
2023-05-08,0,NA,NA,0,NA,0,0,52.271,0,0,0,48.465,274.803,0,NA,0,0,602
2023-05-09,0,NA,NA,0,NA,0,0,0,114.649,0,0,22.777,262.459,0,NA,0,0,591
2023-05-10,0,NA,NA,0,NA,0,0,0,0,0,0,66.096,258.967,0,NA,0,0,574
2023-05-11,0,NA,NA,0,NA,29.052,0,0,0,0,0,1.678,243.231,0,NA,0,0,326
2023-05-12,0,NA,NA,0,NA,60.015,0,0,0,0,0,64.039,250.731,0,NA,0,0,0
2023-05-13,0,NA,NA,0,NA,0,0,0,0,0,0,35.331,264.487,0,NA,0,0,0
2023-05-14,0,NA,NA,0,NA,0,0,0,0,0,0,0,251.901,0,NA,0,0,0
2023-05-15,0,NA,NA,0,NA,119.33,0,0,0,0,0,0,225.756,0,NA,0,0,0
2023-05-16,0,NA,NA,0,NA,90.668,0,0,44.719,0,34.216,0.642,208.653,0,NA,0,0,0
2023-05-17,0,NA,NA,0,NA,40.884,0,0,0,0,0,0,198.476,0,NA,0,0,0
2023-05-18,0,NA,NA,0,NA,28.362,0,0,207.014,0,0,0,222.827,0,NA,0,0,0
2023-05-19,0,NA,NA,0,NA,23.356,0,0,0,0,31.304,0,293.225,0,NA,0,0,0
2023-05-20,0.024,NA,NA,0,NA,15.771,0,0,0,0,0,0,342.175,0,NA,0,0,0
2023-05-21,0,NA,NA,0,NA,47.582,0,43.485,0,0,0,0,328.269,0,NA,0,0,0
2023-05-22,0,NA,NA,0,NA,36.272,0,27.866,0,0,0,0,322.63,0,NA,0,0,0
2023-05-23,0,NA,NA,0,NA,361.508,0,0,0,0,0,0,612.728,0,NA,0,0,0
2023-05-24,0,NA,NA,0,NA,696.812,0,0,0,0,0,0,469.021,0,NA,0,0,0
2023-05-25,0,NA,NA,0,NA,512.128,0,0,0,0,0,0,382.773,0,NA,0,0,443
2023-05-26,0,NA,NA,0,NA,593.922,0,0,296.494,0,0,0,384.803,0,NA,0,0,614
2023-05-27,0,NA,NA,0,NA,677.714,0,0,882.997,0,0,91.813,451.593,0,NA,0,0,613
2023-05-28,0,NA,NA,0,NA,682.446,0,0,506.694,0,0,322.086,406.321,0,NA,0,0,613
2023-05-29,0,NA,NA,0,NA,317.244,0,0,339.521,0,149.058,329.323,237.365,0,NA,0,0,613
2023-05-30,0,NA,NA,0,NA,223.013,0,0,361.466,0,353.268,250.501,234.739,0,NA,0,0,654
2023-05-31,0,NA,NA,0,NA,230.373,0,31.649,214.487,0,314.706,269.033,309.896,0,NA,0,0,672
2023-06-01,0,NA,NA,0,NA,418.031,0,12.851,303.479,0,420.486,225.089,442.179,0,NA,373,375,621
2023-06-02,0,NA,NA,0,NA,389.868,0,0,619.259,0,629.614,121.037,508.465,0,NA,544,550,580
2023-06-03,0,NA,NA,0,NA,643.971,0,0,449.131,0,705.311,0,485.893,0,NA,542,547,575
2023-06-04,0,NA,NA,0,NA,480.029,0,0,1299.788,0,717.081,0,454.351,0,NA,542,543,570
2023-06-05,0,NA,NA,0,NA,457,0,0,990.905,0,612.874,40.528,428.273,0,NA,538,538,566
2023-06-06,0,NA,NA,0,NA,262.246,0,0,589.273,0,792.321,21.793,480.941,0,NA,527,523,548
2023-06-07,0,NA,NA,0,NA,207.127,0,0,0,0,475.655,78.227,542.648,0,NA,512,501,520
2023-06-08,0,NA,NA,0,NA,203.17,0,40.403,107.013,0,424.49,157.635,575.46,0,NA,496,485,504
2023-06-09,0,NA,NA,0,NA,199.42,0,76.515,65.951,0,448.541,84.746,538.888,0,NA,488,475,494
2023-06-10,0,NA,NA,0,NA,317.896,0,94.141,57.047,0,250.417,0,475.05,0,NA,475,466,485
2023-06-11,0,NA,NA,0,NA,183.607,0,95.258,0,0,511.229,0,496.662,0,NA,467,454,471
2023-06-12,0,NA,NA,0,NA,332.695,0,163.66,244.92,0,559.822,0,402.829,0,NA,459,441,459
2023-06-13,0,NA,NA,0,NA,322.175,0,20.552,478.725,0,892.671,0,0.025,0,NA,456,434,452
2023-06-14,0,NA,NA,0,NA,372.871,0,0,458.3,0,833.223,0,168.707,0,NA,459,433,450
2023-06-15,0,NA,NA,0,NA,380.828,0,0,450.984,0,798.866,0,532.741,0,NA,461,435,452
2023-06-16,0,NA,NA,0,NA,503.761,0,0,451.415,0,722.3,0,875.198,0,NA,457,432,451
2023-06-17,0,NA,NA,0,NA,535.156,0,0,610.514,0,711.412,0,809.515,0,NA,459,439,459
2023-06-18,0,NA,NA,0,NA,621.191,0,0,557.665,0,673.697,0,1084.65,0,NA,NA,450,468
2023-06-19,0,NA,NA,0,NA,345.761,0,0,614.246,0,664.32,0,1020.708,0,NA,NA,460,477
2023-06-20,0,NA,NA,0,NA,274.139,0,0,340.969,0,632.341,0,1658.088,0,NA,NA,471,488
2023-06-21,0,NA,NA,0,NA,356.739,0,0,915.45,0,686.704,0.187,2048.678,0,NA,NA,489,503
2023-06-22,0,NA,NA,0,NA,387.485,0,0,458.611,0,593.166,7.041,2068.397,0,NA,NA,548,723
2023-06-23,0,NA,NA,0,NA,636.268,0,0,261.593,0,550.09,0,2180.874,0,NA,1063,575,881
2023-06-24,0,NA,NA,0,NA,298.155,0,0,438.384,0,605.79,0,2285.39,0,NA,1069,570,870
2023-06-25,0,NA,NA,0,NA,325.905,0,0,2055.847,0,756.924,0,2230.213,0,NA,1068,578,887
2023-06-26,0,NA,NA,0,NA,505.627,0,0,2694.598,0,1109.843,0,2412.486,0,NA,841,586,903
2023-06-27,0,NA,NA,0,NA,1049.653,0,0,2271.697,0,1725.121,0,2489.974,0,NA,631,592,908
2023-06-28,0,NA,NA,0,NA,559.853,0,0,1283.092,0,2227.204,0,2700.17,0,NA,635,595,913
2023-06-29,0,NA,NA,0,NA,476.704,0,0,470.036,0,2017.945,0,2958.952,0,NA,641,604,923
2023-06-30,0,NA,NA,0,NA,472.912,0,0,701.801,0,1754.472,0,3114.392,0,NA,642,608,929
2023-07-01,0,NA,NA,0,NA,399.294,0,0,342.248,0,977.63,64.706,3401.309,0,NA,638,605,927
2023-07-02,0,NA,NA,0,NA,516.933,0,0,323.407,0,482.964,247.04,3291.838,0,NA,621,598,914
2023-07-03,0,NA,NA,0,NA,224.309,0,0,255.874,0,445.18,243.408,3250.477,0,NA,610,592,907
2023-07-04,0,NA,NA,0,NA,418.411,0,0,146.532,0,309.577,188.854,2989.198,0,NA,604,586,901
2023-07-05,0,NA,NA,0,NA,267.45,0,0,0,0,232.52,171.066,2739.063,0,NA,591,573,881
2023-07-06,0,NA,NA,0,NA,206.265,0,40.748,0,0,240.881,139.236,2777.389,0,NA,570,552,852
2023-07-07,0,NA,NA,0,NA,380.58,0,0,0,0,188.834,143.89,2630.167,0,NA,8.7,262,911
2023-07-08,0,NA,NA,0,NA,229.578,0,0,0,0,214.521,147.486,2600.558,0,NA,0,0,1052
2023-07-09,0,NA,NA,0,NA,379.006,0,0,177.357,0,349.05,227.078,2150.29,0,NA,0,0,1091
2023-07-10,0,NA,NA,0,NA,244.736,0,0,313.141,0,282.065,177.986,2358.239,0,NA,0,0,1102
2023-07-11,0,NA,NA,0,NA,362.096,0,0,0,0,266.111,123.625,2008.856,0,NA,0,0,1102
2023-07-12,0,NA,NA,0,NA,364.724,0,0,0,0,172.106,147.788,1830.536,0,NA,0,0,1092
2023-07-13,0,NA,NA,0,NA,301.804,0,0,0,0,131.975,109.014,1898.453,0,NA,0,0,1073
2023-07-14,0,NA,NA,0,NA,175.634,0,0,0,0,137.69,122.999,1851.519,0,NA,0,0,1069
2023-07-15,0,NA,NA,0,NA,431.377,0,0,0,0,0,226.301,1860.321,0,NA,0,0,1063
2023-07-16,0,NA,NA,0,NA,363.22,0,0,108.076,0,0,95.512,2000.381,0,NA,0,0,1063
2023-07-17,0,NA,NA,0,NA,548.624,0,0,333.216,0,95.215,136.267,1982.272,0,NA,0,0,1073
2023-07-18,0,NA,NA,0,NA,499.429,0,0,626.881,0,147.076,132.099,1963.091,0,NA,0,0,1097
2023-07-19,0,NA,NA,0,NA,641.348,0,0,1158.775,0,154.276,82.662,2097.97,0,NA,0,0,1113
2023-07-20,0,NA,NA,0,NA,545.891,0,0,806.087,0,197.218,163.103,1917.94,0,NA,0,0,1116
2023-07-21,0,NA,NA,0,NA,395.195,0,0,149.207,0,304.377,217.141,1818.274,0,NA,0,0,1110
2023-07-22,0,NA,NA,0,NA,227.906,0,0,149.095,0,456.569,171.644,1604.246,0,NA,0,0,1112
2023-07-23,0,NA,NA,0,NA,169.364,0,0,0,0,377.045,159.852,1559.29,0,NA,0,0,1118
2023-07-24,0,NA,NA,0,NA,358.096,0,0,0,0,232.999,115.328,1430.501,0,NA,0,0,1124
2023-07-25,0,NA,NA,0,NA,186.269,0,0,0,0,143.167,63.22,1395.082,0,NA,0,0,1133
2023-07-26,0,NA,NA,0,NA,186.172,0,0,0,0,86.154,21.142,1261.226,0,NA,0,0,1102
2023-07-27,0,NA,NA,0,NA,264.261,0,0,0,0,0,0,988.484,0,NA,0,0,1108
2023-07-28,0,NA,NA,0,NA,457.269,0,0,1109.439,0,0,89.082,1223.743,0,NA,0,0,812
2023-07-29,0,NA,NA,0,NA,303.989,0,0,693.515,0,0,121.296,1268.307,0,NA,0,0,575
2023-07-30,0,NA,NA,0,NA,392.189,0,0,193.875,0,0,231.047,1185.542,0,NA,0,0,586
2023-07-31,0,NA,NA,0,NA,355.816,0,0,388.505,0,290.259,270.783,1231.201,0,NA,0,0,592
2023-08-01,0,NA,NA,0,NA,488.704,0,0,734.817,0,280.235,227.541,1630.654,0,NA,0,0,602
2023-08-02,0,NA,NA,0,NA,367.882,0,0,528.382,0,231.336,182.362,1309.707,0,NA,0,0,616
2023-08-03,0,NA,NA,0,NA,317.535,0,198.796,395.266,0,249.871,259.79,1344.119,0,NA,0,0,625
2023-08-04,0,NA,NA,0,NA,479.042,0,349.758,733.174,0,427.835,187.249,1846.324,0,NA,0,0,640
2023-08-05,0,NA,NA,0,NA,628.863,0,0,1436.498,0,576.837,184.741,1848.951,0,NA,0,0,NA
2023-08-06,0,NA,NA,0,NA,465.758,0,30.017,881.274,0,760.499,192.867,2080.767,0,NA,0,0,NA
2023-08-07,0,NA,NA,0,NA,609.863,0,129.799,513.266,0,760.029,237.981,1757.471,0,NA,0,0,NA
2023-08-08,0,NA,NA,0,NA,474.65,0,356.549,374.16,0,775.329,198.789,1502.159,0,NA,0,0,NA
2023-08-09,0,NA,NA,0,NA,416.227,0,534.654,330.664,0,709.873,190.868,1325.194,0,NA,0,0,659
2023-08-10,0,NA,NA,0,NA,455.756,0,427.041,103.384,0,637.121,169.62,949.805,0,NA,0,0,660
2023-08-11,0,NA,NA,0,NA,434.579,0,535.819,142.66,0,701.542,138.622,834.284,0,NA,0,0,662
2023-08-12,0,NA,NA,0,NA,572.064,0,472.021,45.354,0,612.994,144.101,1017.41,0,NA,0,0,664
2023-08-13,0,NA,NA,0,NA,638.172,0,408.711,0,0,561.58,139.024,989.947,0,NA,0,0,666
2023-08-14,0,NA,NA,0,NA,587.086,0,477.426,350.328,0,538.074,144.706,926.753,0,NA,0,0,688
2023-08-15,0,NA,NA,0,NA,403.858,0,334.904,360.25,0,454.481,143.421,1352.092,0,NA,0,0,693
2023-08-16,0,NA,NA,0,NA,459.407,0,232.257,0,0,440.275,135.404,797.249,0,NA,0,0,693
2023-08-17,0,NA,NA,0,NA,318.086,0,369.512,303.075,0,652.817,167.445,897.01,0,NA,0,0,695
2023-08-18,0,NA,NA,0,NA,429.284,0,377.955,454.2,0,457.461,173.018,1303.053,0,NA,0,0,697
2023-08-19,0,NA,NA,0,NA,324.065,0,113.613,830.913,0,533.061,68.142,1222.729,0,NA,0,0,698
2023-08-20,0,NA,NA,0,NA,262.24,0,0,528.523,0,814.53,0,1037.232,0,NA,0,0,703
2023-08-21,0,NA,NA,0,NA,277.926,0,0,354.044,0,856.184,0,828.01,0,NA,0,0,706
2023-08-22,0,NA,NA,0,NA,173.408,0,0,272.169,0,737.974,0,932.003,0,NA,0,0,706
2023-08-23,0,NA,NA,0,NA,179.189,0,84.227,129.47,0,346.289,71.649,734.114,0,NA,0,0,706
2023-08-24,0,NA,NA,0,NA,138.015,0,297.228,51.28,0,257.213,186.558,605.28,0,NA,0,0,705
2023-08-25,0,NA,NA,0,NA,165.324,0,197.71,196.147,0,382.005,178.866,587.093,0,NA,0,0,707
2023-08-26,0,NA,NA,0,NA,100.943,0,45.732,221.68,0,190.942,158.734,570.125,0,NA,0,0,707
2023-08-27,0,NA,NA,0,NA,186.882,0,0,140.43,0,0,280.712,546.455,0,NA,0,0,4228
2023-08-28,0,NA,NA,0,NA,117.269,0,105.131,0,0,0,282.135,532.031,0,NA,0,0,NA
2023-08-29,0,NA,NA,0,NA,318.813,0,82.033,347.383,0,173.856,154.17,333.765,0,NA,0,0,698
2023-08-30,0,NA,NA,0,NA,201.902,0,0,155.683,0,158.984,83.219,412.778,0,NA,0,0,475
2023-08-31,0,NA,NA,0,NA,301.968,0,0,0,0,28.024,195.496,424.504,0,NA,0,0,109
2023-09-01,0,NA,NA,0,NA,134.498,0,0,0,0,0,188.454,836.127,0,NA,0,0,0
2023-09-02,0,NA,NA,0,NA,105.097,0,0,0,0,31.413,283.043,782.854,0,NA,0,0,0
2023-09-03,0,NA,NA,0,NA,282.241,0,0,335.888,0,0,288.051,636.633,0,NA,0,0,0
2023-09-04,0,NA,NA,0,NA,241.114,0,0,41.183,0,0,153.955,508.855,0,NA,0,0,0
2023-09-05,0,NA,NA,0,NA,206.151,0,0,2.918,0,0,100.46,456.388,0,NA,0,0,0
2023-09-06,0,NA,NA,0,NA,238.595,0,0,0,0,0,4.47,377.539,0,NA,0,0,0
2023-09-07,0,NA,NA,0,NA,281.745,0,0,16.995,0,0,73.599,544.306,0,NA,0,0,0
2023-09-08,0,NA,NA,0,NA,70.937,0,0,0,0,0,55.306,668.927,0,NA,0,0,0
2023-09-09,0,NA,NA,0,NA,0,0,0,0,0,0,11.495,516.071,0,NA,0,0,0
2023-09-10,0,NA,NA,0,NA,22.288,0,0,0,0,0,75.777,602.33,0,NA,0,0,0
2023-09-11,0,NA,NA,0,NA,19.189,0,0,160.083,0,0,56.623,541.826,0,NA,0,0,0
2023-09-12,0,NA,NA,0,NA,33.703,0,0,339.979,0,0,3.639,485.554,0,NA,0,0,0
2023-09-13,0,NA,NA,0,NA,43.439,0,0,184.702,0,0,0,445.486,0,NA,0,0,0
2023-09-14,0,NA,NA,0,NA,185.281,0,0,130.289,0,0,0,417.122,0,NA,0,0,0
2023-09-15,0,NA,NA,0,NA,0,0,0,277.005,0,0,105.198,509.745,0,NA,0,0,0
2023-09-16,0,NA,NA,0,NA,19.002,0,0,238.465,0,56.057,199.268,572.611,0,NA,0,0,0
2023-09-17,0,NA,NA,0,NA,17.952,0,0,0,0,174.835,231.436,611.875,0,NA,0,0,0
2023-09-18,0,NA,NA,0,NA,74.254,0,0,0,0,32.885,231.732,628.13,0,NA,0,0,0
2023-09-19,0,NA,NA,0,NA,179.798,0,0,753.842,0,23.122,179.842,543.05,0,NA,0,0,0
2023-09-20,0,NA,NA,0,NA,34.097,0,0,882.793,0,0,152.619,567.679,0,NA,0,0,0
2023-09-21,0,NA,NA,0,NA,69.199,0,0,881.247,0,146.568,165.922,1051.72,0,NA,0,0,0
2023-09-22,0,NA,NA,0,NA,193.808,0,0,471.559,0,442.874,112.192,941.267,0,NA,0,0,0
2023-09-23,0,NA,NA,0,NA,219.205,0,0,274.102,0,509.024,128.107,983.761,0,NA,0,0,0
2023-09-24,0,NA,NA,0,NA,395.126,0,0,120.534,0,479.316,153.672,1072.718,0,NA,0,0,0
2023-09-25,0,NA,NA,0,NA,243.783,0,0,174.087,0,404.8,168.316,1097.365,0,NA,0,0,0
2023-09-26,0,NA,NA,0,NA,388.07,0,0,661.243,0,729.124,141.243,1122.508,0,NA,0,0,0
2023-09-27,0,NA,NA,0,NA,693.575,0,0,1327.379,0,518.995,149.748,1342.5,0,NA,0,0,0
2023-09-28,0,NA,NA,0,NA,806.886,0,0,2064.282,0,631.44,135.082,1956.849,0,NA,0,355,359
2023-09-29,0,NA,NA,0,NA,756.201,0,0,1740.73,0,975.977,0,1881.575,0,NA,0,521,525
2023-09-30,0,NA,NA,0,NA,595.027,0,0,1290.679,0,1160.688,0,2149.384,0,NA,0,519,523
2023-10-01,0,NA,NA,0,NA,1394.974,0,0,1691.426,0,1108.545,0,2798.776,0,NA,0,521,524
2023-10-02,0,NA,NA,0,NA,1363.185,0,0,1972.246,0,1182.246,0,2850.029,0,NA,0,522,525
2023-10-03,0,NA,NA,0,NA,1253.492,0,0,1381.428,0,1440.106,0,3076.439,0,NA,0,524,529
2023-10-04,0,NA,NA,0,NA,726.463,0,0,589.35,0,1425.132,0,3145.573,0,NA,0,526,530
2023-10-05,131.729,NA,NA,0,NA,519.105,0,0,61.435,0,612.677,35.643,3325.195,0,NA,0,526,530
2023-10-06,502.531,NA,NA,0,NA,217.925,0,0,358.338,0,425.825,149.575,3444.031,0,NA,0,524,527
2023-10-07,500.952,NA,NA,0,NA,121.794,0,0,197.575,0,263.989,100.012,3706.414,0,NA,0,521,525
2023-10-08,499.843,NA,NA,0,NA,44.318,0,0,345.228,0,180.325,77.429,4133.231,0,NA,0,519,523
2023-10-09,430.663,NA,NA,0,NA,75.192,0,0,353.069,0,117.595,59.401,4453.968,0,NA,0,516,520
2023-10-10,503.349,NA,NA,0,NA,19.38,0,0,337.656,0,102.074,13.82,4751.592,0,NA,0,514,518
2023-10-11,350.29,NA,NA,0,NA,19.805,0,0,112.669,0,91.609,0,4756.443,0,NA,0,512,516
2023-10-12,407.237,NA,NA,0,NA,38.089,0,0,353.176,0,21.579,0,4781.609,0,NA,0,508,512
2023-10-13,504.914,NA,NA,0,NA,179.271,0,0,335.256,0,27.28,0,4803.899,0,NA,0,224,518
2023-10-14,505.553,NA,NA,0,NA,79.127,0,0,346.95,0,21.411,0,4539.429,0,NA,0,0,534
2023-10-15,505.78,NA,NA,0,NA,19.703,0,0,359.467,0,0,0,4101.036,0,NA,0,0,537
2023-10-16,299.435,NA,NA,0,NA,26.981,0,0,240.938,0,0,0,3949.07,0,NA,0,0,540
2023-10-17,0,NA,NA,0,NA,22.854,0,0,101.452,0,0,0,3496.44,0,NA,0,0,246
2023-10-18,0,NA,NA,0,NA,16.653,0,0,0,0,0,0,3330.854,0,NA,0,0,0
2023-10-19,0,NA,NA,0,NA,9.906,0,0,0,0,0,0,3027.175,0,NA,0,0,0
2023-10-20,0,NA,NA,0,NA,10.53,0,0,0,0,0,0,2822.283,0,NA,0,0,0
2023-10-21,0,NA,NA,0,NA,18.114,0,0,0,0,0,0,2737.019,0,NA,0,0,0
2023-10-22,0,NA,NA,0,NA,19.081,0,0,0,0,0,0,2333.474,0,NA,0,0,0
2023-10-23,0,NA,NA,0,NA,33.001,0,0,0,0,0,0,2332.858,0,NA,0,0,0
2023-10-24,0,NA,NA,0,NA,0,0,0,349.064,0,0,0,2223.119,0,NA,0,0,0
2023-10-25,0,NA,NA,0,NA,17.867,0,0,396.522,0,0,32.122,1815.088,0,NA,0,0,0
2023-10-26,0,NA,NA,0,NA,19.528,0,0,516.441,0,0,5.569,1874.225,0,NA,0,0,0
2023-10-27,0,NA,NA,0,NA,17.217,0,0,508.63,0,0,0,1857.789,0,NA,0,0,0
2023-10-28,0,NA,NA,0,NA,16.071,0,0,0,0,0,0,1837.267,0,NA,0,0,0
2023-10-29,0,NA,NA,0,NA,14.628,0,0,0,0,0,0,1772.606,0,NA,0,0,0
2023-10-30,0,NA,NA,0,NA,12.572,0,0,0,0,0,0,1680.918,0,NA,0,0,0
2023-10-31,0,NA,NA,0,NA,18.028,0,0,0,0,0,0,1664.546,0,NA,0,0,0
2023-11-01,0,NA,NA,0,NA,2.983,0,0,0,0,0,0,1649.076,0,NA,0,0,0
2023-11-02,0,NA,NA,0,NA,18.567,0,0,0,0,0,0,1618.666,0,NA,0,0,0
2023-11-03,0,NA,NA,0,NA,21.058,0,0,0,0,0,0,1578.367,0,NA,0,0,0
2023-11-04,0,NA,NA,0,NA,0,0,0,0,0,0,0,376.886,0,NA,0,0,0
2023-11-05,0,NA,NA,0,NA,21.889,0,0,0,0,0,0,0,0,NA,0,0,0
2023-11-06,0,NA,NA,0,NA,15.32,0,0,0,0,0,0,0,0,NA,0,0,0
2023-11-07,0,NA,NA,0,NA,12.059,0,2.02,0,0,0,0,0,0,NA,0,0,0
2023-11-08,0,NA,NA,0,NA,6.068,0,44.751,0,0,0,0,0,0,NA,0,0,0
2023-11-09,0,NA,NA,0,NA,18.08,0,32.133,0,0,0,0,0,0,NA,0,0,0
2023-11-10,0,NA,NA,0,NA,27.713,0,157.694,0,0,55.752,279.115,0,0,NA,0,0,0
2023-11-11,0,NA,NA,0,NA,0,0,62.7,0,0,88.85,298.306,0,0,NA,0,0,0
2023-11-12,0,NA,NA,0,NA,12.909,0,0,0,0,153.701,301.698,0,0,NA,0,0,0
2023-11-13,0,NA,NA,0,NA,9.411,0,0,0,0,294.37,299.676,0,0,NA,0,0,0
2023-11-14,0,NA,NA,0,NA,24.948,0,0,635.136,0,356.604,176.935,0,0,NA,0,0,0
2023-11-15,0,NA,NA,0,NA,22.86,0,0,1009.894,0,358.741,95.482,0,0,NA,0,0,0
2023-11-16,0,NA,NA,0,NA,54.415,0,0,1889.287,0,510.683,108.571,0,0,NA,0,0,0
2023-11-17,0,NA,NA,0,NA,198.714,0,0,1011.326,0,176.27,64.981,0,0,NA,0,0,0
2023-11-18,0,NA,NA,0,NA,394.429,0,0,651.292,0,0,79.318,0,0,NA,0,0,0
2023-11-19,0,NA,NA,0,NA,86.673,0,0,225.297,0,3.82,25.602,0,0,NA,0,0,0
2023-11-20,0,NA,NA,0,NA,94.833,0,0,216.412,0,174.624,288.195,0,0,NA,0,0,0
2023-11-21,0,NA,NA,0,NA,117.231,0,87.535,0,0,124.633,275.436,427.82,0,NA,0,0,0
2023-11-22,0,NA,NA,0,NA,218.545,0,71.606,0,0,0,124.771,991.275,0,NA,0,0,0
2023-11-23,0,NA,NA,0,NA,236.66,0,489.71,0,0,0,109.656,918.923,0,NA,0,0,0
2023-11-24,0,NA,NA,0,NA,227.479,0,0,0,0,0,110.57,894.792,0,NA,0,0,0
2023-11-25,0,NA,NA,0,NA,256.37,0,0,0,0,0,144.324,881.833,0,NA,0,0,0
2023-11-26,0,NA,NA,0,NA,222.706,0,0,0,0,0,214.034,825.213,0,NA,0,0,0
2023-11-27,0,NA,NA,0,NA,329.975,0,71.762,0,0,0,213.089,812.894,0,NA,0,0,0
2023-11-28,0,NA,NA,0,NA,118.361,0,393.578,0,0,0,213.178,844.08,0,NA,0,0,0
2023-11-29,0,NA,NA,0,NA,315.386,0,403.148,0,0,0,157.506,837.066,0,NA,0,0,0
2023-11-30,0,NA,NA,0,NA,74.757,0,399.986,79.352,0,0,172.429,820.644,0,NA,0,0,0
2023-12-01,0,NA,NA,0,NA,105.657,0,410.41,45.967,0,0,274.119,781.484,0,NA,0,0,0
2023-12-02,0,NA,NA,0,NA,173.2,0,401.736,0,0,74.118,292.455,769.892,0,NA,0,0,0
2023-12-03,0,NA,NA,0,NA,211.547,0,402.228,0,0,175.572,291.69,830.697,0,NA,0,0,0
2023-12-04,0,NA,NA,0,NA,115.508,0,385.796,0,0,175.392,291.001,847.978,0,NA,0,0,0
2023-12-05,0,NA,NA,0,NA,109.466,0,401.664,0,0,175.125,290.008,824.717,0,NA,0,0,0
2023-12-06,0,NA,NA,0,NA,125.654,0,406.257,0,0,174.834,288.979,811.886,0,NA,0,0,0
2023-12-07,0,NA,NA,0,NA,80.14,0,406.287,0,0,174.593,288.33,735.88,0,NA,0,0,0
2023-12-08,0,NA,NA,0,NA,62.117,0,407.744,0,0,174.263,287.362,712.823,0,NA,0,0,0
2023-12-09,0,NA,NA,0,NA,137.352,0,0,0,0,173.8,285.907,838.294,0,NA,0,0,0
2023-12-10,0,NA,NA,0,NA,134.187,0,0,0,0,162.446,282.102,785.837,0,NA,0,0,0
2023-12-11,0,NA,NA,0,NA,112.733,0,36.386,0,0,0.083,175.418,836.23,0,NA,0,0,0
2023-12-12,0,NA,NA,0,NA,17.34,0,390.374,0,0,0,177.658,801.718,0,NA,0,0,0
2023-12-13,0,NA,NA,0,NA,47.275,0,399.439,338.36,0,0,107.798,746.9,0,NA,0,0,0
2023-12-14,0,NA,NA,0,NA,47.1,0,104.627,406.894,0,5.092,162.759,735.359,0,NA,0,0,0
2023-12-15,0,NA,NA,0,NA,81.462,0,0,138.165,0,302.478,259.692,781.159,0,NA,0,0,0
2023-12-16,0,NA,NA,0,NA,212.267,0,0,364.254,0,429.221,176.515,783.225,0,NA,0,0,0
2023-12-17,0,NA,NA,0,NA,621.035,0,0,1175.782,0,404.326,132.537,962.312,0,NA,0,0,0
2023-12-18,0,NA,NA,0,NA,805.816,0,0,1852.761,0,214.45,90.517,856.025,0,NA,0,220,0
2023-12-19,0,NA,NA,0,NA,477.56,0,0,398.585,0,129.99,77.725,769.418,0,NA,0,560,0
2023-12-20,0,NA,NA,0,NA,124.49,0,0,535.132,0,110.209,78.948,756.957,0,NA,0,555,0
2023-12-21,0,NA,NA,0,NA,191.875,0,0,290.924,0,132.126,67.094,767.069,0,NA,0,551,0
2023-12-22,0,NA,NA,0,NA,209.901,0,0,293.686,0,113.242,79.275,765.305,0,NA,0,550,0
2023-12-23,0,NA,NA,0,NA,159.424,0,0,229.495,0,0,205.33,764.197,0,NA,0,549,0
2023-12-24,0,NA,NA,0,NA,21.681,0,0,0,0,0,168.795,806.541,0,NA,0,546,0
2023-12-25,0,NA,NA,0,NA,18.29,0,0,0,0,0,155.551,801.068,0,NA,0,544,0
2023-12-26,0,NA,NA,0,NA,102.274,0,0,284.374,0,0,153.225,1006.822,0,NA,0,544,0
2023-12-27,0,NA,NA,0,NA,235.41,0,0,446.633,0,0,60.813,867.135,0,NA,0,546,0
2023-12-28,0,NA,NA,0,NA,235.783,0,0,781.593,0,69.035,183.267,946.042,0,NA,0,549,0
2023-12-29,0,NA,NA,0,NA,186.919,0,0,427.025,0,171.567,278.159,940.688,0,NA,0,550,0
2023-12-30,0,NA,NA,0,NA,44.854,0,0,326.355,0,170.873,275.922,918.405,0,NA,0,549,0
2023-12-31,0,NA,NA,0,NA,131.999,0,0,0,0,118.158,269.158,902.219,0,NA,0,548,0
2024-01-01,0,NA,NA,0,NA,72.491,0,0,0,0,0,265.703,892.043,0,NA,0,548,0
2024-01-02,0,NA,NA,0,NA,0,0,0,0,0,0,268.06,900.139,0,NA,0,552,0
2024-01-03,0,NA,NA,0,NA,18.761,0,0,37.803,0,0,253.03,885.825,0,NA,0,646,98
2024-01-04,0,NA,NA,0,NA,0,0,0,354.419,0,0,247.083,880.189,0,NA,0,779,414
2024-01-05,0,NA,NA,0,NA,34.128,0,0,286.518,0,0,277.997,861.586,0,NA,0,753,510
2024-01-06,0,NA,NA,0,NA,38.091,0,0,0,0,0,221.818,891.87,0,NA,0,740,501
2024-01-07,0,NA,NA,0,NA,109.383,0,0,590.011,0,0,103.825,880.741,0,NA,0,740,500
2024-01-08,0,NA,NA,0,NA,314.112,0,0,96.755,0,0,110.792,879.607,0,NA,0,734,497
2024-01-09,141.271,NA,NA,0,NA,140.13,0,0,214.908,0,0,245.275,859.532,0,NA,0,720,487
2024-01-10,285.19,NA,NA,0,NA,166.068,0,0,360.434,0,0,263.013,924.85,0,NA,0,732,492
2024-01-11,348.783,NA,NA,0,NA,272.511,0,0,220.078,0,3.925,261.549,994.524,0,NA,0,733,648
2024-01-12,496.492,NA,NA,0,NA,160.192,0,0,187.785,0,0,260.557,1091.908,0,NA,0,717,962
2024-01-13,496.384,NA,NA,0,NA,90.885,0,0,204.003,0,0,204.909,1184.156,0,NA,0,713,958
2024-01-14,497.806,NA,NA,0,NA,255.366,0,0,483.751,0,0,160.202,1156.511,0,NA,0,729,980
2024-01-15,497.486,NA,NA,0,NA,264.37,0,0,460.357,0,0,261.915,1216.997,0,NA,0,740,993
2024-01-16,498.028,NA,NA,0,NA,259.692,0,0,583.192,0,0,288.865,1356.693,0,NA,0,741,994
2024-01-17,499.75,NA,NA,0,NA,250.741,0,0,518.272,0,0.478,284.311,1377.196,0,NA,0,747,1004
2024-01-18,499.235,NA,NA,0,NA,253.106,0,0,310.508,0,98.861,274.222,1358.152,0,NA,0,747,1004
2024-01-19,499.216,NA,NA,0,NA,245.951,0,0,0,0,27.245,273.454,1393.201,0,NA,0,747,1005
2024-01-20,499.485,NA,NA,0,NA,193.926,0,0,0,0,0,281.306,1416.504,0,NA,0,748,1006
2024-01-21,500.096,NA,NA,0,NA,126.804,0,0,0,0,0,282.18,1400.274,0,NA,0,746,1004
2024-01-22,497.827,NA,NA,0,NA,124.549,0,0,0,0,0,283.415,1610.927,0,NA,0,740,996
2024-01-23,496.668,NA,NA,0,NA,250.618,0,0,0,0,178.533,246.114,1620.423,0,NA,0,735,989
2024-01-24,495.557,NA,NA,0,NA,175.924,0,0,0,0,87.913,252.976,1929.442,0,NA,0,715,1199
2024-01-25,495.573,NA,NA,0,NA,181.411,0,0,0,0,88.623,238.141,2219.225,0,NA,0,688,1213
2024-01-26,495.597,NA,NA,0,NA,10.222,0,0,0,0,88.942,239.927,2411.217,0,NA,0,681,909
2024-01-27,494.888,NA,NA,0,NA,11.157,0,0,0,0,95.032,265.218,2633.151,0,NA,0,673,898
2024-01-28,494.828,NA,NA,0,NA,24.007,0,0,0,0,178.42,300.758,2928.66,0,NA,0,668,890
2024-01-29,502.938,NA,NA,0,NA,11.271,0,0,0,0,170.785,300.747,2944.613,0,NA,0,670,892
2024-01-30,505.347,NA,NA,0,NA,27.009,0,0,0,0,178.392,300.334,3149.619,0,NA,0,667,892
2024-01-31,505.727,NA,NA,0,NA,0,0,0,0,0,178.399,300.353,3242.756,0,NA,0,664,889
2024-02-01,504.963,NA,NA,0,NA,13.635,0,0,0,0,145.94,301.099,3249.527,0,NA,0,382,691
2024-02-02,504.468,NA,NA,0,NA,20.503,0,0,0,0,53.537,211.861,3181.171,0,NA,0,0,482
2024-02-03,503.308,NA,NA,0,NA,0,0,0,0,0,0,0,3090.372,0,NA,0,0,486
2024-02-04,500.814,NA,NA,0,NA,100.921,0,0,308.57,0,67.556,273.696,3086.205,0,NA,0,0,487
2024-02-05,503.843,NA,NA,0,NA,239.727,0,0,114.243,0,170.721,296.155,3047.991,0,NA,0,0,491
2024-02-06,506.277,NA,NA,0,NA,333.213,0,0,98.878,0,17.552,153.414,3033.653,0,NA,0,0,494
2024-02-07,505.51,NA,NA,0,NA,300.048,0,0,0,0,0,0,2940.402,0,NA,0,0,496
2024-02-08,504.11,NA,NA,0,NA,9.876,0,0,0,0,0,63.797,2885.597,0,NA,0,0,228
2024-02-09,273.04,NA,NA,0,NA,0,0,0,0,0,0,122.015,2880.354,0,NA,0,0,0
2024-02-10,0,NA,NA,0,NA,17.335,0,0,0,0,0,117.525,2660.642,0,NA,0,0,0
2024-02-11,0,NA,NA,0,NA,0,0,0,0,0,0,117.418,2824.951,0,NA,0,0,0
2024-02-12,0,NA,NA,0,NA,20.334,0,0,0,0,0,83.656,2816.555,0,NA,0,0,0
2024-02-13,48.736,NA,NA,0,NA,0,0,0,0,0,0,0.032,2744.697,0,NA,0,0,0
2024-02-14,40.623,NA,NA,0,NA,22.033,0,0,0,0,0,0,2803.076,0,NA,0,0,0
2024-02-15,0,NA,NA,0,NA,0,0,0,0,0,0,0,2822.249,0,NA,0,0,0
2024-02-16,0,NA,NA,0,NA,16.541,0,0,0,0,0,0,2915.249,0,NA,0,0,0
2024-02-17,0,NA,NA,0,NA,120.311,0,0,0,0,76.652,0,3109.257,0,NA,0,0,0
2024-02-18,0,NA,NA,0,NA,109.649,0,0,484.152,0,181.503,0,3295.53,0,NA,0,0,0
2024-02-19,32.397,NA,NA,0,NA,124.648,0,0,1355.899,0,181.349,0,3628.23,0,NA,0,0,0
2024-02-20,0,NA,NA,0,NA,54.314,0,0,1494.415,0,181.314,0,3598.526,0,NA,0,0,0
2024-02-21,195.386,NA,NA,0,NA,386.201,0,0,573.726,0,181.088,0,3662.61,0,NA,0,0,0
2024-02-22,497.427,NA,NA,0,NA,79.219,0,0,415.676,0,180.565,0,3543.105,0,NA,0,0,0
2024-02-23,496.694,NA,NA,0,NA,18.213,0,0,168.277,0,180.044,0,3422.286,0,NA,0,0,0
2024-02-24,496.632,NA,NA,0,NA,17.471,0,0,179.513,0,179.986,0,3127.477,0,NA,0,0,0
2024-02-25,497.079,NA,NA,0,NA,9.958,0,0,0,0,179.46,0,3005.578,0,NA,0,0,0
2024-02-26,496.259,NA,NA,0,NA,15.462,0,0,0,0,178.81,0,2910.393,0,NA,0,0,0
2024-02-27,495.367,NA,NA,0,NA,0,0,0,0,0,124.441,0,2760.233,0,NA,0,0,0
2024-02-28,495.484,NA,NA,0,NA,25.324,0,0,0,0,97.502,0,2447.441,0,NA,0,0,0
2024-02-29,494.73,NA,NA,0,NA,0,0,0,0,0,40.911,0,2307.718,0,NA,0,0,0
2024-03-01,493.805,NA,NA,0,NA,16.691,0,0,0,0,0,0,2020.5,0,NA,0,0,0
2024-03-02,493.83,NA,NA,0,NA,16.742,0,0,0,0,0,0,1819.407,0,NA,0,0,0
2024-03-03,492.423,NA,NA,0,NA,13.823,0,0,0,0,93.494,0,1618.219,0,NA,0,0,0
2024-03-04,492.637,NA,NA,0,NA,2.829,0,0,0,0,563.565,0,1537.517,0,NA,0,0,0
2024-03-05,492.546,NA,NA,0,NA,16.808,0,0,0,0,243.463,0,1457.623,0,NA,0,0,0
2024-03-06,225.857,NA,NA,0,NA,17.239,0,0,332.438,0,226.395,0,1348.387,0,NA,0,0,0
2024-03-07,318.799,NA,NA,0,NA,2.454,0,0,51.676,0,356.64,0,1184.85,0,NA,0,0,0
2024-03-08,492.704,NA,NA,0,NA,14.354,0,0,0,0,170.332,0,1240.796,0,NA,0,0,0
2024-03-09,492.732,NA,NA,0,NA,16.096,0,0,0,0,133.857,0,1167.537,0,NA,0,0,0
2024-03-10,493.918,NA,NA,0,NA,8.937,0,0,0,0,131.419,0,1169.407,0,NA,0,0,0
2024-03-11,494.593,NA,NA,0,NA,8.256,0,0,0,0,139.039,0,1139.292,0,NA,0,0,0
2024-03-12,493.896,NA,NA,0,NA,14.862,0,0,0,0,189.987,0,1072.293,0,NA,0,0,0
2024-03-13,493.643,NA,NA,0,NA,5.609,0,0,0,0,228.346,0,1047.057,0,NA,0,0,309
2024-03-14,492.344,NA,NA,0,NA,16.396,0,0,0,0,218.977,0,1041.172,0,NA,0,0,506
2024-03-15,491.469,NA,NA,0,NA,0,0,0,0,0,207.866,0,1001.171,0,NA,0,0,498
2024-03-16,491.634,NA,NA,0,NA,16.98,0,0,0,0,221.731,0,990.929,0,NA,0,0,494
2024-03-17,507.689,NA,NA,0,NA,10.639,0,0,0,0,206.04,0,984.894,0,NA,0,0,490
2024-03-18,519.984,NA,NA,0,NA,6.082,0,0,0,0,90.96,0,972.995,0,NA,0,0,484
2024-03-19,520.488,NA,NA,0,NA,0,0,0,0,0,137.12,0,855.679,0,NA,0,0,482
2024-03-20,520.046,NA,NA,0,NA,115.438,0,0,0,0,95.229,0,902.497,0,NA,0,0,477
2024-03-21,355.965,NA,NA,0,NA,10.539,0,0,193.018,0,183.316,0,907.695,0,NA,0,0,473
2024-03-22,0,NA,NA,0,NA,25.509,0,0,675.383,0,183.357,0,920.898,0,NA,0,0,472
2024-03-23,0,NA,NA,0,NA,9.427,0,0,511.969,0,168.34,0,967.076,0,NA,0,0,482
2024-03-24,0,NA,NA,0,NA,17.101,0,0,252.518,0,600.616,0,896.699,0,NA,0,0,488
2024-03-25,331.217,NA,NA,0,NA,15.908,0,0,0,0,280.048,0,870.019,0,NA,0,0,485
2024-03-26,518.08,NA,NA,0,NA,0,0,0,0,0,193.55,0,843.764,0,NA,0,0,478
2024-03-27,410.648,NA,NA,0,NA,0,0,0,17.569,0,42.077,0,832.649,0,NA,0,0,475
2024-03-28,399.671,NA,NA,0,NA,0,0,0,0,0,0,0,833.943,0,NA,0,0,474
2024-03-29,519.827,NA,NA,0,NA,0,0,0,0,0,0,0,822.963,0,NA,0,0,478
2024-03-30,519.922,NA,NA,0,NA,0,0,0,0,0,0,0,873.765,0,NA,0,0,479
2024-03-31,518.35,NA,NA,0,NA,0,0,0,0,0,0,0,846.259,0,NA,0,0,475
2024-04-01,517.371,NA,NA,0,NA,0,0,0,0,0,72.496,0,852.825,0,NA,0,0,471
2024-04-02,516.393,NA,NA,0,NA,0,0,0,0,0,0,0,856.449,0,NA,0,0,467
2024-04-03,514.779,NA,NA,0,NA,0,0,0,0,0,0,0,898.058,0,NA,0,0,458
2024-04-04,515.975,NA,NA,0,NA,0,0,0,0,0,43.727,0,870.873,0,NA,0,0,203
2024-04-05,516.363,NA,NA,0,NA,0,0,0,0,0,45.062,0,856.993,0,NA,0,0,0
2024-04-06,516.346,NA,NA,0,NA,0,0,0,0,0,0,0,878.074,0,NA,0,0,0
2024-04-07,516.344,NA,NA,0,NA,0,0,0,0,0,0,0,799.623,0,NA,0,0,0
2024-04-08,515.645,NA,NA,0,NA,0,0,0,0,0,24.218,0,885.218,0,NA,0,0,0
2024-04-09,163.618,NA,NA,0,NA,0,0,0,0,0,14.08,0,858.337,0,NA,0,0,0
2024-04-10,0,NA,NA,0,NA,0,0,0,0,0,0,0,844.043,0,NA,0,0,0
2024-04-11,29.968,NA,NA,0,NA,0,0,0,0,0,0.404,0,853.02,0,NA,0,0,0
2024-04-12,21.696,NA,NA,0,NA,0,0,0,0,0,0,0,868.198,0,NA,0,0,0
2024-04-13,0,NA,NA,0,NA,0,0,0,0,0,0,0,761.675,0,NA,0,0,0
2024-04-14,0,NA,NA,0,NA,0,0,0,0,0,52.176,0,729.156,0,NA,0,0,0
2024-04-15,54.733,NA,NA,0,NA,0,0,0,0,0,93.549,0,721.513,0,NA,0,0,0
2024-04-16,0,NA,NA,0,NA,0,0,0,0,0,123.451,0,712.828,0,NA,0,0,0
2024-04-17,74.737,NA,NA,0,NA,0,0,0,0,0,184.565,0,730.665,0,NA,0,0,0
2024-04-18,28.639,NA,NA,0,NA,1.882,0,0,0,0,133.709,0,734.499,0,NA,0,0,0
2024-04-19,136.935,NA,NA,0,NA,0,0,0,0,0,187.707,0,744.461,0,NA,0,0,0
2024-04-20,54.921,NA,NA,0,NA,0,0,0,0,0,187.308,0,703.719,0,NA,0,0,0
2024-04-21,60.564,NA,NA,0,NA,0,0,206.501,0,0,129.145,0,711.117,0,NA,0,0,0
2024-04-22,42.037,NA,NA,0,NA,0,0,0,0,0,57.869,0,769.203,0,NA,0,0,0
2024-04-23,57.827,NA,NA,0,NA,9.632,0,0,0,0,48.909,0,764.723,0,NA,0,0,0
2024-04-24,66.037,NA,NA,0,NA,0,0,0,0,0,0,0,705.84,0,NA,0,0,0
2024-04-25,71.584,NA,NA,0,NA,0,0,0,0,0,38.202,0,750.646,0,NA,0,0,0
2024-04-26,91.769,NA,NA,0,NA,0,0,0,283.99,0,0,0,744.711,0,NA,0,0,0
2024-04-27,57.819,NA,NA,0,NA,0,0,0,0,0,89.489,0,694.977,0,NA,0,0,0
2024-04-28,44.388,NA,NA,0,NA,0,0,0,0,0,34.094,0,685.681,0,NA,0,0,0
2024-04-29,31.319,NA,NA,0,NA,0,0,0,318.028,0,76.455,0,580.139,0,NA,0,0,0
2024-04-30,72.054,NA,NA,0,NA,0,0,0,318.918,0,29.215,0,571.839,0,NA,0,0,0
2024-05-01,52.508,NA,NA,0,NA,0,0,0,223.044,0,24.665,0,474.297,0,NA,0,0,0
2024-05-02,54.249,NA,NA,0,NA,0,0,13.42,0,0,1.116,0,487.972,0,NA,0,0,0
2024-05-03,85.947,NA,NA,0,NA,0,0,7.464,0,0,0,0,531.303,0,NA,0,0,0
2024-05-04,58.919,NA,NA,0,NA,0,0,0,0,0,0,0,526.015,0,NA,0,0,0
2024-05-05,0,NA,NA,0,NA,0,0,0,0,0,0,0,505.394,0,NA,0,0,0
2024-05-06,62.398,NA,NA,0,NA,0,0,0,0,0,0,0,462.843,0,NA,0,0,0
2024-05-07,88.757,NA,NA,0,NA,0,0,0,0,0,4.827,0,456.83,0,NA,0,0,0
2024-05-08,125.804,NA,NA,0,NA,0,0,0,0,0,265.951,0,447.649,0,NA,0,0,0
2024-05-09,123.781,NA,NA,0,NA,0,0,0,280.049,0,258.551,0,363.262,0,NA,0,0,0
2024-05-10,71.824,NA,NA,0,NA,0,0,0,340.083,0,0,0,297.897,0,NA,0,0,0
2024-05-11,92.184,NA,NA,0,NA,0,0,0,0,0,0,0,219.445,0,NA,0,0,0
2024-05-12,33.451,NA,NA,0,NA,0,0,0,0,0,0,0,256.729,0,NA,0,0,0
2024-05-13,43.556,NA,NA,0,NA,0,0,0,322.675,0,0,0,307.405,0,NA,0,0,0
2024-05-14,126.112,NA,NA,0,NA,0,0,0,315.589,0,0,0,301.694,0,NA,0,0,0
2024-05-15,99.583,NA,NA,0,NA,0,0,0,310.521,0,0,0,308.909,0,NA,0,0,0
2024-05-16,67.417,NA,NA,0,NA,0,0,0,343.444,0,0,0,308.952,0,NA,0,0,0
2024-05-17,44.348,NA,NA,0,NA,0,0,0,334.617,0,0,0,291.743,0,NA,0,0,0
2024-05-18,97.489,NA,NA,0,NA,0,0,0,341.946,0,0,0,225.609,0,NA,0,0,0
2024-05-19,0,NA,NA,0,NA,0,0,0,221.408,0,0,0,248.451,0,NA,0,0,0
2024-05-20,59.085,NA,NA,0,NA,0,0,0,0,0,0,0,286.828,0,NA,0,0,0
2024-05-21,25.012,NA,NA,0,NA,0,0,0,0,0,0,0,314.847,0,NA,0,0,0
2024-05-22,93.671,NA,NA,0,NA,0,0,0,0,0,0,0,238.583,0,NA,0,0,0
2024-05-23,38.009,NA,NA,0,NA,0,0,0,52.947,0,0,0,222.995,0,NA,0,0,0
2024-05-24,84.878,NA,NA,0,NA,0,0,0,289.266,0,0,0,225.099,0,NA,0,0,0
2024-05-25,0,NA,NA,0,NA,0,0,0,0,0,0,0,221.052,0,NA,0,0,0
2024-05-26,0,NA,NA,0,NA,0,0,0,0,0,0,0,191.592,0,NA,0,0,0
2024-05-27,78.752,NA,NA,0,NA,0,0,0,0,0,0,0,227.044,0,NA,0,0,0
2024-05-28,0,NA,NA,0,NA,0,0,0,303.222,0,0,0,263.442,0,NA,0,0,0
2024-05-29,87.328,NA,NA,0,NA,0,0,0,0,0,0,0,254.143,0,NA,0,0,0
2024-05-30,29.875,NA,NA,0,NA,0,0,0,0,0,0,0,225.126,0,NA,0,0,0
2024-05-31,88.986,NA,NA,0,NA,0,0,0,0,0,0,0,224.041,0,NA,0,0,0
2024-06-01,24.969,NA,NA,0,NA,0,0,0,0,0,0,0,200.255,0,NA,0,0,0
2024-06-02,0,NA,NA,0,NA,0,0,0,0,0,0,0,198.167,0,NA,0,0,0
2024-06-03,63.704,NA,NA,0,NA,0,0,0,196.434,0,0,0,209.069,0,NA,0,0,0
2024-06-04,120.815,NA,NA,0,NA,0,0,0,308.033,0,0,0,200.973,0,NA,0,0,0
2024-06-05,55.972,NA,NA,0,NA,0,0,0,0,0,0,0,235.66,0,NA,0,0,0
2024-06-06,121.655,NA,NA,0,NA,0,0,0,188.733,0,0,0,245.653,0,NA,0,0,0
2024-06-07,2.87,NA,NA,0,NA,0,0,0,356.042,0,0,0,214.618,0,NA,0,0,0
2024-06-08,12.137,NA,NA,0,NA,0,0,0,351.83,0,0,0,215.065,0,NA,0,0,0
2024-06-09,0,NA,NA,0,NA,0,0,0,129.285,0,0,0,205.542,0,NA,0,0,0
2024-06-10,0,NA,NA,0,NA,26.4,0,0,0,0,0,0,240.873,0,NA,0,0,0
2024-06-11,0,NA,NA,0,NA,278.281,0,0,123.87,0,4.391,0,229.953,0,NA,0,0,0
2024-06-12,0,NA,NA,0,NA,417.492,0,0,1380.368,0,3.034,0,505.689,0,NA,0,0,0
2024-06-13,0,NA,NA,0,NA,1251.132,0,0,3750.105,0,948.689,0,593.423,0,NA,0,0,0
2024-06-14,0,NA,NA,0,NA,1247.383,0,0,3922.839,0,1263.297,0,533.403,0,NA,0,0,0
2024-06-15,0,NA,NA,0,NA,1143.729,0,0,3510.111,0,1236.959,0,481.348,0,NA,0,0,0
2024-06-16,0,NA,NA,0,NA,991.154,0,0,3200.298,0,1446.335,0,549.652,0,NA,0,0,0
2024-06-17,0,NA,NA,0,NA,1093.141,0,0,2234.054,0,1580.029,0,533.934,0,NA,0,0,0
2024-06-18,121.138,NA,NA,0,NA,873.304,0,0,1616.99,0,1394.832,0,474.937,0,NA,0,0,0
2024-06-19,417.222,NA,NA,0,NA,870.928,0,0,882.415,0,1381.497,0,448.799,0,NA,0,0,0
2024-06-20,491.361,NA,NA,0,NA,427.662,0,111.57,874.782,0,1172.754,0,387.864,0,NA,0,0,0
2024-06-21,492.459,NA,NA,0,NA,315.48,0,0,615.351,0,1017.752,0,381.804,0,NA,0,0,0
2024-06-22,510.152,NA,NA,0,NA,274.067,0,0,874.4,0,961.028,0,357.046,0,NA,0,0,0
2024-06-23,520.606,NA,NA,0,NA,103.477,0,0,77.497,0,839.481,0,388.283,0,NA,0,0,0
2024-06-24,519.741,NA,NA,0,NA,177.879,0,23.677,63.012,0,755.43,0,323.783,0,NA,0,0,0
2024-06-25,363.411,NA,NA,0,NA,252.873,0,171.272,291.206,0,564.437,0,309.049,0,NA,0,0,0
2024-06-26,150.115,NA,NA,0,NA,112.118,0,136.873,0,0,368.684,0,313.53,0,NA,0,0,0
2024-06-27,314.742,NA,NA,0,NA,35.057,0,145.607,173.648,0,382.595,0,379.973,0,NA,0,0,0
2024-06-28,310.568,NA,NA,0,NA,38.645,0,0,0,0,412.915,0,318.605,0,NA,0,0,0
2024-06-29,419.225,NA,NA,0,NA,11.107,0,0,413.534,0,397.141,0,397.283,0,NA,0,0,0
2024-06-30,398.869,NA,NA,0,NA,172.688,0,0,0,0,343.433,0,415.284,0,NA,0,0,0
