"DATE","DAY","S39","G94A","G94B","G94C","ACME2","ACME1","S362","G300","S5AS","S5A","G301","G310","G251","S6","G338","S10E","S10D","S10C","S10A"
2009-07-01,5296,0,0,0,0,0,0,577164.297330222,0,0,0,0,4782519.39238543,0,0,0,0,-2280208.408872,-2297334.437694,-2275315.25778
2009-07-02,5297,0,0,0,0,0,0,2105975.53136361,22.019179914,0,0,0,5657086.96651186,39588.038909826,0,0,0,-2280208.408872,-2267975.531142,-2221490.595768
2009-07-03,5298,0,0,0,0,0,0,900476.809158576,0,0,0,0,6381975.49530956,337098.965030064,0,0,0,-2299781.01324,-2223937.171314,-2201917.9914
2009-07-04,5299,-109760.718720198,0,0,0,0,0,355127.780228538,0,0,0,0,6086333.75290647,18373.78235046,0,0,0,-2314460.466516,-2194578.264762,-2192131.689216
2009-07-05,5300,-316271.267406966,0,0,0,0,0,348614.996125086,0,0,0,0,4315446.10147411,0,0,0,0,-2324246.7687,-2204364.566946,-2187238.538124
2009-07-06,5301,-109095.250171686,0,0,0,0,0,172657.282856766,0,0,0,0,2538065.23854267,0,0,0,0,-2304674.164332,-2197024.840308,-2172559.084848
2009-07-07,5302,-149008.68362913,0,0,0,0,0,202121.392157244,0,0,0,0,1919761.77340646,0,0,0,0,-2267975.531142,-2189685.11367,-2145646.753842
2009-07-08,5303,-190289.752816788,0,0,0,0,0,0,0,0,0,0,808510.034384436,0,0,0,0,0,0,0
2009-07-09,5304,-165535.30144236,0,0,0,0,0,354716.75553681,0,0,0,0,635189.729554704,0,0,0,0,0,0,0
2009-07-10,5305,-155981.42393523,0,0,0,0,0,57494.525331,0,0,0,0,446089.012453272,223741.780257246,0,0,0,0,0,0
2009-07-11,5306,-147420.856099776,0,0,0,0,0,0,0,0,0,0,447569.190658602,271188.219820824,0,0,0,0,0,0
2009-07-12,5307,-480446.27284575,0,0,0,0,0,94056.150290424,0,0,0,0,451417.65399246,289378.509005334,0,0,0,0,0,0
2009-07-13,5308,-255855.530874042,0,0,0,0,0,118720.07836965,0,0,0,0,440290.628409252,83575.02065136,0,0,0,0,0,0
2009-07-14,5309,-339592.025511438,0,0,0,0,0,308792.085962844,0,0,0,0,936096.50253279,120466.933309494,0,0,0,-1125424.75116,-1115638.448976,-1137657.62889
2009-07-15,5310,-101992.841361648,0,0,0,0,0,86466.872946732,0,0,0,0,726026.186426592,125959.495410264,0,0,0,0,0,0
2009-07-16,5311,-56579.506076796,0,0,0,0,0,332244.9591468,0,0,0,-1805.572752948,870501.365568984,44747.86673634,0,0,0,0,0,0
2009-07-17,5312,-655366.638082566,0,0,0,0,0,61320.969484944,0,0,0,0,442066.842255648,68557.939950012,0,0,0,0,0,0
2009-07-18,5313,-731726.707448772,0,0,0,0,0,160505.142119784,0,0,0,0,443397.779352672,79929.62308782,0,0,0,-743758.965984,-736419.239346,-746205.54153
2009-07-19,5314,-643253.64255432,0,0,0,0,0,107766.759650208,0,0,0,0,370343.033549112,33659.986361868,0,0,0,-741312.390438,-736419.239346,-748652.117076
2009-07-20,5315,-171661.526609544,0,0,0,0,0,405859.970750394,0,0,0,0,648773.116986096,62495.325747024,0,0,0,-763331.570352,-746205.54153,-763331.570352
2009-07-21,5316,-578539.272787074,0,0,0,0,0,352116.045731412,0,0,0,0,1207798.50321827,0,0,0,0,-768224.721444,-751098.692622,-768224.721444
2009-07-22,5317,-882624.147399414,0,0,0,0,0,282080.374151616,0,0,0,0,903473.864202426,75919.685767926,0,0,0,-1086279.542424,-1042241.182596,-1052027.48478
2009-07-23,5318,-882624.147399414,0,0,0,0,0,0,0,0,0,0,768236.95432173,121545.87312528,0,0,0,-1301578.190472,-1274665.859466,-1284452.16165
2009-07-24,5319,-880713.371897988,0,0,0,0,0,121355.040232692,0,0,0,0,307123.521440472,34494.268623054,0,0,0,-1289345.312742,-1269772.708374,-1286898.737196
2009-07-25,5320,-879671.130715392,0,0,0,0,0,350129.42638806,0,0,0,0,317418.71133804,0,0,0,0,-1277112.435012,-1262432.981736,-1269772.708374
2009-07-26,5321,-877611.11410566,0,0,0,0,0,0,0,0,0,0,369892.863648648,0,0,0,0,-1255093.255098,-1247753.52846,-1257539.830644
2009-07-27,5322,-701031.970648656,0,0,0,0,0,156979.626757998,0,0,0,0,269164.901844282,0,0,0,0,-1235520.65073,-1206161.744178,-1242860.377368
2009-07-28,5323,-400360.068922986,0,0,0,0,0,252100.037410932,0,0,0,0,193426.26266676,0,0,0,0,-1220841.197454,-1191482.290902,-1228180.924092
2009-07-29,5324,0,0,0,0,0,0,226158.996896694,0,0,0,0,108965.581667748,0,0,0,0,-398791.813998,-437937.022734,-479528.807016
2009-07-30,5325,-259931.525733678,0,0,0,0,0,0,0,0,0,0,69389.775635652,0,0,0,0,0,0,0
2009-07-31,5326,-420250.728111966,0,0,0,0,0,0,0,0,0,0,36016.038612666,0,0,0,0,0,0,0
2009-08-01,5327,0,0,0,0,0,0,0,0,0,0,0,0,0,0,0,0,0,0,0
2009-08-02,5328,0,0,0,0,0,0,200736.630398208,0,0,0,0,0,0,0,0,0,0,0,0
2009-08-03,5329,0,0,0,0,0,0,565.158951126,0,0,0,0,0,0,0,0,0,0,0,0
2009-08-04,5330,0,0,0,0,0,0,0,0,0,0,0,0,0,0,0,0,0,0,0
2009-08-05,5331,0,0,0,0,0,0,0,0,0,0,0,0,0,0,0,0,0,0,0
2009-08-06,5332,0,0,0,0,0,0,1795.786450764,-868.53431883,0,0,-1467.9453276,0,0,0,0,0,0,0,0
2009-08-07,5333,0,0,0,0,0,0,0,0,0,0,0,286437.725199042,0,0,0,0,0,0,0
2009-08-08,5334,0,0,0,0,0,0,0,0,0,0,0,108527.644645014,0,0,0,0,0,0,0
2009-08-09,5335,0,0,0,0,0,0,0,0,0,0,0,196516.287581358,0,0,0,0,0,0,0
2009-08-10,5336,0,0,0,0,0,0,0,0,0,0,0,605380.65310224,0,0,0,0,0,0,0
2009-08-11,5337,0,0,0,0,0,0,240691.655639934,0,0,0,0,899226.60905457,0,0,0,0,0,0,0
2009-08-12,5338,0,0,0,0,0,0,782.90417472,0,0,0,0,919863.47378508,0,0,-327.841123164,0,0,0,0
2009-08-13,5339,0,0,0,0,0,0,0,0,0,0,0,3049680.88384446,0,0,0,0,0,0,0
2009-08-14,5340,0,0,0,0,0,0,0,0,0,0,0,3660262.9565575,0,0,0,0,0,0,0
2009-08-15,5341,0,0,0,0,0,0,119375.760615978,0,0,0,0,2056412.80395274,0,0,0,0,0,0,0
2009-08-16,5342,0,0,0,0,0,0,577526.39051103,0,0,0,0,1380783.6271982,0,0,0,0,0,0,0
2009-08-17,5343,0,0,0,0,0,0,412685.916523734,0,0,0,0,1704076.56642219,10738.020071394,0,0,0,0,0,0
2009-08-18,5344,0,0,0,0,0,0,0,0,0,0,0,1944247.10147083,0,0,0,0,0,0,0
2009-08-19,5345,0,0,0,0,0,0,98900.369871504,0,0,0,0,1371635.88123171,0,0,0,0,0,0,0
2009-08-20,5346,0,0,0,167568.405721086,0,0,212597.628645216,0,0,0,0,1060044.91284424,0,0,0,0,0,0,0
2009-08-21,5347,0,0,0,239284.874700984,0,0,282006.976885236,0,0,0,0,660783.35634141,0,0,0,0,0,0,0
2009-08-22,5348,0,0,0,175270.225539894,0,0,0,0,0,0,0,312613.636965696,0,0,0,0,0,0,0
2009-08-23,5349,0,0,0,0,0,0,389193.898131042,0,0,0,0,334258.490821158,0,0,0,0,0,0,0
2009-08-24,5350,0,0,0,125651.226891468,0,0,841176.711074628,0,0,0,0,1262611.58175086,0,0,0,0,0,0,0
2009-08-25,5351,0,0,0,2962.802986206,0,0,908699.749568682,0,0,0,0,1087791.52611143,0,0,0,0,0,0,0
2009-08-26,5352,0,0,0,2957.909835114,0,0,68866.208468808,0,0,0,0,941889.993425718,0,0,0,0,0,0,0
2009-08-27,5353,0,0,0,0,0,0,0,0,0,0,0,449585.168908506,0,0,0,0,0,0,0
2009-08-28,5354,0,0,0,0,0,0,56892.667746684,0,0,0,0,435786.482829066,0,0,0,0,0,0,0
2009-08-29,5355,0,0,0,0,0,0,128286.18875451,0,0,0,0,280844.853500886,0,0,0,0,0,0,0
2009-08-30,5356,0,0,0,0,0,0,0,0,0,0,0,558416.188921224,0,0,0,0,0,0,0
2009-08-31,5357,0,0,0,0,0,0,78561.987357606,0,0,0,0,494575.2466239,0,0,0,0,0,0,0
2009-09-01,5358,0,0,0,0,0,0,463934.334485796,0,0,0,0,608397.280750458,0,0,0,0,0,0,0
2009-09-02,5359,0,0,0,0,0,0,578906.259118974,0,0,0,0,1479657.0847387,0,0,0,0,0,0,0
2009-09-03,5360,0,0,0,0,0,0,579674.483840418,0,0,0,0,1270315.84814521,0,0,0,0,0,0,0
2009-09-04,5361,0,0,0,0,0,0,280957.395976002,0,0,0,0,1421012.66890108,0,0,0,0,0,0,0
2009-09-05,5362,0,0,0,0,0,0,204925.16773296,0,0,0,0,1238808.84826382,0,0,0,0,0,0,0
2009-09-06,5363,0,0,0,0,0,0,577293.96583416,0,0,0,0,1707783.12837438,0,0,0,0,0,0,0
2009-09-07,5364,0,0,0,0,0,0,587202.59679546,0,0,0,0,1623589.12410988,0,0,0,0,0,0,0
2009-09-08,5365,0,0,0,0,0,0,1183582.29846397,0,0,0,0,3704886.04794099,0,0,0,0,0,0,0
2009-09-09,5366,0,0,0,0,0,0,792881.309796588,0,0,0,0,3844074.17732848,0,0,0,0,0,0,0
2009-09-10,5367,0,0,0,0,0,0,913054.654040562,0,0,0,0,2565324.9832762,0,0,0,0,0,0,0
2009-09-11,5368,0,0,0,0,0,0,286567.39370298,0,0,0,0,2868064.24133824,0,0,0,0,0,0,0
2009-09-12,5369,0,0,0,0,0,0,0,0,0,0,0,2316845.87767335,0,0,0,0,0,0,0
2009-09-13,5370,0,0,0,0,0,0,105807.052637862,0,0,0,0,2230520.90610829,0,0,0,0,0,0,0
2009-09-14,5371,0,0,0,0,0,0,286310.50327065,0,0,0,0,2505053.59470049,0,0,0,0,0,0,0
2009-09-15,5372,0,0,0,0,0,0,190598.021335584,0,0,0,0,1586070.88811197,0,0,0,0,0,0,0
2009-09-16,5373,0,0,0,0,0,0,0,0,0,0,0,1230292.3187882,0,0,-159.02741049,0,0,0,0
2009-09-17,5374,0,0,0,0,0,0,179341.327248438,0,0,0,0,728675.82774291,0,0,0,0,0,0,0
2009-09-18,5375,0,0,0,0,0,0,0,0,0,0,0,457675.994239128,0,0,0,0,0,0,0
2009-09-19,5376,0,0,0,0,0,0,0,0,0,0,0,327594.019033854,0,0,0,0,0,0,0
2009-09-20,5377,0,0,0,0,0,0,208675.768044978,0,0,0,0,173679.951434994,0,0,0,0,0,0,0
2009-09-21,5378,0,0,0,0,0,0,103340.904487494,0,0,0,0,76724.60912256,0,0,0,0,0,0,0
2009-09-22,5379,-491.761684746,0,0,0,0,0,279438.072561936,0,0,0,0,30286.158683934,0,0,0,0,0,0,0
2009-09-23,5380,0,0,0,0,0,0,0,0,0,0,0,4509.038731278,0,0,0,0,0,0,0
2009-09-24,5381,0,0,0,0,0,0,0,0,0,0,0,0,0,0,0,0,0,0,0
2009-09-25,5382,0,0,0,0,0,0,173359.450038468,0,0,0,0,61533.821557446,0,0,0,0,0,0,0
2009-09-26,5383,0,0,0,0,0,0,204861.556768764,0,0,0,0,281556.806984772,0,0,0,0,0,0,0
2009-09-27,5384,0,0,0,0,0,0,0,0,0,0,0,338946.129567294,0,0,0,0,0,0,0
2009-09-28,5385,0,0,0,0,0,0,0,0,0,0,0,213840.489022584,0,0,0,0,0,0,0
2009-09-29,5386,0,0,0,0,0,0,443258.32454655,0,0,0,0,311818.499913246,0,0,0,0,0,0,0
2009-09-30,5387,0,0,0,0,0,0,568633.08840132,0,0,0,0,375879.63400971,0,0,0,0,0,0,0
2009-10-01,5388,0,0,0,0,0,0,270356.384135184,0,0,0,0,429259.019272338,0,0,0,0,0,0,0
2009-10-02,5389,0,0,0,0,0,0,236591.195024838,0,0,0,0,396565.43025114,0,0,0,0,0,0,0
2009-10-03,5390,0,0,0,0,0,0,113090.508038304,0,0,0,0,222557.637692982,0,0,0,0,0,0,0
2009-10-04,5391,0,0,0,0,0,0,0,0,0,0,0,267195.408529752,0,0,0,0,0,0,0
2009-10-05,5392,0,0,0,0,0,0,0,0,0,0,0,0,0,0,0,0,0,0,0
2009-10-06,5393,0,0,0,0,0,0,0,0,0,0,-494.208260292,0,0,0,0,0,0,0,0
2009-10-07,5394,0,0,0,0,0,0,312733.51916745,0,0,0,0,0,0,0,0,0,0,0,0
2009-10-08,5395,0,0,0,0,0,0,574387.434085512,0,0,0,0,0,0,0,0,0,0,0,0
2009-10-09,5396,0,0,0,0,0,0,579395.574228174,0,0,0,0,0,0,0,0,0,0,0,0
2009-10-10,5397,0,0,0,0,0,0,588000.180423456,0,0,0,0,0,0,0,0,0,0,0,0
2009-10-11,5398,0,0,0,0,0,0,583716.22664241,0,0,0,0,0,0,0,0,0,0,0,0
2009-10-12,5399,0,0,0,0,0,0,108520.304918376,0,0,0,0,0,0,0,0,0,0,0,0
2009-10-13,5400,0,0,0,206801.691176742,0,0,340876.477673088,0,0,0,0,0,0,0,-269.12331006,0,0,0,0
2009-10-14,5401,0,0,0,298281.597417228,0,0,447894.58520622,0,0,0,0,9370.38434118,0,0,0,0,0,0,0
2009-10-15,5402,0,0,0,295255.183466826,0,0,401436.562163226,0,0,0,0,0,0,0,0,0,0,0,0
2009-10-16,5403,0,0,0,175818.258462198,0,0,135050.9701392,0,0,0,0,0,0,0,0,0,0,0,0
2009-10-17,5404,0,0,0,0,0,0,222900.158269422,0,0,0,0,0,0,0,0,0,0,0,0
2009-10-18,5405,0,0,0,0,0,0,149182.390492896,0,0,0,0,0,0,0,0,0,0,0,0
2009-10-19,5406,0,0,0,289848.251510166,0,0,220223.604622098,0,0,0,0,0,0,0,0,0,0,0,0
2009-10-20,5407,0,0,0,130534.591681284,0,0,201761.745551982,0,0,0,0,0,0,0,0,0,0,0,0
2009-10-21,5408,0,0,0,0,0,0,189117.843130254,0,0,0,-1717.496033292,0,0,0,0,0,0,0,0
2009-10-22,5409,0,0,0,0,0,0,141793.732343976,0,0,0,0,0,0,0,0,0,0,0,0
2009-10-23,5410,0,0,0,0,0,0,188772.875978268,0,0,0,0,0,0,0,0,0,0,0,0
2009-10-24,5411,0,0,0,0,0,0,64570.021810032,0,0,0,0,0,0,0,0,0,0,0,0
2009-10-25,5412,0,0,0,0,0,0,0,0,0,0,0,0,0,0,0,0,0,0,0
2009-10-26,5413,0,0,0,149468.639831778,0,0,0,0,0,0,0,0,0,0,0,0,0,0,0
2009-10-27,5414,0,0,0,0,0,0,89745.284178372,0,0,0,0,0,0,0,0,0,0,0,0
2009-10-28,5415,0,0,0,0,0,0,129228.12033972,0,0,0,0,0,0,0,0,0,0,0,0
2009-10-29,5416,-190942.98848757,0,0,190509.944615928,0,0,35644.159129674,0,0,0,0,0,0,0,0,0,0,0,0
2009-10-30,5417,-31431.156039462,0,0,164390.304086832,0,0,193.279468134,0,0,0,0,0,0,0,0,0,0,0,0
2009-10-31,5418,0,0,0,0,0,0,0,0,0,0,0,0,0,0,0,0,0,0,0
2009-11-01,5419,0,0,0,0,0,0,0,0,0,0,0,0,0,0,0,0,0,0,0
2009-11-02,5420,0,0,0,0,0,0,77898.96538464,0,0,0,0,0,0,0,0,0,0,0,0
2009-11-03,5421,0,0,0,0,0,0,0,0,0,0,0,0,0,0,0,0,0,0,0
2009-11-04,5422,-80465.423132394,0,0,0,0,0,0,0,0,0,0,0,0,0,0,0,0,0,0
2009-11-05,5423,-146192.675175684,0,0,0,0,0,0,0,0,0,0,0,0,0,0,0,0,0,0
2009-11-06,5424,0,0,0,0,0,0,68528.58104346,0,0,0,0,0,0,0,0,0,0,0,0
2009-11-07,5425,0,0,0,0,0,0,0,0,0,0,0,0,0,0,0,0,0,0,0
2009-11-08,5426,0,0,0,0,0,0,0,0,0,0,0,0,0,0,0,0,0,0,0
2009-11-09,5427,0,0,0,0,0,0,68888.227648722,-692.380879518,0,0,-484.421958108,0,0,0,0,0,0,0,0
2009-11-10,5428,0,0,0,0,0,0,95.416446294,0,0,0,0,0,0,0,0,0,0,0,0
2009-11-11,5429,0,0,0,0,0,0,0,0,0,0,0,0,0,0,0,0,0,0,0
2009-11-12,5430,0,0,0,0,0,0,67784.822077476,0,0,0,0,0,0,0,0,0,0,0,0
2009-11-13,5431,-94826.821587414,0,0,0,0,0,59419.980285702,0,0,0,0,0,0,0,0,0,0,0,0
2009-11-14,5432,-56322.615644466,0,0,0,0,0,0,0,0,0,0,0,0,0,0,0,0,0,0
2009-11-15,5433,0,0,0,0,0,0,0,0,0,0,0,0,0,0,0,0,0,0,0
2009-11-16,5434,0,0,0,0,0,0,0,0,0,0,0,0,0,0,-689.934303972,0,0,0,0
2009-11-17,5435,0,0,0,0,0,0,0,0,0,0,0,0,0,0,0,0,0,0,0
2009-11-18,5436,0,0,0,0,0,0,0,0,0,0,0,0,0,0,0,0,0,0,0
2009-11-19,5437,-58186.906210518,0,0,164091.82187022,0,0,92250.577537476,0,0,0,0,0,0,0,0,0,0,0,0
2009-11-20,5438,-199501.109747478,0,0,156644.445908196,0,0,11900.143455744,0,0,0,0,0,0,0,0,0,0,0,0
2009-11-21,5439,-199647.904280238,0,0,80445.850528026,0,0,0,0,0,0,0,0,0,0,0,0,0,0,0
2009-11-22,5440,-162232.42445526,0,0,244075.269620052,0,0,0,0,0,0,0,0,0,0,0,0,0,0,0
2009-11-23,5441,-117078.426178284,0,0,153307.316863452,0,0,0,0,0,0,0,0,0,0,0,0,0,0,0
2009-11-24,5442,-85590.998901264,0,0,0,0,0,0,0,0,0,0,0,0,0,0,0,0,0,0
2009-11-25,5443,0,0,0,0,0,0,282873.06462852,0,0,0,0,0,0,0,0,0,0,0,0
2009-11-26,5444,0,0,0,0,0,0,144915.562740672,0,0,0,0,0,0,0,0,0,0,0,0
2009-11-27,5445,0,0,0,0,0,0,150515.774165466,0,0,0,0,0,0,0,0,0,0,0,0
2009-11-28,5446,0,0,0,0,0,0,67833.753588396,0,0,0,0,0,0,0,0,0,0,0,0
2009-11-29,5447,0,0,0,0,0,0,69805.693478472,0,0,0,0,0,0,0,0,0,0,0,0
2009-11-30,5448,0,0,0,0,0,0,76565.58171207,0,0,0,0,0,0,0,0,0,0,0,0
2009-12-01,5449,0,0,0,0,0,0,0,0,0,0,0,0,0,0,0,0,0,0,0
2009-12-02,5450,0,0,0,0,0,0,0,0,0,0,0,76225.507711176,0,0,0,0,0,0,0
2009-12-03,5451,0,0,0,0,0,0,0,0,0,0,0,0,0,0,0,0,0,0,0
2009-12-04,5452,0,0,0,0,0,0,0,0,0,0,0,0,0,0,0,0,0,0,0
2009-12-05,5453,0,0,0,0,0,0,103942.76207181,0,0,0,0,0,0,0,0,0,0,0,0
2009-12-06,5454,0,0,0,0,0,0,0,0,0,0,0,0,0,0,0,0,0,0,0
2009-12-07,5455,0,0,0,0,0,0,0,0,0,0,0,0,0,0,0,0,0,0,0
2009-12-08,5456,0,0,0,0,0,0,0,0,0,0,0,0,0,0,0,0,0,0,0
2009-12-09,5457,0,0,0,0,0,0,98039.175279312,0,0,0,-638.556217506,0,0,0,0,0,0,0,0
2009-12-10,5458,0,0,0,0,0,0,0,0,0,0,0,4286.400356592,0,0,0,0,0,0,0
2009-12-11,5459,0,0,0,0,0,0,193159.585932246,0,0,0,0,0,0,0,0,0,0,0,0
2009-12-12,5460,0,0,0,0,0,0,160443.977731134,0,0,0,0,0,0,0,0,0,0,0,0
2009-12-13,5461,0,0,0,0,0,0,160742.459947746,0,0,0,0,2179.898811486,0,0,0,0,0,0,0
2009-12-14,5462,0,0,0,0,0,0,121014.966231798,0,0,0,0,368554.586824986,0,0,0,0,0,0,0
2009-12-15,5463,0,0,0,0,0,0,506450.924324184,0,0,0,0,760887.441381546,0,0,0,0,0,0,0
2009-12-16,5464,0,0,0,0,0,0,239106.274686126,0,0,0,0,361241.772517992,64207.928629224,0,0,0,0,0,0
2009-12-17,5465,0,0,0,0,0,0,502871.584300386,0,0,0,0,644107.497419874,170452.91828982,0,0,0,0,0,0
2009-12-18,5466,0,0,0,0,0,0,1642926.85722547,0,0,0,0,1111496.39657662,89468.821141674,0,0,0,0,0,0
2009-12-19,5467,0,0,0,0,0,0,1432885.90002582,0,0,0,0,1191103.07169237,0,0,0,0,0,0,0
2009-12-20,5468,0,0,0,0,0,0,428544.619212906,0,0,0,0,288064.697937132,90513.508899816,0,0,0,0,0,0
2009-12-21,5469,0,0,0,0,0,0,20710.26199689,0,0,0,0,931797.869298468,245112.617651556,0,0,0,0,0,0
2009-12-22,5470,0,0,0,0,0,0,0,0,0,0,0,252865.81555683,230039.26571265,0,0,0,0,0,0
2009-12-23,5471,0,0,0,0,0,0,519014.089752894,0,0,0,0,221581.454050128,63493.528569792,0,0,0,0,0,0
2009-12-24,5472,0,0,0,0,0,0,436217.080125162,0,0,0,0,206153.348657052,0,0,0,0,0,0,0
2009-12-25,5473,0,0,0,0,0,0,219780.774448272,0,0,0,0,19310.820784578,0,0,0,0,0,0,0
2009-12-26,5474,0,0,0,0,0,0,0,0,0,0,0,33552.337037844,0,0,0,0,0,0,0
2009-12-27,5475,0,0,0,0,0,0,62864.75865447,0,0,0,0,134126.164582812,0,0,0,0,0,0,0
2009-12-28,5476,0,0,0,0,0,0,17245.911023754,0,0,0,0,57085.947214818,0,0,0,0,0,0,0
2009-12-29,5477,0,0,0,0,0,0,572824.072311618,0,0,0,0,0,0,0,0,0,0,0,0
2009-12-30,5478,0,0,0,0,0,0,2869.833115458,0,0,0,0,0,0,0,0,0,0,0,0
2009-12-31,5479,0,0,0,0,0,0,262972.619137356,0,0,0,0,0,0,0,0,0,0,0,0
2010-01-01,5480,0,0,0,0,0,0,502656.285652338,0,0,0,0,0,0,0,0,0,0,0,0
2010-01-02,5481,0,0,0,161028.709286628,0,0,225992.629759566,0,0,0,0,0,0,0,0,0,0,0,0
2010-01-03,5482,0,0,0,247803.850752156,0,0,0,0,0,0,0,0,0,0,0,0,0,0,0
2010-01-04,5483,0,0,0,245305.89711969,0,0,0,0,0,0,0,0,0,0,0,0,0,0,0
2010-01-05,5484,0,0,0,272044.521261924,0,0,0,0,0,0,-1137.65762889,0,234.871252416,0,0,0,0,0,0
2010-01-06,5485,0,0,0,306800.5734684,0,0,0,0,0,0,0,0,0,0,0,0,0,0,0
2010-01-07,5486,0,0,0,116963.437127622,0,0,0,0,0,0,0,16071.554761674,0,0,0,0,0,0,0
2010-01-08,5487,0,0,0,0,0,0,66439.205527176,0,0,0,0,42494.570658474,0,0,0,0,0,0,0
2010-01-09,5488,0,0,0,69191.603016426,0,0,581986.497731388,0,0,0,0,0,0,0,0,0,0,0,0
2010-01-10,5489,0,0,0,282168.450871272,0,0,196208.019062562,0,0,0,0,0,0,0,0,0,0,0,0
2010-01-11,5490,0,0,0,103384.942847322,0,0,0,0,0,0,0,0,0,0,0,0,0,0,0
2010-01-12,5491,0,0,0,0,0,0,0,-151.687683852,0,0,0,0,0,0,0,0,0,0,0
2010-01-13,5492,0,0,0,0,0,0,143222.53246284,-533.353469028,0,0,-1392.101485674,0,0,0,0,0,0,0,0
2010-01-14,5493,0,0,0,0,0,0,287007.77730126,0,0,0,-6463.852592532,0,0,0,0,0,0,0,0
2010-01-15,5494,0,0,0,0,0,0,411139.680778662,0,0,0,0,0,0,0,0,0,0,0,0
2010-01-16,5495,0,0,0,0,0,0,253893.37728615,0,0,0,0,0,0,0,0,0,0,0,0
2010-01-17,5496,0,0,0,0,0,0,0,0,0,0,0,0,0,0,0,0,0,0,0
2010-01-18,5497,0,0,0,0,0,0,0,0,0,0,0,123603.443159466,0,0,0,0,0,0,0
2010-01-19,5498,0,0,0,0,0,0,47899.056039588,0,0,0,0,225407.898204072,0,0,0,0,0,0,0
2010-01-20,5499,0,0,0,0,0,0,0,0,0,0,0,225723.506449506,0,0,0,0,0,0,0
2010-01-21,5500,0,0,0,0,0,0,0,0,0,0,0,222836.547305226,0,0,-1132.764477798,0,0,0,0
2010-01-22,5501,0,0,0,0,0,0,0,0,0,0,0,4056.422255268,0,0,0,0,0,0,0
2010-01-23,5502,0,0,0,0,0,0,0,0,0,0,0,185032.061968434,0,0,0,0,0,0,0
2010-01-24,5503,0,0,0,0,0,0,0,0,0,0,0,310078.98470004,0,0,0,0,0,0,0
2010-01-25,5504,-386.558936268,0,0,0,0,0,126598.05162777,0,0,0,0,288490.402082136,0,0,0,0,0,0,0
2010-01-26,5505,0,0,0,0,0,0,142429.841985936,0,0,0,0,295301.6684022,0,0,0,0,0,0,0
2010-01-27,5506,0,0,0,0,0,0,29711.213430624,0,0,0,0,160231.125658632,0,0,0,0,0,0,0
2010-01-28,5507,0,0,0,0,0,0,5103.556588956,0,0,0,0,223592.53914894,0,0,0,0,0,0,0
2010-01-29,5508,0,0,0,0,0,0,0,0,0,0,0,76139.877567066,0,0,0,0,0,0,0
2010-01-30,5509,0,0,0,0,0,0,0,0,0,0,0,55640.021067132,0,0,0,0,0,0,0
2010-01-31,5510,0,0,0,0,0,0,0,0,0,0,0,0,0,0,0,0,0,0,0
2010-02-01,5511,0,0,0,0,0,0,0,0,0,0,0,282677.33858484,0,0,0,0,0,0,0
2010-02-02,5512,0,0,0,0,0,0,188327.599228896,0,0,0,0,442700.505322062,0,0,0,0,0,0,0
2010-02-03,5513,0,0,0,0,0,0,301760.62784364,0,0,0,0,329680.947974592,0,0,0,0,0,0,0
2010-02-04,5514,0,0,0,0,0,0,235915.940174142,-63.610964196,0,0,0,245369.508083886,0,0,0,0,0,0,0
2010-02-05,5515,0,0,0,0,0,0,0,0,0,0,0,224994.426936798,0,0,0,0,0,0,0
2010-02-06,5516,0,0,0,0,0,0,0,0,0,0,0,158317.90358166,0,0,0,0,0,0,0
2010-02-07,5517,0,0,0,0,0,0,289077.580213176,0,0,0,0,111135.69417705,0,0,0,0,0,0,0
2010-02-08,5518,0,0,0,0,0,0,239678.77336389,0,0,0,0,223154.602126206,0,0,0,0,0,0,0
2010-02-09,5519,0,0,0,0,0,0,0,0,0,0,0,73336.10199135,0,0,-117.435626208,0,0,0,0
2010-02-10,5520,0,0,0,0,0,0,80996.330025876,0,0,0,0,51984.837201408,0,0,0,0,0,0,0
2010-02-11,5521,0,0,0,0,0,0,0,0,0,0,0,45520.984608876,0,0,-95.416446294,0,0,0,0
2010-02-12,5522,0,0,0,0,0,0,127865.377760598,0,0,0,0,92152.714515636,0,0,0,0,0,0,0
2010-02-13,5523,0,0,0,0,0,0,283792.977033816,0,0,0,0,108965.581667748,0,0,0,0,0,0,0
2010-02-14,5524,0,0,0,0,0,0,207105.066544446,0,0,0,0,231468.065831514,0,0,0,0,0,0,0
2010-02-15,5525,0,0,0,0,0,0,22327.448432796,0,0,0,0,196004.953292244,0,0,0,0,0,0,0
2010-02-16,5526,0,0,0,0,0,0,0,0,0,0,0,167252.797475652,0,0,0,0,0,0,0
2010-02-17,5527,0,0,0,106653.567776778,0,0,0,0,0,0,0,132107.739757362,0,0,0,0,0,0,0
2010-02-18,5528,0,0,0,269889.088205898,0,0,0,0,0,0,0,100064.9398314,0,0,0,0,0,0,0
2010-02-19,5529,0,187730.634795672,0,270598.595114238,0,0,0,0,0,0,0,61910.59419153,0,0,0,0,0,0,0
2010-02-20,5530,0,174832.28851716,0,269950.252594548,0,0,0,0,0,0,0,33310.12605879,0,0,0,0,0,0,0
2010-02-21,5531,0,0,0,206985.184342692,0,0,0,0,0,0,0,57717.163705686,0,0,0,0,0,0,0
2010-02-22,5532,0,0,0,0,0,0,0,0,0,0,0,220424.22381687,0,0,0,0,0,0,0
2010-02-23,5533,0,0,0,0,0,0,0,0,0,0,0,0,0,0,0,0,0,0,0
2010-02-24,5534,0,0,0,0,0,0,0,0,0,0,0,0,0,0,0,0,0,0,0
2010-02-25,5535,0,0,0,0,0,0,231627.093242004,0,0,0,0,88835.15807526,0,0,0,0,0,0,0
2010-02-26,5536,0,0,0,0,0,0,25082.292497592,0,0,0,0,74233.995216732,0,0,0,0,0,0,0
2010-02-27,5537,0,0,0,0,0,0,0,0,0,0,0,0,0,0,0,0,0,0,0
2010-02-28,5538,0,0,0,0,0,0,163301.577968862,0,0,0,0,0,0,0,0,0,0,0,0
2010-03-01,5539,0,0,0,0,0,0,98019.602674944,0,0,0,0,0,0,0,0,0,0,0,0
2010-03-02,5540,0,0,0,0,0,0,0,0,0,0,0,0,0,0,0,0,0,0,0
2010-03-03,5541,0,0,0,0,0,0,86532.930486474,0,0,0,0,0,0,0,0,0,0,0,0
2010-03-04,5542,0,0,0,99521.800060188,0,0,0,0,0,0,0,0,0,0,0,0,-861194.592192,0,0
2010-03-05,5543,0,0,0,239054.89659966,0,0,0,0,0,0,0,0,0,0,0,0,-1896096.04815,0,0
2010-03-06,5544,0,0,0,230631.336994782,0,0,0,0,0,0,0,0,0,0,0,0,-1878970.019328,0,0
2010-03-07,5545,0,0,0,226973.706553512,0,0,0,0,0,0,0,0,0,0,0,0,-1874076.868236,0,0
2010-03-08,5546,0,0,0,224576.062518432,0,0,141160.069277562,0,0,0,0,0,0,0,0,0,-1859397.41496,0,0
2010-03-09,5547,0,0,0,138498.195083514,0,0,0,0,0,0,0,0,0,0,0,0,-1847164.53723,0,0
2010-03-10,5548,0,0,0,0,0,0,36789.156485202,0,0,0,0,0,0,0,0,0,-1844717.961684,0,0
2010-03-11,5549,0,0,0,0,0,0,26474.393983266,0,0,0,0,0,0,0,0,0,-1842271.386138,0,0
2010-03-12,5550,0,0,0,0,0,0,2526363.26770615,0,0,0,0,2959443.83798134,123715.985634582,0,0,0,-1945027.55907,0,0
2010-03-13,5551,0,0,0,0,0,0,4654587.95708509,0,0,0,0,5349498.59571765,101921.890670814,0,0,0,-2013531.674358,0,0
2010-03-14,5552,0,0,0,0,0,0,5425481.89244977,0,0,0,0,6385767.68740586,59669.530991394,0,0,0,-2033104.278726,0,0
2010-03-15,5553,0,0,0,0,0,0,5069292.29843427,0,0,0,0,6755212.82772959,271929.532211262,0,0,0,-2057570.034186,0,0
2010-03-16,5554,0,0,0,0,0,0,2468127.42998471,0,0,0,0,6449055.70362979,321663.51991035,0,0,0,-2630068.71195,-1773767.27085,-1225734.348546
2010-03-17,5555,0,0,0,0,0,0,583943.758168188,0,0,0,0,2911366.1819269,157557.018586854,0,0,0,-3107150.94342,-3491263.304142,-2600709.805398
2010-03-18,5556,0,0,0,0,0,0,90413.19930243,0,0,0,0,1381052.75050826,0,0,0,0,-3048433.130316,-3114490.670058,-2539545.416748
2010-03-19,5557,0,0,0,0,0,0,46431.110711988,0,0,0,0,1538318.62660514,24145.254063474,0,0,0,-3028860.525948,-3087578.339052,-2522419.387926
2010-03-20,5558,0,0,0,0,0,0,0,0,0,0,0,1616609.04407714,58830.355579116,0,0,0,-2982375.590574,-3043539.979224,-2485720.754736
2010-03-21,5559,0,0,0,0,0,0,83271.645283656,0,0,0,0,1119601.90136052,0,0,0,0,-3058219.4325,-2992161.892758,-2493060.481374
2010-03-22,5560,0,0,0,0,0,0,69906.003075858,0,0,0,0,966793.685908452,0,0,0,0,-3200120.814168,0,-2583583.776576
2010-03-23,5561,0,0,0,0,0,0,1749.30151539,0,0,0,-193.279468134,787555.114832946,0,0,0,0,-3202567.389714,-2294887.862148,-2595816.654306
2010-03-24,5562,0,0,0,0,0,0,79215.223028388,0,0,0,0,751458.339227262,0,0,0,0,-3180548.2098,-2727931.73379,-2586030.352122
2010-03-25,5563,0,0,0,0,0,0,6028.362145344,0,0,0,0,0,0,0,0,0,-3146296.152156,-3124276.972242,-2561564.596662
2010-03-26,5564,0,0,0,0,0,0,81250.77388266,0,0,0,0,129166.95595107,0,0,0,0,-3121830.396696,-3099811.216782,-2537098.841202
2010-03-27,5565,0,0,0,0,0,0,0,0,0,0,0,84879.045417378,0,0,0,0,-3112044.094512,-3094918.06569,-2537098.841202
2010-03-28,5566,0,0,0,0,0,0,43742.324186934,0,0,0,0,18278.365904166,0,0,0,0,-3063112.583592,-3033753.67704,-2493060.481374
2010-03-29,5567,0,0,0,0,0,0,224446.394014494,0,0,0,0,0,0,0,0,0,-3080238.612414,-3063112.583592,-2490613.905828
2010-03-30,5568,0,0,0,0,0,0,309768.269605698,0,0,0,0,1145102.55827648,0,0,0,0,-3102257.792328,-3102257.792328,-2524865.963472
2010-03-31,5569,0,0,0,0,0,0,604600.195503066,0,0,0,0,1130102.60360395,49932.160318314,0,0,0,-3094918.06569,-3080238.612414,-2517526.236834
2010-04-01,5570,0,0,0,0,0,0,0,0,0,0,0,1089915.15368536,0,0,0,0,-3082685.18796,-3063112.583592,-2500400.208012
2010-04-02,5571,0,0,0,0,0,0,34486.928896416,0,0,0,0,0,0,0,0,0,-3058219.4325,-3031307.101494,-2475934.452552
2010-04-03,5572,0,0,0,0,0,0,44601.07220358,0,0,0,0,82608.62331069,0,0,0,0,-3026413.950402,-2989715.317212,-2444128.970454
2010-04-04,5573,0,0,0,0,0,0,122279.84578908,0,0,0,0,226506.410624226,0,0,0,0,-3001948.194942,-2962802.986206,-2422109.79054
2010-04-05,5574,0,0,0,0,0,0,205588.189705926,0,0,0,0,210434.855862552,0,0,0,0,-2972589.28839,-2930997.504108,-2392750.883988
2010-04-06,5575,0,0,0,0,0,0,0,0,0,0,0,0,0,0,0,0,-2926104.353016,-2896745.446464,-2353605.675252
2010-04-07,5576,0,266500.581074688,0,113112.527218218,0,0,84167.091933492,0,0,0,0,0,0,0,0,0,-2877172.842096,-2860046.813274,-2309567.315424
2010-04-08,5577,0,563913.644173086,0,265167.197402118,0,0,0,0,0,0,-555.372648942,0,0,0,0,0,-2823348.180084,-2779309.820256,-2250849.50232
2010-04-09,5578,0,433753.37855034,0,252831.563499186,0,0,76259.75976882,0,0,0,0,27844.476289026,0,0,0,0,-3019074.223764,-1154783.657712,-934591.858572
2010-04-10,5579,0,0,0,235918.386749688,0,0,0,0,0,0,0,0,0,0,0,0,-3359148.224658,0,0
2010-04-11,5580,0,0,0,211787.81213949,0,0,213133.42868979,0,0,0,0,0,0,0,0,0,-3498603.03078,0,0
2010-04-12,5581,0,0,0,41359.35960513,0,0,194957.818958556,-464.84935374,0,0,0,62042.709271014,0,0,0,0,-3581786.599344,0,0
2010-04-13,5582,0,408908.40388071,0,0,0,0,109332.567999648,0,0,0,-330.28769871,28766.835269868,0,0,0,0,-3655183.865724,0,0
2010-04-14,5583,0,574827.817683792,0,0,0,0,0,0,0,0,0,36453.9756354,0,0,0,0,-3674756.470092,0,0
2010-04-15,5584,0,588893.180497746,0,0,0,0,96573.676527258,0,0,0,0,174616.989869112,0,0,0,0,-3674756.470092,0,0
2010-04-16,5585,0,247265.604132036,0,0,0,0,0,-134.56165503,0,0,0,1578.04122717,0,0,0,0,-3669863.319,0,0
2010-04-17,5586,0,0,0,0,0,0,70750.071639228,0,0,0,0,0,0,0,0,0,-3669863.319,0,0
2010-04-18,5587,0,0,0,0,0,0,135980.66884668,0,0,0,0,0,0,0,0,0,-3684542.772276,0,0
2010-04-19,5588,0,263890.084967106,0,76308.69127974,0,0,98080.767063594,0,0,0,0,128188.32573267,0,0,0,0,-3716348.254374,0,0
2010-04-20,5589,0,585052.056890526,0,219372.19633209,0,0,0,0,0,0,0,2192.131689216,0,0,0,0,-3711455.103282,0,0
2010-04-21,5590,0,583224.464957664,0,221503.163632656,0,0,78412.7462493,0,0,0,0,209072.11328343,0,0,0,0,-3711455.103282,0,0
2010-04-22,5591,0,593571.032941698,0,273899.025525792,0,0,0,0,0,0,0,227022.638064432,0,0,0,0,-3728581.132104,0,0
2010-04-23,5592,0,583185.319748928,0,262380.547855224,0,0,218136.67568136,0,0,0,0,209532.069486078,0,0,0,0,-3718794.82992,0,0
2010-04-24,5593,0,570208.683052944,0,249374.552252688,0,0,0,0,0,0,0,26672.566602492,0,0,0,0,-3694329.07446,0,0
2010-04-25,5594,0,576493.935630618,0,221838.344482458,0,0,82987.84252032,0,0,0,0,0,0,0,0,0,-3581786.599344,0,0
2010-04-26,5595,0,134754.934498134,0,0,0,0,374514.444855042,0,0,0,-303.375367704,0,0,0,0,0,-3606252.354804,0,0
2010-04-27,5596,0,411188.612289582,0,173437.74045594,0,0,410393.475237132,-89370.958119834,0,0,0,1628702.46700102,0,0,0,0,-3405633.160032,-1878970.019328,0
2010-04-28,5597,0,557613.712142136,0,252650.516908782,0,0,407988.491475414,0,0,0,0,2289742.71377476,3202.567389714,0,0,0,-3058219.4325,-2987268.741666,0
2010-04-29,5598,0,544355.719258362,0,231348.18362976,0,0,94716.725687844,0,0,0,0,1674377.5858693,106413.80337327,0,0,0,-3131616.69888,-3060666.008046,0
2010-04-30,5599,0,532998.71557383,0,142481.220072402,0,0,0,0,0,0,0,1150922.96150041,68195.846769204,0,0,0,-3124276.972242,-3050879.705862,0
2010-05-01,5600,0,539807.535318348,0,232635.082366956,0,0,91386.936369738,0,0,0,0,108679.332328866,0,0,0,0,-3094918.06569,-3026413.950402,0
2010-05-02,5601,0,549486.188178324,0,227159.646295008,0,0,0,0,0,0,0,0,0,0,0,0,-3048433.130316,-2989715.317212,0
2010-05-03,5602,0,540862.009378674,0,218464.516804524,0,0,0,0,0,0,0,0,0,0,0,0,-3011734.497126,-2948123.53293,0
2010-05-04,5603,0,542846.18214648,0,216473.00431008,0,0,79799.954583882,0,0,0,0,0,0,0,0,0,-2975035.863936,-2928550.928562,0
2010-05-05,5604,0,531807.233282928,0,172838.32944717,0,0,6096.866260632,0,0,0,0,0,0,0,0,0,-2938337.230746,-2889405.719826,0
2010-05-06,5605,0,507378.176456118,0,0,0,0,90782.632209876,0,0,0,0,24825.402065262,0,0,-83.183568564,0,-2928550.928562,-2842920.784452,0
2010-05-07,5606,0,532438.449773796,0,0,0,0,173501.351420136,0,0,0,0,124929.487105398,0,0,0,0,-2945676.957384,-2838027.63336,0
2010-05-08,5607,0,553618.454275518,0,0,0,0,0,0,0,0,0,31286.808082248,0,0,0,0,-2935890.6552,-2825794.75563,0
2010-05-09,5608,0,667746.310345326,0,0,0,0,29906.939474304,0,0,0,0,0,0,0,0,0,-2906531.748648,-2803775.575716,0
2010-05-10,5609,0,634445.97058872,0,137343.411425802,0,0,77637.181801218,-393.898662906,0,0,0,0,0,0,0,0,-2874726.26655,-2762183.791434,0
2010-05-11,5610,0,658123.928722908,0,198683.953515114,0,0,0,0,0,0,-910.126103112,0,0,0,0,0,-2818455.028992,-2701019.402784,0
2010-05-12,5611,0,650576.243163498,0,186255.349741434,0,0,83132.190477534,0,0,0,0,0,0,0,0,0,-2767076.942526,-2644748.165226,0
2010-05-13,5612,0,274811.59820445,0,89478.607443858,0,0,0,0,0,0,0,0,0,0,0,0,-2725485.158244,-2605602.95649,0
2010-05-14,5613,0,0,0,59711.122775676,0,0,73842.543129372,0,0,0,0,0,0,0,0,0,-2877172.842096,-1088726.11797,0
2010-05-15,5614,0,0,0,0,0,0,0,0,0,0,0,0,0,0,0,0,-3136509.849972,0,0
2010-05-16,5615,0,185558.075710824,0,0,0,0,55292.6073396,0,0,0,0,0,0,0,0,0,-3158529.029886,0,0
2010-05-17,5616,0,189854.2623696,0,0,0,0,25055.380166586,0,0,0,0,0,0,0,0,0,-3302876.9871,0,0
2010-05-18,5617,0,0,0,0,0,0,92507.467969806,0,0,0,0,0,0,0,-428.15072055,0,-3334682.469198,0,0
2010-05-19,5618,0,0,0,0,0,0,0,0,0,0,0,0,0,0,0,0,-3354255.073566,0,0
2010-05-20,5619,0,0,0,0,0,0,230467.4164332,0,0,0,-359.646605262,110595.000981384,0,0,0,0,-2953016.684022,0,0
2010-05-21,5620,0,0,0,0,0,0,0,-457.509627102,0,0,0,109780.291324566,0,0,0,0,-2397644.03508,0,0
2010-05-22,5621,0,0,0,0,0,0,78539.968177692,0,0,0,0,73876.795187016,0,0,0,0,-2331586.495338,0,0
2010-05-23,5622,0,0,0,0,0,0,0,0,0,0,0,50842.286421426,0,0,0,0,-2265528.955596,0,0
2010-05-24,5623,0,0,0,0,0,0,81417.141019788,-305.82194325,0,0,0,48897.258862356,0,0,0,0,-1066706.938056,0,0
2010-05-25,5624,0,0,0,0,0,0,0,0,0,0,0,0,0,0,0,0,0,0,0
2010-05-26,5625,0,0,0,0,0,0,0,0,0,0,0,0,0,0,0,0,0,0,0
2010-05-27,5626,-2806.222151262,0,0,0,0,0,88610.073125028,0,0,0,0,0,0,0,0,0,0,0,0
2010-05-28,5627,0,0,0,0,0,0,0,0,0,0,0,0,0,0,-1027.56172932,0,0,0,0
2010-05-29,5628,0,0,0,0,0,0,25796.692557024,0,0,0,0,0,0,0,0,0,0,0,0
2010-05-30,5629,0,0,0,0,0,0,58306.788412272,0,0,0,0,0,0,0,0,0,0,0,0
2010-05-31,5630,0,0,0,0,0,0,0,0,0,0,0,0,0,0,0,0,0,0,0
2010-06-01,5631,0,0,0,0,0,0,82354.179453906,0,0,0,0,0,0,0,0,0,0,0,0
2010-06-02,5632,-123884.799347256,0,0,0,0,0,969788.294376756,0,0,0,0,1169746.91375134,0,0,0,0,0,0,0
2010-06-03,5633,-561232.19737467,0,0,807.36993018,0,0,1019329.00260771,0,0,0,0,3203455.4966372,303896.488295298,0,0,0,-124775.352846,0,0
2010-06-04,5634,-641966.743817124,0,0,1690.583702286,0,0,724492.18355925,0,0,0,0,4716288.14577966,433295.868923238,0,0,0,-550479.49785,0,0
2010-06-05,5635,-644873.275565772,0,0,0,0,0,86652.812688228,0,0,0,0,5545824.05040642,615274.604610264,0,0,0,-1044687.758142,0,0
2010-06-06,5636,-643867.733016366,0,0,0,0,0,5238.118243986,0,0,0,0,4053310.21117349,508902.393021276,0,0,0,-1100958.9957,0,0
2010-06-07,5637,-590877.353265552,0,0,0,0,0,362712.164421138,0,0,0,0,1933746.39922739,206322.162369726,0,0,0,-2130967.300566,-1585380.953808,0
2010-06-08,5638,-574536.675193818,0,0,0,0,0,98714.430130008,0,0,0,0,1903416.20218363,522116.347545222,0,0,0,-3241712.59845,-3449671.51986,0
2010-06-09,5639,-613870.27024686,0,0,0,0,0,0,0,0,0,0,1016307.4818084,632659.97044014,0,0,0,-3146296.152156,-3337129.044744,0
2010-06-10,5640,-627984.564571734,0,0,0,0,0,82270.995885342,0,0,0,0,690939.846521406,469365.732197916,0,0,0,-3075345.461322,-3239266.022904,0
2010-06-11,5641,-325511.983244208,0,0,0,0,0,96925.983405882,0,0,0,0,0,158068.352875968,0,0,0,-2935890.6552,-3112044.094512,0
2010-06-12,5642,0,0,0,0,0,0,0,0,0,0,0,114482.609523978,0,0,0,0,-2811115.302354,-3050879.705862,0
2010-06-13,5643,0,0,0,0,0,0,83000.07539805,0,0,0,0,185296.292127402,0,0,0,0,-2723038.582698,-2933444.079654,0
2010-06-14,5644,-169762.983985848,0,0,0,0,0,95570.580553398,0,0,0,0,129100.898411328,0,0,0,0,-1854504.263868,-2006191.94772,0
2010-06-15,5645,-199129.230264486,0,0,0,0,0,100343.849443644,-232.42467687,0,0,-677.701426242,92646.922775928,0,0,0,0,0,0,0
2010-06-16,5646,0,0,0,0,0,0,36588.53729043,0,0,0,0,86244.234572046,0,0,0,0,0,0,0
2010-06-17,5647,-34195.786406442,0,0,0,0,0,187811.37178869,0,0,0,0,114913.206820074,48072.762903354,0,0,0,0,0,0
2010-06-18,5648,-142121.57346714,0,0,0,0,0,189822.456887502,0,0,0,0,137729.97036207,159705.111916242,0,0,0,0,0,0
2010-06-19,5649,0,0,0,0,0,0,290065.99673376,0,0,0,0,0,88274.892275226,0,0,0,0,0,0
2010-06-20,5650,0,0,0,0,0,0,362430.808233348,0,0,0,0,85906.607146698,0,0,0,0,0,0,0
2010-06-21,5651,-9204.017204052,0,0,0,0,0,0,0,0,0,0,80125.3491315,0,0,-83.183568564,0,0,0,0
2010-06-22,5652,-224074.514531502,0,0,0,0,0,164906.531527038,0,0,0,0,79320.425776866,0,0,0,0,0,0,0
2010-06-23,5653,-333945.32915127,0,0,0,0,0,0,0,0,0,0,88869.410132904,0,0,0,0,0,0,0
2010-06-24,5654,-955116.180827394,0,0,0,0,0,0,0,0,0,0,51899.207057298,0,0,0,0,0,0,0
2010-06-25,5655,-1258621.21703533,0,0,0,0,0,167470.542699246,0,0,0,0,0,0,0,0,0,0,0,0
2010-06-26,5656,-1389931.3731647,0,0,0,0,0,0,0,0,0,0,68699.84133168,0,0,0,0,0,0,0
2010-06-27,5657,-747800.708785992,0,0,0,0,0,0,0,0,0,0,0,0,0,0,0,0,0,0
2010-06-28,5658,-255001.676008488,0,0,0,0,0,0,0,0,0,0,529725.197493282,0,0,0,0,0,0,0
2010-06-29,5659,-31962.062932944,0,0,0,0,0,172202.21980521,0,0,0,0,945753.136212852,0,0,0,0,0,0,0
2010-06-30,5660,-120887.744303406,172561.866410472,0,0,0,0,0,0,0,0,0,916815.040654764,0,0,0,0,0,0,0
2010-07-01,5661,-121105.489527,263684.572621242,0,0,0,0,0,0,0,0,0,700021.534948158,0,0,0,0,0,0,0
2010-07-02,5662,-215445.44258076,148732.220592432,0,0,0,0,153155.6291796,0,0,0,0,961046.679950898,0,0,0,0,0,0,0
2010-07-03,5663,-180897.349295694,0,0,0,0,0,0,0,0,0,0,268200.951079158,54362.90863212,0,0,0,0,0,0
2010-07-04,5664,-724210.82737146,0,0,0,0,0,91022.396613384,0,0,0,0,802604.001016392,133918.205661402,0,0,0,0,0,0
2010-07-05,5665,-812935.88954715,0,0,0,0,0,283939.771566576,0,0,0,0,2406750.18926221,243996.97920258,0,0,0,0,0,0
2010-07-06,5666,-814915.169163864,0,0,0,0,0,0,0,0,0,0,2323385.57410781,343949.376558864,0,0,0,0,0,0
2010-07-07,5667,-714118.70324421,0,0,0,0,0,237085.40328513,0,0,0,0,2302518.73127597,734290.71862098,0,0,0,-1269772.708374,0,0
2010-07-08,5668,-794425.098966114,0,0,0,0,0,0,0,0,0,0,2293554.47847543,551113.160916414,0,0,0,-1788446.724126,0,0
2010-07-09,5669,-297239.356234632,0,0,0,0,0,163844.717740074,0,0,0,0,2066370.36642496,360145.706673384,0,0,0,-1768874.119758,0,0
2010-07-10,5670,-423132.794105154,0,0,0,0,0,0,0,0,0,0,1179036.5610995,148693.075383696,0,0,0,-1834931.6595,0,0
2010-07-11,5671,-882758.709054444,0,0,0,0,0,0,0,0,0,0,461893.890480432,175713.05571372,0,0,0,-1869183.717144,0,0
2010-07-12,5672,-882528.73095312,0,0,0,0,0,191711.213209014,0,0,0,0,409417.291594278,175162.57621587,0,0,0,-2001298.796628,0,0
2010-07-13,5673,-812302.226480736,0,0,31061.723132016,0,0,0,0,0,0,-885.660347652,236784.474492972,107047.466439684,0,0,0,-812263.081272,0,0
2010-07-14,5674,-650157.878745132,0,0,0,0,0,222503.81303097,0,0,0,0,215332.900105644,0,0,0,0,0,0,0
2010-07-15,5675,-807100.80686994,0,0,37904.794934178,0,0,118228.316684904,0,0,0,0,52946.341390986,0,0,0,0,0,0,0
2010-07-16,5676,-60080.555683122,0,0,0,0,0,251485.946948886,0,0,0,0,242553.49963044,0,0,0,0,0,0,0
2010-07-17,5677,-627399.83301624,0,0,0,0,0,182722.49465301,0,0,0,0,31888.665666564,0,0,0,0,0,0,0
2010-07-18,5678,-509117.691669324,0,0,0,0,0,0,0,0,0,0,0,0,0,0,0,0,0,0
2010-07-19,5679,-316569.749623578,0,0,0,0,0,0,0,0,0,0,4467.446946996,0,0,-88.076719656,0,0,0,0
2010-07-20,5680,-331378.871403516,0,0,0,0,0,169613.742877542,0,0,0,0,0,0,0,0,0,0,0,0
2010-07-21,5681,-353686.747231944,0,0,0,0,0,0,0,0,0,0,16213.456143342,0,0,0,0,0,0,0
2010-07-22,5682,-514260.393467016,0,0,23819.859515856,0,0,0,0,0,0,-5091.323711226,27724.594087272,0,0,0,0,0,0,0
2010-07-23,5683,-47886.823161858,0,0,0,0,0,262025.794401054,0,0,0,0,32057.479379238,2086.928940738,0,0,0,0,0,0
2010-07-24,5684,0,0,0,0,0,0,0,0,0,0,0,0,0,0,0,0,0,0,0
2010-07-25,5685,0,0,0,0,0,0,69666.23867235,0,0,0,0,0,0,0,0,0,0,0,0
2010-07-26,5686,0,0,0,59439.55289007,0,0,97748.032789338,0,0,0,0,0,0,0,0,0,0,0,0
2010-07-27,5687,0,0,0,58292.108958996,0,0,24952.623993654,0,0,0,0,0,0,0,0,0,0,0,0
2010-07-28,5688,0,0,0,58497.62130486,0,0,162824.495737392,0,0,0,0,0,0,0,0,0,0,0,0
2010-07-29,5689,0,0,0,0,0,0,0,0,0,0,0,0,0,0,0,0,0,0,0
2010-07-30,5690,-18775.020740004,147560.310905898,0,58710.473377362,0,0,156279.906151842,0,0,0,0,0,0,0,0,0,0,0,0
2010-07-31,5691,0,195373.736801376,0,0,0,0,8440.6856337,0,0,0,0,0,0,0,0,0,0,0,0
2010-08-01,5692,0,200430.808454958,0,0,0,0,0,0,0,0,0,0,0,0,0,0,0,0,0
2010-08-02,5693,0,205727.644512048,0,0,0,0,204746.567718102,0,0,0,0,0,0,0,0,0,0,0,0
2010-08-03,5694,0,203880.479974818,0,0,0,0,214050.89451954,0,0,0,0,0,0,0,0,0,0,0,0
2010-08-04,5695,0,205864.652742624,0,0,0,0,25593.626786706,0,0,0,0,46504.507978368,0,0,-198.172619226,0,0,0,0
2010-08-05,5696,0,208548.546116586,0,0,0,0,208908.192721848,0,0,0,0,46678.214842134,0,0,0,0,0,0,0
2010-08-06,5697,0,230425.824648918,0,0,0,0,173207.762354616,0,0,0,0,0,0,0,0,0,0,0,0
2010-08-07,5698,0,207961.367985546,0,0,0,0,0,0,0,0,0,76514.203625604,0,0,0,0,0,0,0
2010-08-08,5699,0,115123.61231703,0,0,0,0,280328.62606068,0,0,0,0,317621.777108358,0,0,0,0,0,0,0
2010-08-09,5700,0,0,0,0,0,0,264332.915140932,0,0,0,0,403971.214428882,0,0,0,0,0,0,0
2010-08-10,5701,0,0,0,0,0,0,166428.30151665,0,0,0,0,758744.24120325,60944.19685086,0,0,0,0,0,0
2010-08-11,5702,-80.736993018,0,0,0,0,0,58808.336399202,0,0,0,0,1021022.03288554,369320.364970884,0,0,0,0,0,0
2010-08-12,5703,0,0,0,0,0,0,198255.802794564,0,0,0,0,1241874.40742296,0,0,0,0,0,0,0
2010-08-13,5704,0,0,0,0,0,0,0,0,0,0,0,77700.792765414,188359.404710994,0,0,0,0,0,0
2010-08-14,5705,0,0,0,0,0,0,171820.554020034,0,0,0,0,117237.453588774,336443.282783736,0,0,0,0,0,0
2010-08-15,5706,0,0,0,0,0,0,0,0,0,0,0,19594.623547914,148223.332878864,0,0,0,0,0,0
2010-08-16,5707,0,0,0,0,0,0,177450.12435138,0,0,0,-163.920561582,89615.615674434,0,0,0,0,0,0,0
2010-08-17,5708,0,0,0,0,0,0,201213.712629678,0,0,0,0,379202.083601178,0,0,0,0,0,0,0
2010-08-18,5709,0,0,0,63503.314871976,0,0,0,0,0,0,0,448860.98254689,0,0,0,0,0,0,0
2010-08-19,5710,0,0,0,71701.789526622,0,0,169518.326431248,0,0,0,0,1848987.23601177,343195.831290696,0,0,0,0,0,0
2010-08-20,5711,0,0,0,107710.48841265,0,0,0,0,0,0,0,1480080.34230816,603408.713212164,0,0,0,0,0,0
2010-08-21,5712,0,0,0,0,0,0,104065.09084911,0,0,0,0,2351178.67231037,189893.407578336,0,0,0,0,0,0
2010-08-22,5713,0,0,0,0,0,0,157008.98566455,0,0,0,0,3741809.76608122,8516.529475626,0,0,0,0,0,0
2010-08-23,5714,0,0,0,0,0,0,182783.65904166,0,0,0,0,4092761.24185274,234.871252416,0,0,0,0,0,0
2010-08-24,5715,0,0,0,77355.825613428,0,0,0,0,0,0,0,4355638.4445438,0,0,0,0,0,0,0
2010-08-25,5716,0,0,0,61413.939355692,0,0,204523.929343416,0,0,0,0,3745433.14446485,0,0,0,0,0,0,0
2010-08-26,5717,0,0,0,0,0,0,0,0,0,0,0,3122632.87347509,0,0,0,0,0,0,0
2010-08-27,5718,0,0,0,0,0,0,212932.809495018,0,0,0,0,1877347.939741,0,0,0,0,0,0,0
2010-08-28,5719,0,0,0,0,0,0,169173.359279262,0,0,0,0,1831773.13047011,0,0,0,0,0,0,0
2010-08-29,5720,0,0,0,0,0,0,0,0,0,0,0,2008078.25746597,0,0,0,0,0,0,0
2010-08-30,5721,0,0,0,0,0,0,240420.085754328,0,0,0,0,1775457.85455229,218807.037380964,0,0,0,0,0,0
2010-08-31,5722,0,0,0,0,0,0,155653.582812066,0,0,0,0,1738551.26244088,457920.651793728,0,0,0,0,0,0
2010-09-01,5723,0,0,0,0,0,0,70635.082588566,0,0,0,0,1674893.8133095,496926.405723606,0,0,0,0,0,0
2010-09-02,5724,0,0,0,0,0,0,205458.521201988,0,0,0,0,1661073.10805015,498673.26066345,0,0,0,0,0,0
2010-09-03,5725,0,0,0,0,0,0,208046.998129656,0,0,0,0,1280598.80516505,496818.756399582,0,0,0,0,0,0
2010-09-04,5726,0,0,0,0,0,0,42651.151493418,0,0,0,0,812248.401818724,410513.357438886,0,0,0,0,0,0
2010-09-05,5727,0,0,0,0,0,0,218479.1962578,0,0,0,0,446504.930296092,275344.951673478,0,0,0,0,0,0
2010-09-06,5728,0,0,0,0,0,0,293324.835361032,0,0,0,0,447647.481076074,168206.961938592,0,0,0,0,0,0
2010-09-07,5729,0,0,0,0,0,0,269524.548449544,0,0,0,0,1526075.96257296,141436.53231426,0,0,0,0,0,0
2010-09-08,5730,0,0,0,0,0,0,331190.485086474,0,0,0,0,3028300.26014797,623419.254602898,0,0,0,0,0,0
2010-09-09,5731,0,0,227.531525778,0,0,0,112586.513475828,0,0,0,0,3423160.42724354,650627.621249964,0,0,0,0,0,0
2010-09-10,5732,0,0,0,0,0,0,251982.601784724,0,0,0,0,3451518.68439723,381005.20977858,0,0,0,0,0,0
2010-09-11,5733,0,0,0,0,0,0,202899.403180872,0,0,0,0,3042089.15992522,189235.278756462,0,0,0,0,0,0
2010-09-12,5734,0,0,0,0,0,0,237630.989631888,0,0,0,0,1817930.40603085,137725.077210978,0,0,0,0,0,0
2010-09-13,5735,0,0,0,0,0,0,133600.150840422,-6028.362145344,0,0,-408.578116182,1782088.07428195,293767.665534858,0,0,0,0,0,0
2010-09-14,5736,0,0,0,0,0,0,186323.853856722,0,0,0,0,1393454.44195094,490460.106555528,0,0,0,0,0,0
2010-09-15,5737,0,0,0,0,0,0,297828.980941218,0,0,0,0,1213547.95575137,384141.719628552,0,0,0,0,0,0
2010-09-16,5738,0,0,0,0,0,0,332487.170125854,0,0,0,0,840995.664484224,326605.60251327,0,0,0,0,0,0
2010-09-17,5739,0,0,0,0,0,0,440875.359964746,0,0,0,0,158865.936503964,325272.2188407,0,0,0,0,0,0
2010-09-18,5740,0,0,0,0,0,0,327787.298501988,0,0,0,0,408627.04769292,175627.42556961,0,0,0,0,0,0
2010-09-19,5741,0,0,0,0,0,0,111267.809256534,0,0,0,0,143697.168118764,164732.824663272,0,0,0,0,0,0
2010-09-20,5742,0,0,0,0,0,0,97141.28205393,0,0,0,-2086.928940738,77018.19818808,164409.8766912,0,0,0,0,0,0
2010-09-21,5743,0,0,0,0,0,0,263948.80278021,0,0,0,0,0,69333.504398094,0,0,0,0,0,0
2010-09-22,5744,0,0,0,0,0,0,299678.592053994,0,0,0,0,0,0,0,0,0,0,0,0
2010-09-23,5745,0,0,0,0,0,0,486557.818559658,0,0,0,0,42790.60629954,0,0,0,0,0,0,0
2010-09-24,5746,0,0,0,0,0,0,397294.509763848,0,0,0,0,0,0,0,0,0,0,0,0
2010-09-25,5747,0,0,0,0,0,0,429073.079530842,0,0,0,0,98910.156173688,0,0,0,0,0,0,0
2010-09-26,5748,0,0,0,0,0,0,285662.16075096,0,0,0,0,198035.610995424,0,0,0,0,0,0,0
2010-09-27,5749,0,0,0,0,0,0,154990.5608391,0,0,0,0,120706.697713002,67476.55355868,0,0,0,0,0,0
2010-09-28,5750,0,0,0,0,0,0,189607.158239454,0,0,0,0,77598.036592482,66400.06031844,0,0,0,0,0,0
2010-09-29,5751,0,0,0,0,0,0,574375.201207782,0,0,0,0,1188274.83036119,411942.15755775,0,0,0,0,0,0
2010-09-30,5752,-9886.611781386,0,0,0,0,0,577528.837086576,0,0,0,0,1772152.53098964,490506.591490902,0,0,0,0,0,0
2010-10-01,5753,0,0,0,0,0,0,422467.325556642,0,0,0,0,1169996.46445703,489349.361257644,0,0,0,0,0,0
2010-10-02,5754,0,0,0,0,0,0,262441.712243874,0,0,0,0,834130.573502148,82251.423280974,0,0,0,0,0,0
2010-10-03,5755,0,0,0,0,0,0,211203.080583996,0,0,0,0,0,203674.967628954,0,0,0,0,0,0
2010-10-04,5756,0,0,0,0,0,0,277145.631275334,0,0,0,0,74610.767850816,0,0,0,0,0,0,0
2010-10-05,5757,0,0,0,0,0,0,105119.564909436,0,0,0,0,252975.9114564,0,0,0,0,0,0,0
2010-10-06,5758,0,0,0,131850.849325032,0,0,419328.369131124,0,0,0,0,119896.881207276,0,0,0,0,0,0,0
2010-10-07,5759,0,0,0,229307.739624396,0,0,272455.545953652,0,0,0,0,111595.650379698,0,0,0,0,0,0,0
2010-10-08,5760,0,0,0,95917.99428093,0,0,232569.024827214,0,0,0,0,47309.431333002,0,0,0,0,0,0,0
2010-10-09,5761,0,0,0,0,0,0,193521.679113054,0,0,0,0,0,0,0,0,0,0,0,0
2010-10-10,5762,0,0,0,0,0,0,190341.130903254,0,0,0,0,0,0,0,0,0,0,0,0
2010-10-11,5763,0,0,0,0,0,0,0,0,0,0,0,0,0,0,0,0,0,0,0
2010-10-12,5764,0,0,0,0,0,0,263943.909629118,0,0,0,0,0,0,0,0,0,0,0,0
2010-10-13,5765,0,0,0,0,0,0,277431.880614216,0,0,0,0,0,207944.241956724,0,0,0,0,0,0
2010-10-14,5766,-746.20554153,0,0,0,0,0,194226.292870302,0,0,0,0,0,91788.174759282,0,0,0,0,0,0
2010-10-15,5767,0,0,0,0,0,0,317604.651079536,0,0,0,0,0,0,0,0,0,0,0,0
2010-10-16,5768,0,0,0,0,0,0,268851.740174394,0,0,0,0,0,0,0,0,0,0,0,0
2010-10-17,5769,0,0,0,0,0,0,205336.192424688,0,0,0,0,0,0,0,0,0,0,0,0
2010-10-18,5770,0,0,0,0,0,0,22435.09775682,0,0,0,0,0,0,0,0,0,0,0,0
2010-10-19,5771,0,0,0,0,0,0,160426.851702312,0,0,0,0,129888.69573714,0,0,0,0,0,0,0
2010-10-20,5772,0,0,0,0,0,0,209720.45580312,0,0,0,0,0,0,0,0,0,0,0,0
2010-10-21,5773,0,0,0,0,0,0,19589.730396822,-249.550705692,0,0,0,0,0,0,0,0,0,0,0
2010-10-22,5774,-127889.843516058,0,0,0,0,0,176816.461284966,0,0,0,0,0,0,0,0,0,0,0,0
2010-10-23,5775,0,0,0,0,0,0,0,0,0,0,0,0,0,0,0,0,0,0,0
2010-10-24,5776,0,0,0,0,0,0,0,0,0,0,0,0,0,0,0,0,0,0,0
2010-10-25,5777,0,0,0,0,0,0,148834.976765364,0,0,0,0,0,0,0,0,0,0,0,0
2010-10-26,5778,0,0,0,0,0,0,0,0,0,0,0,0,0,0,-758.43841926,0,0,0,0
2010-10-27,5779,0,0,0,0,0,0,0,0,0,0,0,0,0,0,0,0,0,0,0
2010-10-28,5780,0,0,0,0,0,0,54786.166201578,0,0,0,0,0,0,0,0,0,0,0,0
2010-10-29,5781,0,0,0,0,0,0,85214.22626718,0,0,0,0,0,0,0,0,0,0,0,0
2010-10-30,5782,0,0,0,0,0,0,84538.971416484,0,0,0,0,0,0,0,0,0,0,0,0
2010-10-31,5783,0,0,0,0,0,0,38423.46894993,0,0,0,0,0,0,0,0,0,0,0,0
2010-11-01,5784,0,0,0,0,0,0,34540.753558428,0,0,0,0,0,0,0,0,0,0,0,0
2010-11-02,5785,0,0,0,0,0,0,129480.117620958,0,0,0,0,0,0,0,0,0,0,0,0
2010-11-03,5786,0,0,0,0,0,0,74287.819878744,0,0,0,0,0,0,0,-477.08223147,0,0,0,0
2010-11-04,5787,0,0,0,0,0,0,73177.07458086,0,0,0,0,0,0,0,0,0,0,0,0
2010-11-05,5788,0,0,0,0,0,0,71672.43062007,0,0,0,0,0,0,0,0,0,0,0,0
2010-11-06,5789,0,0,0,0,0,0,104718.326519892,0,0,0,0,0,0,0,0,0,0,0,0
2010-11-07,5790,0,0,0,0,0,0,65678.32053237,0,0,0,0,0,0,0,0,0,0,0,0
2010-11-08,5791,0,0,0,0,0,0,69683.364701172,0,0,0,0,0,0,0,0,0,0,0,0
2010-11-09,5792,0,0,0,0,0,0,43849.973510958,0,0,0,0,0,0,0,0,0,0,0,0
2010-11-10,5793,0,0,0,0,0,0,48540.05883264,0,0,0,-296062.553397006,0,0,0,0,0,0,0,0
2010-11-11,5794,0,0,0,0,0,0,0,0,0,0,0,0,0,0,0,0,0,0,0
2010-11-12,5795,0,0,0,0,0,0,50820.267241512,0,0,0,0,0,0,0,0,0,0,0,0
2010-11-13,5796,0,0,0,0,0,0,0,0,0,0,0,0,0,0,0,0,0,0,0
2010-11-14,5797,0,0,0,0,0,0,0,0,0,0,0,0,0,0,0,0,0,0,0
2010-11-15,5798,0,0,0,0,0,0,50189.050750644,0,0,0,0,0,0,0,0,0,0,0,0
2010-11-16,5799,0,0,0,0,0,0,0,0,0,0,0,0,0,0,0,0,0,0,0
2010-11-17,5800,0,0,0,0,0,0,0,0,0,0,0,0,0,0,0,0,0,0,0
2010-11-18,5801,-47375.488872744,0,0,0,0,0,0,0,0,0,0,0,0,0,0,0,0,0,0
2010-11-19,5802,-166225.235746332,0,0,91883.591205576,0,0,0,0,0,0,0,149.241108306,0,0,0,0,0,0,0
2010-11-20,5803,0,0,0,295057.0108476,0,0,0,0,0,0,0,0,0,0,0,0,0,0,0
2010-11-21,5804,0,0,0,95269.65176124,0,0,0,0,0,0,0,0,0,0,0,0,0,0,0
2010-11-22,5805,0,0,0,0,0,0,0,0,0,0,0,0,0,0,0,0,0,0,0
2010-11-23,5806,-331525.665936276,0,0,0,0,0,0,0,0,0,0,0,0,0,0,0,0,0,0
2010-11-24,5807,-22718.900520156,0,0,0,0,0,0,0,0,0,0,7427.803357656,0,0,0,0,0,0,0
2010-11-25,5808,-210532.718884392,0,0,0,0,0,0,0,0,0,0,0,0,0,0,0,0,0,0
2010-11-26,5809,0,0,0,0,0,0,0,0,0,0,0,0,0,0,0,0,0,0,0
2010-11-27,5810,0,0,0,179150.49435585,0,0,0,0,0,0,0,0,0,0,0,0,0,0,0
2010-11-28,5811,0,0,0,99587.85759993,0,0,0,0,0,0,0,0,0,0,0,0,0,0,0
2010-11-29,5812,0,0,0,0,0,0,0,0,0,0,0,178768.828570674,0,0,0,0,0,0,0
2010-11-30,5813,-118350.645462204,0,0,0,0,0,0,0,0,0,0,0,0,0,0,0,0,0,0
2010-12-01,5814,-89463.927990582,0,0,0,0,0,127654.972263642,0,0,0,0,0,0,0,0,0,0,0,0
2010-12-02,5815,-116870.467256874,0,0,85884.587966784,0,0,55016.144302902,0,0,0,0,0,0,0,0,0,0,0,0
2010-12-03,5816,-80396.919017106,0,0,119666.903105952,0,0,0,0,0,0,0,0,0,0,0,0,0,0,0
2010-12-04,5817,-260415.947691786,0,0,197140.164345588,0,0,0,0,0,0,0,0,0,0,0,0,0,0,0
2010-12-05,5818,-178034.855906874,0,0,286523.355343152,0,0,0,0,0,0,0,0,0,0,0,0,0,0,0
2010-12-06,5819,-78855.576423126,190627.380242136,0,365427.863277198,0,0,0,0,0,0,0,0,0,0,0,0,0,0,0
2010-12-07,5820,-264910.306969788,303292.184135436,0,384557.637471372,0,0,0,0,0,0,0,0,0,0,0,0,0,0,0
2010-12-08,5821,-146395.740946002,112006.675071426,0,136844.310014418,0,0,3038.646828132,0,0,0,0,0,0,0,0,0,0,0,0
2010-12-09,5822,-111815.842178838,0,0,0,0,0,1622.079586998,-773.117872536,0,0,0,0,0,0,0,0,0,0,0
2010-12-10,5823,-246737.1438141,0,0,0,0,0,0,0,0,0,0,0,0,0,0,0,0,0,0
2010-12-11,5824,-54835.097712498,0,0,0,0,0,0,0,0,0,0,0,0,0,0,0,0,0,0
2010-12-12,5825,-194757.199763784,172150.841718744,0,0,0,0,0,0,0,0,0,0,0,0,0,0,0,0,0
2010-12-13,5826,-406660.000953936,277458.792945222,0,245462.477954634,0,0,203.065770318,0,0,0,-102.756172932,305.82194325,0,0,0,0,0,0,0
2010-12-14,5827,-39147.655311546,285581.423757942,0,268362.425065194,0,0,0,0,0,0,0,0,0,0,0,0,0,0,0
2010-12-15,5828,-151354.949577744,107952.699391704,0,130343.758788696,0,0,0,0,0,0,0,0,0,0,0,0,0,0,0
2010-12-16,5829,-244444.702527498,0,0,0,0,0,0,0,0,0,0,0,0,0,0,0,0,0,0
2010-12-17,5830,-207780.321395142,0,0,0,0,0,0,0,0,0,0,0,0,0,0,0,0,0,0
2010-12-18,5831,-28879.377744984,0,0,0,0,0,0,0,0,0,0,0,0,0,0,0,0,0,0
2010-12-19,5832,0,0,0,0,0,0,19734.078354036,0,0,0,0,0,0,0,0,0,0,0,0
2010-12-20,5833,0,0,0,0,0,0,101452.148165982,0,0,0,0,0,0,0,0,0,0,0,0
2010-12-21,5834,0,0,0,0,0,0,0,0,0,0,0,0,0,0,0,0,0,0,0
2010-12-22,5835,0,0,0,0,0,0,0,0,0,0,0,0,0,0,0,0,0,0,0
2010-12-23,5836,-108092.154197826,0,0,0,0,0,0,0,0,0,0,0,0,0,0,0,0,0,0
2010-12-24,5837,-56772.78554493,0,0,0,0,0,0,0,0,0,0,0,0,0,0,0,0,0,0
2010-12-25,5838,0,0,0,0,0,0,0,0,0,0,0,0,0,0,0,0,0,0,0
2010-12-26,5839,0,195520.531334136,0,253604.681371722,0,0,0,0,0,0,0,0,0,0,0,0,0,0,0
2010-12-27,5840,-233021.641303224,304674.499318926,0,346780.064465586,0,0,0,0,0,0,0,0,0,0,0,0,0,0,0
2010-12-28,5841,0,302166.759384276,0,312014.225956926,0,0,62299.599703344,0,0,0,0,0,0,0,0,0,0,0,0
2010-12-29,5842,-216497.47006554,110005.376274798,0,102181.22767869,0,0,0,0,0,0,0,0,0,0,0,0,0,0,0
2010-12-30,5843,-1475.285054238,0,0,1135.211053344,0,0,0,0,0,0,-31.805482098,0,0,0,0,0,0,0,0
2010-12-31,5844,-244956.036816612,0,0,0,0,0,0,0,0,0,0,0,0,0,0,0,0,0,0
2011-01-01,5845,-38112.753855588,0,0,200144.559116076,0,0,0,0,0,0,0,0,0,0,0,0,0,0,0
2011-01-02,5846,-214694.343888138,0,0,324912.572235438,0,0,0,0,0,0,0,0,0,0,0,0,0,0,0
2011-01-03,5847,0,0,0,312620.976692334,0,0,0,0,0,0,0,0,0,0,0,0,0,0,0
2011-01-04,5848,-218293.256516304,0,0,306719.836475382,0,0,0,0,0,0,0,0,0,0,0,0,0,0,0
2011-01-05,5849,0,0,0,107815.691161128,0,0,0,0,0,0,0,0,0,0,0,0,0,0,0
2011-01-06,5850,-20477.83732002,0,0,0,0,0,0,-205.512345864,0,0,-90983.251404648,0,0,0,0,0,0,0,0
2011-01-07,5851,-523.567166844,0,0,0,0,0,0,0,0,0,0,0,0,0,0,0,0,0,0
2011-01-08,5852,0,0,0,0,0,0,0,0,0,0,0,0,0,0,0,0,0,0,0
2011-01-09,5853,0,0,0,0,0,0,0,0,0,0,0,0,0,0,0,0,0,0,0
2011-01-10,5854,0,0,0,0,0,0,0,0,0,0,0,0,0,0,0,0,0,0,0
2011-01-11,5855,0,0,0,0,0,0,0,0,0,0,0,68276.583762222,0,0,-17128.475397546,0,0,0,0
2011-01-12,5856,0,131941.372620234,0,0,0,0,0,0,0,0,0,0,0,0,-32417.1259845,0,0,0,0
2011-01-13,5857,-109391.285812752,231406.901442864,0,0,0,0,0,0,0,0,0,0,0,0,-32850.169856142,0,0,0,0
2011-01-14,5858,-323177.950173324,255314.837678376,0,0,0,0,0,0,0,0,0,0,0,0,-32240.972545188,0,0,0,0
2011-01-15,5859,-270021.203285382,282824.1331176,0,0,0,0,0,0,0,0,0,0,0,0,-18510.790581036,0,0,0,0
2011-01-16,5860,-77705.685916506,283614.377018958,0,0,0,0,0,0,0,0,0,0,0,0,0,0,0,0,0
2011-01-17,5861,-113592.056025234,126666.555743058,0,0,0,0,0,0,0,0,0,0,0,0,0,0,0,0,0
2011-01-18,5862,-84372.604279356,0,0,0,0,0,0,0,0,0,0,0,0,0,0,0,0,0,0
2011-01-19,5863,-309181.091474658,0,0,0,0,0,0,0,0,0,0,0,0,0,0,0,0,0,0
2011-01-20,5864,-197991.572635596,0,0,0,0,0,0,0,0,0,0,0,0,0,0,0,0,0,0
2011-01-21,5865,0,0,0,0,0,0,0,0,0,0,0,0,0,0,0,0,0,0,0
2011-01-22,5866,0,159017.624187816,0,0,0,0,0,0,0,0,0,0,0,0,0,0,0,0,0
2011-01-23,5867,0,297403.276796214,0,0,0,0,0,0,0,0,0,0,0,0,0,0,0,0,0
2011-01-24,5868,-296170.20272103,358435.55036673,0,0,0,0,0,0,0,0,0,0,0,0,0,0,0,0,0
2011-01-25,5869,-108432.22819872,110176.636563018,0,0,0,0,67481.446709772,0,0,0,0,1198286.21749543,231397.11514068,0,0,0,0,0,0
2011-01-26,5870,0,0,0,0,0,0,896765.354055294,0,0,0,0,1657618.5433792,256628.648746578,0,0,0,0,0,0
2011-01-27,5871,0,0,0,0,0,0,400526.436060114,0,0,0,0,1246354.08724769,328614.241036536,0,0,0,0,0,0
2011-01-28,5872,-149370.776809938,245719.368386964,0,0,0,0,406.131540636,0,0,0,0,734946.400867308,87714.626475192,0,0,0,0,0,0
2011-01-29,5873,-89596.043070066,418993.188281322,0,0,0,0,0,0,0,0,0,346466.902795698,176985.27499764,0,0,0,0,0,0
2011-01-30,5874,0,381998.519450256,0,0,0,0,0,0,0,0,0,284786.286705492,0,0,0,0,0,0,0
2011-01-31,5875,-110580.321528108,347222.894639412,0,0,0,0,0,0,0,0,0,1191629.08543476,0,0,0,0,0,0,0
2011-02-01,5876,-311091.866976084,331853.50705944,0,0,0,0,44650.0037145,0,0,0,0,980824.796664762,0,0,0,0,0,0,0
2011-02-02,5877,-302183.885413098,333113.49346563,0,0,0,0,0,0,0,0,0,1080610.82688392,0,0,0,0,0,0,0
2011-02-03,5878,-14735.724513558,335283.605974932,0,0,0,0,0,0,0,0,0,1016314.82153504,0,0,0,0,0,0,0
2011-02-04,5879,-245264.305335408,122593.007458968,0,0,0,0,51444.144005742,0,0,0,0,0,0,0,0,0,0,0,0
2011-02-05,5880,-144365.083242822,0,0,0,0,0,0,0,0,0,0,0,0,0,0,0,0,0,0
2011-02-06,5881,0,0,0,0,0,0,0,0,0,0,0,0,0,0,0,0,0,0,0
2011-02-07,5882,-168121.331794482,0,0,0,0,0,0,0,0,0,0,0,0,0,-2307.120739878,0,0,0,0
2011-02-08,5883,-307718.03929815,201673.668832326,0,0,0,0,0,0,0,0,0,0,0,0,-215.298648048,0,0,0,0
2011-02-09,5884,-43451.18169696,321592.569219516,0,0,0,0,29234.131199154,0,0,0,0,0,0,0,-83.183568564,0,0,0,0
2011-02-10,5885,-288201.706167708,319674.453991452,0,0,0,0,0,0,0,0,0,0,0,0,0,0,0,0,0
2011-02-11,5886,0,157938.68437203,0,0,0,0,0,0,0,0,0,0,6662.025211758,0,0,0,0,0,0
2011-02-12,5887,0,0,0,0,0,0,0,0,0,0,0,0,220319.021068392,0,0,0,0,0,0
2011-02-13,5888,-164233.723251888,213701.034216462,0,0,0,0,0,0,0,0,0,0,0,0,0,0,0,0,0
2011-02-14,5889,-116708.993270838,332450.471492664,0,0,0,0,0,0,0,0,0,0,0,0,0,0,0,0,0
2011-02-15,5890,-307940.677672836,329377.572606888,0,0,0,0,0,0,0,0,0,0,0,0,0,0,0,0,0
2011-02-16,5891,-43862.206388688,327430.098472272,0,0,0,0,45572.362695342,0,0,0,0,0,0,0,0,0,0,0,0
2011-02-17,5892,-123175.292438916,324787.796882592,0,0,0,0,0,0,0,0,0,0,0,0,0,0,0,0,0
2011-02-18,5893,-305398.685680542,330862.64396331,0,0,0,0,0,0,0,0,0,0,0,0,0,0,0,0,0
2011-02-19,5894,-18765.23443782,327109.597075746,0,0,0,0,0,0,0,0,0,0,0,0,0,0,0,0,0
2011-02-20,5895,-178526.61759162,327525.514918566,0,0,0,0,0,0,0,0,0,0,0,0,0,0,0,0,0
2011-02-21,5896,-116099.795959884,327143.84913339,0,0,0,0,0,0,0,0,0,0,0,0,0,0,0,0,0
2011-02-22,5897,-306940.028274522,324919.911962076,0,0,0,0,0,0,0,0,0,0,0,0,0,0,0,0,0
2011-02-23,5898,-305303.269234248,323332.084432722,0,0,0,0,27822.457109112,0,0,0,-247735.346636868,0,0,0,0,0,0,0,0
2011-02-24,5899,-396514.052164674,320748.500656146,0,0,0,0,0,-209341.23659349,0,0,-211274.03127483,0,0,0,0,0,0,0,0
2011-02-25,5900,-413214.37684167,323816.50639083,0,0,0,0,0,-449714.837412444,0,0,0,0,0,0,0,0,0,0,0
2011-02-26,5901,-239135.633592678,339078.244646778,0,0,0,0,0,-39585.59233428,0,0,0,0,0,0,0,0,0,0,0
2011-02-27,5902,-378441.198606372,370506.954110694,0,0,0,0,0,0,0,0,0,0,0,0,0,0,0,0,0
2011-02-28,5903,-261715.079306712,364429.66045443,0,0,0,0,0,-146505.836845572,0,0,0,0,0,0,0,0,0,0,0
2011-03-01,5904,-280575.730190826,359030.068224408,0,0,0,0,0,-323542.489929678,0,0,0,0,0,0,0,0,0,0,0
2011-03-02,5905,-335445.079960968,340719.896838144,0,0,0,0,0,-467388.899156748,0,0,0,0,140487.261002412,0,0,0,0,0,0
2011-03-03,5906,-212976.847854846,359729.788830564,0,0,0,0,50619.64804674,-465786.392174118,0,0,0,0,0,0,0,0,0,0,0
2011-03-04,5907,-263894.978118198,353358.90610878,0,0,0,0,0,-334082.337381846,0,0,0,0,0,0,0,0,0,0,0
2011-03-05,5908,-113689.919047074,349300.037277966,0,0,0,0,0,-314822.894683734,0,0,0,0,0,0,0,0,0,0,0
2011-03-06,5909,-207428.014516518,345224.04241833,0,0,0,0,0,-206339.288398548,0,0,0,0,0,0,0,0,0,0,0
2011-03-07,5910,-374335.844840184,349955.719524294,0,0,0,0,0,-218785.01820105,0,0,0,55564.177225206,0,0,-7880.419833666,0,0,0,0
2011-03-08,5911,-183860.1522819,358734.032583342,0,0,0,0,0,0,0,0,0,0,0,0,0,0,0,0,0
2011-03-09,5912,-244733.398441926,350200.377078894,0,0,0,0,58045.00482885,-287817.593806986,0,0,0,0,0,0,0,0,0,0,0
2011-03-10,5913,-159022.517338908,309919.95728955,0,0,0,0,0,-258642.180420936,0,0,0,0,0,0,0,0,0,0,0
2011-03-11,5914,-333282.307178304,299098.753649592,0,0,0,0,0,-298166.608366566,0,0,0,0,0,0,0,0,0,0,0
2011-03-12,5915,-169408.230531678,331557.471418374,0,0,0,0,0,-305393.79252945,0,0,0,0,0,0,0,0,0,0,0
2011-03-13,5916,-195327.251866002,339795.091281756,0,0,0,0,0,-313205.708247828,0,0,0,0,0,0,0,0,0,0,0
2011-03-14,5917,-366032.16743706,340670.965327224,0,0,0,0,0,-399244.43047401,0,0,0,0,0,0,0,0,0,0,0
2011-03-15,5918,-258857.479068984,333862.145582706,0,0,0,0,0,-188024.223861192,0,0,-474589.170988626,0,0,0,0,0,0,0,0
2011-03-16,5919,-380985.637174212,314800.87550382,0,0,0,0,54032.62093341,-303416.959488282,0,0,-962150.085522144,17218.998692748,0,0,0,0,0,0,0
2011-03-17,5920,-244471.614858504,289050.66788217,0,0,0,0,0,-445822.335718758,0,0,-429591.753546594,0,0,0,0,0,0,0,0
2011-03-18,5921,-190598.021335584,289297.772012316,0,0,0,0,0,-439397.628334962,0,0,0,0,0,0,0,0,0,0,0
2011-03-19,5922,-356710.7146068,294648.432731418,0,0,0,0,0,-181230.08356995,0,0,0,0,0,0,0,0,0,0,0
2011-03-20,5923,-158467.144689966,330532.3562646,0,0,0,0,0,-417632.892277746,0,0,0,0,0,0,0,0,0,0,0
2011-03-21,5924,-355321.059696672,313910.322005076,0,0,0,0,0,-242675.82840774,0,0,0,0,0,0,0,0,0,0,0
2011-03-22,5925,-75692.154242148,225909.446191002,0,0,0,0,0,-265541.523460656,0,0,0,0,0,0,0,0,0,0,0
2011-03-23,5926,0,0,0,0,0,0,57337.944496056,0,0,0,0,0,0,0,0,0,0,0,0
2011-03-24,5927,-105109.778607252,0,0,0,0,0,0,0,0,0,0,0,0,0,0,0,0,0,0
2011-03-25,5928,-233782.52629803,0,0,0,0,0,0,0,0,0,0,0,0,0,0,0,0,0,0
2011-03-26,5929,-157730.72545062,0,0,0,0,0,0,0,0,0,0,0,0,0,0,0,0,0,0
2011-03-27,5930,0,0,0,0,0,0,0,0,0,0,0,0,0,0,0,0,0,0,0
2011-03-28,5931,0,0,0,0,0,0,0,0,0,0,0,0,0,0,0,0,0,0,0
2011-03-29,5932,0,0,0,0,0,0,0,0,0,0,0,0,0,0,0,0,0,0,0
2011-03-30,5933,0,0,0,0,0,0,25901.895305502,0,0,0,0,116151.17404635,134943.320815176,0,0,0,0,0,0
2011-03-31,5934,0,0,0,0,0,0,529832.846817306,0,0,0,0,1069322.32731467,915459.63780228,0,0,0,0,0,0
2011-04-01,5935,0,95878.849072194,0,0,0,0,809275.812530334,0,0,0,0,1910799.96718146,442382.450501082,0,0,0,0,0,0
2011-04-02,5936,0,166237.468624062,0,0,0,0,360304.734083874,0,0,0,0,1283669.25747528,427504.824605856,0,0,0,0,0,0
2011-04-03,5937,-73509.808855116,162633.662844804,0,0,0,0,0,0,0,0,0,0,0,0,0,0,0,0,0
2011-04-04,5938,-107343.50208075,154645.593687114,0,0,0,0,0,0,0,0,0,0,0,0,0,0,0,0,0
2011-04-05,5939,-37435.052429346,80137.58200923,0,0,0,0,0,0,0,0,0,0,0,0,0,0,0,0,0
2011-04-06,5940,0,94958.936666898,0,0,0,0,0,0,0,0,0,0,0,0,0,0,0,0,0
2011-04-07,5941,0,156272.566425204,0,0,0,0,0,0,0,0,-198.172619226,13015.78190472,0,0,0,0,0,0,0
2011-04-08,5942,-39536.66082336,154569.749845188,0,0,0,0,0,-188846.273244648,0,0,0,0,0,0,0,0,0,0,0
2011-04-09,5943,-121249.837484214,164918.764404768,0,0,0,0,0,-348005.798814132,0,0,0,0,0,0,0,0,0,0,0
2011-04-10,5944,0,169882.866187602,0,0,0,0,0,-390818.424293586,0,0,0,0,0,0,0,0,0,0,0
2011-04-11,5945,-46773.631288428,96226.262799726,0,0,0,0,0,-392856.421723404,0,0,0,0,523.567166844,0,-190.832892588,0,0,0,0
2011-04-12,5946,-126624.963958776,0,0,0,0,0,0,-91037.07606666,0,0,0,0,0,0,0,0,0,0,0
2011-04-13,5947,-42181.408988586,0,0,0,0,0,44767.439340708,117.435626208,0,0,0,0,0,0,0,0,0,0,0
2011-04-14,5948,-167583.085174362,0,0,0,0,0,0,0,0,0,0,15171.214960746,0,0,0,0,0,0,0
2011-04-15,5949,-168172.709880948,0,0,0,0,0,0,0,0,0,0,0,0,0,0,0,0,0,0
2011-04-16,5950,-166937.189230218,0,0,0,0,0,0,0,0,0,0,0,0,0,0,0,0,0,0
2011-04-17,5951,-165804.42475242,0,0,0,0,0,0,0,0,0,0,0,0,0,0,0,0,0,0
2011-04-18,5952,-116236.80419046,0,0,0,0,0,0,0,0,0,0,0,0,0,0,0,0,0,0
2011-04-19,5953,-167372.679677406,0,0,0,0,0,0,0,0,0,80.736993018,0,0,0,0,0,0,0,0
2011-04-20,5954,-167852.208484422,0,0,0,0,0,47996.919061428,0,0,0,0,0,0,0,0,0,0,0,0
2011-04-21,5955,-167644.249563012,0,0,0,0,0,0,0,0,0,0,0,0,0,0,0,0,0,0
2011-04-22,5956,-168150.690701034,0,0,0,0,0,0,0,0,0,0,0,0,0,0,0,0,0,0
2011-04-23,5957,-168757.441436442,0,0,0,0,0,0,0,0,0,0,0,0,0,0,0,0,0,0
2011-04-24,5958,-168449.172917646,0,0,0,0,0,0,0,0,0,0,0,0,0,0,0,0,0,0
2011-04-25,5959,-168248.553722874,0,0,0,0,0,0,0,0,0,0,112378.554554418,0,0,0,0,0,0,0
2011-04-26,5960,-168720.742803252,0,0,0,0,0,0,0,0,0,0,0,0,0,0,0,0,0,0
2011-04-27,5961,-168074.846859108,0,0,0,0,0,51867.4015752,0,0,0,0,0,0,0,0,0,0,0,0
2011-04-28,5962,-167793.490671318,0,0,0,0,0,11024.269410276,0,0,0,0,0,0,0,0,0,0,0,0
2011-04-29,5963,-114734.606805216,0,0,0,0,0,0,0,0,0,0,0,0,0,0,0,0,0,0
2011-04-30,5964,-120276.100416906,0,0,0,0,0,0,0,0,0,0,0,0,0,0,0,0,0,0
2011-05-01,5965,-167700.52080057,0,0,0,0,0,0,0,0,0,0,0,0,0,0,0,0,0,0
2011-05-02,5966,-166724.337157716,0,0,0,0,0,0,0,0,0,0,0,88888.982737272,0,31.805482098,0,0,0,0
2011-05-03,5967,-167722.539980484,0,0,0,0,0,0,0,0,0,0,0,189406.539044682,0,0,0,0,0,0
2011-05-04,5968,-168292.592082702,0,0,0,0,0,29515.487386944,369.432907446,0,0,0,0,188498.859517116,0,0,0,0,0,0
2011-05-05,5969,-168909.129120294,0,0,0,0,0,0,0,0,0,0,0,187559.374507452,0,-44.038359828,0,0,0,0
2011-05-06,5970,-165721.241183856,0,0,0,0,0,0,0,0,0,0,0,186057.177122208,0,0,0,0,0,0
2011-05-07,5971,-165410.526089514,0,0,0,0,0,0,0,0,0,0,0,182181.801457344,0,0,0,0,0,0
2011-05-08,5972,-165417.865816152,0,0,0,0,0,0,0,0,0,0,0,177990.817547046,0,0,0,0,0,0
2011-05-09,5973,-164940.783584682,0,0,0,0,0,0,0,0,0,73.39726638,0,187906.788234984,0,0,0,0,0,0
2011-05-10,5974,-164632.515065886,0,0,0,0,0,0,0,0,0,0,0,189614.497966092,0,134.56165503,0,0,0,0
2011-05-11,5975,-166058.868609204,0,0,0,0,0,33097.273986288,0,0,0,0,0,188895.204755568,0,0,0,0,0,0
2011-05-12,5976,-167991.663290544,0,0,0,0,0,0,0,0,0,0,0,187622.985471648,0,0,0,0,0,0
2011-05-13,5977,-168297.485233794,0,0,0,0,0,0,0,0,0,0,0,185697.530516946,0,0,0,0,0,0
2011-05-14,5978,-166734.1234599,0,0,0,0,0,0,0,0,0,0,0,118272.355044732,0,0,0,0,0,0
2011-05-15,5979,-30447.63266997,0,0,0,0,0,92054.851493796,0,0,0,0,0,129370.021721388,0,0,0,0,0,0
2011-05-16,5980,-98951.74795797,0,0,0,0,0,0,0,0,0,0,66671.630204046,190913.629581018,0,114.989050662,0,0,0,0
2011-05-17,5981,-165178.101412644,0,0,0,0,0,50751.763126224,0,0,0,0,0,190823.106285816,0,0,0,0,0,0
2011-05-18,5982,-164436.789022206,0,0,0,0,0,93163.150216134,0,0,0,0,0,190326.451449978,0,0,0,0,0,0
2011-05-19,5983,-142456.754316942,0,0,0,0,0,0,0,0,0,0,0,189621.83769273,0,0,0,0,0,0
2011-05-20,5984,-76046.907696318,0,0,0,0,0,0,0,0,0,0,0,188657.886927606,0,0,0,0,0,0
2011-05-21,5985,-164608.049310426,0,0,0,0,0,0,0,0,0,0,0,187549.588205268,0,0,0,0,0,0
2011-05-22,5986,-74782.028139036,0,0,0,0,0,0,0,0,0,0,0,185934.848344908,0,0,0,0,0,0
2011-05-23,5987,-94065.936592608,0,0,0,0,0,0,0,0,0,655.682246328,0,183965.355030378,0,0,0,0,0,0
2011-05-24,5988,-165368.934305232,0,0,0,0,0,0,0,0,0,0,0,187143.456664632,0,0,0,0,0,0
2011-05-25,5989,-98474.6657265,0,0,0,0,0,50389.669945416,0,0,0,0,0,188344.725257718,0,0,0,0,0,0
2011-05-26,5990,-67921.830308052,0,0,0,0,0,0,0,0,0,0,0,187405.240248054,0,0,0,0,0,0
2011-05-27,5991,-157977.829580766,0,0,0,0,0,0,0,0,0,0,0,185301.185278494,0,0,0,0,0,0
2011-05-28,5992,-158114.837811342,0,0,0,0,0,0,0,0,0,0,0,150833.828986446,0,0,0,0,0,0
2011-05-29,5993,-158288.544675108,0,0,0,0,0,0,0,0,0,0,0,126529.547512482,0,0,0,0,0,0
2011-05-30,5994,-157892.199436656,0,0,0,0,0,0,0,0,0,0,0,125511.772085346,0,0,0,0,0,0
2011-05-31,5995,-98132.14515006,0,0,0,0,0,54110.911350882,0,0,0,0,0,185570.308588554,0,0,0,0,0,0
2011-06-01,5996,-165723.687759402,0,0,0,0,0,0,0,0,0,0,0,177513.735315576,0,0,0,0,0,0
2011-06-02,5997,-166264.380955068,0,0,0,0,0,0,0,0,0,0,0,187645.004651562,0,0,0,0,0,0
2011-06-03,5998,-166330.43849481,0,0,0,0,0,0,0,0,0,0,0,185719.54969686,0,0,0,0,0,0
2011-06-04,5999,-166105.353544578,0,0,0,0,0,0,0,0,0,0,0,165775.065845868,0,0,0,0,0,0
2011-06-05,6000,-165823.997356788,0,0,0,0,0,0,0,0,0,0,0,67686.959055636,0,0,0,0,0,0
2011-06-06,6001,-165525.515140176,0,0,0,0,0,0,0,0,0,0,0,103243.041465654,0,0,0,0,0,0
2011-06-07,6002,-164852.706865026,0,0,0,0,0,0,0,0,0,0,0,52307.78517348,0,0,0,0,0,0
2011-06-08,6003,-163962.153366282,0,0,0,0,0,51549.34675422,0,0,0,0,0,1658.778220188,0,0,0,0,0,0
2011-06-09,6004,-164395.197237924,0,0,0,0,0,0,0,0,0,0,0,0,0,0,0,0,0,0
2011-06-10,6005,-162726.632715552,0,0,0,0,0,0,0,0,0,0,0,70644.86889075,0,0,0,0,0,0
2011-06-11,6006,-162760.884773196,0,0,0,0,0,0,0,0,0,0,0,5370.23332347,0,0,0,0,0,0
2011-06-12,6007,-161415.268222896,0,0,0,0,0,0,0,0,0,0,0,54211.220948268,0,0,0,0,0,0
2011-06-13,6008,-119488.303091094,0,0,0,0,0,0,0,0,0,0,0,35313.871430964,0,-78.290417472,0,0,0,0
2011-06-14,6009,-33894.857614284,0,0,0,0,0,0,0,0,0,0,0,38589.836087058,0,0,0,0,0,0
2011-06-15,6010,-38433.255252114,0,0,0,0,0,0,0,0,0,0,86821.626400902,43857.313237596,0,0,0,0,0,0
2011-06-16,6011,-53812.42913427,0,0,0,0,0,0,0,0,0,0,72751.370435856,60599.229698874,0,0,0,0,0,0
2011-06-17,6012,-21811.22099259,0,0,0,0,0,0,0,0,0,0,0,25248.65963472,0,0,0,0,0,0
2011-06-18,6013,-22985.57725467,0,0,0,0,0,0,0,0,0,0,0,26126.980255734,0,0,0,0,0,0
2011-06-19,6014,-21138.41271744,0,0,0,0,0,0,0,0,0,0,0,24238.223934222,0,0,0,0,0,0
2011-06-20,6015,-21877.278532332,0,0,0,0,0,0,0,0,0,0,0,24742.218496698,0,-1918.115228064,0,0,0,0
2011-06-21,6016,-22897.500535014,0,0,0,0,0,0,0,0,0,0,0,25728.188441736,0,0,0,0,0,0
2011-06-22,6017,0,0,0,0,0,0,31157.13957831,0,0,0,0,49359.66164055,0,0,0,0,0,0,0
2011-06-23,6018,0,0,0,0,0,0,0,0,0,0,0,0,0,0,0,0,0,0,0
2011-06-24,6019,0,0,0,0,0,0,0,0,0,0,0,0,0,0,0,0,0,0,0
2011-06-25,6020,-37589.186688744,0,0,0,0,0,0,0,0,0,0,0,41892.713074158,0,0,0,0,0,0
2011-06-26,6021,-25001.555504574,0,0,0,0,0,0,0,0,0,0,0,28201.676318742,0,0,0,0,0,0
2011-06-27,6022,-48880.132833534,0,0,0,0,0,0,0,0,0,0,0,53523.733219842,0,0,0,0,0,0
2011-06-28,6023,0,0,0,0,0,0,0,0,0,0,0,89850.48692685,0,0,0,0,0,0,0
2011-06-29,6024,0,0,0,0,0,0,42149.603506488,0,0,0,0,0,65541.312301794,0,0,0,0,0,0
2011-06-30,6025,0,0,0,0,0,0,0,0,0,0,-41.591784282,275217.729745086,365574.657809958,0,0,0,0,0,0
2011-07-01,6026,0,0,0,0,0,0,0,0,0,0,0,360419.723134536,373897.90781745,0,0,0,0,0,0
2011-07-02,6027,0,0,0,0,0,0,0,0,0,0,0,228781.725882006,364686.55088676,0,0,0,0,0,0
2011-07-03,6028,0,0,0,0,0,0,0,0,0,0,0,65675.873956824,268389.3373962,0,0,0,0,0,0
2011-07-04,6029,0,0,0,0,0,0,0,0,0,0,0,235066.97845968,238367.408871234,0,0,0,0,0,0
2011-07-05,6030,0,0,0,0,0,0,0,0,0,0,0,1042872.39908687,183461.360467902,0,0,0,0,0,0
2011-07-06,6031,0,0,0,0,0,0,38058.929193576,0,0,0,0,2533898.72038783,307948.017399474,0,0,0,0,0,0
2011-07-07,6032,0,0,0,0,0,0,0,0,0,0,0,2492057.38540014,106910.458209108,0,0,0,0,0,0
2011-07-08,6033,0,0,0,0,0,0,72318.326564214,0,0,0,288.695914428,1655717.55417995,184158.634498512,0,0,0,0,0,0
2011-07-09,6034,0,0,0,0,0,0,12986.422998168,0,0,0,0,1852375.74314298,188953.922568672,0,0,0,0,0,0
2011-07-10,6035,0,0,0,0,0,0,8005.195186512,0,0,0,0,1674712.7667191,154616.234780562,0,0,0,0,0,0
2011-07-11,6036,0,0,0,0,0,0,460161.714993864,0,0,0,0,1616503.84132867,164155.432834416,0,0,0,0,0,0
2011-07-12,6037,0,0,0,0,0,0,498411.477080028,0,0,0,144.347957214,1208170.38270127,181249.656174318,0,0,0,0,0,0
2011-07-13,6038,0,0,0,0,0,0,580357.078417752,0,0,0,0,1059753.77035427,169156.23325044,0,0,0,0,0,0
2011-07-14,6039,0,0,0,0,0,0,170318.35663479,112.542475116,0,0,0,1255929.98393473,65793.309583032,0,51.378086466,0,0,0,0
2011-07-15,6040,0,0,0,0,0,0,195748.062859914,0,0,0,0,1287468.78929822,165735.920637132,0,0,0,0,0,0
2011-07-16,6041,0,0,0,0,0,0,232808.789230722,0,0,0,0,3125108.80792764,298340.315230332,0,0,0,0,0,0
2011-07-17,6042,0,0,0,0,0,0,60251.815971342,0,0,0,0,2222459.43968422,286312.949846196,0,0,0,0,0,0
2011-07-18,6043,0,0,0,0,0,0,594946.00839855,0,0,0,0,1002408.48613157,213182.36020071,0,0,0,0,0,0
2011-07-19,6044,0,0,0,0,0,0,540255.258643266,0,0,0,0,477273.064362588,179757.245091258,0,0,0,0,0,0
2011-07-20,6045,0,0,0,0,0,0,836320.258615818,0,0,0,0,464837.12086227,140064.003432954,0,0,0,0,0,0
2011-07-21,6046,0,0,0,0,0,0,583224.464957664,0,0,0,0,620060.10637824,164767.076720916,0,0,0,0,0,0
2011-07-22,6047,0,0,0,0,0,0,613574.234605794,0,0,0,0,92125.80218463,4127.372946102,0,0,0,0,0,0
2011-07-23,6048,0,0,0,0,0,0,355269.681610206,0,0,0,0,180921.815051154,73796.058193998,0,0,0,0,0,0
2011-07-24,6049,0,0,0,0,0,0,245790.319077798,0,0,0,0,232243.630279596,0,0,0,0,0,0,0
2011-07-25,6050,0,0,0,0,0,0,242590.19826363,0,0,0,0,67510.805616324,37449.731882622,0,0,0,0,0,0
2011-07-26,6051,0,0,0,0,0,0,134564.101605546,0,0,0,0,0,43627.335136272,0,0,0,0,0,0
2011-07-27,6052,0,0,0,0,0,0,117513.916625472,0,0,0,0,0,0,0,0,0,0,0,0
2011-07-28,6053,0,0,0,0,0,0,0,0,0,0,0,11971.094146578,0,0,0,0,0,0,0
2011-07-29,6054,0,0,0,0,0,0,0,0,0,0,0,0,0,0,0,0,0,0,0
2011-07-30,6055,0,0,0,0,0,0,0,0,0,0,0,0,0,0,0,0,0,0,0
2011-07-31,6056,0,0,0,0,0,0,0,0,0,0,0,0,0,0,0,0,0,0,0
2011-08-01,6057,-27445.684475028,0,0,0,0,0,0,0,0,0,0,0,0,0,0,0,0,0,0
2011-08-02,6058,0,0,0,0,0,0,0,0,0,0,0,0,54061.979839962,0,0,0,0,0,0
2011-08-03,6059,0,0,0,0,0,0,27225.492675888,0,0,0,0,0,0,0,0,0,0,0,0
2011-08-04,6060,0,0,0,0,0,0,121340.360779416,0,0,0,0,0,0,0,0,0,0,0,0
2011-08-05,6061,0,0,0,0,0,0,60655.500936432,0,0,0,0,0,0,0,0,0,0,0,0
2011-08-06,6062,0,0,0,0,0,0,259280.736638442,0,0,0,0,0,0,0,0,0,0,0,0
2011-08-07,6063,0,0,0,0,0,0,119769.659278884,0,0,0,0,0,0,0,0,0,0,0,0
2011-08-08,6064,0,0,0,0,0,0,0,0,0,0,0,0,0,0,0,0,0,0,0
2011-08-09,6065,0,0,0,0,0,0,276524.20108665,0,0,0,0,0,0,0,0,0,0,0,0
2011-08-10,6066,0,0,0,0,0,0,287438.374597356,0,0,0,0,0,0,0,0,0,0,0,0
2011-08-11,6067,0,0,0,0,0,0,394417.336921752,0,0,0,0,0,25290.251419002,0,0,0,0,0,0
2011-08-12,6068,0,0,0,0,0,0,232069.92341583,0,0,0,0,0,50272.234319208,0,0,0,0,0,0
2011-08-13,6069,0,0,0,0,0,0,257555.900878512,0,0,0,0,0,25001.555504574,0,0,0,0,0,0
2011-08-14,6070,0,0,0,0,0,0,615027.500480118,0,0,0,0,0,93424.933799556,0,0,0,0,0,0
2011-08-15,6071,0,0,0,0,0,0,669556.776249366,0,0,0,0,51255.7576887,7608.84994806,0,0,0,0,0,0
2011-08-16,6072,0,0,0,0,0,0,811455.71134182,0,0,0,0,0,62598.081919956,0,-1135.211053344,0,0,0,0
2011-08-17,6073,0,0,0,0,0,0,1209249.32251705,0,0,0,0,0,135229.570154058,0,0,0,0,0,0
2011-08-18,6074,0,0,0,0,0,0,1034908.79568464,0,0,0,0,0,83389.080909864,0,0,0,0,0,0
2011-08-19,6075,0,0,0,0,0,0,1175168.52516127,0,0,0,0,704525.680528344,65020.191710496,0,0,0,0,0,0
2011-08-20,6076,0,0,0,0,0,0,968085.47779674,0,0,0,0,1134389.00396054,174653.688502302,0,0,0,0,0,0
2011-08-21,6077,0,0,0,0,0,0,595357.033090278,0,0,0,0,1222362.96744361,176407.883168784,0,0,0,0,0,0
2011-08-22,6078,0,0,0,0,0,0,552199.440458838,0,0,0,0,1094125.71020002,175784.006404554,0,0,0,0,0,0
2011-08-23,6079,0,0,0,0,0,0,415254.820847034,0,0,0,0,315199.667317818,117190.9686534,0,0,0,0,0,0
2011-08-24,6080,0,0,0,0,0,0,708180.864394068,0,0,0,0,796445.97036711,105347.096435214,0,0,0,0,0,0
2011-08-25,6081,0,0,0,0,0,0,877941.40180437,0,0,0,-773.117872536,1118065.45191763,106249.882811688,0,0,0,0,0,0
2011-08-26,6082,0,0,0,0,0,0,461174.597269908,0,0,0,0,954974.279445726,172185.093776388,0,0,0,0,0,0
2011-08-27,6083,0,0,0,0,0,0,529424.268701124,0,0,0,0,468220.734842388,136575.186704358,0,0,0,0,0,0
2011-08-28,6084,0,0,0,0,0,0,294381.755996904,0,0,0,0,662253.748244556,106871.313000372,0,0,0,0,0,0
2011-08-29,6085,0,0,0,0,0,0,313024.661657424,0,0,0,0,104962.984074492,143804.817442788,0,0,0,0,0,0
2011-08-30,6086,0,0,0,0,0,0,417757.667630592,0,0,0,0,229192.750573734,67146.26585997,0,0,0,0,0,0
2011-08-31,6087,0,0,0,0,0,0,715390.92252813,0,0,0,0,415910.503093362,126113.629669662,0,0,0,0,0,0
2011-09-01,6088,-435.490447188,0,0,0,0,0,712019.541425742,0,0,0,0,217368.450959916,69964.720888962,0,0,0,0,0,0
2011-09-02,6089,0,0,0,0,0,0,616507.678685448,0,0,0,0,102120.06329004,110350.343426784,0,0,0,0,0,0
2011-09-03,6090,0,0,0,0,0,0,661245.759119604,0,0,0,0,251578.916819634,137189.277166404,0,0,0,0,0,0
2011-09-04,6091,0,0,0,0,0,0,843229.387957722,0,0,0,0,349578.94689021,131782.345209744,0,0,0,0,0,0
2011-09-05,6092,0,0,0,0,0,0,661629.871480326,0,0,0,0,91768.602154914,62982.194280678,0,0,0,0,0,0
2011-09-06,6093,0,0,0,0,0,0,697359.66075411,0,0,0,0,607511.620402806,98325.424618194,0,0,0,0,0,0
2011-09-07,6094,0,0,0,0,0,0,760765.112604246,0,0,0,0,443050.36562514,150185.486466756,0,0,0,0,0,0
2011-09-08,6095,0,5032.605898122,3116.937245604,-890.553498744,0,0,825758.391983736,0,0,0,0,817156.232364,113080.72173612,0,0,0,0,0,0
2011-09-09,6096,0,0,0,0,0,0,885719.065465104,0,0,0,0,816632.665197156,58666.435017534,0,0,0,0,0,0
2011-09-10,6097,0,0,0,0,0,0,903919.140951798,0,0,0,0,859330.301625948,88607.626549482,0,0,0,0,0,0
2011-09-11,6098,0,0,0,0,0,0,910042.919543436,0,0,0,0,901736.795564766,120515.864820414,0,0,0,0,0,0
2011-09-12,6099,0,0,0,0,0,0,1327250.10767618,0,0,0,-530.906893482,990591.526244394,113014.664196378,0,0,0,0,0,0
2011-09-13,6100,0,0,0,0,0,0,838757.047859634,0,0,0,0,941324.834474592,0,0,-198.172619226,0,0,0,0
2011-09-14,6101,0,0,0,0,0,0,784587.418695648,0,0,0,0,631524.759386796,36387.918095658,0,0,0,0,0,0
2011-09-15,6102,0,0,0,0,0,0,369777.874597986,0,0,0,0,358719.353130066,0,0,0,0,0,0,0
2011-09-16,6103,0,0,0,0,0,0,335193.08267973,0,0,0,0,160160.174967798,55581.303254028,0,0,0,0,0,0
2011-09-17,6104,0,0,0,0,0,0,397441.304296608,0,0,0,0,117550.615258662,5389.805927838,0,0,0,0,0,0
2011-09-18,6105,0,0,0,0,0,0,346342.127442852,0,0,0,0,73282.277329338,59987.585812374,0,0,0,0,0,0
2011-09-19,6106,0,154.134259398,0,0,0,0,256056.150068814,0,0,0,0,0,21791.648388222,0,0,0,0,0,0
2011-09-20,6107,0,0,0,0,0,0,286227.319702086,0,0,0,0,12330.74075184,55693.845729144,0,0,0,0,0,0
2011-09-21,6108,0,0,0,0,0,0,509443.086216942,0,0,0,0,0,0,0,0,0,0,0,0
2011-09-22,6109,0,0,0,0,0,0,419663.549980926,0,0,0,0,0,0,0,0,0,0,0,0
2011-09-23,6110,0,0,0,0,0,0,436082.518470132,0,0,0,0,0,30053.734007064,0,0,0,0,0,0
2011-09-24,6111,0,0,0,0,0,0,531053.68801476,0,0,0,0,0,69808.140054018,0,0,0,0,0,0
2011-09-25,6112,0,0,0,0,0,0,581859.275802996,0,0,0,0,0,19853.96055579,0,0,0,0,0,0
2011-09-26,6113,0,0,0,0,0,0,359560.97511789,0,0,0,0,234739.137336516,65597.583539352,0,0,0,0,0,0
2011-09-27,6114,0,0,0,0,0,0,574279.784761488,0,0,0,0,185425.96063134,0,0,0,0,0,0,0
2011-09-28,6115,0,0,0,0,0,0,1025401.40311288,0,0,0,0,771045.623048538,0,0,0,0,0,0,0
2011-09-29,6116,0,0,0,0,0,0,1181013.39414067,0,0,0,0,461659.019228016,54382.481236488,0,0,0,0,0,0
2011-09-30,6117,0,0,0,0,0,0,1299310.21494086,0,0,0,0,791207.852123124,168473.638673106,0,0,0,0,0,0
2011-10-01,6118,0,0,0,0,0,0,1090066.84136921,0,0,0,0,817863.292696794,47165.083375788,0,0,0,0,0,0
2011-10-02,6119,0,0,0,0,0,0,934596.751723092,0,0,0,0,672455.968271376,0,0,0,0,0,0,0
2011-10-03,6120,0,0,0,0,0,0,515104.462030386,0,0,0,0,623891.443683276,0,0,0,0,0,0,0
2011-10-04,6121,0,0,0,0,0,0,318049.927828908,0,0,0,0,415103.133163182,0,0,0,0,0,0,0
2011-10-05,6122,0,0,0,0,0,0,317910.473022786,0,0,0,0,321683.092514718,0,0,0,0,0,0,0
2011-10-06,6123,0,0,0,0,0,0,353136.267734094,0,0,0,0,82826.368534284,0,0,0,0,0,0,0
2011-10-07,6124,0,0,0,0,0,0,226508.857199772,0,0,0,0,115221.47533887,0,0,0,0,0,0,0
2011-10-08,6125,0,0,0,0,0,0,512134.319317542,0,0,0,0,736840.050339912,0,0,0,0,0,0,0
2011-10-09,6126,0,0,0,0,0,0,579999.878388036,0,0,0,0,659684.843921256,0,0,0,0,0,0,0
2011-10-10,6127,0,0,0,0,0,0,445460.24253795,0,0,0,0,450700.807357482,0,0,0,0,0,0,0
2011-10-11,6128,0,0,0,0,0,0,399305.59486266,-29.358906552,0,0,0,256239.643234764,0,0,0,0,0,0,0
2011-10-12,6129,0,0,0,0,0,0,300581.378430468,0,0,0,0,176334.485902404,0,0,0,0,0,0,0
2011-10-13,6130,0,0,0,0,0,0,149510.23161606,0,0,0,0,288424.344542394,4716.997652688,0,-1825.145357316,0,0,0,0
2011-10-14,6131,0,0,0,0,0,0,104069.984000202,0,0,0,0,80242.784757708,0,0,0,0,0,0,0
2011-10-15,6132,0,0,0,0,0,0,79100.233977726,0,0,0,0,89507.96635041,0,0,0,0,0,0,0
2011-10-16,6133,0,0,0,0,0,0,133294.328897172,0,0,0,0,89106.727960866,0,0,0,0,0,0,0
2011-10-17,6134,0,0,0,0,0,0,198718.205572758,0,0,0,-154.134259398,74446.847289234,0,0,0,0,0,0,0
2011-10-18,6135,0,0,0,0,0,0,341091.776321136,0,0,0,0,338099.614428378,0,0,0,0,0,0,0
2011-10-19,6136,0,0,0,0,0,0,412155.009630252,0,0,0,0,621980.66818185,0,0,0,0,0,0,0
2011-10-20,6137,0,0,0,0,0,0,1077833.96363921,0,0,0,0,1259426.14038997,0,0,0,0,0,0,0
2011-10-21,6138,0,0,0,0,0,0,1056120.60566846,0,0,0,0,2093099.20426501,0,0,0,0,0,0,0
2011-10-22,6139,0,0,0,0,0,0,831610.600689768,0,0,0,0,1366825.91370827,0,0,0,0,0,0,0
2011-10-23,6140,0,0,0,0,0,0,445611.930221802,0,0,0,0,970319.201270238,0,0,0,0,0,0,0
2011-10-24,6141,0,0,0,0,0,0,177751.053143538,0,0,0,0,597925.937413578,0,0,0,0,0,0,0
2011-10-25,6142,0,0,0,0,0,0,299465.739981492,0,0,0,0,368791.904652948,0,0,0,0,0,0,0
2011-10-26,6143,0,0,0,0,0,0,523655.243563656,0,0,0,0,667168.91851647,0,0,0,0,0,0,0
2011-10-27,6144,0,0,0,0,0,0,315011.281000776,0,0,0,0,86535.37706202,0,0,0,0,0,0,0
2011-10-28,6145,0,0,0,0,0,0,198294.9480033,0,0,0,0,387031.125348378,6123.778591638,0,0,0,0,0,0
2011-10-29,6146,0,0,0,0,0,0,798530.452732302,0,0,0,0,1531615.0096091,154555.070391912,0,0,0,0,0,0
2011-10-30,6147,0,0,0,0,0,0,2470331.79455166,0,0,0,0,3849371.01338557,0,0,0,0,0,0,0
2011-10-31,6148,0,0,0,0,0,0,3633592.83653055,0,0,0,0,5386334.23713823,0,0,0,0,0,0,0
2011-11-01,6149,0,0,0,0,0,0,3474775.83153751,0,0,0,0,5324320.88677376,0,0,0,0,0,0,0
2011-11-02,6150,0,0,0,0,0,0,2562570.13921141,0,0,0,0,4073244.9087223,0,0,-171.26028822,0,0,0,0
2011-11-03,6151,0,0,0,0,0,0,1830062.97416346,0,0,0,0,2406101.84674252,0,0,0,0,0,0,0
2011-11-04,6152,0,0,0,0,0,0,1164954.07225672,0,0,0,0,1582290.9288934,0,0,0,0,0,0,0
2011-11-05,6153,0,0,0,0,0,0,1227862.86927102,0,0,0,0,1197461.72153642,0,0,0,0,0,0,0
2011-11-06,6154,0,0,0,0,0,0,1090998.98665223,0,0,0,0,1101504.58204676,0,0,0,0,0,0,0
2011-11-07,6155,0,0,100.309597386,0,0,0,966106.198180026,0,0,0,0,904834.160206002,0,0,0,0,0,0,0
2011-11-08,6156,-286.249338882,0,0,0,0,0,1050048.20516329,0,0,0,0,423179.279040528,0,0,0,0,0,0,0
2011-11-09,6157,0,0,0,0,0,0,1006359.70563836,0,0,0,0,347080.993257744,0,0,-261.783583422,0,0,0,0
2011-11-10,6158,0,0,0,0,0,0,703982.540757132,0,0,0,0,131564.59998615,0,0,0,0,0,0,0
2011-11-11,6159,0,0,0,0,0,0,378140.269814214,0,0,0,0,106100.641703382,0,0,0,0,0,0,0
2011-11-12,6160,0,0,0,0,0,0,235238.2387479,0,0,0,0,144988.960007052,0,0,0,0,0,0,0
2011-11-13,6161,0,0,0,0,0,0,360478.44094764,0,0,0,0,89525.092379232,0,0,0,0,0,0,0
2011-11-14,6162,0,0,0,0,0,0,257639.084447076,0,0,0,0,40043.101961382,0,0,0,0,0,0,0
2011-11-15,6163,0,0,0,0,0,0,450632.303242194,0,0,0,-665.468548512,0,0,0,0,0,0,0,0
2011-11-16,6164,0,0,0,0,0,0,301430.34014493,0,0,0,0,0,0,0,0,0,0,0,0
2011-11-17,6165,0,0,0,0,0,0,182756.746710654,0,0,0,0,0,0,0,0,0,0,0,0
2011-11-18,6166,0,0,0,0,0,0,350567.363410794,0,0,0,0,0,149605.648062354,0,0,0,0,0,0
2011-11-19,6167,0,0,0,0,0,0,573005.118902022,0,0,0,0,0,164370.731482464,0,0,0,0,0,0
2011-11-20,6168,0,0,0,0,0,0,500515.532049588,0,0,0,0,0,0,0,0,0,0,0,0
2011-11-21,6169,0,0,0,0,0,0,472355.447515128,0,0,0,0,74950.84185171,0,0,0,0,0,0,0
2011-11-22,6170,0,0,0,0,0,0,706345.932734568,0,0,0,0,37953.726445098,9752.050126356,0,0,0,0,0,0
2011-11-23,6171,0,0,0,0,0,0,917522.100987558,0,0,0,0,0,135581.877032682,0,0,0,0,0,0
2011-11-24,6172,0,0,0,0,0,0,844225.144204944,0,0,0,0,0,0,0,0,0,0,0,0
2011-11-25,6173,0,0,0,0,0,0,444207.595858398,0,0,0,0,0,0,0,0,0,0,0,0
2011-11-26,6174,0,0,0,0,0,0,207303.239163672,0,0,0,0,0,0,0,0,0,0,0,0
2011-11-27,6175,0,0,0,0,0,0,24974.643173568,0,0,0,0,0,0,0,0,0,0,0,0
2011-11-28,6176,0,0,0,0,0,0,273076.976142336,0,0,0,0,0,0,0,0,0,0,0,0
2011-11-29,6177,0,0,0,0,0,0,295857.041051142,0,0,0,0,0,0,0,0,0,0,0,0
2011-11-30,6178,0,0,0,0,0,0,31736.977982712,0,0,0,0,0,0,0,0,0,0,0,0
2011-12-01,6179,0,0,0,0,0,0,111744.891488004,0,0,0,0,0,9296.9870748,0,0,0,0,0,0
2011-12-02,6180,0,0,0,0,0,0,0,0,0,0,0,0,0,0,0,0,0,0,0
2011-12-03,6181,0,0,0,0,0,0,80878.894399668,0,0,0,0,0,0,0,0,0,0,0,0
2011-12-04,6182,0,0,0,0,0,0,0,0,0,0,0,0,0,0,0,0,0,0,0
2011-12-05,6183,-97.86302184,0,0,0,0,0,100764.660437556,0,0,0,0,0,0,0,0,0,0,0,0
2011-12-06,6184,0,0,0,0,0,0,11168.61736749,0,0,0,0,0,0,0,0,0,0,0,0
2011-12-07,6185,0,0,0,0,0,0,77142.973540926,0,0,0,0,0,0,0,0,0,0,0,0
2011-12-08,6186,0,0,0,0,0,0,70493.181206898,0,0,0,0,38288.9072949,0,0,0,0,0,0,0
2011-12-09,6187,0,0,0,0,0,0,0,0,0,0,0,0,0,0,0,0,0,0,0
2011-12-10,6188,0,0,0,0,0,0,94836.607889598,0,0,0,0,0,0,0,0,0,0,0,0
2011-12-11,6189,0,0,0,0,0,0,341143.154407602,0,0,0,0,0,0,0,0,0,0,0,0
2011-12-12,6190,0,0,0,0,0,0,485459.306139504,0,0,0,0,0,0,0,0,0,0,0,0
2011-12-13,6191,0,0,0,0,0,0,317832.182605314,0,0,0,0,0,0,0,0,0,0,0,0
2011-12-14,6192,0,0,0,0,0,0,226163.890047786,0,0,0,-2561.564596662,231470.51240706,0,0,0,0,0,0,0
2011-12-15,6193,0,0,0,0,0,0,356111.30359803,0,0,0,0,83513.85626271,0,0,0,0,0,0,0
2011-12-16,6194,0,0,0,0,0,0,508356.806674518,0,0,0,0,43426.7159415,0,0,0,0,0,0,0
2011-12-17,6195,0,0,0,0,0,0,431130.649565028,0,0,0,0,40889.617100298,0,0,0,0,0,0,0
2011-12-18,6196,0,0,0,0,0,0,80482.549161216,0,0,0,0,76771.094057934,0,0,0,0,0,0,0
2011-12-19,6197,0,0,0,0,0,0,0,0,0,0,0,0,0,0,0,0,0,0,0
2011-12-20,6198,0,0,0,0,0,0,64638.52592532,0,0,0,0,73637.030783508,0,0,0,0,0,0,0
2011-12-21,6199,0,0,0,0,0,0,120085.267524318,0,0,0,0,1604.953558176,0,0,0,0,0,0,0
2011-12-22,6200,0,0,0,0,0,0,100382.99465238,0,0,0,0,0,0,0,0,0,0,0,0
2011-12-23,6201,0,0,0,0,0,0,142099.554287226,0,0,0,0,0,0,0,0,0,0,0,0
2011-12-24,6202,0,0,0,0,0,0,98300.958862734,0,0,0,0,4472.340098088,0,0,0,0,0,0,0
2011-12-25,6203,0,0,0,0,0,0,184342.127664462,0,0,0,0,0,0,0,0,0,0,0,0
2011-12-26,6204,0,0,0,0,0,0,151572.694801338,0,0,0,0,0,0,0,0,0,0,0,0
2011-12-27,6205,0,0,0,0,0,0,85094.344065426,0,0,0,0,0,0,0,0,0,0,0,0
2011-12-28,6206,-71804.545699554,0,0,0,0,0,206013.89385093,0,0,0,0,0,0,0,0,0,0,0,0
2011-12-29,6207,-76609.620071898,0,0,0,0,0,38621.641569156,0,0,0,0,71021.641524834,0,0,0,0,0,0,0
2011-12-30,6208,0,0,0,0,0,0,51796.450884366,0,0,0,0,0,0,0,0,0,0,0,0
2011-12-31,6209,0,0,0,0,0,0,0,0,0,0,0,0,0,0,0,0,0,0,0
2012-01-01,6210,-62859.865503378,0,0,0,0,0,0,0,0,0,0,0,0,0,0,0,0,0,0
2012-01-02,6211,-143736.3133275,0,0,0,0,0,60631.035180972,0,0,0,0,0,0,0,0,0,0,0,0
2012-01-03,6212,-188237.075933694,113212.836815604,0,0,0,0,119172.69484566,-210.405496956,0,0,-379.21920963,0,0,0,0,0,0,0,0
2012-01-04,6213,-10405.285797138,81612.867063468,0,0,0,0,0,0,0,0,0,0,0,0,0,0,0,0,0
2012-01-05,6214,0,0,0,0,0,0,0,0,0,0,0,0,0,0,0,0,0,0,0
2012-01-06,6215,-98244.687625176,0,0,0,0,0,0,0,0,0,0,0,0,0,0,0,0,0,0
2012-01-07,6216,0,0,0,0,0,0,39088.937498442,0,0,0,0,0,0,0,0,0,0,0,0
2012-01-08,6217,0,0,0,0,0,0,0,0,0,0,0,0,0,0,0,0,0,0,0
2012-01-09,6218,0,0,0,0,0,0,0,0,0,0,0,72159.299153724,0,0,0,0,0,0,0
2012-01-10,6219,0,0,0,0,0,0,0,0,0,0,0,0,0,0,0,0,0,0,0
2012-01-11,6220,0,0,0,0,0,0,36099.22218123,0,0,0,0,0,0,0,0,0,0,0,0
2012-01-12,6221,0,0,0,0,0,0,0,0,0,0,0,0,0,0,0,0,0,0,0
2012-01-13,6222,0,0,0,0,0,0,0,0,0,0,0,0,0,0,0,0,0,0,0
2012-01-14,6223,0,0,0,0,0,0,0,0,0,0,0,0,0,0,0,0,0,0,0
2012-01-15,6224,0,0,0,0,0,0,0,0,0,0,0,0,0,0,0,0,0,0,0
2012-01-16,6225,0,0,0,0,0,0,38090.734675674,0,0,0,0,0,0,0,0,0,0,0,0
2012-01-17,6226,0,0,0,0,0,0,0,0,0,0,0,0,0,0,0,0,0,0,0
2012-01-18,6227,-37454.625033714,0,0,0,0,0,3256.392051726,0,0,0,0,0,0,0,0,0,0,0,0
2012-01-19,6228,-19286.355029118,0,0,0,0,0,0,0,0,0,0,0,0,0,0,0,0,0,0
2012-01-20,6229,-132763.42200369,0,0,0,0,0,35426.41390608,0,0,0,0,0,0,0,0,0,0,0,0
2012-01-21,6230,0,0,0,0,0,0,0,0,0,0,0,0,0,0,0,0,0,0,0
2012-01-22,6231,0,135258.92906061,0,0,0,0,0,0,0,0,0,0,0,0,0,0,0,0,0
2012-01-23,6232,0,76775.987209026,0,0,0,0,0,0,0,0,0,112371.21482778,0,0,0,0,0,0,0
2012-01-24,6233,-148149.935612484,0,0,0,0,0,0,0,0,0,0,0,0,0,0,0,0,0,0
2012-01-25,6234,-57773.434943244,0,0,0,0,0,29654.942193066,0,0,0,0,0,0,0,0,0,0,0,0
2012-01-26,6235,-126943.018779756,0,0,0,0,0,0,0,0,0,0,0,0,0,0,0,0,0,0
2012-01-27,6236,-150515.774165466,0,0,0,0,0,0,0,0,0,0,0,0,0,0,0,0,0,0
2012-01-28,6237,-301305.564792084,0,0,0,0,0,0,0,0,0,0,0,0,0,0,0,0,0,0
2012-01-29,6238,-168410.02770891,163514.430041364,0,0,0,0,36549.392081694,0,0,0,0,0,0,0,0,0,0,0,0
2012-01-30,6239,-278400.724530432,291695.416047396,0,0,0,0,0,0,0,0,0,0,0,0,0,0,0,0,0
2012-01-31,6240,-294949.361523576,197830.09864956,0,0,0,0,0,0,0,0,0,0,0,0,0,0,0,0,0
2012-02-01,6241,-157946.024098668,61634.131154832,0,0,0,0,28906.29007599,0,0,0,0,0,0,0,-1137.65762889,0,0,0,0
2012-02-02,6242,-293885.101161066,93525.243396942,0,0,0,0,0,0,0,0,0,0,0,0,0,0,0,0,0
2012-02-03,6243,-292943.169575856,115977.467182584,0,0,0,0,0,0,0,0,0,0,0,0,0,0,0,0,0
2012-02-04,6244,-128809.755921354,48361.458817782,0,0,0,0,0,0,0,0,0,0,0,0,0,0,0,0,0
2012-02-05,6245,-111167.499659148,0,0,0,0,0,0,0,0,0,0,0,0,0,0,0,0,0,0
2012-02-06,6246,0,0,0,0,0,0,37518.23599791,0,0,0,0,65132.734185612,0,0,-83.183568564,0,0,0,0
2012-02-07,6247,0,0,0,0,0,0,74828.51307441,0,0,0,0,412485.297328962,8320.803431946,0,0,0,0,0,0
2012-02-08,6248,0,0,0,0,0,0,47935.754672778,0,0,0,0,26234.629579758,0,0,0,0,0,0,0
2012-02-09,6249,0,0,0,0,0,0,0,0,0,0,0,228069.77239812,0,0,0,0,0,0,0
2012-02-10,6250,0,0,0,0,0,0,0,0,0,0,0,21260.74149474,0,0,0,0,0,0,0
2012-02-11,6251,0,0,0,0,0,0,0,0,0,0,0,83511.409687164,0,0,0,0,0,0,0
2012-02-12,6252,0,0,0,0,0,0,0,0,0,0,0,106088.408825652,0,0,0,0,0,0,0
2012-02-13,6253,0,0,0,0,0,0,40047.995112474,0,0,0,0,58338.59389437,0,0,0,0,0,0,0
2012-02-14,6254,0,0,0,0,0,0,0,0,0,0,0,71440.0059432,0,0,0,0,0,0,0
2012-02-15,6255,0,0,0,0,0,0,0,0,0,0,0,0,0,0,0,0,0,0,0
2012-02-16,6256,0,0,0,0,0,0,0,0,0,0,0,0,0,0,0,0,0,0,0
2012-02-17,6257,0,0,0,0,0,0,0,0,0,0,0,0,0,0,0,0,0,0,0
2012-02-18,6258,0,0,0,0,0,0,0,0,0,0,0,0,0,0,0,0,0,0,0
2012-02-19,6259,0,0,0,0,0,0,0,0,0,0,0,0,0,0,0,0,0,0,0
2012-02-20,6260,0,0,0,0,0,0,0,0,0,0,0,0,0,0,0,0,0,0,0
2012-02-21,6261,0,0,0,0,0,0,0,0,0,0,0,0,0,0,0,0,0,0,0
2012-02-22,6262,0,0,0,0,0,0,52075.36049661,0,0,0,0,0,0,0,-90.523295202,0,0,0,0
2012-02-23,6263,0,0,0,0,0,0,0,0,0,0,0,0,0,0,0,0,0,0,0
2012-02-24,6264,-189328.24862721,0,0,0,0,0,0,0,0,0,0,0,0,0,0,0,0,0,0
2012-02-25,6265,-261771.35054427,0,0,0,0,0,0,0,0,0,0,0,0,0,0,0,0,0,0
2012-02-26,6266,-98998.232893344,0,0,0,0,0,0,0,0,0,0,0,0,0,0,0,0,0,0
2012-02-27,6267,-135963.542817858,0,0,0,0,0,245496.730012278,0,0,0,0,0,0,0,0,0,0,0,0
2012-02-28,6268,-176980.381846548,0,0,0,0,0,141311.756961414,0,0,0,0,0,0,0,0,0,0,0,0
2012-02-29,6269,-153821.097728112,0,0,0,0,0,45655.546263906,0,0,0,0,0,0,0,0,0,0,0,0
2012-03-01,6270,-191799.28992867,0,0,0,0,0,65952.336993522,0,0,0,0,0,0,0,0,0,0,0,0
2012-03-02,6271,-296693.769887874,0,0,0,0,0,0,0,0,0,0,0,0,0,0,0,0,0,0
2012-03-03,6272,-136927.493582982,0,0,0,0,0,0,0,0,0,0,0,0,0,0,0,0,0,0
2012-03-04,6273,0,0,0,0,0,0,0,0,0,0,0,0,0,0,0,0,0,0,0
2012-03-05,6274,-217537.26467259,0,0,0,0,0,0,0,0,0,0,70762.304516958,0,0,0,0,0,0,0
2012-03-06,6275,-437861.178892074,0,0,0,0,0,38147.005913232,0,0,0,0,0,0,0,0,0,0,0,0
2012-03-07,6276,-165843.569961156,185284.059249672,0,0,0,0,81881.990373528,0,0,0,0,0,0,0,-68.504115288,0,0,0,0
2012-03-08,6277,0,80548.606700958,0,0,0,0,0,0,0,0,0,0,0,0,0,0,0,0,0
2012-03-09,6278,0,0,0,0,0,0,0,0,0,0,0,0,0,0,0,0,0,0,0
2012-03-10,6279,0,0,0,0,0,0,0,0,0,0,0,0,0,0,0,0,0,0,0
2012-03-11,6280,0,0,0,0,0,0,297968.43574734,0,0,0,0,211499.116225062,0,0,0,0,0,0,0
2012-03-12,6281,-113640.987536154,0,0,0,0,0,167201.419389186,-900.339800928,0,0,0,246768.949296198,0,0,0,0,0,0,0
2012-03-13,6282,-150305.36866851,0,0,0,0,0,431854.835926644,0,0,0,0,338955.915869478,0,0,0,0,0,0,0
2012-03-14,6283,-90454.791086712,0,0,0,0,0,454064.848733232,0,0,0,0,1023627.63584203,0,0,0,0,0,0,0
2012-03-15,6284,-86667.492141504,0,0,0,0,0,142488.55979904,0,0,0,0,1149856.25456236,0,0,0,0,0,0,0
2012-03-16,6285,-121117.72240473,0,0,0,0,0,538251.513271092,0,0,0,0,0,0,0,0,0,0,0,0
2012-03-17,6286,0,0,0,0,0,0,115226.368489962,0,0,0,0,0,0,0,0,0,0,0,0
2012-03-18,6287,0,0,0,0,0,0,38915.230634676,0,0,0,0,0,0,0,0,0,0,0,0
2012-03-19,6288,0,0,0,0,0,0,0,0,0,0,0,16034.856128484,0,0,0,0,0,0,0
2012-03-20,6289,0,0,0,0,0,0,0,0,0,0,0,296962.893197934,0,0,0,0,0,0,0
2012-03-21,6290,0,0,0,0,0,0,49645.910979432,0,0,0,0,558139.725884526,0,0,0,0,0,0,0
2012-03-22,6291,0,0,0,0,0,0,0,0,0,0,0,491042.391535476,0,0,0,0,0,0,0
2012-03-23,6292,-243955.387418298,0,0,0,0,0,0,0,0,0,0,0,0,0,0,0,0,0,0
2012-03-24,6293,0,0,0,0,0,0,0,0,0,0,0,0,0,0,0,0,0,0,0
2012-03-25,6294,0,0,0,0,0,0,0,0,0,0,0,0,0,0,0,0,0,0,0
2012-03-26,6295,-162159.02718888,0,0,0,0,0,0,0,0,0,0,0,0,0,0,0,0,0,0
2012-03-27,6296,0,0,0,0,0,0,0,0,0,0,0,0,0,0,0,0,0,0,0
2012-03-28,6297,-200699.931765018,0,0,0,0,0,148311.40959852,0,0,0,0,0,0,0,0,0,0,0,0
2012-03-29,6298,-138317.14849311,0,0,0,0,0,0,0,0,0,0,0,0,0,0,0,0,0,0
2012-03-30,6299,-43996.768043718,0,0,0,0,0,0,0,0,0,0,0,0,0,0,0,0,0,0
2012-03-31,6300,-160874.57502723,0,0,0,0,0,0,0,0,0,0,0,0,0,0,0,0,0,0
2012-04-01,6301,0,0,0,0,0,0,0,0,0,0,0,0,0,0,0,0,0,0,0
2012-04-02,6302,0,0,0,0,0,0,0,0,0,0,0,0,0,0,0,0,0,0,0
2012-04-03,6303,0,0,0,0,0,0,0,0,0,0,0,0,0,0,0,0,0,0,0
2012-04-04,6304,-209258.053024926,0,0,0,0,0,28441.44072225,0,0,0,0,0,0,0,0,0,0,0,0
2012-04-05,6305,0,0,0,0,0,0,55466.314203366,0,0,0,0,0,0,0,0,0,0,0,0
2012-04-06,6306,0,0,0,0,0,0,112518.00936054,0,0,0,0,0,0,0,0,0,0,0,0
2012-04-07,6307,-213001.313610306,0,0,0,0,0,40596.028034778,0,0,0,0,0,0,0,0,0,0,0,0
2012-04-08,6308,0,0,0,0,0,0,0,0,0,0,0,0,0,0,0,0,0,0,0
2012-04-09,6309,-288018.213001758,0,0,0,0,0,54450.985351776,117.435626208,0,0,0,0,0,0,0,0,0,0,0
2012-04-10,6310,-336580.291014312,0,0,0,0,0,0,0,0,0,0,0,3709.008527736,0,0,0,0,0,0
2012-04-11,6311,-184880.374284582,0,0,0,0,0,26435.24877453,0,0,0,0,0,0,0,0,0,0,0,0
2012-04-12,6312,-191865.347468412,0,0,0,0,0,0,0,0,0,0,0,0,0,0,0,0,0,0
2012-04-13,6313,-7863.293804844,0,0,0,0,0,0,0,0,0,0,0,0,0,0,0,0,0,0
2012-04-14,6314,-61144.816045632,0,0,0,0,0,0,0,0,0,0,0,0,0,0,0,0,0,0
2012-04-15,6315,0,0,0,0,0,0,0,0,0,0,0,0,0,0,0,0,0,0,0
2012-04-16,6316,0,0,0,0,0,0,0,0,0,0,0,0,0,0,0,0,0,0,0
2012-04-17,6317,0,0,0,0,0,0,0,0,0,0,0,0,0,0,0,0,0,0,0
2012-04-18,6318,0,0,0,0,0,0,51368.300163816,0,0,0,0,0,0,0,0,0,0,0,0
2012-04-19,6319,0,0,0,0,0,0,79295.960021406,0,0,0,0,0,0,0,-139.454806122,0,0,0,0
2012-04-20,6320,0,0,0,0,0,0,82133.987654766,0,0,0,0,0,0,0,0,0,0,0,0
2012-04-21,6321,0,0,0,0,0,0,56542.807443606,0,0,0,0,0,0,0,0,0,0,0,0
2012-04-22,6322,0,0,0,0,0,0,405627.546073524,0,0,0,0,734139.030937128,0,0,0,0,0,0,0
2012-04-23,6323,0,0,0,0,0,0,83014.754851326,0,0,0,0,530427.364674984,0,0,0,0,0,0,0
2012-04-24,6324,0,0,0,0,0,0,448538.034574818,0,0,0,0,195963.361507962,0,0,0,0,0,0,0
2012-04-25,6325,0,0,0,0,0,0,48202.431407292,0,0,0,0,4438.088040444,0,0,0,0,0,0,0
2012-04-26,6326,0,0,0,0,0,0,0,0,0,0,0,0,0,0,0,0,0,0,0
2012-04-27,6327,0,0,0,0,0,0,0,0,0,0,0,0,0,0,0,0,0,0,0
2012-04-28,6328,0,0,0,0,0,0,0,0,0,0,0,0,0,0,0,0,0,0,0
2012-04-29,6329,0,0,0,0,0,0,56525.681414784,0,0,0,0,0,0,0,0,0,0,0,0
2012-04-30,6330,0,0,0,0,0,0,71963.573110044,0,0,0,0,0,0,0,0,0,0,0,0
2012-05-01,6331,0,0,0,0,0,0,349358.75509107,-418476.960841116,0,0,0,0,0,0,0,0,0,0,0
2012-05-02,6332,0,0,0,0,0,0,379554.390479802,-151685.237276454,0,0,0,124293.377463438,0,0,-166.367137128,0,0,0,0
2012-05-03,6333,0,0,0,0,0,0,76981.49955489,0,0,0,0,0,0,0,0,0,0,0,0
2012-05-04,6334,0,0,0,0,0,0,39426.56492379,0,0,0,0,0,0,0,0,0,0,0,0
2012-05-05,6335,0,0,0,0,0,0,40383.175962276,0,0,0,0,0,0,0,0,0,0,0,0
2012-05-06,6336,0,0,0,0,0,0,38844.279943842,0,0,0,0,0,0,0,0,0,0,0,0
2012-05-07,6337,0,0,0,0,0,0,0,0,0,0,0,0,0,0,-53.824662012,0,0,0,0
2012-05-08,6338,0,0,0,0,0,0,60060.983078754,0,0,0,0,0,0,0,0,0,0,0,0
2012-05-09,6339,0,0,0,0,0,0,322314.309005586,-195838.586155116,0,0,0,0,0,0,0,0,0,0,0
2012-05-10,6340,0,0,0,0,0,0,541434.508056438,-716932.26512211,0,0,0,289287.985710132,0,0,0,0,0,0,0
2012-05-11,6341,0,0,0,0,0,0,807413.968539828,-859293.602992758,0,0,0,102966.578428956,0,0,0,0,0,0,0
2012-05-12,6342,0,0,0,0,0,0,592357.531470882,-1752264.31837621,0,0,0,89527.538954778,0,0,0,0,0,0,0
2012-05-13,6343,0,0,0,0,0,0,114761.519136222,-664883.816956506,0,0,0,100674.137142354,0,0,0,0,0,0,0
2012-05-14,6344,0,0,0,0,0,0,121147.081311282,-1534323.36873853,0,0,0,174746.65837305,0,0,0,0,0,0,0
2012-05-15,6345,0,0,0,0,0,0,254906.259562194,-1433636.99871844,0,0,0,977727.432023526,7070.60332794,0,0,0,0,0,0
2012-05-16,6346,0,0,0,0,0,0,458441.772385026,-412583.160350802,0,0,-36.69863319,1671385.42397654,0,0,0,0,0,0,0
2012-05-17,6347,0,0,0,0,0,0,433998.03610494,0,0,0,0,1263678.28868891,0,0,0,0,0,0,0
2012-05-18,6348,-186081.642877668,0,0,0,0,0,407758.51337409,-614391.390838158,0,0,0,1446567.15047905,0,0,0,0,0,0,0
2012-05-19,6349,-490164.070914462,0,0,0,0,0,285444.415527366,-915829.070709726,0,0,0,1438033.4949746,0,0,0,0,0,0,0
2012-05-20,6350,-487120.530935238,0,0,0,0,0,288368.073304836,0,0,0,0,2230528.24583492,0,0,0,0,0,0,0
2012-05-21,6351,-486440.38293345,0,0,0,0,0,159188.884476036,0,0,0,0,872930.815086162,0,0,0,0,-594517.857678,0,0
2012-05-22,6352,-277718.129953098,0,0,0,0,0,39700.581384942,-48867.899955804,0,0,0,1275321.54171233,0,0,0,0,-888106.923198,0,0
2012-05-23,6353,0,0,0,0,0,0,50837.393270334,-930420.44726607,0,0,0,1085075.82725537,0,0,0,0,-1812912.479586,0,0
2012-05-24,6354,-53964.116818122,0,0,0,0,0,91604.681593332,-778196.963369496,0,0,0,823578.49317225,0,0,0,0,-2564011.172208,0,0
2012-05-25,6355,0,0,0,0,0,0,0,-692067.717848112,0,0,0,274740.647513616,0,0,0,0,-2539545.416748,0,0
2012-05-26,6356,0,0,0,0,0,0,77358.272188974,-667535.90484837,0,0,0,192799.939326984,0,0,0,0,-2517526.236834,0,0
2012-05-27,6357,0,0,0,0,0,0,0,-677380.924845474,0,0,0,122685.977329716,0,0,0,0,-2473487.877006,0,0
2012-05-28,6358,0,0,0,0,0,0,81407.354717604,-650108.947234212,0,0,0,190081.793895378,0,0,0,0,-2446575.546,0,0
2012-05-29,6359,0,0,0,0,0,0,166386.709732368,-165278.41101003,0,0,0,971449.51917249,0,0,0,0,-2554224.870024,0,0
2012-05-30,6360,-150408.124841442,0,0,0,0,0,246617.261612346,-865701.184347732,0,0,0,1182366.3504176,0,0,0,0,-2603156.380944,0,0
2012-05-31,6361,-420906.410358294,0,0,0,0,0,149610.541213446,-906527.190483834,0,0,0,1192893.96499204,0,0,0,0,-2696126.251692,0,0
2012-06-01,6362,-72619.255356372,0,0,0,0,0,166831.98648174,0,0,0,0,1216889.97794721,0,0,0,0,-2669213.920686,-660575.39742,-670361.699604
2012-06-02,6363,-622134.802441248,0,0,0,0,0,0,-1384032.67952329,0,0,0,1191470.05802427,0,0,0,0,-2524865.963472,-978630.2184,-1015328.85159
2012-06-03,6364,-1021269.13701569,0,0,0,0,0,74848.085678778,-639911.620358484,0,0,0,469485.61439967,0,0,0,0,-2453915.272638,-946824.736302,-978630.2184
2012-06-04,6365,-1021344.98085761,0,0,0,0,0,0,-715985.440385808,0,0,0,853659.13951032,0,0,0,0,-2382964.581804,-922358.980842,-944378.160756
2012-06-05,6366,-1012874.93631736,0,0,0,0,0,0,-608502.483498936,0,0,0,598799.3648835,0,0,0,0,-2312013.89097,-893000.07429,-912572.678658
2012-06-06,6367,-1011238.17727709,0,0,0,0,0,110382.148908882,-610374.113791626,0,0,0,567590.847218724,0,0,0,0,-2250849.50232,-856301.4411,-885660.347652
2012-06-07,6368,-966032.800913646,0,9526.965176124,-2561.564596662,0,0,111314.294191908,-495093.920639652,0,0,0,513445.683810198,0,0,0,0,-2189685.11367,-829389.110094,-858748.016646
2012-06-08,6369,-1017843.93125129,0,0,0,0,0,130617.775249848,-518258.09790918,0,0,0,0,0,0,0,0,-1891202.897058,-802476.779088,-831835.68564
2012-06-09,6370,-1015052.3885533,0,0,0,0,0,177337.581876264,-571997.12977707,0,0,0,83995.831645272,0,0,0,0,-1602506.98263,-785350.750266,-812263.081272
2012-06-10,6371,-1010310.92514515,0,0,0,0,0,98185.969812072,-373653.25026285,0,0,0,113822.034126558,0,0,0,0,-1580487.802716,-765778.145898,-795137.05245
2012-06-11,6372,-1007311.42352576,0,0,0,0,0,49296.050676354,-395432.665773342,0,0,0,273764.463870762,0,0,0,0,-1524216.565158,-736419.239346,-765778.145898
2012-06-12,6373,-829976.28822504,0,0,0,0,0,0,-725771.742569808,0,0,-134.56165503,818514.08179203,0,0,0,0,-1494857.658606,-724186.361616,-288695.914428
2012-06-13,6374,-511569.160366416,0,0,0,0,0,39326.255326404,-292062.402379296,0,0,0,246656.406821082,0,0,0,0,-1482624.780876,-741312.390438,0
2012-06-14,6375,-395985.591846738,0,0,0,0,0,0,-366325.75650258,0,0,0,819989.366846268,0,0,0,0,-1487517.931968,-738865.814892,0
2012-06-15,6376,0,0,0,0,0,0,164879.619196032,-435194.411546934,0,0,0,354861.103494024,0,0,0,0,-648342.51969,-411024.691728,0
2012-06-16,6377,0,0,0,0,0,0,196425.764286156,-673762.43961294,0,0,0,1070357.22877063,0,0,0,0,0,0,0
2012-06-17,6378,0,0,0,0,0,0,0,-587738.396840034,0,0,0,343946.929983318,0,0,0,0,0,0,0
2012-06-18,6379,0,0,0,0,0,0,77879.392780272,-592063.942405362,0,0,0,433976.016925026,0,0,0,0,0,0,0
2012-06-19,6380,-189000.407504046,0,0,0,0,0,0,-588408.758539638,0,0,0,0,0,0,0,0,0,0,0
2012-06-20,6381,-157649.988457602,0,0,0,0,0,447897.031781766,-620706.002322384,0,0,0,722456.632704978,0,0,-53.824662012,0,0,0,0
2012-06-21,6382,0,0,0,0,0,0,594520.304253546,-491069.303866482,0,0,0,448533.141423726,0,0,0,0,0,0,0
2012-06-22,6383,-73367.907473448,0,0,0,0,0,920335.662865458,-428517.7068819,0,0,0,382730.04553851,0,0,0,0,-1357849.42803,0,0
2012-06-23,6384,0,0,0,0,0,0,827791.496262462,-423700.399631826,0,0,0,419541.221203626,0,0,0,0,-1849611.112776,0,0
2012-06-24,6385,0,0,0,0,0,0,476994.154750344,0,0,0,0,2321829.55206055,0,0,0,0,-1886309.745966,0,0
2012-06-25,6386,0,0,0,0,0,0,432268.307193918,0,0,0,0,3640959.47549956,0,0,0,0,-2412323.488356,-1644098.766912,-1697923.428924
2012-06-26,6387,-36877.233204858,0,0,0,0,0,472918.159890708,0,0,0,0,3720221.18346332,0,0,0,0,-2368285.128528,-2214150.86913,-2356052.250798
2012-06-27,6388,-116114.47541316,0,0,0,0,0,604722.524280366,-325223.28732978,0,0,0,3403648.98726419,0,0,0,0,-2458808.42373,-2089375.516284,-2187238.538124
2012-06-28,6389,-382619.94963894,0,0,0,0,0,813855.801952446,-603851.54338599,0,0,0,1711541.06841304,0,0,0,0,-2674107.071778,-2138307.027204,-2187238.538124
2012-06-29,6390,-500574.249862692,0,0,0,0,0,743245.18511934,-637239.959862252,0,0,0,1346981.73945467,0,0,0,0,-2148093.329388,-846515.138916,-885660.347652
2012-06-30,6391,-378316.423253526,0,0,0,0,0,759302.060427738,-615414.059416386,0,0,0,993155.537416602,0,0,0,0,-1974386.465622,0,0
2012-07-01,6392,-575016.204000834,0,0,0,0,0,421388.385740856,-522150.599602866,0,0,0,462229.071330234,0,0,0,0,-1786000.14858,0,0
2012-07-02,6393,-535337.641795806,0,0,0,0,0,137825.386808364,-512029.116569064,0,0,0,801549.526956066,0,0,0,0,-1783553.573034,0,0
2012-07-03,6394,0,0,0,0,0,0,62101.427084118,-523236.87914529,0,0,0,437080.7212929,0,0,0,0,-755991.843714,0,0
2012-07-04,6395,0,0,0,0,0,0,114817.79037378,-537573.81184485,0,0,0,179006.146398636,0,0,0,0,0,0,0
2012-07-05,6396,0,0,0,0,0,0,346895.053516248,-543839.491818156,0,0,0,354963.859666956,0,0,0,0,0,0,0
2012-07-06,6397,0,0,0,0,0,0,765905.367826392,-418949.149921494,0,0,0,309291.187374228,0,0,0,0,0,0,0
2012-07-07,6398,0,0,0,0,0,0,594253.627519032,-561503.767260276,0,0,0,154219.88954211,0,0,0,0,0,0,0
2012-07-08,6399,0,0,0,0,0,0,368764.992321942,-544979.596022592,0,0,0,514725.242820756,0,0,0,0,0,0,0
2012-07-09,6400,0,0,0,0,0,0,166438.087818834,-561882.986469906,0,0,0,230976.304146768,0,0,0,0,0,0,0
2012-07-10,6401,0,0,0,0,0,0,241281.28034652,-610650.576828324,0,0,0,231179.369917086,0,0,0,0,0,0,0
2012-07-11,6402,0,0,0,0,0,0,286883.001948414,-557085.2518242,0,0,0,192990.772219572,0,0,0,0,0,0,0
2012-07-12,6403,0,0,0,0,0,0,550508.856756552,-544840.14121647,0,0,0,318372.87580098,0,0,0,0,0,0,0
2012-07-13,6404,0,0,0,0,0,0,461808.260336322,-529248.115261812,0,0,0,65607.369841536,0,0,0,0,0,0,0
2012-07-14,6405,0,0,0,0,0,0,237682.367718354,-623911.016287644,0,0,0,55326.859397244,0,0,0,0,0,0,0
2012-07-15,6406,0,0,0,0,0,0,77348.48588679,-640821.746461596,0,0,0,108549.663824928,0,0,0,0,0,0,0
2012-07-16,6407,0,0,0,0,0,0,201323.808529248,-368209.619673,0,0,0,327031.306658274,0,0,0,0,0,0,0
2012-07-17,6408,0,0,0,0,0,0,130678.939638498,-500542.444380594,0,0,0,238227.954065112,0,0,0,0,0,0,0
2012-07-18,6409,-370700.233578828,0,0,0,0,0,334970.444305044,-446304.31110132,0,0,0,864301.74313542,0,0,0,0,0,0,0
2012-07-19,6410,-460406.372548464,0,0,0,0,0,239133.187017132,-620874.816035058,0,0,0,971882.563044132,0,0,-56.271237558,0,-616537.037592,0,0
2012-07-20,6411,-912976.36362309,0,0,0,0,0,187862.749875156,-511495.763100036,0,0,0,793696.019453406,0,0,0,0,-932145.283026,0,0
2012-07-21,6412,-954834.824639604,0,0,0,0,0,59006.509018428,-476597.809511892,0,0,0,343567.710773688,0,0,0,0,-902786.376474,0,0
2012-07-22,6413,-953902.679356578,0,0,0,0,0,301396.088087286,-475973.932747662,0,0,0,352527.07042314,0,0,0,0,-878320.621014,0,0
2012-07-23,6414,-612184.579695666,0,0,0,0,0,312748.198620726,-298986.211174476,0,0,0,724670.783574108,0,0,0,0,-893000.07429,0,0
2012-07-24,6415,-532161.986737098,0,0,0,0,0,191960.763914706,-495889.057692102,0,0,0,719667.536582538,0,0,0,0,-890553.498744,0,0
2012-07-25,6416,0,0,0,0,0,0,812267.974423092,-623600.301193302,0,0,0,1109306.71146295,0,0,0,0,-912572.678658,0,0
2012-07-26,6417,0,0,0,0,0,0,853213.862760948,-540852.22307649,0,0,0,784472.429644986,0,0,0,0,-949271.311848,0,0
2012-07-27,6418,0,0,0,0,0,0,875962.122187656,-540915.834040686,0,0,0,346601.464450728,0,0,0,0,-959057.614032,0,0
2012-07-28,6419,0,0,0,0,0,0,590588.657351124,-554205.632406558,0,0,0,286408.36629249,0,0,0,0,-944378.160756,0,0
2012-07-29,6420,0,0,0,0,0,0,351455.470333992,-563798.655122424,0,0,0,0,0,0,0,0,-929698.70748,0,0
2012-07-30,6421,0,0,0,0,0,0,164913.871253676,-568618.408948044,0,0,0,109831.669411032,0,0,0,0,-915019.254204,0,0
2012-07-31,6422,0,0,0,0,0,0,388244.626819194,-347457.765891828,0,0,0,133551.219329502,0,0,0,0,-327841.123164,0,0
2012-08-01,6423,0,0,0,0,0,0,458696.21624181,-460633.904074242,0,0,0,0,0,0,-242.210979054,0,0,0,0
2012-08-02,6424,0,0,0,0,0,0,340710.11053596,-511936.146698316,0,0,0,334649.942908518,0,0,0,0,0,0,0
2012-08-03,6425,0,0,0,0,0,0,439468.579025796,-154770.36903996,0,0,0,208044.55155411,0,0,0,0,0,0,0
2012-08-04,6426,0,0,0,0,0,0,447999.787954698,-339083.13779787,0,0,0,457715.139447864,0,0,0,0,0,0,0
2012-08-05,6427,0,0,0,0,0,0,723975.956119044,-445355.039789472,0,0,0,459711.5450934,0,0,0,0,0,0,0
2012-08-06,6428,0,0,0,0,0,0,869295.203824806,-469382.858226738,0,0,0,346997.80968918,0,0,0,0,0,0,0
2012-08-07,6429,0,0,0,0,0,0,1077721.42116409,-406217.17078011,0,0,0,165263.731556754,0,0,0,0,0,0,0
2012-08-08,6430,0,0,0,0,0,0,1010800.24025435,-414564.886543062,0,0,0,420573.676084038,0,0,0,0,0,0,0
2012-08-09,6431,0,0,0,0,0,0,844124.834607558,-342711.409332588,0,0,0,458282.744974536,0,0,0,0,0,0,0
2012-08-10,6432,0,0,0,0,0,0,656000.30114898,-385110.563544768,0,0,0,378539.061628212,0,0,0,0,0,0,0
2012-08-11,6433,0,0,0,0,0,0,578659.154988828,-430450.50156324,0,0,0,82366.412331636,0,0,0,0,0,0,0
2012-08-12,6434,0,0,0,0,0,0,649998.851334642,-439551.76259436,0,0,0,206009.000699838,0,0,0,0,0,0,0
2012-08-13,6435,0,0,0,0,0,0,611846.952270318,-402038.419747542,0,0,0,75058.491175734,0,0,0,0,0,0,0
2012-08-14,6436,0,0,0,0,0,0,580513.659252696,-445516.513775508,0,0,-66.057539742,65286.86844501,0,0,0,0,0,0,0
2012-08-15,6437,0,0,0,0,0,0,507055.228484046,-477459.004104084,0,0,0,132362.183614146,0,0,0,0,0,0,0
2012-08-16,6438,0,0,0,0,0,0,708200.436998436,-458008.728513384,0,0,0,52696.790685294,0,0,0,0,0,0,0
2012-08-17,6439,0,0,0,0,0,0,801432.091329858,-480933.141379404,0,0,0,116129.154866436,0,0,0,0,0,0,0
2012-08-18,6440,0,0,0,0,0,0,581568.133313022,-527046.197270412,0,0,0,0,0,0,0,0,0,0,0
2012-08-19,6441,0,0,0,0,0,0,360725.545077786,-545772.286499496,0,0,0,0,0,0,0,0,0,0,0
2012-08-20,6442,0,0,0,0,0,0,210170.625703584,-552253.26512085,0,0,0,0,0,0,-643.449368598,0,0,0,0
2012-08-21,6443,0,0,0,0,0,0,212348.077939524,-607753.83138186,0,0,0,143428.044808704,0,0,0,0,0,0,0
2012-08-22,6444,0,0,0,0,0,0,225329.6077866,-273480.661107426,0,0,0,181641.108261678,0,0,0,0,0,0,0
2012-08-23,6445,0,0,0,0,0,0,776990.801625318,-141128.263795464,0,0,0,492997.20539673,0,0,0,0,0,0,0
2012-08-24,6446,0,0,0,0,0,0,933977.768109954,-418386.437545914,0,0,0,452342.459548848,0,0,0,0,-902786.376474,0,0
2012-08-25,6447,0,0,0,0,0,0,583341.900583872,0,0,0,0,374609.861301336,0,0,0,0,-1306471.341564,0,0
2012-08-26,6448,0,0,0,0,0,0,1804806.9748021,0,0,0,0,1982973.94578846,0,0,0,0,-1318704.219294,0,0
2012-08-27,6449,0,0,0,0,0,0,5717072.10574869,899008.863830976,0,0,1086201.25200653,4438080.70071736,0,0,0,0,-4315759.263144,-2598263.229852,-3273518.080548
2012-08-28,6450,0,0,0,0,195432.45461448,0,8864104.67714404,3527032.23862452,0,0,1794886.11096307,6248563.73078618,0,0,0,0,-9884165.20584,-5274816.877176,-5172060.704244
2012-08-29,6451,0,0,0,0,575997.28079478,0,10309837.5453619,3484312.58301581,0,0,1810889.16160946,7202693.94166854,0,0,0,0,-9815661.090552,-4756142.861424,-5167167.553152
2012-08-30,6452,0,0,0,0,572425.28049762,0,8526973.90663187,3921493.6139061,0,0,1490864.84731493,7738053.60264426,0,0,0,0,-9813214.515006,-4565309.968836,-4858899.034356
2012-08-31,6453,-385585.199200692,0,0,0,173951.5213206,0,7291854.49429142,3610291.65103045,0,0,879468.064945074,7840550.43856838,0,0,0,0,-10074998.098428,-4729230.530418,-5025266.171484
2012-09-01,6454,-899089.600823994,0,0,0,0,0,6099765.45265401,3547485.61018908,0,0,288079.377390408,7886428.62320698,0,0,0,0,-9539198.053854,-4589775.724296,-4575096.27102
2012-09-02,6455,-1278641.54472825,0,0,0,0,0,4752326.20357224,3178874.75212654,0,0,81970.067093184,7774084.3207102,0,0,0,0,-8318356.8564,-4320652.414236,-4283953.781046
2012-09-03,6456,-1515898.2083016,0,0,0,0,0,3784475.59702792,1536285.52232642,0,0,0,7692038.40977509,0,0,0,0,-8210707.532376,-4303526.385414,-4090674.312912
2012-09-04,6457,-1354191.79758873,0,0,0,0,0,3501088.75153474,0,0,0,0,7649362.79252621,0,0,0,0,-8164222.597002,-4327992.140874,-3983024.988888
2012-09-05,6458,-1313116.24074694,0,0,0,0,0,3874815.39906397,0,0,0,0,7423052.10794567,0,0,0,0,-8144649.992634,-4315759.263144,-3943879.780152
2012-09-06,6459,-736751.973620256,0,0,0,0,0,3393512.82477712,0,0,0,0,6558478.79492464,0,0,0,0,-8068806.150708,-4186090.759206,-3995257.866618
2012-09-07,6460,-887045.109411036,0,0,0,0,0,3317346.03487904,0,0,0,0,5190268.11945733,0,0,0,0,-8005195.186512,-4053975.679722,-4002597.593256
2012-09-08,6461,-1510655.19690652,0,0,0,0,0,3007159.40085498,0,0,0,0,4137973.95794282,0,0,0,0,-7934244.495678,-4027063.348716,-3797085.247392
2012-09-09,6462,-1514396.01091636,0,0,0,0,0,2284727.23390546,0,0,0,0,3111603.71091372,0,0,0,0,-7775217.085188,-4107800.341734,-3672309.894546
2012-09-10,6463,-1113257.93096974,0,0,0,0,0,1516974.70154184,0,0,0,0,2213666.44717189,0,0,0,0,-6052827.900804,-3909627.722508,-3625824.959172
2012-09-11,6464,-1234084.5108845,0,0,0,0,0,1423314.89648987,0,0,0,0,1913586.61672835,0,0,0,0,-3160975.605432,-2928550.928562,-1600060.407084
2012-09-12,6465,-873862.960369188,0,0,0,0,0,1564841.95209933,0,0,0,0,1504528.97173934,0,0,0,0,-2015978.249904,-2798882.424624,0
2012-09-13,6466,-813045.98544672,0,0,0,0,0,1292807.21713959,0,0,0,0,1363488.78466353,0,0,0,0,-2463701.574822,-3209907.116352,0
2012-09-14,6467,-1150463.00529776,0,0,0,0,0,1068625.05328406,0,0,0,0,1227938.71311295,0,0,0,0,-2559118.021116,-3425205.7644,0
2012-09-15,6468,-1595712.84233876,0,0,0,0,0,962592.91569597,0,0,0,0,1118040.98616217,0,0,0,0,-2593370.07876,-3488816.728596,0
2012-09-16,6469,-1561874.25596203,0,0,0,0,0,1257123.91280118,0,0,0,0,796272.263503344,0,0,0,0,-2600709.805398,-3510835.90851,0
2012-09-17,6470,-1245167.49810788,0,0,0,0,0,890778.583694232,0,0,0,0,388154.103523992,0,0,0,0,-2598263.229852,-3527961.937332,0
2012-09-18,6471,-1730262.26449103,0,0,0,0,0,1059484.64704421,0,0,0,0,679421.368850838,0,0,0,0,-912572.678658,-3691882.498914,0
2012-09-19,6472,-1519457.97572103,0,0,0,0,0,2364955.33920989,0,0,0,0,1520280.02510449,0,0,0,0,0,-2466148.150368,0
2012-09-20,6473,-1098739.95167978,0,0,0,0,0,1885529.28836683,0,0,0,0,1833140.76620033,0,0,0,0,0,-1091172.693516,0
2012-09-21,6474,-1365313.93002085,0,0,0,0,0,1454716.69362278,0,0,0,0,1072776.89198563,0,0,0,0,0,-1122978.175614,0
2012-09-22,6475,-1300474.78490075,0,0,0,0,0,1780563.85771679,0,0,0,0,1080180.22958782,0,0,0,0,0,-1142550.779982,0
2012-09-23,6476,-1552704.49081562,0,0,0,0,0,1918301.1678055,0,0,0,0,733945.751468994,0,0,0,0,0,-1159676.808804,0
2012-09-24,6477,-1384098.73706303,0,0,0,0,0,1618705.75932007,0,0,0,0,623818.046416896,0,0,0,0,0,-1171909.686534,0
2012-09-25,6478,-1409017.10899904,0,0,0,0,0,1549861.57003117,0,0,0,0,517245.215633136,0,0,0,0,0,-1176802.837626,0
2012-09-26,6479,-1513887.12320279,0,0,0,0,0,1210477.50344114,0,0,0,0,354638.465119338,0,0,0,0,0,-804923.354634,0
2012-09-27,6480,-1522645.86365747,0,0,0,0,0,999029.765302548,0,0,0,0,430247.435792922,0,0,0,0,0,-599411.00877,0
2012-09-28,6481,-1003034.80947135,0,0,0,0,0,813129.169015284,0,0,0,0,341253.250307172,0,0,0,0,0,-217745.223594,0
2012-09-29,6482,-705729.395696976,0,0,0,0,0,566543.712885036,0,0,0,0,315823.544082048,0,0,0,0,0,0,0
2012-09-30,6483,-704770.338082944,0,0,0,0,0,339755.94607302,0,0,0,0,101016.657718794,0,0,0,0,0,0,0
2012-10-01,6484,-700755.507611958,0,0,0,0,0,364588.68786492,0,0,0,0,233926.874255244,0,0,0,0,0,0,0
2012-10-02,6485,-393561.035480652,0,0,0,0,0,441359.781922854,-105.202748478,0,0,0,644692.228975368,0,0,0,0,0,0,0
2012-10-03,6486,-124562.500773498,0,0,0,0,0,436300.263693726,0,0,0,0,1008456.42088129,0,0,0,0,0,0,0
2012-10-04,6487,-893132.189369484,0,0,0,0,0,1140050.37977399,0,0,0,0,1136767.07539126,0,0,0,0,0,0,0
2012-10-05,6488,-1432284.0424415,0,0,0,0,0,717861.96382959,0,0,0,0,1020525.3780497,0,0,0,0,0,0,0
2012-10-06,6489,-1194259.15414671,0,0,0,0,0,345595.921901322,0,0,0,0,815238.117135936,0,0,0,0,0,0,0
2012-10-07,6490,-996458.414403702,0,0,0,0,0,485667.265060914,0,0,0,0,1190254.10997791,0,0,0,0,0,0,0
2012-10-08,6491,-990148.696070568,0,0,0,0,0,480037.694729568,0,0,0,-33762.7425348,959701.063400598,0,0,0,0,0,0,0
2012-10-09,6492,-986997.50676732,0,0,0,0,0,506602.612008036,0,0,0,0,1228039.02271033,0,0,0,0,0,0,0
2012-10-10,6493,-524266.887450156,0,0,0,0,0,1089049.06594207,0,0,0,0,1441815.90076872,0,0,0,0,0,0,0
2012-10-11,6494,-259229.358551976,0,0,0,0,0,592384.443801888,0,0,0,0,1362480.79553858,0,0,0,0,0,0,0
2012-10-12,6495,-259708.887358992,0,0,0,0,0,323082.53372703,0,0,0,0,1047273.78849412,0,0,0,0,0,0,0
2012-10-13,6496,-203887.819701456,0,0,0,0,0,183172.664553474,0,0,0,0,986559.569744586,0,0,0,0,0,0,0
2012-10-14,6497,0,0,0,0,0,0,70065.030486348,0,0,0,0,767304.809038704,0,0,0,0,0,0,0
2012-10-15,6498,0,0,0,0,0,0,53372.04553599,0,0,0,0,674841.379428726,0,0,0,0,0,0,0
2012-10-16,6499,0,0,0,0,0,0,0,0,0,0,0,428270.602751754,0,0,0,0,0,0,0
2012-10-17,6500,0,0,0,0,0,0,179984.776617036,0,0,0,0,349945.93322211,0,0,0,0,0,0,0
2012-10-18,6501,0,0,0,0,0,0,646328.988015642,0,0,0,0,1123533.54826294,0,0,0,0,0,0,0
2012-10-19,6502,-134564.101605546,0,0,0,0,0,693919.775536434,0,0,0,0,972200.617865112,0,0,0,0,0,0,0
2012-10-20,6503,0,0,0,0,0,0,570137.73236211,0,0,0,0,960134.10727224,0,0,0,0,0,0,0
2012-10-21,6504,0,0,0,0,0,0,535491.776055204,0,0,0,0,684250.908978642,0,0,0,0,0,0,0
2012-10-22,6505,-418577.270438502,0,0,0,0,0,215927.417963322,0,0,0,0,439050.21460743,0,0,0,0,0,0,0
2012-10-23,6506,-1438650.0320122,0,0,0,0,0,150630.763216128,0,0,0,-814.709656818,752319.533819454,0,0,0,0,0,0,0
2012-10-24,6507,-717433.81310904,0,0,0,0,0,144135.105141498,0,0,0,-4176.304457022,420987.147351312,0,0,0,0,0,0,0
2012-10-25,6508,0,0,0,0,0,0,227930.317591998,0,0,0,-6021.022418706,444014.316390264,0,0,0,0,-401238.389544,-413471.267274,-543139.771212
2012-10-26,6509,0,0,0,0,0,0,232894.419374832,0,0,0,0,427074.22730976,0,0,0,0,-606750.735408,-633663.066414,-638556.217506
2012-10-27,6510,-951903.827135496,0,0,0,0,0,682949.33078817,0,0,0,0,645702.664675866,0,0,0,0,-599411.00877,-626323.339776,-631216.490868
2012-10-28,6511,-1439613.98277732,0,0,0,0,0,770845.003853766,0,0,0,0,730136.433343872,0,0,0,0,-592071.282132,-618983.613138,-621430.188684
2012-10-29,6512,-1437788.83742,0,0,0,0,0,271171.093792002,0,0,0,0,254221.218409314,0,0,0,0,-587178.13104,-611643.8865,-614090.462046
2012-10-30,6513,-1434074.93574118,0,0,0,0,0,127694.117472378,0,0,0,0,163756.641020418,0,0,0,0,-178600.014858,-198172.619226,-198172.619226
2012-10-31,6514,-742396.223404878,0,0,0,0,0,125342.958372672,0,0,0,0,317359.993524936,0,0,-342.52057644,0,0,0,0
2012-11-01,6515,0,0,0,0,0,0,0,0,0,0,0,28377.829758054,0,0,0,0,0,0,0
2012-11-02,6516,0,0,0,0,0,0,70099.282543992,0,0,0,0,97686.868400688,0,0,0,0,0,0,0
2012-11-03,6517,0,0,0,0,0,0,40953.228064494,0,0,0,0,0,0,0,0,0,0,0,0
2012-11-04,6518,0,0,0,0,0,0,0,0,0,0,0,120616.1744178,0,0,0,0,0,0,0
2012-11-05,6519,0,0,0,0,0,0,61991.331184548,0,0,0,0,0,0,0,0,0,0,0,0
2012-11-06,6520,0,0,0,0,0,0,0,0,0,0,0,10767.378977946,0,0,0,0,0,0,0
2012-11-07,6521,0,0,0,0,0,0,39304.23614649,0,0,0,0,91590.002140056,0,0,-237.317827962,0,0,0,0
2012-11-08,6522,0,0,0,0,0,0,37368.994889604,0,0,0,0,70512.753811266,0,0,0,0,0,0,0
2012-11-09,6523,0,0,0,0,0,0,0,0,0,0,0,228563.980658412,0,0,0,0,0,0,0
2012-11-10,6524,0,0,0,99313.841138778,0,0,56144.015629608,0,0,0,0,269842.603270524,0,0,0,0,0,0,0
2012-11-11,6525,0,0,0,148856.995945278,0,0,0,0,0,0,0,116748.138479574,0,0,0,0,0,0,0
2012-11-12,6526,0,0,0,147800.075309406,0,0,0,0,0,0,0,54355.568905482,0,0,0,0,0,0,0
2012-11-13,6527,0,0,0,166658.279617974,0,0,64203.035478132,0,0,0,0,6520.12383009,0,0,0,0,0,0,0
2012-11-14,6528,0,0,0,205529.471892822,0,0,0,0,0,0,0,56259.00468027,0,0,0,0,0,0,0
2012-11-15,6529,0,0,0,167086.430338524,0,0,56772.78554493,0,0,0,0,51297.349472982,0,0,0,0,0,0,0
2012-11-16,6530,0,0,0,73798.504769544,0,0,0,0,0,0,0,0,0,0,0,0,0,0,0
2012-11-17,6531,0,0,0,72822.32112669,0,0,72871.25263761,0,0,0,0,0,0,0,0,0,0,0,0
2012-11-18,6532,0,0,0,71454.685396476,0,0,0,0,0,0,0,0,0,0,0,0,0,0,0
2012-11-19,6533,0,0,0,71148.863453226,0,0,0,0,0,0,0,0,0,0,0,0,0,0,0
2012-11-20,6534,0,0,386.558936268,72846.78688215,0,0,24140.360912382,0,0,0,0,186999.108707418,0,0,0,0,0,0,0
2012-11-21,6535,0,0,0,73986.891086586,0,0,44035.913252454,0,0,0,0,209431.759888692,0,0,0,0,0,0,0
2012-11-22,6536,0,0,0,73805.844496182,0,0,0,0,0,0,0,104659.608706788,0,0,0,0,0,0,0
2012-11-23,6537,0,0,0,73142.822523216,0,0,163614.73963875,0,0,0,0,5098.663437864,0,0,0,0,0,0,0
2012-11-24,6538,0,0,0,72912.844421892,0,0,150848.508439722,0,0,0,0,0,0,0,0,0,0,0,0
2012-11-25,6539,0,0,0,69827.712658386,0,0,0,0,0,0,0,0,0,0,0,0,0,0,0
2012-11-26,6540,0,0,0,69617.30716143,0,0,0,0,0,0,0,0,0,0,0,0,0,0,0
2012-11-27,6541,0,0,0,70882.186718712,0,0,0,0,0,0,0,0,0,0,0,0,0,0,0
2012-11-28,6542,0,0,0,72619.255356372,0,0,24756.897949974,0,0,0,0,0,0,0,0,0,0,0,0
2012-11-29,6543,0,0,0,72041.863527516,0,0,0,0,0,0,0,110629.253039028,0,0,0,0,0,0,0
2012-11-30,6544,0,0,0,71821.671728376,0,0,0,0,0,0,0,57421.12806462,0,0,0,0,0,0,0
2012-12-01,6545,0,0,0,72333.00601749,0,0,0,0,0,0,0,0,0,0,0,0,0,0,0
2012-12-02,6546,0,0,0,70913.99220081,0,0,0,0,0,0,0,53034.418110642,0,0,0,0,0,0,0
2012-12-03,6547,0,0,0,71148.863453226,0,0,36045.397519218,0,0,0,0,0,0,0,0,0,0,0,0
2012-12-04,6548,-340.074000894,0,227.531525778,72225.356693466,0,0,0,0,0,0,0,52885.177002336,0,0,0,0,0,0,0
2012-12-05,6549,0,0,0,72834.55400442,0,0,208930.211901762,0,0,0,0,26523.325494186,0,0,0,0,0,0,0
2012-12-06,6550,0,0,0,71041.214129202,0,0,157924.004918754,0,0,0,0,16059.321883944,0,0,0,0,0,0,0
2012-12-07,6551,0,0,0,68115.109776186,0,0,49288.710949716,0,0,0,0,181068.609583914,0,0,0,0,0,0,0
2012-12-08,6552,0,0,0,67368.904234656,0,0,39876.734824254,0,0,0,0,451999.938972408,0,0,0,0,0,0,0
2012-12-09,6553,0,0,0,67464.32068095,0,0,41975.896642722,0,0,0,0,433804.756636806,0,0,0,0,0,0,0
2012-12-10,6554,0,0,0,67660.04672463,0,0,16492.365755586,0,0,0,0,93197.402273778,0,0,0,0,0,0,0
2012-12-11,6555,0,0,0,21162.8784729,0,0,84203.790566682,0,0,0,0,226440.353084484,0,0,0,0,0,0,0
2012-12-12,6556,0,0,0,0,0,0,357023.876276688,0,0,0,0,440195.211962958,0,0,0,0,0,0,0
2012-12-13,6557,0,0,0,6847.964953254,0,0,454165.158330618,0,0,0,0,1287894.49344322,0,0,0,0,0,0,0
2012-12-14,6558,0,0,0,9827.893968282,0,0,753065.739360984,0,0,0,0,1422321.58681819,0,0,0,0,0,0,0
2012-12-15,6559,0,0,0,1874.076868236,0,0,354985.87884687,0,0,0,0,1365477.85058243,0,0,0,0,0,0,0
2012-12-16,6560,0,0,0,1800.679601856,0,0,147359.691711126,0,0,0,0,669057.674837982,0,0,0,0,0,0,0
2012-12-17,6561,0,0,0,1927.901530248,0,0,140230.370570082,0,0,0,0,120227.168905986,0,0,0,0,0,0,0
2012-12-18,6562,0,0,0,2013.531674358,0,0,92642.029624836,0,0,0,0,0,0,0,0,0,0,0,0
2012-12-19,6563,0,0,0,2050.230307548,0,0,84578.11662522,-124.775352846,0,0,0,0,0,0,0,0,0,0,0
2012-12-20,6564,0,0,0,2072.249487462,0,0,87479.755222776,0,0,0,0,0,0,0,0,0,0,0,0
2012-12-21,6565,0,0,0,2104.05496956,0,0,79222.562755026,0,0,0,0,0,0,0,0,0,0,0,0
2012-12-22,6566,0,0,0,2064.909760824,0,0,0,0,0,0,0,0,0,0,0,0,0,0,0
2012-12-23,6567,0,0,0,2003.745372174,0,0,89116.51426305,0,0,0,0,0,0,0,0,0,0,0,0
2012-12-24,6568,0,0,0,1962.153587892,0,0,0,0,0,0,0,0,0,0,0,0,0,0,0
2012-12-25,6569,0,0,0,1927.901530248,0,0,70150.660630458,0,0,0,0,119862.629149632,0,0,0,0,0,0,0
2012-12-26,6570,0,0,0,1949.920710162,0,0,0,0,0,0,0,83849.037112512,0,0,0,0,0,0,0
2012-12-27,6571,0,0,0,2018.42482545,0,0,48361.458817782,0,0,0,0,0,0,0,0,0,0,0,0
2012-12-28,6572,0,0,0,2030.65770318,0,0,123405.27054024,0,0,0,0,0,0,0,0,0,0,0,0
2012-12-29,6573,-100055.153529216,0,0,2050.230307548,0,0,105432.726579324,0,0,0,0,0,0,0,0,0,0,0,0
2012-12-30,6574,-39191.693671374,0,0,2055.12345864,0,0,70573.918199916,0,0,0,0,0,0,0,0,0,0,0,0
2012-12-31,6575,0,0,0,2003.745372174,0,0,0,0,0,0,0,0,0,0,0,0,0,0,0
2013-01-01,6576,-192413.380390716,0,0,2018.42482545,0,0,7200.271831878,0,0,0,0,0,0,0,0,0,0,0,0
2013-01-02,6577,0,0,0,2055.12345864,0,0,72036.970376424,0,0,0,0,0,0,0,0,0,0,0,0
2013-01-03,6578,-2608.049532036,0,0,2064.909760824,0,0,29417.624365104,0,0,0,0,67151.159011062,0,0,0,0,0,0,0
2013-01-04,6579,-163392.101264064,0,0,2104.05496956,0,0,0,0,0,0,0,0,0,0,0,0,0,0,0
2013-01-05,6580,0,0,0,2074.696063008,0,0,90.523295202,0,0,0,0,0,0,0,0,0,0,0,0
2013-01-06,6581,0,0,0,2008.638523266,0,0,69213.62219634,0,0,0,0,0,0,0,0,0,0,0,0
2013-01-07,6582,0,0,0,1316.257643748,0,0,0,-70.950690834,0,0,0,0,0,0,0,0,0,0,0
2013-01-08,6583,0,0,0,0,0,0,0,0,0,0,0,88049.807324994,0,0,0,0,0,0,0
2013-01-09,6584,0,0,0,0,0,0,63344.287461486,0,0,0,0,13791.346352802,0,0,0,0,0,0,0
2013-01-10,6585,0,0,0,0,0,0,0,0,0,0,0,351034.65934008,0,0,0,0,0,0,0
2013-01-11,6586,0,0,0,0,0,0,0,0,0,0,0,138155.674507074,0,0,0,0,0,0,0
2013-01-12,6587,0,0,0,0,0,0,61824.96404742,0,0,0,0,85422.18518859,0,0,0,0,0,0,0
2013-01-13,6588,0,0,0,0,0,0,0,0,0,0,0,57284.119834044,0,0,0,0,0,0,0
2013-01-14,6589,0,0,0,0,0,0,102098.044110126,0,0,0,0,0,0,0,0,0,0,0,0
2013-01-15,6590,0,0,0,0,0,0,17326.648016772,-83.183568564,0,0,0,0,0,0,0,0,0,0,0
2013-01-16,6591,0,0,0,0,0,0,0,0,0,0,0,25055.380166586,0,0,-251.997281238,0,0,0,0
2013-01-17,6592,0,0,0,0,0,0,61367.454420318,0,0,0,0,20379.97429818,0,0,0,0,0,0,0
2013-01-18,6593,0,0,0,0,0,0,92001.026831784,0,0,0,0,100546.915213962,0,0,0,0,0,0,0
2013-01-19,6594,0,0,0,0,0,0,0,0,0,0,0,68217.865949118,0,0,0,0,0,0,0
2013-01-20,6595,0,0,0,0,0,0,0,0,0,0,0,0,0,0,0,0,0,0,0
2013-01-21,6596,0,0,0,0,0,0,36417.27700221,0,0,0,0,0,0,0,0,0,0,0,0
2013-01-22,6597,0,0,0,0,0,0,0,0,0,0,0,0,0,0,0,0,0,0,0
2013-01-23,6598,-168270.572902788,0,0,0,0,0,0,0,0,0,0,0,0,0,0,0,0,0,0
2013-01-24,6599,-115231.261641054,0,0,0,0,0,0,0,0,0,0,0,0,0,-1201.268593086,0,0,0,0
2013-01-25,6600,-72898.164968616,0,0,0,0,0,0,0,0,0,0,0,0,0,0,0,0,0,0
2013-01-26,6601,0,0,0,0,0,0,0,0,0,0,0,0,0,0,0,0,0,0,0
2013-01-27,6602,0,0,0,0,0,0,0,0,0,0,0,0,0,0,0,0,0,0,0
2013-01-28,6603,-239622.502126332,0,0,0,0,0,0,0,0,0,0,35000.709761076,0,0,0,0,0,0,0
2013-01-29,6604,0,0,0,0,0,0,0,0,0,0,0,0,0,0,0,0,0,0,0
2013-01-30,6605,0,0,0,0,0,0,0,0,0,0,0,0,0,0,0,0,0,0,0
2013-01-31,6606,-138016.219700952,0,0,0,0,0,0,0,0,0,0,34217.805586356,1409.227514496,0,0,0,0,0,0
2013-02-01,6607,-221490.930754926,0,0,0,0,0,0,0,0,0,0,0,0,0,0,0,0,0,0
2013-02-02,6608,0,0,0,0,0,0,0,0,0,0,0,0,0,0,0,0,0,0,0
2013-02-03,6609,0,0,0,0,0,0,0,0,0,0,0,0,0,0,0,0,0,0,0
2013-02-04,6610,0,0,0,0,0,0,58027.878800028,0,0,0,0,0,0,0,0,0,0,0,0
2013-02-05,6611,-231096.186348522,0,0,0,0,0,10755.146100216,0,0,0,0,0,0,0,0,0,0,0,0
2013-02-06,6612,-170827.244348358,0,0,0,0,0,6892.003313082,0,0,0,0,0,0,0,0,0,0,0,0
2013-02-07,6613,-177530.861344398,0,0,0,0,0,21637.514128824,0,0,0,0,0,0,0,0,0,0,0,0
2013-02-08,6614,-214532.869902102,0,0,0,0,0,1059.367211418,0,0,0,0,0,0,0,0,0,0,0,0
2013-02-09,6615,-114318.688962396,0,0,29415.177789558,0,0,0,0,0,0,0,229359.117710862,0,0,0,0,0,0,0
2013-02-10,6616,-111899.025747402,0,0,45552.790090974,0,0,0,0,0,0,0,58563.678844602,0,0,0,0,0,0,0
2013-02-11,6617,-277495.491578412,0,0,45183.357183528,0,0,0,0,0,0,0,72832.107428874,0,0,0,0,0,0,0
2013-02-12,6618,-288250.637678628,0,0,45655.546263906,0,0,0,0,0,0,0,0,0,0,0,0,0,0,0
2013-02-13,6619,-314260.182308154,0,0,45313.025687466,0,0,2666.76734514,0,0,0,0,0,2431.896092724,0,0,0,0,0,0
2013-02-14,6620,0,0,0,13825.598410446,0,0,63478.849116516,0,0,0,0,230044.158863742,0,0,0,0,0,0,0
2013-02-15,6621,0,0,0,0,0,0,183429.554985804,0,0,0,0,458461.344989394,0,0,0,0,0,0,0
2013-02-16,6622,0,0,0,0,0,0,506250.305129412,0,0,0,0,2978786.46424802,0,0,0,0,0,0,0
2013-02-17,6623,0,0,0,0,0,0,1348266.19161632,0,0,0,0,4379685.83558543,0,0,0,0,0,0,0
2013-02-18,6624,0,0,0,0,0,0,624789.336908658,0,0,0,0,3469970.75716516,0,0,0,0,0,0,0
2013-02-19,6625,-233261.405706732,0,0,0,0,0,223250.0185725,0,0,0,-435.490447188,715501.0184277,0,0,0,0,0,0,0
2013-02-20,6626,0,0,0,0,0,0,0,0,0,0,0,423125.454378516,0,0,-75.843841926,0,0,0,0
2013-02-21,6627,-257815.237886388,0,0,0,0,0,17170.067181828,0,0,0,0,105973.41977499,0,0,0,0,0,0,0
2013-02-22,6628,-126341.16119544,0,0,0,0,0,170186.241555306,0,0,0,0,315047.979633966,0,0,0,0,0,0,0
2013-02-23,6629,-49009.801337472,0,0,0,0,0,576523.29453717,0,0,0,0,448327.629077862,0,0,0,0,0,0,0
2013-02-24,6630,-102423.438657744,0,0,0,0,0,287604.741734484,0,0,0,0,324714.399616212,0,0,0,0,0,0,0
2013-02-25,6631,-73020.493745916,0,0,0,0,0,362513.991801912,0,0,0,0,105097.545729522,369.432907446,0,0,0,0,0,0
2013-02-26,6632,-226063.5804504,0,0,0,0,0,599782.888252992,0,0,0,0,709739.33301687,0,0,0,0,0,0,0
2013-02-27,6633,0,0,0,0,0,0,792125.317952874,0,0,0,0,501878.27462871,0,0,0,0,0,0,0
2013-02-28,6634,0,0,0,0,0,0,648022.018293474,0,0,0,0,1242366.16910771,0,0,0,0,0,0,0
2013-03-01,6635,0,0,0,0,0,0,530791.904431338,0,0,0,0,644895.294745686,0,0,0,0,-961504.189578,0,0
2013-03-02,6636,-519853.265165172,0,0,0,0,0,49702.18221699,0,0,0,0,220071.916938246,0,0,0,0,-1467945.3276,0,0
2013-03-03,6637,-287103.193747554,0,0,0,0,0,191853.114590682,0,0,0,0,71755.614188634,0,0,0,0,-1453265.874324,0,0
2013-03-04,6638,-222158.845878984,0,0,0,0,0,125181.484386636,0,0,0,0,349268.231795868,0,0,0,0,-1448372.723232,0,0
2013-03-05,6639,-212592.735494124,0,0,0,0,0,0,0,0,0,0,337933.24729125,0,0,0,0,-983523.369492,0,0
2013-03-06,6640,-270099.493702854,0,0,0,0,0,501.54798693,0,0,0,0,43673.820071646,4491.912702456,0,0,0,-670361.699604,0,0
2013-03-07,6641,-300265.770185034,0,0,0,0,0,46702.680597594,0,0,0,0,0,0,0,0,0,-665468.548512,0,0
2013-03-08,6642,-153128.716848594,0,0,0,0,0,0,0,0,0,0,0,0,0,0,0,-660575.39742,0,0
2013-03-09,6643,-256574.824084566,0,0,0,0,0,48493.573897266,0,0,0,0,0,0,0,0,0,-655682.246328,0,0
2013-03-10,6644,-48784.71638724,0,0,0,0,0,0,0,0,0,0,0,0,0,0,0,-650789.095236,0,0
2013-03-11,6645,-228823.317666288,0,0,0,0,0,0,0,0,0,0,0,0,0,0,0,-648342.51969,0,0
2013-03-12,6646,-271202.8992741,0,0,0,0,0,49303.390402992,0,0,0,0,0,0,0,0,0,-229978.101324,0,0
2013-03-13,6647,-167083.983762978,0,0,0,0,0,0,0,0,0,0,0,0,0,0,0,0,0,0
2013-03-14,6648,-136504.236013524,0,0,0,0,0,0,0,0,0,0,39318.915599766,0,0,0,0,0,0,0
2013-03-15,6649,-284908.615482792,0,0,0,0,0,0,0,0,0,0,0,0,0,0,0,0,0,0
2013-03-16,6650,-408079.014770616,0,0,0,0,0,0,0,0,0,0,0,0,0,0,0,0,0,0
2013-03-17,6651,-18985.42623696,0,0,0,0,0,54402.053840856,0,0,0,0,0,0,0,0,0,0,0,0
2013-03-18,6652,-236256.014175036,0,0,0,0,0,0,0,0,0,0,0,0,0,0,0,0,0,0
2013-03-19,6653,-286511.122465422,0,0,0,0,0,82858.174016382,0,0,0,0,0,0,0,0,0,0,0,0
2013-03-20,6654,-202136.07161052,0,0,0,0,0,0,0,0,0,0,326111.394252978,0,0,0,0,0,0,0
2013-03-21,6655,-286682.382753642,0,0,26882.972099448,0,0,200763.542729214,0,0,0,0,798493.754099112,0,0,0,0,0,0,0
2013-03-22,6656,-198762.243932586,0,0,52344.48380667,0,0,0,0,0,0,0,878080.856610492,0,0,0,0,0,0,0
2013-03-23,6657,-195493.61900313,0,0,51764.645402268,0,0,0,0,0,0,0,551105.821189776,0,0,0,0,0,0,0
2013-03-24,6658,-185340.33048723,0,0,40150.751285406,0,0,39267.5375133,0,0,0,0,298450.411129902,0,0,0,0,0,0,0
2013-03-25,6659,-217742.777018454,0,0,28145.405081184,0,0,0,0,0,0,0,830020.326584868,0,0,0,0,0,0,0
2013-03-26,6660,-400360.068922986,0,0,72575.216996544,0,0,0,0,0,0,0,311962.84787046,0,0,0,0,0,0,0
2013-03-27,6661,-205341.08557578,0,0,125592.509078364,0,0,0,-1027.56172932,0,0,0,88358.07584379,0,0,0,0,0,0,0
2013-03-28,6662,-330632.665861986,0,0,121433.330650164,0,0,67263.701486178,0,0,0,-217.745223594,64139.424513936,0,0,0,0,0,0,0
2013-03-29,6663,-207195.589839648,0,0,116023.952117958,0,0,315.608245434,0,0,0,0,0,0,0,0,0,0,0,0
2013-03-30,6664,-199307.830279344,0,0,112503.329907264,0,0,0,0,0,0,0,0,0,0,0,0,0,0,0
2013-03-31,6665,-284573.43463299,0,0,107086.61164842,0,0,0,0,0,0,0,0,0,0,0,0,0,0,0
2013-04-01,6666,-230690.054807886,0,0,110582.768103654,0,0,0,0,0,0,0,0,0,0,0,0,0,0,0
2013-04-02,6667,-282432.68103024,0,0,29801.736725826,0,0,36290.055073818,0,0,0,0,0,0,0,0,0,0,0,0
2013-04-03,6668,-243348.63668289,0,0,108094.600773372,0,0,0,0,0,0,0,0,0,0,-736.419239346,0,0,0,0
2013-04-04,6669,-189570.459606264,0,0,100091.852162406,0,0,0,0,0,0,0,0,0,0,0,0,0,0,0
2013-04-05,6670,0,0,0,0,0,0,0,0,0,0,0,0,0,0,0,0,0,0,0
2013-04-06,6671,0,0,0,0,0,0,0,0,0,0,0,437119.866501636,0,0,0,0,0,0,0
2013-04-07,6672,0,0,0,0,0,0,67598.88233598,0,0,0,0,314827.787834826,0,0,0,0,0,0,0
2013-04-08,6673,-113489.299852302,0,0,0,0,0,120581.922360156,0,0,0,0,213003.760185852,0,0,0,0,0,0,0
2013-04-09,6674,-187224.19365765,0,0,0,0,0,0,0,0,0,0,163773.76704924,0,0,0,0,0,0,0
2013-04-10,6675,-182688.242595366,0,0,0,0,0,0,0,0,0,0,458020.961391114,0,0,0,0,0,0,0
2013-04-11,6676,-138099.403269516,0,0,0,0,0,0,0,0,0,0,166274.167257252,0,0,0,0,0,0,0
2013-04-12,6677,-10534.954301076,0,0,0,0,0,0,0,0,0,0,0,0,0,0,0,0,0,0
2013-04-13,6678,0,0,0,0,0,0,0,0,0,0,0,0,0,0,0,0,0,0,0
2013-04-14,6679,0,0,0,0,0,0,0,0,0,0,0,80800.603982196,0,0,0,0,0,0,0
2013-04-15,6680,0,0,0,0,0,0,199613.652222594,0,0,0,0,121611.930665022,0,0,0,0,0,0,0
2013-04-16,6681,0,0,0,0,0,0,427764.161613732,0,0,0,0,507341.477822928,0,0,0,0,0,0,0
2013-04-17,6682,0,0,0,0,0,0,78970.565473788,0,0,0,0,459491.35329426,0,0,0,0,0,0,0
2013-04-18,6683,0,0,0,0,0,0,355563.270675726,0,0,0,0,896476.658140866,0,0,0,0,0,0,-423257.569458
2013-04-19,6684,0,0,0,0,0,0,322610.344646652,0,0,0,0,454143.139150704,0,0,0,0,0,0,-577391.828856
2013-04-20,6685,0,0,0,0,0,0,717228.300763176,0,0,0,0,135584.323608228,0,0,0,0,0,0,-574945.25331
2013-04-21,6686,0,0,0,0,0,0,191393.158388034,0,0,0,0,79193.203848474,0,0,0,0,0,0,-572498.677764
2013-04-22,6687,0,0,0,0,0,0,98408.608186758,0,0,0,0,0,0,0,0,0,0,0,-570052.102218
2013-04-23,6688,0,0,0,0,0,0,0,0,0,0,0,419981.604801906,0,0,0,0,0,0,-570052.102218
2013-04-24,6689,0,0,0,0,0,0,0,0,0,0,0,258231.155729208,0,0,0,0,0,0,-567605.526672
2013-04-25,6690,0,0,0,0,0,0,232184.912466492,0,0,0,0,225505.761225912,0,0,0,0,0,0,-562712.37558
2013-04-26,6691,0,0,0,47245.820368806,0,0,0,0,0,0,0,59466.465221076,0,0,0,0,0,0,-557819.224488
2013-04-27,6692,0,0,0,67329.75902592,0,0,0,0,0,0,0,0,0,0,0,0,0,0,-550479.49785
2013-04-28,6693,0,0,0,63036.01894269,0,0,0,0,0,0,0,0,0,0,0,0,0,0,-545586.346758
2013-04-29,6694,-384949.089558732,0,0,17823.30285261,0,0,0,-112.542475116,0,0,0,0,0,0,0,0,0,0,-535800.044574
2013-04-30,6695,-322524.714502542,0,0,0,0,0,0,0,0,0,0,0,0,0,0,0,0,0,-538246.62012
2013-05-01,6696,0,0,0,0,0,0,0,0,0,0,0,0,0,0,0,0,0,0,-513780.86466
2013-05-02,6697,-241866.011902014,0,0,0,0,0,47598.12724743,0,0,0,0,55674.273124776,0,0,0,0,0,0,-540693.195666
2013-05-03,6698,-307896.639313008,0,9.786302184,0,0,0,444207.595858398,0,0,0,0,392866.208025588,0,0,0,0,0,-809816.505726,-1822698.78177
2013-05-04,6699,-829562.816957766,0,0,0,0,0,588734.153087256,0,0,0,0,1544276.03805965,0,0,0,0,0,-1399441.212312,-2627622.136404
2013-05-05,6700,-1515631.53156709,0,0,0,0,0,693043.901490966,0,0,0,0,1194760.70213364,0,0,0,0,0,-1377422.032398,-2515079.661288
2013-05-06,6701,-1707976.40784251,0,0,53259.503060874,0,0,337018.228037046,0,0,0,-139.454806122,843329.697555108,0,0,-663.021972966,0,0,-1326043.945932,-2387857.732896
2013-05-07,6702,-1701392.67304823,0,0,123618.122612742,0,0,76881.189957504,0,0,0,0,52305.338597934,1262.432981736,0,0,0,0,-1250200.104006,-2236170.049044
2013-05-08,6703,-1493646.60371073,0,0,73044.959501376,0,0,73059.638954652,0,0,0,0,95756.520294894,0,0,0,0,0,-1171909.686534,-1639205.61582
2013-05-09,6704,-1460683.89137947,0,0,13850.064165906,0,0,159352.805037618,0,0,0,0,95259.865459056,0,0,0,0,0,-1132764.477798,-910126.103112
2013-05-10,6705,-1682955.27973357,0,0,0,0,0,40375.836235638,0,0,0,0,78892.275056316,0,0,0,0,0,-1056920.635872,-555372.648942
2013-05-11,6706,-1045766.69795779,0,0,0,0,0,42785.713148448,0,0,0,0,63058.038122604,0,0,0,0,0,-1113191.87343,-342520.57644
2013-05-12,6707,-415702.544171952,0,0,0,0,0,49430.612331384,0,0,0,0,102164.101649868,0,0,0,0,0,-1127871.326706,-342520.57644
2013-05-13,6708,-301119.625050588,0,0,0,0,0,107206.493850174,0,0,0,0,50445.941182974,0,0,0,0,0,-1108298.722338,-342520.57644
2013-05-14,6709,-302587.570378188,0,0,0,0,0,38472.40046085,-303.375367704,0,0,0,58703.133650724,0,0,0,0,0,-462402.778194,-357200.029716
2013-05-15,6710,-128780.397014802,0,24.46575546,0,0,0,5712.75389991,0,0,0,0,0,0,0,0,0,0,0,-396345.238452
2013-05-16,6711,0,0,0,0,0,0,42575.307651492,0,0,0,0,0,0,0,0,0,0,0,-144347.957214
2013-05-17,6712,-103947.655222902,0,0,0,0,0,42609.559709136,0,0,0,0,0,0,0,0,0,0,0,0
2013-05-18,6713,0,0,0,0,0,0,0,0,0,0,0,0,0,0,0,0,0,0,0
2013-05-19,6714,0,0,0,0,0,0,0,0,0,0,0,0,0,0,0,0,0,0,0
2013-05-20,6715,0,0,0,0,0,0,25241.319908082,0,0,0,0,0,0,0,0,0,0,0,0
2013-05-21,6716,0,0,0,0,0,0,139958.800684476,0,0,0,0,0,0,0,0,0,0,0,0
2013-05-22,6717,-5196.526459704,0,0,0,0,0,0,0,0,0,0,34981.137156708,0,0,0,0,0,0,0
2013-05-23,6718,0,0,0,0,0,0,76313.584430832,0,0,0,0,355805.48165478,0,0,0,0,0,0,0
2013-05-24,6719,0,0,0,0,0,0,67907.150854776,0,0,0,0,802584.428412024,0,0,0,0,0,0,0
2013-05-25,6720,0,0,0,0,0,0,0,0,0,0,0,406936.463990634,0,0,0,0,0,0,0
2013-05-26,6721,0,0,0,0,0,0,0,0,0,0,0,440447.209244196,0,0,0,0,0,0,0
2013-05-27,6722,0,0,0,0,0,0,0,0,0,0,0,468144.891000462,0,0,0,0,0,0,0
2013-05-28,6723,0,0,0,0,0,0,0,0,0,0,0,466977.87446502,0,0,0,0,0,0,0
2013-05-29,6724,-66.057539742,0,0,0,0,0,387562.03224186,0,0,0,0,447669.500255988,0,0,0,0,0,0,0
2013-05-30,6725,-154312.859412858,0,0,0,0,0,556791.66275868,0,0,0,0,463533.096096252,0,0,0,0,0,0,-386558.936268
2013-05-31,6726,-812473.486768956,0,0,0,0,0,1630336.77946575,0,0,0,0,2561107.0870349,0,0,0,0,0,0,-993309.671676
2013-06-01,6727,-982747.805043918,0,0,0,0,0,952275.706618488,0,0,0,0,3168623.6005888,0,0,0,0,0,0,-978630.2184
2013-06-02,6728,-544889.07272739,0,0,0,0,0,673167.921755262,0,0,0,0,2629156.13927134,0,0,0,0,0,0,-1010435.700498
2013-06-03,6729,-202260.846963366,0,0,0,0,0,761518.657872414,0,0,0,0,3107486.1242698,0,0,0,0,0,0,-1563361.773894
2013-06-04,6730,-444273.65339814,0,0,0,0,0,574223.51352393,0,0,0,0,2872539.02801188,885.660347652,0,0,0,0,0,-2380518.006258
2013-06-05,6731,-1099234.15994007,0,0,0,0,0,776347.35225672,0,0,0,0,3274022.07511048,0,0,0,0,0,0,-2338926.221976
2013-06-06,6732,-821283.605310102,0,0,0,0,0,1794788.24794123,0,0,0,0,4040497.49503909,427879.150664394,0,0,0,0,0,-2603156.380944
2013-06-07,6733,-539281.521575958,0,0,0,0,0,3824609.2222845,841357.757665032,0,0,326637.407995368,4687577.58174735,561031.578179898,0,0,0,0,0,-3187887.936438
2013-06-08,6734,0,0,0,0,0,0,5828988.25752491,2697763.01073227,0,0,1762009.02877592,6119475.06525259,533982.238943322,0,0,0,-2823348.180084,-2982375.590574,-4604455.177572
2013-06-09,6735,-295272.309495648,0,0,0,0,0,5242852.36766751,3211957.34665955,0,0,1916710.8937006,6289578.12323933,221671.97734533,0,0,0,-4487019.551364,-3775066.067478,-4264381.176678
2013-06-10,6736,-1111936.7801749,0,0,0,0,0,4952426.72432849,2481133.42558725,0,0,1358490.43082305,5733285.56189203,250392.327679824,0,0,0,-4472340.098088,-3412972.88667,-4002597.593256
2013-06-11,6737,-1260111.18154285,0,0,0,0,0,3669704.29158951,860810.479831278,0,0,935286.686027064,4314606.92606183,347545.842611484,0,0,0,-4090674.312912,-2913871.475286,-3547534.5417
2013-06-12,6738,-1234725.51367755,0,0,0,0,0,3100102.35927197,0,0,0,0,3220625.56381903,325727.281892256,0,0,0,-3953666.082336,-2754844.064796,-3398293.433394
2013-06-13,6739,-1052876.44649446,0,0,0,0,0,2047206.34017314,0,0,0,0,2849340.5986847,372454.42824531,0,0,0,-3865589.36268,-2713252.280514,-3346915.346928
2013-06-14,6740,-1273922.10050002,0,0,0,0,0,1864525.43730442,0,0,0,0,2719461.68924975,320087.925258726,0,0,0,-3694329.07446,-2615389.258674,-3217246.84299
2013-06-15,6741,-1467323.89741132,0,0,0,0,0,1390034.12933763,0,0,0,0,2654850.07565543,266762.36465811,0,0,0,-3532855.088424,-2385411.15735,-3065559.159138
2013-06-16,6742,-1673213.0159094,0,0,0,0,0,770558.754514884,0,0,0,0,1653337.0361737,245215.373824488,0,0,0,-3417866.037762,-2231276.897952,-2894298.870918
2013-06-17,6743,-1773943.42428931,0,0,0,0,0,244679.573779914,0,0,0,0,988529.063059116,193467.854451042,0,0,0,-3307770.138192,-1869183.717144,-2754844.064796
2013-06-18,6744,-1755459.54603928,0,0,0,0,0,75929.47207011,-203567.31830493,0,0,0,673055.379280146,197881.476736026,0,0,0,-3077792.036868,-1140104.204436,-2664320.769594
2013-06-19,6745,-1753857.03905665,0,0,0,0,0,97850.78896227,-525661.435511376,0,0,0,634306.515782598,130033.043694354,0,0,0,-2801329.00017,-846515.138916,-2490613.905828
2013-06-20,6746,-1526327.9598542,0,0,0,0,0,104977.663527768,-347298.738481338,0,0,-560.265800034,452503.933534884,86890.13051619,0,0,0,-883213.772106,-658128.821874,-2681446.798416
2013-06-21,6747,-1450183.18913604,0,0,0,0,0,0,-112072.732611168,0,0,0,455385.999528072,51576.259085226,0,0,0,0,0,-2847813.935544
2013-06-22,6748,-1521796.90194301,0,0,0,0,0,41963.663764992,0,0,0,0,460819.843815738,121249.837484214,0,0,0,0,0,-2718145.431606
2013-06-23,6749,-1536728.35250024,0,0,0,0,0,36642.361952442,0,0,0,0,1126349.55671639,178905.83680125,0,0,0,0,0,-2456361.848184
2013-06-24,6750,-1482818.06034413,0,0,0,0,0,41618.696613006,0,0,0,0,742432.922038068,142400.483079384,0,0,0,0,0,-2157879.631572
2013-06-25,6751,0,0,0,0,0,0,0,0,0,0,0,465282.397611642,62084.301055296,0,0,0,0,0,-812263.081272
2013-06-26,6752,0,0,0,0,0,0,46438.450438626,0,0,0,0,464201.01122031,70537.219566726,0,0,0,0,0,0
2013-06-27,6753,0,0,0,0,0,0,74534.92400889,0,0,0,0,463528.20294516,154728.777255678,0,0,0,0,0,0
2013-06-28,6754,-101381.197475148,0,0,0,0,0,185487.12501999,0,0,0,0,464685.433178418,71019.194949288,0,0,0,0,0,0
2013-06-29,6755,-744226.261913286,0,0,0,0,0,180224.541020544,0,0,0,0,463251.739908462,189753.952772214,0,0,0,0,0,0
2013-06-30,6756,-1191296.3511605,0,0,0,0,0,250818.031824828,-329113.34244792,0,0,0,459682.186186848,100874.756337126,0,0,0,0,0,0
2013-07-01,6757,-1283813.60543249,0,0,0,0,0,325612.292841594,-126876.961240014,0,0,0,455987.857112388,110103.239296638,0,0,0,0,0,0
2013-07-02,6758,-1523807.98704182,0,0,0,0,0,210062.97637956,0,0,0,0,454767.015914934,135129.260556672,0,0,0,-770671.29699,-870980.894376,0
2013-07-03,6759,-1614644.44391371,0,0,0,0,0,851530.6187853,0,0,0,0,470295.430905396,233731.148211564,0,0,0,-1384761.759036,-1556022.047256,0
2013-07-04,6760,-1658266.88589889,0,0,0,0,0,714030.626524554,0,0,0,0,1754414.85828114,176691.68593212,0,0,0,-1338276.823662,-1494857.658606,0
2013-07-05,6761,-1656319.41176427,0,0,0,0,0,554873.547530616,0,0,0,0,1805584.98582573,177525.968193306,0,0,0,-1326043.945932,-1477731.629784,0
2013-07-06,6762,-1653738.27456324,0,0,0,0,0,597845.20042056,0,0,0,0,1832140.11680201,52187.902971726,0,0,0,-1318704.219294,-1450819.298778,0
2013-07-07,6763,-1655338.33497032,0,0,0,0,0,966908.674959114,0,0,0,0,1583027.34813275,0,0,0,0,-1286898.737196,-1404334.363404,0
2013-07-08,6764,-1550262.80842072,0,0,0,0,0,758754.027505434,0,0,0,0,2188437.36014154,80533.927247682,0,0,0,-1250200.104006,-1365189.154668,0
2013-07-09,6765,-1539842.8431703,0,0,0,0,0,348891.459161784,0,0,0,0,2447307.07208825,0,0,0,0,-1225734.348546,-1335830.248116,0
2013-07-10,6766,-1512176.96689613,0,0,0,0,0,217414.93589529,0,0,0,-203.065770318,1818204.422492,0,0,0,0,-1215948.046362,-1321150.79484,0
2013-07-11,6767,-1652497.86076142,0,0,0,0,0,300326.934573684,0,0,0,0,1454381.51277298,0,0,0,0,-1198822.01754,-1340723.399208,0
2013-07-12,6768,-1663299.49179701,0,0,0,0,0,92986.996776822,0,0,0,0,1387475.01131651,38482.186763034,0,0,0,-1252646.679552,-1470391.903146,0
2013-07-13,6769,-1367882.83434415,0,0,0,0,0,119843.056545264,0,0,0,0,2625819.0102266,104786.83063518,0,0,0,-1257539.830644,-1485071.356422,0
2013-07-14,6770,-891456.285120474,0,0,0,0,0,388736.38850394,0,0,0,0,4105507.9004474,371510.050084554,0,1685.690551194,0,-1367635.730214,-1575594.651624,0
2013-07-15,6771,-936610.28339745,0,0,0,0,0,650997.05415741,0,0,0,0,5577426.4667341,273700.852906566,0,2962.802986206,0,-1609846.709268,-1707709.731108,0
2013-07-16,6772,-1188810.63040577,0,0,0,0,0,2340085.8987848,0,0,0,0,5636425.63602589,732607.474645332,0,0,0,-1675904.24901,-1766427.544212,0
2013-07-17,6773,-574350.735452322,0,0,0,0,0,3874808.05933733,0,0,0,0,6151632.85422921,714982.344411948,0,0,0,-2138307.027204,-2248402.926774,-1282005.586104
2013-07-18,6774,-333590.5756971,0,0,0,0,0,2247350.89928922,0,0,0,0,6233103.81991101,634903.480215822,0,0,0,-2583583.776576,-2527312.539018,-2593370.07876
2013-07-19,6775,-356833.0433841,0,0,0,0,0,1984099.37053962,0,0,0,0,6005626.11879502,638311.5599514,0,0,0,-2434342.66827,-2275315.25778,-2353605.675252
2013-07-20,6776,-729025.688045988,0,0,0,0,0,1135257.53827937,0,0,0,0,5346325.38723449,294085.720355838,0,0,0,-2365838.552982,-2150539.904934,-2216597.444676
2013-07-21,6777,-1477949.37500759,0,0,0,0,0,997588.732305954,0,0,0,0,4206641.9937924,0,0,0,0,-2319353.617608,-2060016.609732,-2104054.96956
2013-07-22,6778,-1504296.54706247,0,0,0,0,0,765354.888328542,0,0,0,0,3117384.96892892,0,0,0,0,-2365838.552982,-2020871.400996,-2035550.854272
2013-07-23,6779,-1510053.33932221,0,0,0,0,0,787166.109321132,0,0,0,0,2114824.79511349,4658.279839584,0,0,0,-2331586.495338,-1991512.494444,-1969493.31453
2013-07-24,6780,-1711719.66842789,0,0,0,0,0,755573.479295634,0,0,0,0,1490165.12670877,336802.929388998,0,0,0,-2177452.23594,-1910775.501426,-1582934.378262
2013-07-25,6781,-1712972.31510745,0,0,74287.819878744,0,0,942521.209916586,0,0,0,0,1118618.37799103,257078.818647042,0,0,0,-2084482.365192,-1810465.90404,-1793339.875218
2013-07-26,6782,-1825786.36010905,0,0,144436.033933656,0,0,312684.58765653,0,0,0,0,550330.256741694,228573.766960596,0,0,0,-738865.814892,-2471041.30146,-2351159.099706
2013-07-27,6783,-1500702.52758539,0,0,150457.056352362,0,0,212832.499897632,0,0,0,0,820706.213481246,223555.84051575,0,0,0,0,-3454564.670952,-3332235.893652
2013-07-28,6784,-1283544.48212243,0,0,128946.76415193,0,0,247260.710980944,0,0,0,0,680148.001788,170643.751182408,0,0,0,0,-3887608.542594,-3789745.520754
2013-07-29,6785,-1803989.81856974,0,0,134561.65503,0,0,100752.427559826,0,0,0,0,481033.45097679,169694.47987056,0,0,0,0,-4120033.219464,-4036849.6509
2013-07-30,6786,-1663289.70549482,0,0,151494.404383866,0,0,56762.999242746,0,0,0,0,709837.19603871,153062.659308852,0,0,0,0,-4242361.996764,-4171411.30593
2013-07-31,6787,-1817617.24436096,0,0,158917.31459043,0,0,42242.573377236,0,0,0,0,545987.585147544,96157.758684438,0,0,0,0,-4330438.71642,-4266827.752224
2013-08-01,6788,-1896340.7057046,0,0,157948.470674214,0,0,0,0,0,0,0,546525.831767664,169068.156530784,0,0,0,0,-4384263.378432,-4315759.263144
2013-08-02,6789,-1424063.54860694,0,0,165214.800045834,0,0,39096.27722508,0,0,0,0,348656.587909368,106927.58423793,0,0,0,0,-4491912.702456,-4423408.587168
2013-08-03,6790,-1547904.30959437,0,0,167338.427619762,0,0,40987.480122138,0,0,0,0,368938.699185708,77052.450245724,0,0,0,0,-4428301.73826,-4408729.133892
2013-08-04,6791,-1744396.13142027,0,0,171245.608766724,0,0,106885.992453648,0,0,0,0,260413.50111624,125005.330947324,0,0,0,0,-4584882.573204,-4526164.7601
2013-08-05,6792,-1630150.83972425,0,0,168872.430487104,0,0,134427.09337497,0,0,0,0,454490.552878236,92451.196732248,0,0,0,0,-4540844.213376,-4509038.731278
2013-08-06,6793,-1640683.34744978,0,0,247838.1028098,0,0,176187.691369644,0,0,0,0,98765.808216474,89635.188278802,0,0,0,0,-4572649.695474,-4501699.00464
2013-08-07,6794,-1714300.80562892,0,0,309763.376454606,0,0,207611.507682468,0,0,0,0,53222.804427684,35039.854969812,0,0,0,0,-1316257.643748,-3185441.360892
2013-08-08,6795,-1921765.51877863,0,0,293302.816181118,0,0,37640.56477521,0,0,0,0,41626.036339644,107991.84460044,0,0,0,0,0,-2527312.539018
2013-08-09,6796,-1765585.92222418,0,0,285495.793613832,0,0,189629.177419368,0,0,0,0,31012.791621096,85879.694815692,0,0,0,0,0,-1257539.830644
2013-08-10,6797,-1966706.66498311,0,0,282479.165965614,0,0,44148.45572757,0,0,0,0,0,78960.779171604,0,0,0,0,0,0
2013-08-11,6798,-1966809.42115604,0,0,259302.755818356,0,0,0,0,0,0,0,52273.533115836,50587.842564642,0,0,0,0,0,0
2013-08-12,6799,-1968184.39661289,0,0,247666.84252158,0,0,40865.151344838,0,0,0,0,0,30726.542282214,0,0,0,0,0,0
2013-08-13,6800,-1964847.26756815,0,0,145480.721691798,0,0,0,0,0,0,0,0,39663.882751752,0,0,0,0,0,0
2013-08-14,6801,-1963420.91402483,0,0,0,0,0,232801.449504084,0,0,0,0,0,1705.263155562,0,0,0,0,0,0
2013-08-15,6802,-1707430.82149576,0,0,0,0,0,215019.738435756,0,0,0,0,0,55143.366231294,0,0,0,0,0,0
2013-08-16,6803,-1672887.62136178,0,0,0,0,0,896386.134845664,0,0,0,0,0,0,0,0,0,0,0,0
2013-08-17,6804,-1865528.53327828,0,0,126852.495484554,0,0,987936.991776984,0,0,0,0,0,0,0,0,0,0,0,0
2013-08-18,6805,-1813472.74538603,0,0,173569.855535424,0,0,517538.804698656,0,0,0,0,0,0,0,0,0,0,0,0
2013-08-19,6806,-1272405.2236615,0,0,106149.573214302,0,0,668424.011771568,0,0,0,0,0,42651.151493418,0,0,0,0,0,0
2013-08-20,6807,-664340.677185294,0,0,159820.100966904,0,0,297212.443903626,0,0,0,0,0,0,0,0,0,0,0,0
2013-08-21,6808,-84419.08921473,0,0,140046.877404132,0,0,407670.436654434,0,0,0,0,0,0,0,-760.884994806,0,0,0,0
2013-08-22,6809,0,0,0,87232.65109263,0,0,1121615.43303488,-132.115079484,0,0,0,0,0,0,0,0,0,0,0
2013-08-23,6810,0,0,0,174509.340545088,0,0,912971.470471998,0,0,0,0,0,0,0,0,0,0,0,0
2013-08-24,6811,0,0,0,213654.549281088,0,0,691363.104090864,0,0,0,0,0,0,0,0,0,0,0,0
2013-08-25,6812,0,0,0,0,0,0,743673.33583989,0,0,0,0,0,0,0,0,0,0,0,0
2013-08-26,6813,-250898.768817846,0,0,0,0,0,950514.172225368,0,0,0,0,123199.758194376,49278.924647532,0,0,0,0,0,0
2013-08-27,6814,-1185522.43287194,0,0,0,0,0,844489.374363912,0,0,0,0,116620.916551182,59892.16936608,0,0,0,0,0,0
2013-08-28,6815,-786395.438024142,0,0,0,0,0,792345.509752014,0,0,0,0,539976.349031022,170347.715541342,0,0,0,0,0,0
2013-08-29,6816,-1196507.55707348,0,0,0,0,0,1768898.58551346,0,0,0,0,832755.598045296,216137.823460278,0,0,0,0,0,0
2013-08-30,6817,-1401833.96319599,0,0,0,0,0,1292361.94039022,0,0,0,0,1476288.15021186,206329.502096364,0,0,0,0,0,0
2013-08-31,6818,-1403693.36061095,0,0,0,0,0,1289722.08537608,0,0,0,0,1748934.5290581,255877.550053956,0,0,0,0,0,0
2013-09-01,6819,-1404400.42094374,0,0,0,0,0,1317414.87398126,0,0,0,0,1391391.97876566,170993.611485486,0,0,0,0,0,0
2013-09-02,6820,-1200962.77114275,0,0,0,0,0,1094766.71299307,0,0,0,0,695747.367469296,136342.762027488,0,0,0,0,0,0
2013-09-03,6821,-549916.78547442,0,0,0,0,0,1067061.69151017,0,0,0,0,385580.3060496,134816.098886784,0,-1744.408364298,0,0,0,0
2013-09-04,6822,-322368.133667598,0,0,0,0,0,1714682.4714141,0,0,0,0,454627.561108812,102171.441376506,0,0,0,0,0,0
2013-09-05,6823,-322943.078920908,0,0,0,0,0,1312878.92291897,41.591784282,0,0,0,451738.155388986,78001.721557572,0,0,0,0,0,0
2013-09-06,6824,-321563.210312964,0,0,0,0,0,908100.338559912,0,0,0,0,269045.019642528,84487.593330018,0,0,0,0,0,0
2013-09-07,6825,-323469.092663298,0,0,0,0,0,1182199.98328048,0,0,0,0,109379.052935022,65763.95067648,0,0,0,0,0,0
2013-09-08,6826,-102063.792052482,0,0,0,0,0,1337897.60445237,0,0,0,0,223154.602126206,90606.478770564,0,0,0,0,0,0
2013-09-09,6827,0,0,0,0,0,0,1289215.64423806,0,0,0,0,224558.93648961,118773.903031662,0,0,0,0,0,0
2013-09-10,6828,0,0,0,0,0,0,1042456.48124405,0,0,0,7.339726638,262967.725986264,125024.903551692,0,0,0,0,0,0
2013-09-11,6829,0,0,0,0,0,0,1248511.96687926,0,0,0,0,340181.650218024,97356.580701978,0,0,0,0,0,0
2013-09-12,6830,0,0,0,0,0,0,1965559.22105203,0,0,0,0,58287.215807904,106222.970480682,0,0,0,0,0,0
2013-09-13,6831,0,0,0,0,0,0,1637003.6978286,0,0,0,0,0,74764.902110214,0,0,0,0,0,0
2013-09-14,6832,0,0,0,0,0,0,1518369.24960306,0,0,0,0,0,74564.282915442,0,0,0,0,0,0
2013-09-15,6833,0,0,0,0,0,0,1483255.99736687,0,0,0,0,43771.683093486,49012.247913018,0,0,0,0,0,0
2013-09-16,6834,0,0,0,0,0,0,1828027.42330919,0,0,0,0,324178.599571638,80529.03409659,0,0,0,0,0,0
2013-09-17,6835,0,0,0,0,0,0,1668180.41001128,0,0,0,0,7635.762279066,80754.119046822,0,0,0,0,0,0
2013-09-18,6836,0,0,0,0,0,0,1813176.70974497,0,0,0,0,423913.251704328,152504.840084364,0,0,0,0,0,0
2013-09-19,6837,0,0,0,0,0,0,1782763.32913264,0,0,0,0,1244898.37479782,533788.959475188,0,0,0,0,0,0
2013-09-20,6838,0,0,0,0,0,0,1326039.05278091,0,0,0,0,1750559.05522064,455126.662520196,0,0,0,0,0,0
2013-09-21,6839,0,0,0,0,0,0,919790.0765187,0,0,0,0,1459991.51049995,510893.90551572,0,0,0,0,0,0
2013-09-22,6840,0,0,0,0,0,0,695399.953741764,0,0,0,0,1244323.42954451,605977.617535464,0,0,0,0,0,0
2013-09-23,6841,0,0,0,0,0,0,612627.409869492,0,0,0,0,996054.729438612,449010.223655196,0,0,0,0,0,0
2013-09-24,6842,0,0,0,0,0,0,772087.864231134,0,0,0,0,1054053.24933209,373807.384522248,0,0,0,0,0,0
2013-09-25,6843,0,0,0,0,0,0,1146612.09538836,0,0,0,0,1355970.45801067,420906.410358294,0,0,0,0,0,0
2013-09-26,6844,-11193.08312295,0,0,0,0,0,1617235.36741692,0,0,0,0,1458327.83912867,387486.188399934,0,0,0,0,0,0
2013-09-27,6845,0,0,0,0,0,0,1570518.00736605,0,0,0,0,1625213.65027243,414420.538585848,0,0,0,0,0,0
2013-09-28,6846,0,0,0,0,0,0,1663218.75480399,0,0,0,0,1429813.00114004,368818.816983954,0,0,0,0,0,0
2013-09-29,6847,0,0,0,0,0,0,1860762.60411467,0,0,0,0,1158306.72649824,312951.264391044,0,0,0,0,0,0
2013-09-30,6848,0,0,0,0,0,0,1184695.4903374,0,0,0,0,751353.136478784,214293.105498594,0,0,0,0,0,0
2013-10-01,6849,0,0,0,0,0,0,1483522.67410138,0,0,0,0,418288.574524074,190157.637737304,0,0,0,0,0,0
2013-10-02,6850,0,0,0,0,0,0,1368717.11660533,0,0,0,0,616079.527964898,164287.5479139,0,0,0,0,0,0
2013-10-03,6851,0,0,0,0,0,0,841670.91933492,0,0,0,0,286244.445730908,464010.178327722,0,0,0,0,0,0
2013-10-04,6852,0,0,0,0,0,0,468587.721174288,0,0,0,0,1176230.33894824,464572.890703302,0,0,0,0,0,0
2013-10-05,6853,0,0,0,0,0,0,285371.018260986,0,0,0,0,1164009.69409597,572559.84215265,0,0,0,0,0,0
2013-10-06,6854,0,0,0,0,0,0,239368.058269548,0,0,0,0,1201195.19581962,542388.672519378,0,0,0,0,0,0
2013-10-07,6855,0,0,0,63128.988813438,0,0,174110.54873109,0,0,0,0,1190775.23056921,433819.436090082,0,0,0,0,0,0
2013-10-08,6856,-2272.868682234,0,0,0,0,0,432339.257884752,0,0,0,0,1779475.13159882,419411.552699688,0,0,0,0,0,0
2013-10-09,6857,0,0,0,0,0,0,162105.202526868,0,0,0,0,1875769.89851383,418738.744424538,0,0,0,0,0,0
2013-10-10,6858,0,0,0,138703.707429378,0,0,299933.035910778,0,0,0,0,2675088.14857195,461778.90142977,0,0,0,0,0,0
2013-10-11,6859,0,0,0,265862.024857182,0,0,0,0,0,0,0,1849547.5018118,416240.790792072,0,0,0,0,0,0
2013-10-12,6860,0,0,0,266953.197550698,0,0,85581.21259908,0,0,0,0,2142368.34261036,378152.502691944,0,0,0,0,0,0
2013-10-13,6861,0,0,0,267007.02221271,0,0,52043.555014512,0,0,0,0,2047707.88816007,413806.448123802,0,0,0,0,0,0
2013-10-14,6862,0,0,0,267875.55653154,0,0,68824.616684526,0,0,0,0,1800185.39359571,380227.198754952,0,0,0,0,0,0
2013-10-15,6863,-182497.409702778,0,0,269893.98135699,0,0,0,0,0,0,0,1583005.32895283,391138.925690112,0,0,0,0,0,0
2013-10-16,6864,-307519.866678924,0,0,348340.979663934,0,0,15320.456069052,0,0,0,0,1564426.03425651,363703.027517268,0,0,0,0,0,0
2013-10-17,6865,-29062.870910934,0,0,371549.19529329,0,0,0,0,0,0,-408.578116182,1397300.45870925,375343.833965136,0,0,0,0,0,0
2013-10-18,6866,-123999.788397918,0,0,367519.685369028,0,0,0,0,0,0,0,1483432.15080618,377895.612259614,0,0,0,0,0,0
2013-10-19,6867,0,0,0,361677.26296518,0,0,19225.190640468,0,0,0,0,1281141.94493626,458436.879233934,0,0,0,0,0,0
2013-10-20,6868,0,0,0,356806.131053094,0,0,0,0,0,0,0,1194829.20624893,457825.235347434,0,0,0,0,0,0
2013-10-21,6869,0,0,0,356639.763915966,0,0,0,0,0,0,0,1254484.05778705,394586.150634426,0,0,0,0,0,0
2013-10-22,6870,0,0,0,97104.58342074,0,0,179267.929982058,-5590.42512261,0,0,0,1173977.04287037,433224.918232404,0,0,0,0,0,0
2013-10-23,6871,-269179.581297558,0,0,0,0,0,58052.344555488,0,0,0,0,762648.975774666,629246.99755347,0,0,0,0,0,0
2013-10-24,6872,0,0,0,281221.62613497,0,0,41124.488352714,0,0,0,0,829178.704597044,424299.810640596,0,0,0,0,0,0
2013-10-25,6873,-286051.166262774,0,0,373692.395471586,0,0,0,0,0,0,0,439458.792723612,300302.468818224,0,0,0,0,0,0
2013-10-26,6874,-186818.062117014,0,0,366971.652446724,0,0,0,0,0,0,0,438702.800879898,215560.431631422,0,0,0,0,0,0
2013-10-27,6875,0,0,0,358861.254511734,0,0,0,0,0,0,0,283553.212630308,187094.525153712,0,0,0,0,0,0
2013-10-28,6876,-241200.543353502,0,0,355604.862460008,0,0,0,0,0,0,0,97009.166974446,73942.852726758,0,0,0,0,0,0
2013-10-29,6877,-201243.07153623,0,0,355514.339164806,0,0,65935.2109647,0,0,0,0,0,2554.224870024,0,0,0,0,0,0
2013-10-30,6878,-281211.839832786,0,0,353405.391044154,0,0,319089.722435958,0,0,0,0,0,0,0,0,0,0,0,0
2013-10-31,6879,-307214.044735674,0,0,349958.16609984,0,0,115808.65346991,0,0,0,0,416140.481194686,144272.113372074,0,0,0,0,0,0
2013-11-01,6880,-187840.730695242,0,0,345982.48083759,0,0,0,0,0,0,0,0,144259.880494344,0,0,0,0,0,0
2013-11-02,6881,-148252.691785416,0,0,344181.801235734,0,0,0,0,0,0,0,0,116373.812421036,0,0,0,0,0,0
2013-11-03,6882,-160336.32840711,0,0,341546.839372692,0,0,40380.72938673,0,0,0,0,0,113092.95461385,0,0,0,0,0,0
2013-11-04,6883,-238489.737648534,0,0,332205.813938064,0,0,0,0,0,0,0,0,104847.99502383,0,0,0,0,0,0
2013-11-05,6884,-240265.95149493,0,0,327924.306732564,0,0,0,0,0,0,0,0,53205.678398862,0,0,0,0,0,0
2013-11-06,6885,-214924.321989462,0,0,328320.651971016,0,0,54710.322359652,0,0,0,0,0,0,0,0,0,0,0,0
2013-11-07,6886,-293310.155907756,0,0,330958.060409604,0,0,0,0,0,0,0,0,0,0,0,0,0,0,0
2013-11-08,6887,-227436.109331706,0,0,324963.950321904,0,0,15141.856054194,0,0,0,0,0,0,0,0,0,0,0,0
2013-11-09,6888,0,0,0,106971.622597758,0,0,124929.487105398,0,0,0,0,0,0,0,0,0,0,0,0
2013-11-10,6889,0,0,0,0,0,0,56097.530694234,0,0,0,0,0,0,0,0,0,0,0,0
2013-11-11,6890,-207415.781638788,0,0,0,0,0,0,0,0,0,0,0,0,0,0,0,0,0,0
2013-11-12,6891,-166682.745373434,0,0,0,0,0,0,0,0,0,0,70603.277106468,0,0,0,0,0,0,0
2013-11-13,6892,-161466.646309362,0,0,0,0,0,41900.052800796,0,0,0,0,0,0,0,0,0,0,0,0
2013-11-14,6893,-156341.070540492,0,0,101598.942698742,0,0,32006.101292772,0,0,0,0,0,0,0,0,0,0,0,0
2013-11-15,6894,-138686.581400556,0,0,90420.539029068,0,0,0,0,0,0,0,0,0,0,0,0,0,0,0
2013-11-16,6895,0,0,0,0,0,0,0,0,0,0,0,0,0,0,0,0,0,0,0
2013-11-17,6896,-132477.172664808,0,0,0,0,0,53132.281132482,0,0,0,0,0,0,0,0,0,0,0,0
2013-11-18,6897,-177012.187328646,0,0,0,0,0,0,0,0,0,0,0,0,0,0,0,0,0,0
2013-11-19,6898,-191410.284416856,0,0,0,0,0,0,0,0,0,0,5676.05526672,0,0,-210.405496956,0,0,0,0
2013-11-20,6899,-130605.542372118,0,0,0,0,0,0,0,0,0,0,0,0,0,0,0,0,0,0
2013-11-21,6900,0,0,0,0,0,0,79521.044971638,0,0,0,0,0,0,0,0,0,0,0,0
2013-11-22,6901,-172011.386912622,0,0,0,0,0,155110.443040854,0,0,0,0,0,0,0,0,0,0,0,0
2013-11-23,6902,0,0,0,0,0,0,92703.194013486,0,0,0,0,0,0,0,0,0,0,0,0
2013-11-24,6903,0,0,0,0,0,0,82273.442460888,0,0,0,0,0,0,0,0,0,0,0,0
2013-11-25,6904,-157816.35559473,0,0,0,0,0,121528.747096458,0,0,0,0,71347.036072452,0,0,0,0,0,0,0
2013-11-26,6905,0,0,0,0,0,0,211122.343590978,0,0,0,0,48664.834185486,111769.357243464,0,0,0,0,0,0
2013-11-27,6906,-126023.10637446,0,0,0,0,0,250844.944155834,0,0,0,0,285060.303166644,162665.468326902,0,0,0,0,0,0
2013-11-28,6907,0,0,0,0,0,0,131564.59998615,0,0,0,0,451329.577272804,163768.873898148,0,0,0,0,0,0
2013-11-29,6908,0,0,0,0,0,0,36223.997534076,0,0,0,0,449788.234678824,162190.832670978,0,0,0,0,0,0
2013-11-30,6909,0,0,0,0,0,0,108385.743263346,0,0,0,0,243749.875072434,122292.07866681,0,0,0,0,0,0
2013-12-01,6910,0,0,0,0,0,0,40894.51025139,0,0,0,0,64790.213609172,98611.673957076,0,0,0,0,0,0
2013-12-02,6911,-160468.443486594,0,0,0,0,0,70358.619551868,0,0,0,0,55111.560749196,68702.287907226,0,0,0,0,0,0
2013-12-03,6912,-290589.563900604,0,0,0,0,0,0,0,0,0,0,67368.904234656,77867.159902542,0,0,0,0,0,0
2013-12-04,6913,0,0,0,0,0,0,0,0,0,0,0,54788.612777124,83090.598693252,0,0,0,0,0,0
2013-12-05,6914,0,0,0,0,0,0,108730.710415332,0,0,0,0,14549.784772062,60080.555683122,0,0,0,0,0,0
2013-12-06,6915,0,0,0,0,0,0,0,0,0,0,0,47886.823161858,19166.472827364,0,0,0,0,0,0
2013-12-07,6916,0,0,0,0,0,0,239928.324069582,0,0,0,0,60151.506373956,93835.958491284,0,0,0,0,0,0
2013-12-08,6917,0,0,0,0,0,0,295450.909510506,0,0,0,0,54010.601753496,8357.502065136,0,0,0,0,0,0
2013-12-09,6918,0,0,0,0,0,0,67317.52614819,-19078.396107708,0,0,0,0,44287.910533692,0,0,0,0,0,0
2013-12-10,6919,0,0,0,0,0,0,285175.292217306,0,0,0,0,159773.61603153,39093.830649534,0,0,0,0,0,0
2013-12-11,6920,0,0,0,0,0,0,321524.065104228,0,0,0,0,0,72553.19781663,0,0,0,0,0,0
2013-12-12,6921,0,0,0,0,0,0,181093.075339374,0,0,0,0,0,93642.67902315,0,0,0,0,0,0
2013-12-13,6922,0,0,0,0,0,0,81700.943783124,0,0,0,0,156681.144541386,73382.586926724,0,0,0,0,0,0
2013-12-14,6923,0,0,0,0,0,0,47803.639593294,0,0,0,0,233337.249548658,0,0,0,0,0,0,0
2013-12-15,6924,0,0,0,0,0,0,0,0,0,0,0,235326.315467556,61213.32016092,0,0,0,0,0,0
2013-12-16,6925,0,0,0,0,0,0,0,0,0,0,0,596264.712617844,62720.410697256,0,0,0,0,0,0
2013-12-17,6926,0,0,0,0,0,0,65071.569796962,0,0,0,0,204242.573155626,45445.14076695,0,0,0,0,0,0
2013-12-18,6927,0,0,0,0,0,0,192100.218720828,0,0,0,0,226831.805171844,21549.437409168,0,0,0,0,0,0
2013-12-19,6928,0,0,0,0,0,0,215550.645329238,0,0,0,0,509193.53551125,0,0,0,0,0,0,0
2013-12-20,6929,0,0,0,0,0,0,308481.370868502,0,0,0,0,414418.092010302,54465.664805052,0,0,0,0,0,0
2013-12-21,6930,0,0,0,0,0,0,201316.46880261,0,0,0,0,220815.67590423,0,0,0,0,0,0,0
2013-12-22,6931,0,0,0,0,0,0,285348.999081072,0,0,0,0,225860.514680082,0,0,0,0,0,0,0
2013-12-23,6932,0,0,0,0,0,0,93718.522865076,0,0,0,0,47155.297073604,0,0,0,0,0,0,0
2013-12-24,6933,0,0,0,0,0,0,48642.815005572,0,0,0,0,85737.793434024,84583.009776312,0,0,0,0,0,0
2013-12-25,6934,0,0,0,0,0,0,76915.442015148,0,0,0,0,86371.456500438,1193.928866448,0,0,0,0,0,0
2013-12-26,6935,0,0,0,0,0,0,0,0,0,0,0,2901.638597556,0,0,0,0,0,0,0
2013-12-27,6936,0,0,0,0,0,0,0,0,0,0,0,0,67652.706997992,0,0,0,0,0,0
2013-12-28,6937,0,0,0,0,0,0,0,0,0,0,0,0,0,0,0,0,0,0,0
2013-12-29,6938,0,0,0,0,0,0,80130.242282592,0,0,0,0,0,0,0,0,0,0,0,0
2013-12-30,6939,0,0,0,0,0,0,54800.845654854,0,0,0,0,0,26525.772069732,0,0,0,0,0,0
2013-12-31,6940,0,0,0,0,0,0,254438.963632908,0,0,0,0,0,46017.639444714,0,0,0,0,0,0
2014-01-01,6941,0,0,0,0,0,0,284020.508559594,0,0,0,0,0,0,0,0,0,0,0,0
2014-01-02,6942,0,0,0,0,0,0,0,-134.56165503,0,0,0,0,0,0,0,0,0,0,0
2014-01-03,6943,0,0,0,0,0,0,154545.284089728,0,0,0,0,0,90679.876036944,0,0,0,0,0,0
2014-01-04,6944,0,0,0,0,0,0,0,0,0,0,0,0,0,0,0,0,0,0,0
2014-01-05,6945,0,0,0,0,0,0,0,0,0,0,0,0,0,0,0,0,0,0,0
2014-01-06,6946,-119.882201754,0,0,0,0,0,6857.751255438,0,0,0,0,0,24531.812999742,0,0,0,0,0,0
2014-01-07,6947,0,0,0,0,0,0,162616.536815982,0,0,0,-239.764403508,0,0,0,0,0,0,0,0
2014-01-08,6948,0,0,0,0,0,0,0,0,0,0,0,0,0,0,0,0,0,0,0
2014-01-09,6949,0,0,0,0,0,0,48395.710875426,0,0,0,0,0,0,0,0,0,0,0,0
2014-01-10,6950,0,0,0,0,0,0,0,0,0,0,0,0,0,0,0,0,0,0,0
2014-01-11,6951,0,0,0,0,0,0,11413.27492209,0,0,0,0,187094.525153712,0,0,0,0,0,0,0
2014-01-12,6952,0,0,0,0,0,0,297951.309718518,0,0,0,0,458231.36688807,0,0,0,0,0,0,0
2014-01-13,6953,0,0,0,0,0,0,322130.815839636,0,0,0,0,1153915.12339317,0,0,0,0,0,0,0
2014-01-14,6954,0,0,0,0,0,0,118455.848210682,0,0,0,0,958409.27151231,6975.186881646,0,0,0,0,0,0
2014-01-15,6955,0,0,0,0,0,0,142581.529669788,0,0,0,0,527787.50966085,0,0,0,0,0,0,0
2014-01-16,6956,0,0,0,0,0,0,104936.071743486,-97.86302184,0,0,-249.550705692,0,0,0,0,0,0,0,0
2014-01-17,6957,0,113058.702556206,0,0,0,0,0,0,0,0,0,0,0,0,0,0,0,0,0
2014-01-18,6958,0,79795.06143279,0,0,0,0,0,0,0,0,0,0,0,0,0,0,0,0,0
2014-01-19,6959,0,79503.918942816,0,0,0,0,192533.26259247,0,0,0,0,0,0,0,0,0,0,0,0
2014-01-20,6960,0,75288.469277058,0,0,0,0,142960.748879418,0,0,0,0,0,0,0,0,0,0,0,0
2014-01-21,6961,0,73568.52666822,0,0,0,0,0,0,0,0,0,0,0,0,0,0,0,0,0
2014-01-22,6962,0,72871.25263761,0,0,0,0,132220.282232478,0,0,0,0,0,0,0,0,0,0,0,0
2014-01-23,6963,0,77174.779023024,0,0,0,0,101364.071446326,0,0,0,0,0,0,0,0,0,0,0,0
2014-01-24,6964,0,75418.137780996,0,0,0,0,0,0,0,0,0,0,0,0,0,0,0,0,0
2014-01-25,6965,-81637.332818928,73742.233531986,0,0,0,0,0,0,0,0,0,0,0,0,0,0,0,0,0
2014-01-26,6966,-30410.93403678,73615.011603594,0,0,0,0,0,0,0,0,0,0,0,0,0,0,0,0,0
2014-01-27,6967,0,80433.617650296,0,0,0,0,66111.364404012,0,0,0,0,0,0,0,0,0,0,0,0
2014-01-28,6968,-214476.598664544,95621.958639864,0,0,0,0,47456.225865762,0,0,0,0,0,0,0,0,0,0,0,0
2014-01-29,6969,0,75626.096702406,0,0,0,0,46780.971015066,0,0,0,0,5874.227885946,0,0,0,0,0,0,0
2014-01-30,6970,0,74468.866469148,0,0,0,0,298709.748137778,0,0,0,0,108251.181608316,614.090462046,0,0,0,0,0,0
2014-01-31,6971,0,79452.54085635,0,0,0,0,2623847.07033652,0,0,0,0,2238381.75333758,0,0,0,0,0,0,0
2014-02-01,6972,0,80007.913505292,0,0,0,0,3696491.84724266,0,0,0,0,4371776.05684522,0,0,0,0,0,0,0
2014-02-02,6973,0,81480.751983984,0,0,0,0,1349142.06566179,0,0,0,0,4744849.46870366,0,0,0,0,0,0,0
2014-02-03,6974,0,84477.807027834,0,0,0,0,553613.561124426,0,0,0,0,4573819.15858499,115228.815065508,0,0,0,0,0,0
2014-02-04,6975,0,85348.78792221,0,0,0,0,559042.512261,0,0,0,0,2706220.8223948,502749.255523086,0,0,0,0,0,0
2014-02-05,6976,0,84639.28101387,0,0,0,0,548101.426419288,0,0,0,0,1665398.65361548,501322.901979768,0,0,0,0,0,0
2014-02-06,6977,-24468.202035546,0,0,0,0,0,308082.579054504,0,0,0,0,1758498.19286741,500454.367660938,0,0,0,0,0,0
2014-02-07,6978,-294486.958745382,0,0,0,0,0,124056.059635476,0,0,0,0,1298953.01491114,502749.255523086,0,0,0,0,0,0
2014-02-08,6979,-518786.558227116,0,0,0,0,0,113411.00943483,0,0,0,0,1172376.98246329,503698.526834934,0,0,0,0,0,0
2014-02-09,6980,-1177485.43220333,0,0,0,0,0,136589.866157634,0,0,0,0,912817.3362126,443402.672503764,0,0,0,0,0,0
2014-02-10,6981,-745207.338707232,0,0,0,0,0,0,0,0,0,0,580787.675713848,248087.653515492,0,0,0,0,0,0
2014-02-11,6982,-743088.604284396,0,0,0,0,0,0,-817.156232364,0,0,0,301183.236014784,167223.4385691,0,0,0,0,0,0
2014-02-12,6983,-744752.275655676,0,0,0,0,0,63207.27923091,0,0,0,0,440731.012007532,89605.82937225,0,0,0,0,0,0
2014-02-13,6984,-566130.241617762,0,0,0,0,0,0,0,0,0,-198135.92059281,233775.186571392,0,0,0,0,0,0,0
2014-02-14,6985,-389984.1420324,0,0,0,0,0,76722.162547014,0,0,0,0,940157.81793915,138062.704636326,0,0,0,0,-829389.110094,0
2014-02-15,6986,0,0,0,0,0,0,0,0,0,0,0,363634.52340198,166587.32892714,0,0,0,0,-1678350.824556,0
2014-02-16,6987,0,0,0,0,0,0,0,0,0,0,0,135853.446918288,166697.42482671,0,0,0,0,-1661224.795734,0
2014-02-17,6988,0,0,0,0,0,0,0,0,0,0,0,0,158643.298129278,0,-31.805482098,0,0,-1644098.766912,0
2014-02-18,6989,0,0,0,0,0,0,58485.38842713,-195.72604368,0,0,-376.772634084,0,0,0,0,0,0,-1326043.945932,0
2014-02-19,6990,0,0,0,0,0,0,26699.478933498,0,0,0,0,0,0,0,0,0,0,-623876.76423,0
2014-02-20,6991,0,0,0,0,0,0,56699.38827855,0,0,0,0,0,0,0,0,0,0,-628769.915322,0
2014-02-21,6992,0,0,0,0,0,0,0,0,0,0,0,0,0,0,0,0,0,-626323.339776,0
2014-02-22,6993,0,0,0,0,0,0,92950.298143632,0,0,0,0,88455.93886563,67838.646739488,0,0,0,0,-628769.915322,0
2014-02-23,6994,0,0,0,0,0,0,198439.295960514,0,0,0,0,437188.370616924,130099.101234096,0,0,0,0,-636109.64196,0
2014-02-24,6995,0,0,0,0,0,0,47165.083375788,0,0,0,0,58854.821334576,39989.27729937,0,0,0,0,-636109.64196,0
2014-02-25,6996,-388905.202216614,0,0,0,0,0,70816.12917897,0,0,0,0,0,166279.060408344,0,-447.723324918,0,0,-636109.64196,0
2014-02-26,6997,-669847.91873934,0,0,0,0,0,1803.126177402,0,0,0,0,0,80996.330025876,0,0,0,0,-628769.915322,0
2014-02-27,6998,-678244.566013212,0,0,0,0,0,40918.97600685,0,0,0,0,25253.552785812,54071.766142146,0,0,0,0,-628769.915322,0
2014-02-28,6999,-677650.048155534,0,0,0,0,0,36659.487981264,0,0,0,0,19168.91940291,101921.890670814,0,0,0,0,-626323.339776,0
2014-03-01,7000,-748982.40477471,0,0,0,0,0,64293.558773334,0,0,0,0,0,0,0,0,0,0,-623876.76423,0
2014-03-02,7001,-1490478.28837866,0,0,0,0,0,0,0,0,0,0,56860.862264586,41738.57881476,0,0,0,0,-618983.613138,0
2014-03-03,7002,-251728.15792794,0,0,0,0,0,37802.038761246,0,0,0,0,42484.78435629,26085.388471452,0,0,0,0,-616537.037592,0
2014-03-04,7003,0,0,0,0,0,0,0,0,0,0,0,16100.913668226,0,0,0,0,0,-616537.037592,0
2014-03-05,7004,-57129.985574646,0,0,0,0,0,45927.116149512,0,0,0,0,0,0,0,0,0,0,-611643.8865,0
2014-03-06,7005,0,0,0,0,0,0,43991.874892626,-95433.572322822,0,0,-552.926073396,0,0,0,0,0,0,-609197.310954,0
2014-03-07,7006,0,0,0,0,0,0,58710.473377362,0,0,0,0,51529.774149852,0,0,0,0,0,-614090.462046,0
2014-03-08,7007,0,0,0,0,0,0,0,0,0,0,0,450358.286781042,0,0,0,0,0,-611643.8865,0
2014-03-09,7008,-137800.921052904,0,0,0,0,0,45102.62019051,0,0,0,0,212247.768342138,0,0,0,0,0,-609197.310954,0
2014-03-10,7009,0,0,0,0,0,0,0,0,0,0,0,134378.16186405,0,0,0,0,0,-606750.735408,0
2014-03-11,7010,0,0,0,0,0,0,42377.135032266,0,0,0,0,60714.218749536,0,0,0,0,0,-604304.159862,0
2014-03-12,7011,0,0,0,0,0,0,0,0,0,0,0,0,0,0,0,0,0,-599411.00877,0
2014-03-13,7012,-89781.982811562,0,0,0,0,0,0,0,0,0,0,0,0,0,0,0,0,-601857.584316,0
2014-03-14,7013,0,0,0,0,0,0,47627.486153982,0,0,0,0,0,0,0,0,0,0,-596964.433224,0
2014-03-15,7014,0,0,0,0,0,0,0,0,0,0,0,0,0,0,0,0,0,-594517.857678,0
2014-03-16,7015,-129453.205289952,0,0,0,0,0,0,0,0,0,0,0,0,0,0,0,0,-587178.13104,0
2014-03-17,7016,-86327.41814061,0,0,0,0,0,0,0,0,0,0,0,0,0,0,0,0,-582284.979948,0
2014-03-18,7017,0,0,0,0,0,0,53814.875709816,0,0,0,0,0,0,0,0,0,0,-322947.972072,0
2014-03-19,7018,-102939.66609795,0,0,0,0,0,67738.337142102,0,0,0,0,0,77390.077671072,0,0,0,0,0,0
2014-03-20,7019,-128428.090136178,0,0,0,0,0,195503.405305314,0,0,0,0,0,0,0,0,0,0,0,0
2014-03-21,7020,-157615.736399958,0,0,0,0,0,45212.71609008,0,0,0,0,0,0,0,0,0,0,0,0
2014-03-22,7021,0,0,0,0,0,0,87291.368905734,0,0,0,0,0,0,0,0,0,0,0,0
2014-03-23,7022,-60325.213237722,0,0,0,0,0,0,0,0,0,0,0,0,0,0,0,0,0,0
2014-03-24,7023,0,0,0,0,0,0,81889.330100166,0,0,0,0,0,0,0,0,0,0,0,0
2014-03-25,7024,0,0,0,0,0,0,176875.17909807,0,0,0,0,0,33819.013772358,0,0,0,0,0,0
2014-03-26,7025,-61572.966766182,0,0,0,0,0,312625.869843426,0,0,0,0,0,147922.404086706,0,0,0,0,0,0
2014-03-27,7026,-180297.938286924,0,0,0,0,0,450580.925155728,0,0,0,0,0,0,0,0,0,0,0,0
2014-03-28,7027,-63001.766885046,0,0,0,0,0,182061.91925559,0,0,0,0,0,0,0,0,0,0,0,0
2014-03-29,7028,0,0,0,0,0,0,48855.667078074,0,0,0,0,0,0,0,0,0,0,0,0
2014-03-30,7029,0,0,0,0,0,0,205255.45543167,0,0,0,0,0,0,0,0,0,0,0,0
2014-03-31,7030,0,0,0,0,0,0,36498.013995228,0,0,0,0,59706.229624584,0,0,0,0,0,0,0
2014-04-01,7031,-162944.377939146,0,0,0,0,0,0,0,0,0,0,0,0,0,0,0,0,0,0
2014-04-02,7032,-98036.728703766,0,0,0,0,0,0,0,0,0,0,0,0,0,0,0,0,0,0
2014-04-03,7033,-109716.68036037,0,0,0,0,0,106418.696524362,0,0,0,0,0,0,0,0,0,0,0,0
2014-04-04,7034,-158229.826862004,0,0,0,0,0,60768.043411548,0,0,0,0,0,0,0,0,0,0,0,0
2014-04-05,7035,-101346.945417504,0,0,0,0,0,0,0,0,0,0,0,0,0,0,0,0,0,0
2014-04-06,7036,0,0,0,0,0,0,0,0,0,0,0,0,0,0,0,0,0,0,0
2014-04-07,7037,-210608.562726318,0,0,0,0,0,0,0,0,0,0,0,0,0,0,0,0,0,0
2014-04-08,7038,-165065.558937528,0,0,0,0,0,0,0,0,0,0,0,0,0,0,0,0,0,0
2014-04-09,7039,-98354.783524746,0,270429.781401564,0,0,0,29613.350408784,0,0,0,0,0,0,0,0,0,0,0,0
2014-04-10,7040,-160845.216120678,0,539095.581834462,18525.470034312,0,0,0,0,0,0,0,0,0,0,0,0,0,0,0
2014-04-11,7041,-108236.50215504,0,368855.515617144,0,0,0,0,0,0,0,0,0,0,0,0,0,0,0,0
2014-04-12,7042,-75051.151449096,0,0,0,0,0,0,0,0,0,0,0,0,0,0,0,0,0,0
2014-04-13,7043,0,0,0,0,0,0,0,0,0,0,0,0,0,0,0,0,0,0,0
2014-04-14,7044,0,0,0,0,0,0,0,0,0,0,0,134874.816699888,0,0,0,0,0,0,0
2014-04-15,7045,0,0,0,0,0,0,0,0,0,0,0,58436.45691621,0,0,0,0,0,0,0
2014-04-16,7046,0,0,0,0,0,0,0,0,0,0,0,113012.217620832,0,0,0,0,0,0,0
2014-04-17,7047,0,0,0,0,0,0,33924.216520836,0,0,0,0,67302.846694914,0,0,0,0,0,0,0
2014-04-18,7048,0,0,0,0,0,0,0,0,0,0,0,0,0,0,0,0,0,0,0
2014-04-19,7049,0,0,0,0,0,0,0,0,0,0,0,0,0,0,0,0,0,0,0
2014-04-20,7050,0,0,0,0,0,0,0,0,0,0,0,202936.101814062,0,0,0,0,0,0,0
2014-04-21,7051,-1223.287773,0,0,0,0,0,0,-146.79453276,0,0,-259.337007876,421263.61038801,0,0,0,0,0,0,0
2014-04-22,7052,-71750.721037542,0,0,0,0,0,0,-100847.84400612,0,0,0,247527.387715458,0,0,0,0,0,0,0
2014-04-23,7053,0,0,0,0,0,0,0,-135711.54553662,0,0,0,62414.588754006,0,0,0,0,0,0,0
2014-04-24,7054,-84764.056366716,0,383214.467496618,0,0,0,0,-171446.227961496,0,0,0,3870.482513772,154870.678637346,0,0,0,0,0,0
2014-04-25,7055,-55764.796419978,0,617767.665091638,0,0,0,36654.594830172,-294592.16149386,0,0,0,65049.550617048,178546.190195988,0,0,0,0,0,0
2014-04-26,7056,0,0,649098.511533714,0,0,0,0,-211758.453232938,0,0,0,0,104473.668965292,0,0,0,0,0,0
2014-04-27,7057,0,0,183101.71386264,0,0,0,0,-206358.861002916,0,0,0,0,0,0,0,0,0,0,0
2014-04-28,7058,0,0,0,0,0,0,0,-219105.519597576,0,0,0,0,0,0,0,0,0,0,0
2014-04-29,7059,-77825.56811826,0,457387.2983247,0,0,0,0,-277050.21482904,0,0,0,0,0,0,0,0,0,0,0
2014-04-30,7060,-112826.277879336,0,636912.118739088,0,0,0,0,-261595.197104958,0,0,0,0,0,0,0,0,0,0,0
2014-05-01,7061,-138094.510118424,0,570443.55430536,0,0,0,0,-201666.329105688,0,0,0,79225.009330572,0,0,0,0,0,0,0
2014-05-02,7062,-69157.350958782,0,325947.473691396,0,0,0,0,0,0,0,0,0,0,0,0,0,0,0,0
2014-05-03,7063,0,0,0,0,0,0,0,0,0,0,0,0,0,0,0,0,0,0,0
2014-05-04,7064,0,0,0,0,0,0,0,0,0,0,0,0,0,0,0,0,0,0,0
2014-05-05,7065,-100730.408379912,0,0,0,0,0,0,0,0,0,0,0,0,0,0,0,0,0,0
2014-05-06,7066,-78371.154465018,0,0,0,0,0,150520.667316558,0,0,0,0,0,0,0,0,0,0,0,0
2014-05-07,7067,-136012.474328778,0,0,0,0,0,57477.399302178,0,0,0,0,0,0,0,0,0,0,0,0
2014-05-08,7068,-84940.209806028,0,0,0,0,0,0,0,0,0,0,0,0,0,0,0,0,0,0
2014-05-09,7069,0,0,0,0,0,0,0,0,0,0,0,0,0,0,0,0,0,0,0
2014-05-10,7070,0,0,0,0,0,0,0,0,0,0,0,0,0,0,0,0,0,0,0
2014-05-11,7071,0,0,0,0,0,0,0,0,0,0,0,0,0,0,0,0,0,0,0
2014-05-12,7072,-144710.050394808,0,0,0,0,0,76927.674892878,0,0,0,0,59933.761150362,0,0,0,0,0,0,0
2014-05-13,7073,-129186.528555438,0,0,0,0,0,0,0,0,0,0,0,0,0,0,0,0,0,0
2014-05-14,7074,0,0,0,0,0,0,0,0,0,0,0,0,0,0,0,0,0,0,0
2014-05-15,7075,0,0,0,0,0,0,0,0,0,0,0,0,0,0,0,0,0,0,0
2014-05-16,7076,0,0,0,0,0,0,198055.183599792,0,0,0,0,92553.95290518,0,0,0,0,0,0,0
2014-05-17,7077,0,0,0,0,0,0,180244.113624912,0,0,0,0,185078.546903808,0,0,0,0,0,0,0
2014-05-18,7078,0,0,0,0,0,0,265994.139936666,0,0,0,0,164331.586273728,0,0,0,0,0,0,0
2014-05-19,7079,0,0,0,-97.86302184,0,0,274036.033756368,0,0,0,0,80313.735448542,0,0,0,0,0,0,0
2014-05-20,7080,0,0,0,0,0,0,332560.567392234,0,0,0,0,47187.102555702,0,0,0,0,0,0,0
2014-05-21,7081,0,0,0,0,0,0,386010.903345696,0,0,0,0,0,0,0,0,0,0,0,0
2014-05-22,7082,0,0,0,0,0,0,210077.655832836,0,0,0,0,0,0,0,0,0,0,0,0
2014-05-23,7083,-163866.736919988,0,196560.325941186,0,0,0,175502.650216764,0,0,0,0,0,0,0,0,0,0,0,0
2014-05-24,7084,-153693.87579972,0,372814.074850572,0,0,0,213654.549281088,0,0,0,0,0,0,0,0,0,0,0,0
2014-05-25,7085,0,0,380721.407015244,0,0,0,164806.221929652,0,0,0,0,0,0,0,0,0,0,0,0
2014-05-26,7086,0,0,408896.17100298,0,0,0,108931.329610104,0,0,0,0,0,0,0,0,0,0,0,0
2014-05-27,7087,0,0,400898.315543106,0,0,0,98166.397207704,0,0,0,0,63432.364181142,0,0,0,0,0,0,0
2014-05-28,7088,-107835.263765496,0,400656.104564052,0,0,0,112268.458654848,0,0,0,0,0,0,0,0,0,0,0,0
2014-05-29,7089,-156605.30069946,0,165339.57539868,0,0,0,200988.627679446,0,0,0,0,0,0,0,0,0,0,0,0
2014-05-30,7090,-59429.766587886,0,0,0,0,0,341811.06953166,0,0,0,0,0,0,0,0,0,0,0,0
2014-05-31,7091,0,0,0,0,0,0,595065.890600304,0,0,0,0,0,0,0,0,0,0,0,0
2014-06-01,7092,-86476.659248916,0,0,0,0,0,597453.7483332,0,0,0,0,0,0,0,0,0,0,0,0
2014-06-02,7093,0,0,0,0,0,0,784565.399515734,0,0,0,0,0,0,0,0,0,0,0,0
2014-06-03,7094,-92808.396761964,0,0,0,0,0,409101.683348844,0,0,0,0,0,0,0,0,0,0,0,0
2014-06-04,7095,-64423.227277272,0,0,0,0,0,527880.479531598,0,0,0,0,0,0,0,0,0,0,0,0
2014-06-05,7096,-104904.266261388,0,0,0,0,0,382182.012616206,0,0,0,0,0,0,0,0,0,0,0,0
2014-06-06,7097,-98318.084891556,0,0,0,0,0,223619.451479946,0,0,0,0,0,0,0,0,0,0,0,0
2014-06-07,7098,-109679.98172718,0,0,0,0,0,200702.378340564,0,0,0,0,0,0,0,0,0,0,0,0
2014-06-08,7099,-137570.94295158,0,0,0,0,0,131958.498649056,0,0,0,0,0,0,0,0,0,0,0,0
2014-06-09,7100,-175847.61736875,0,0,0,0,0,96700.89845565,0,0,0,0,63415.23815232,0,0,0,0,0,0,0
2014-06-10,7101,-221192.448538314,0,0,0,0,0,96145.525806708,0,0,0,0,0,0,0,0,0,0,0,0
2014-06-11,7102,-87988.642936344,0,0,0,0,0,68474.756381448,0,0,0,0,0,0,0,0,0,0,0,0
2014-06-12,7103,0,0,0,0,0,0,387471.508946658,0,0,0,0,217847.979766932,109741.14611583,0,0,0,0,0,0
2014-06-13,7104,0,0,0,0,0,0,138547.126594434,0,0,0,0,421885.040576694,241249.474864422,0,0,0,0,0,0
2014-06-14,7105,0,0,0,0,0,0,471839.220074922,0,0,0,0,943570.79082582,570142.625513202,0,0,0,0,0,0
2014-06-15,7106,0,0,0,0,0,0,2202994.48464024,0,0,0,0,1780184.63850716,696919.27715583,0,0,0,0,0,0
2014-06-16,7107,0,0,0,0,0,0,1540344.39115723,0,0,0,0,1950434.49102666,710240.8810038,0,0,0,0,0,0
2014-06-17,7108,0,0,0,0,0,0,1507988.42956138,0,0,0,0,1622923.65556137,695409.740043948,0,0,0,0,0,0
2014-06-18,7109,-272568.088428768,0,0,0,0,0,837000.406617606,0,0,0,0,1448186.7834905,551365.158197652,0,0,0,0,0,0
2014-06-19,7110,-483064.10867997,0,0,0,0,0,1041150.00990248,0,0,0,0,1630821.20142386,638066.9023968,0,0,0,0,0,0
2014-06-20,7111,-759255.575492364,0,0,0,0,0,1061092.04717793,0,0,0,0,1652228.73745136,624224.177957532,0,0,0,0,0,0
2014-06-21,7112,-1115949.16407034,0,0,0,0,0,1104912.66178234,0,0,0,0,2108404.98088079,606851.045005386,0,0,0,0,0,0
2014-06-22,7113,-1396593.39837646,0,0,0,0,0,841034.80969296,0,0,0,0,2897535.69036536,526674.31778742,0,0,0,0,0,0
2014-06-23,7114,-1396042.91887861,0,0,0,0,0,575879.845168572,0,0,0,0,1635822.00183988,503649.595324014,0,0,0,0,0,0
2014-06-24,7115,-1278785.89268546,0,0,0,0,0,480301.924888536,0,0,0,0,1240641.33334778,540888.92170968,0,0,0,0,0,-751098.692622
2014-06-25,7116,-1170732.88369637,0,0,0,0,0,385208.426566608,0,0,0,0,707760.053400156,524235.081968058,0,0,0,0,0,-1118085.024522
2014-06-26,7117,-1159857.8553944,0,0,0,0,0,280534.138406544,0,0,0,0,813608.6978223,363512.19462468,0,0,0,0,0,-1091172.693516
2014-06-27,7118,-1163911.83107413,0,0,0,0,0,366164.282516544,0,0,0,0,453445.865120094,288123.415750236,0,0,0,0,0,-1081386.391332
2014-06-28,7119,-1763291.03436203,0,0,0,0,0,332795.43864465,0,0,0,0,410471.765654604,176584.036608096,0,0,0,0,0,-1066706.938056
2014-06-29,7120,-1759102.49702728,0,0,0,0,0,196110.156040722,0,0,0,0,438989.05021878,177229.93255224,0,0,0,0,0,-1056920.635872
2014-06-30,7121,-1162514.83643736,0,0,0,0,0,216656.49747603,0,0,0,0,216634.478296116,177310.669545258,0,0,0,0,0,-1049580.909234
2014-07-01,7122,-1162023.07475261,0,0,0,0,0,50849.626148064,0,0,0,0,81532.13007045,176860.499644794,0,0,0,0,0,-1034901.455958
2014-07-02,7123,-823059.819156498,0,0,0,0,0,72396.616981686,0,0,0,0,40258.40060943,13372.981934436,0,0,0,0,0,-1022668.578228
2014-07-03,7124,-455503.43515428,0,0,0,0,0,42663.384371148,0,0,0,0,81950.494488816,0,0,0,0,0,0,-1010435.700498
2014-07-04,7125,0,0,0,0,0,0,198806.282292414,0,0,0,0,99526.69321128,0,0,0,0,0,0,-1007989.124952
2014-07-05,7126,0,0,0,0,0,0,382443.796199628,0,0,0,0,194512.542209184,165486.36993144,0,0,0,0,0,-1027561.72932
2014-07-06,7127,0,0,0,0,0,0,13686.143604324,0,0,0,0,346258.943874288,138094.510118424,0,0,0,0,0,-1037348.031504
2014-07-07,7128,-313164.116463546,0,0,0,0,0,19868.640009066,0,0,0,0,58336.147318824,0,0,0,0,0,0,-1039794.60705
2014-07-08,7129,-732959.781523956,0,0,0,0,0,255897.122658324,0,0,0,0,55948.289585928,218344.63460277,0,0,0,0,0,-1034901.455958
2014-07-09,7130,-824473.939822086,0,0,0,0,0,477674.302752132,0,0,0,0,152769.070243332,229354.22455977,0,0,0,0,0,-1037348.031504
2014-07-10,7131,-410635.686216186,0,0,0,0,0,570446.000880906,0,0,0,0,325463.051733288,317592.418201806,0,0,0,-420810.993912,0,-1015328.85159
2014-07-11,7132,-54671.177150916,0,0,0,0,0,503899.146029706,0,0,0,0,1081450.0022962,410232.001251096,0,0,0,-726632.937162,0,-1000649.398314
2014-07-12,7133,-807736.9165119,0,0,0,0,0,562541.11529178,0,0,0,0,376180.562801868,492994.758821184,0,0,0,-719293.210524,0,-988416.520584
2014-07-13,7134,-1179278.77207855,0,0,0,0,0,284429.086675776,0,0,0,0,0,353464.108857258,0,0,0,-711953.483886,0,-971290.491762
2014-07-14,7135,-416076.87023049,0,0,0,0,0,165961.005587364,0,0,0,-119.882201754,973113.19054377,353424.963648522,0,0,0,-707060.332794,0,-971290.491762
2014-07-15,7136,-249239.990597658,0,0,0,0,0,161185.290121572,0,0,0,0,682445.336225694,346222.245241098,0,0,0,-711953.483886,0,-983523.369492
2014-07-16,7137,-366382.027740138,0,0,0,0,0,630027.455152644,0,0,0,0,666038.600614218,375774.431261232,0,0,0,-716846.634978,0,-995756.247222
2014-07-17,7138,-281759.87275509,0,0,0,0,0,1326048.83908309,0,0,0,0,1397175.6833564,528095.778179646,0,0,0,-929698.70748,0,-1003095.97386
2014-07-18,7139,-639539.740875492,0,0,0,0,0,791264.123360682,0,0,0,0,2079009.3756956,508672.414919952,0,0,0,-1357849.42803,0,-990863.09613
2014-07-19,7140,-643077.489115008,0,0,0,0,0,448748.440071774,0,0,0,0,2198059.74176396,427096.246489674,0,0,0,-1355402.852484,0,-983523.369492
2014-07-20,7141,-643437.13572027,0,0,0,0,0,364975.246801188,0,0,0,0,1806318.95848953,393903.556057092,0,0,0,-1355402.852484,0,-981076.793946
2014-07-21,7142,-639507.935393394,0,0,0,0,0,215274.18229254,0,0,0,0,1419997.34004949,430408.909778958,0,0,0,-1419013.81668,0,-985969.945038
2014-07-22,7143,-310644.143651166,0,0,0,0,0,222043.856828322,0,0,0,0,1054018.99727444,400042.014102006,0,0,0,-1455712.44987,0,-1003095.97386
2014-07-23,7144,-639816.20391219,0,0,0,0,0,258935.769486456,0,0,0,0,751392.28168752,422398.821441354,0,0,0,-1421460.392226,0,-1003095.97386
2014-07-24,7145,-644298.330312462,0,0,0,0,0,45183.357183528,0,0,0,0,491076.64359312,345989.820564228,0,0,0,-1372528.881306,0,-990863.09613
2014-07-25,7146,-644481.823478412,0,0,0,0,0,83949.346709898,0,0,0,0,463075.58646915,225300.248880048,0,0,0,-1355402.852484,0,-981076.793946
2014-07-26,7147,-646982.223686424,0,0,0,0,0,111732.658610274,0,0,0,0,460575.186261138,273057.403537968,0,0,0,-1333383.67257,0,-968843.916216
2014-07-27,7148,-275420.795515404,0,0,0,0,0,34384.172723484,0,0,0,0,275770.655818482,240745.480301946,0,0,0,-1318704.219294,0,-959057.614032
2014-07-28,7149,0,0,0,0,0,0,23347.670435478,-22.019179914,0,0,0,266892.033162048,326764.62992376,0,0,0,-1301578.190472,0,-951717.887394
2014-07-29,7150,-350890.311382866,0,0,0,0,0,0,0,0,0,0,97733.353336062,309482.020266816,0,0,0,-499101.411384,0,-376772.634084
2014-07-30,7151,-183911.530368366,0,0,0,0,0,187265.785441932,0,0,0,0,227869.153203348,276502.181906736,0,0,0,0,0,0
2014-07-31,7152,-161845.865518992,0,0,0,0,0,60863.459857842,0,0,0,0,304936.282902348,274691.716002696,0,0,0,0,0,0
2014-08-01,7153,-503238.570632286,0,0,0,0,0,271249.384209474,0,0,0,0,453690.522674694,219115.30589976,0,0,0,0,0,0
2014-08-02,7154,-434482.458063048,0,0,0,0,0,284282.292143016,0,0,0,0,444628.40685231,232304.794668246,0,0,0,0,0,0
2014-08-03,7155,-507424.661391492,0,0,0,0,0,539763.49695852,0,0,0,0,451327.130697258,381105.519375966,0,0,0,0,0,0
2014-08-04,7156,-514086.68660325,0,0,0,0,0,891945.600229674,0,0,0,0,1036812.23145943,610745.993274618,0,0,0,0,0,0
2014-08-05,7157,-439077.126938436,0,0,0,0,0,1470139.90586476,0,0,0,0,1630278.06165265,597204.197627508,0,0,0,0,-780457.599174,0
2014-08-06,7158,-593742.293229918,0,0,0,0,0,1971670.76676594,0,0,0,0,3221528.3501955,587970.821516904,0,0,0,0,-1125424.75116,0
2014-08-07,7159,-777475.223583426,0,0,0,0,0,1502468.95512961,0,0,0,0,2871592.20327557,614726.57168796,0,0,0,0,-1120531.600068,0
2014-08-08,7160,-384909.944349996,0,0,0,0,0,1458802.4747846,0,0,0,0,1621135.20883724,539663.187361134,0,0,0,0,-1130317.902252,0
2014-08-09,7161,-614748.590867874,0,0,0,0,0,1368665.73851887,0,0,0,0,1207137.92782085,569682.669310554,0,0,0,0,-1135211.053344,0
2014-08-10,7162,-965352.652911858,0,0,0,0,0,1217244.73140138,0,0,0,0,866919.57896964,423137.687256246,0,0,0,0,-1135211.053344,0
2014-08-11,7163,-967486.06678797,0,0,0,0,0,926344.452406434,0,0,0,0,1119707.104109,392073.517548684,0,0,0,0,-1132764.477798,0
2014-08-12,7164,-969252.494332182,0,0,0,0,0,833279.16521214,0,0,0,0,880896.865063938,277241.047721628,0,-193.279468134,0,0,-1125424.75116,0
2014-08-13,7165,-969137.50528152,0,0,0,0,0,694355.265983622,0,0,0,0,716748.77195616,373963.965357192,0,0,0,0,-1120531.600068,0
2014-08-14,7166,-966955.159894488,0,0,0,0,0,715278.380053014,0,0,0,0,740722.765731414,512684.798815392,0,0,0,0,-1118085.024522,0
2014-08-15,7167,-832097.469223422,0,0,0,0,0,657991.813643424,0,0,0,0,786136.101016266,646238.46472044,0,0,0,0,-1120531.600068,0
2014-08-16,7168,-857808.531636336,0,0,0,0,0,789089.117700288,0,0,0,0,1215823.27100915,482124.623670306,0,0,0,0,-1122978.175614,0
2014-08-17,7169,-976283.952451386,0,0,0,0,0,798931.691121846,0,0,0,0,1128678.69663618,488463.700909992,0,0,0,0,-1130317.902252,0
2014-08-18,7170,-628977.87424341,0,0,0,0,0,576540.420565992,0,0,0,0,859481.9893098,660565.611117816,0,0,0,0,-1132764.477798,0
2014-08-19,7171,-884958.180470298,0,0,0,0,0,502602.460990326,0,0,0,1233.074075184,838483.031398482,676179.656252388,0,0,0,0,-1130317.902252,0
2014-08-20,7172,-983633.46539157,0,0,0,0,0,541852.872474804,0,0,0,0,695466.011281506,696153.499009932,0,0,0,0,-1125424.75116,0
2014-08-21,7173,-905614.617805176,0,0,0,0,0,615553.514222508,0,0,0,0,831520.077394566,712134.530476404,0,-48.93151092,0,0,-1125424.75116,0
2014-08-22,7174,-892951.14277908,0,0,0,0,0,582218.922408258,0,0,0,0,740659.154767218,680453.82373125,0,0,0,0,-1125424.75116,0
2014-08-23,7175,-1197170.57904645,0,0,0,0,0,473016.022912548,0,0,0,0,686166.57763116,677674.513910994,0,0,0,0,-1120531.600068,0
2014-08-24,7176,-1202885.77952191,0,0,0,0,0,387640.322659332,0,0,0,0,661989.518085588,631485.61417806,0,0,0,0,-1115638.448976,0
2014-08-25,7177,-745696.653816432,0,0,0,0,0,382441.349624082,0,0,0,0,848249.760978114,639791.73815673,0,0,0,0,-1115638.448976,0
2014-08-26,7178,-674983.280810394,0,0,0,0,0,421202.44599936,0,0,0,0,718326.81318333,683962.213064214,0,0,0,0,-1122978.175614,0
2014-08-27,7179,-659085.432912486,0,0,0,0,0,382788.763351614,0,0,0,0,769883.499664188,612522.207121014,0,0,0,0,-1120531.600068,0
2014-08-28,7180,-654204.514698216,0,0,0,0,0,423927.931157604,0,0,0,0,892315.03313712,626714.79186336,0,0,0,0,-604304.159862,0
2014-08-29,7181,-660619.435779828,0,0,0,0,0,366978.992173362,0,0,0,0,844345.026406698,623081.62717755,0,0,0,0,0,0
2014-08-30,7182,-498519.126404052,0,0,0,0,0,449839.61276529,0,0,0,0,899136.085759368,569044.113093048,0,0,0,0,0,0
2014-08-31,7183,-319114.188191418,0,0,0,0,0,301068.246964122,0,0,0,0,731653.310182392,452719.232182932,0,0,0,0,0,0
2014-09-01,7184,-135241.803031788,0,0,0,0,0,215494.37409168,0,0,0,0,704249.217491646,343053.929909028,0,0,0,0,0,0
2014-09-02,7185,0,0,0,0,0,0,433902.619658646,0,0,0,0,524178.8107305,298651.030324674,0,0,0,0,0,0
2014-09-03,7186,0,0,0,0,0,0,226773.08735874,0,0,0,0,463493.950887516,232211.824797498,0,0,0,0,0,0
2014-09-04,7187,0,0,0,0,0,0,461052.268492608,0,0,0,0,266412.504355032,184601.464672338,0,0,0,-479528.807016,-437937.022734,-618983.613138
2014-09-05,7188,0,0,0,0,0,0,353256.149935848,0,0,0,0,326708.358686202,170151.989497662,0,0,0,0,0,0
2014-09-06,7189,0,0,0,0,0,0,481033.45097679,0,0,0,0,257810.344735296,231049.701413148,0,0,0,0,0,0
2014-09-07,7190,0,0,0,0,0,0,515236.57710987,0,0,0,0,447889.692055128,171162.42519816,0,0,0,0,0,0
2014-09-08,7191,-31467.854672652,0,0,0,0,0,521891.26259499,0,0,0,0,444855.938378088,179610.450558498,0,0,0,0,0,0
2014-09-09,7192,0,0,0,0,0,0,494663.323343556,0,0,0,0,313457.705529066,3814.211276214,0,0,0,0,0,0
2014-09-10,7193,0,0,0,0,0,0,498734.4250521,0,0,0,0,222518.492484246,169479.181222512,0,0,0,0,0,0
2014-09-11,7194,0,0,0,0,0,0,558722.010864474,0,0,0,0,393402.008070162,164179.898589876,0,0,0,0,0,0
2014-09-12,7195,-27024.873481116,0,0,0,0,0,577993.686440316,0,0,0,0,340768.828349064,167132.915273898,0,0,0,0,0,0
2014-09-13,7196,-225234.191340306,0,0,0,0,0,579955.840028208,0,0,0,0,424091.851719186,132482.0658159,0,0,0,0,0,0
2014-09-14,7197,-422993.339299032,0,0,0,0,0,584163.949967328,0,0,0,0,438448.357023114,220000.966247412,0,0,0,0,0,0
2014-09-15,7198,-586989.744722958,0,0,0,0,0,1414103.53955918,0,0,0,0,750993.489873522,201639.416774682,0,0,0,0,0,0
2014-09-16,7199,-657240.714950802,0,0,0,0,0,958702.86057783,0,0,0,0,551387.177377566,232148.213833302,0,0,0,0,0,0
2014-09-17,7200,-656550.78064683,0,0,0,0,0,912017.306009058,0,0,0,0,802953.86131947,274559.600923212,0,0,0,0,0,0
2014-09-18,7201,-655797.235378662,0,0,0,0,0,922427.484957288,0,0,0,0,593999.183662248,215499.267242772,0,0,0,0,0,0
2014-09-19,7202,-653693.180409102,0,0,0,0,0,825168.76727715,0,0,0,0,498802.929167388,195970.7012346,0,0,0,0,0,0
2014-09-20,7203,-663697.227816696,0,0,0,0,0,808365.686427222,0,0,0,0,321824.993896386,176422.56262206,0,0,0,0,0,0
2014-09-21,7204,-664536.403228974,0,0,0,0,0,514424.314028598,0,0,0,0,318585.727873482,184234.478340438,0,0,0,0,0,0
2014-09-22,7205,-665886.912930366,0,0,0,0,0,503906.485756344,0,0,0,0,714334.001892258,474207.50520345,0,0,0,0,0,0
2014-09-23,7206,-665341.326583608,0,0,0,0,0,437499.085711266,0,0,0,0,939017.713734714,646297.182533544,0,0,0,0,0,0
2014-09-24,7207,-670887.71334639,0,0,0,0,0,534437.301994878,0,0,0,0,1268872.36857307,798846.060977736,0,0,0,0,0,0
2014-09-25,7208,-663435.444233274,0,0,0,0,0,585008.018530698,0,0,0,-344.967151986,1615420.00836179,602775.05014575,0,0,0,0,0,0
2014-09-26,7209,-660225.537116922,0,0,0,0,0,487587.826864524,0,0,0,0,1828411.53566991,448963.738719822,0,0,0,0,0,0
2014-09-27,7210,-670249.157128884,0,0,0,0,0,296226.473958588,0,0,0,0,998726.389934844,479452.963174074,0,0,0,0,0,0
2014-09-28,7211,-672020.477824188,0,0,0,0,0,456834.372251304,0,0,0,0,715371.349923762,352255.500537534,0,0,0,0,0,0
2014-09-29,7212,-672720.198430344,0,0,0,0,0,524978.840934042,0,0,0,0,625802.219184702,415788.174316062,0,0,0,0,0,0
2014-09-30,7213,-664952.321071794,0,0,0,0,0,955859.939793378,0,0,0,0,1441150.43222021,525433.903985598,0,0,0,0,0,0
2014-10-01,7214,-666469.197910314,0,0,0,0,0,1325919.17057915,0,0,0,0,1433928.14120842,522321.859891086,0,0,0,0,0,0
2014-10-02,7215,-674971.047932664,0,0,0,0,0,2176532.3235347,0,0,0,0,1570725.96628746,539655.847634496,0,0,0,0,0,0
2014-10-03,7216,-677862.900228036,0,0,0,0,0,2540130.14830349,0,0,0,0,1700184.0647285,468543.68281446,0,0,0,0,0,0
2014-10-04,7217,-676676.311088226,0,0,0,0,0,1899597.09775633,0,0,0,0,1195448.18986207,326669.213477466,0,0,0,0,0,0
2014-10-05,7218,-1214913.14490604,0,0,0,0,0,1557426.3816194,0,0,0,0,911753.07585009,289402.974760794,0,0,0,0,0,0
2014-10-06,7219,-752336.659848276,0,0,0,0,0,1139959.85647879,0,0,0,0,617694.267825258,216257.705662032,0,0,0,0,0,0
2014-10-07,7220,-782133.50342301,0,0,0,0,0,1115396.23799695,0,0,0,0,550506.410181006,205360.658180148,0,0,0,0,0,0
2014-10-08,7221,-505367.091357306,0,0,0,0,0,1074252.17703986,0,0,0,0,448846.303093614,186800.936088192,0,0,0,0,0,0
2014-10-09,7222,-757119.715040706,0,0,0,0,0,836107.406543316,0,0,0,0,389047.103598282,197649.052059156,0,0,0,0,0,-883213.772106
2014-10-10,7223,-495005.843919996,0,0,0,0,0,528440.745331632,0,0,0,0,218109.763350354,156678.69796584,0,0,0,0,0,-1854504.263868
2014-10-11,7224,-1461444.77637428,0,0,0,0,0,335836.532048328,0,0,0,0,191373.585783666,101520.65228127,0,0,0,0,0,-1822698.78177
2014-10-12,7225,-1457322.29657927,0,0,0,0,0,236598.534751476,0,0,0,0,189382.073289222,0,0,0,0,0,0,-1805572.752948
2014-10-13,7226,-496601.011175988,0,0,0,0,0,176026.217383608,-154.134259398,0,0,-97.86302184,66135.830159472,0,0,0,0,0,0,-1795786.450764
2014-10-14,7227,-161444.627129448,0,0,0,0,0,101875.40573544,0,0,0,0,149520.017918244,0,0,0,0,0,0,-1788446.724126
2014-10-15,7228,0,0,0,0,0,0,314438.782323012,0,0,0,0,193399.350335754,133561.005631686,0,0,0,0,0,-812263.081272
2014-10-16,7229,-291472.77767271,0,0,0,0,0,119725.620919056,0,0,0,0,5791.044317382,142050.622776306,0,0,0,0,0,0
2014-10-17,7230,-352757.048524464,0,0,0,0,0,0,0,0,0,0,0,0,0,0,0,0,0,0
2014-10-18,7231,-337850.063722686,0,0,0,0,0,35399.501575074,0,0,0,0,0,0,0,0,0,0,0,0
2014-10-19,7232,-1015204.07623715,0,0,0,0,0,38169.025093146,0,0,0,0,0,59349.029594868,0,0,0,0,0,0
2014-10-20,7233,-408808.094283324,0,0,0,0,0,0,0,0,0,0,0,113242.195722156,0,0,0,0,0,0
2014-10-21,7234,-328880.91777105,0,0,0,0,0,166181.197386504,0,0,0,0,56197.84029162,126566.246145672,0,0,0,0,0,0
2014-10-22,7235,-143168.707800828,0,0,0,0,0,171619.934825262,0,0,0,0,0,161784.701130342,0,0,0,0,0,-731526.088254
2014-10-23,7236,0,0,0,0,0,0,686394.109156938,0,0,0,0,1798577.99346199,160258.037989638,0,0,0,0,0,-1311364.492656
2014-10-24,7237,-316307.966040156,0,0,0,0,0,604174.491358062,0,0,0,0,1071675.93298993,160306.969500558,0,0,0,0,0,-1308917.91711
2014-10-25,7238,-366793.052431866,0,0,0,0,0,289735.70903505,0,0,0,0,1337794.84827944,32368.19447358,0,0,0,0,0,-1304024.766018
2014-10-26,7239,-1073961.03454989,0,0,0,0,0,209297.198233662,0,0,0,0,1055291.21655836,22207.566231042,0,0,0,0,0,-1296685.03938
2014-10-27,7240,-355083.74186871,0,0,0,0,0,370135.074627702,0,0,0,0,825922.312545318,161464.199733816,0,0,0,0,0,-1291791.888288
2014-10-28,7241,-355817.71453251,0,0,0,0,0,410802.053353314,0,0,0,0,246842.346562578,413512.859058282,0,0,0,0,0,-1286898.737196
2014-10-29,7242,-63564.479260626,0,0,0,0,0,143758.332507414,0,0,0,0,77074.469425638,453900.92817165,0,0,0,0,0,-1284452.16165
2014-10-30,7243,0,0,0,0,0,0,146226.927233328,0,0,0,0,254531.933503656,233212.474195812,0,0,0,0,0,-1282005.586104
2014-10-31,7244,0,0,0,0,0,0,0,0,0,0,0,0,219132.431928582,0,0,0,0,0,-1279559.010558
2014-11-01,7245,0,0,0,0,0,0,204032.16765867,0,0,0,0,47108.81213823,178781.061448404,0,0,0,0,0,-1273197.9141384
2014-11-02,7246,0,0,0,0,0,0,213578.705439162,0,0,0,0,19988.52221082,163592.720458836,0,0,0,0,0,-1275228.57184158
2014-11-03,7247,0,0,0,0,0,0,67513.25219187,-100.309597386,0,0,0,32116.197192342,53372.04553599,0,0,0,0,0,-508887.713568
2014-11-04,7248,0,0,0,0,0,0,185014.935939612,0,0,0,0,46147.307948652,0,0,0,0,0,0,0
2014-11-05,7249,0,0,0,0,0,0,13952.820338838,0,0,0,-990.86309613,0,0,0,0,0,0,0,0
2014-11-06,7250,0,0,0,0,0,0,223714.86792624,0,0,0,-142265.921424354,0,0,0,0,0,0,0,0
2014-11-07,7251,-94410.903744594,0,0,0,0,0,0,0,0,0,0,21992.267582994,0,0,0,0,0,0,0
2014-11-08,7252,-133003.186407198,0,0,0,0,0,112214.633992836,0,0,0,0,0,0,0,0,0,0,0,0
2014-11-09,7253,-56755.659516108,0,0,0,0,0,272125.258254942,0,0,0,0,0,63725.953246662,0,0,0,0,0,0
2014-11-10,7254,0,0,0,0,0,0,136125.016803894,0,0,0,0,95511.862740294,206512.995262314,0,0,0,0,0,0
2014-11-11,7255,-63713.720368932,0,0,0,0,0,273319.18712139,0,0,0,0,299350.75093083,254857.328051274,0,0,0,0,0,0
2014-11-12,7256,0,0,0,0,0,0,53259.503060874,0,0,0,0,597064.742821386,182149.995975246,0,0,0,0,0,0
2014-11-13,7257,0,0,0,0,0,0,194989.624440654,0,0,0,0,182617.291904532,165750.600090408,0,0,0,0,0,0
2014-11-14,7258,-187292.697772938,0,0,0,0,0,190032.862384458,0,0,0,0,325981.72574904,164642.30136807,0,0,0,0,0,0
2014-11-15,7259,0,0,0,0,0,0,156169.810252272,0,0,0,0,142207.20361125,12301.381845288,0,0,0,0,0,0
2014-11-16,7260,0,0,0,0,0,0,160390.153069122,0,0,0,0,160277.610594006,0,0,0,0,0,0,0
2014-11-17,7261,0,0,0,0,0,0,127182.783183264,0,0,0,0,191202.325495446,0,0,0,0,0,0,0
2014-11-18,7262,0,0,0,0,0,0,167064.41115861,0,0,0,0,67165.838464338,129076.432655868,0,-41.591784282,0,0,0,0
2014-11-19,7263,0,0,0,0,0,0,103857.1319277,0,0,0,0,50624.541197832,65776.18355421,0,0,0,0,0,0
2014-11-20,7264,0,0,0,0,0,0,95323.476423252,0,0,0,0,4120.033219464,0,0,0,0,0,0,0
2014-11-21,7265,-209223.800967282,0,0,0,0,0,160267.824291822,0,0,0,0,181041.697252908,0,0,0,0,0,0,0
2014-11-22,7266,0,0,0,0,0,0,100167.696004332,0,0,0,0,101811.794771244,63909.446412612,0,0,0,0,0,0
2014-11-23,7267,0,0,0,0,0,0,84925.530352752,0,0,0,0,28930.75583145,101493.739950264,0,0,0,0,0,0
2014-11-24,7268,-156412.021231326,0,0,0,0,0,81067.28071671,0,0,0,0,55419.829267992,0,0,0,0,0,0,0
2014-11-25,7269,0,0,0,0,0,0,65529.079424064,0,0,0,0,31215.857391414,0,0,0,0,0,0,0
2014-11-26,7270,0,0,0,0,0,0,124078.07881539,0,0,0,0,1940.134407978,0,0,0,0,0,0,0
2014-11-27,7271,-204570.41427879,0,0,0,0,0,90334.908884958,0,0,0,0,0,111194.411990154,0,0,0,0,0,0
2014-11-28,7272,0,0,0,0,0,0,114683.22871875,0,0,0,0,0,39614.951240832,0,0,0,0,0,0
2014-11-29,7273,0,0,0,0,0,0,101280.887877762,0,0,0,0,0,0,0,0,0,0,0,0
2014-11-30,7274,0,0,0,0,0,0,40307.33212035,0,0,0,0,0,0,0,0,0,0,0,0
2014-12-01,7275,0,0,0,0,0,0,100869.863186034,0,0,0,0,0,13468.39838073,0,0,0,0,0,0
2014-12-02,7276,0,0,0,0,0,0,0,0,0,0,0,0,80475.209434578,0,0,0,0,0,0
2014-12-03,7277,-129624.465578172,0,0,0,0,0,35778.720784704,0,0,0,-149.241108306,38494.419640764,0,0,-276.463036698,0,0,0,0
2014-12-04,7278,0,0,0,0,0,0,34154.19462216,0,0,0,0,0,0,0,0,0,0,0,0
2014-12-05,7279,0,0,0,0,0,0,97535.180716836,0,0,0,0,0,0,0,0,0,0,0,0
2014-12-06,7280,0,0,0,0,0,0,1254745.84137047,0,0,0,0,0,0,0,0,0,0,0,0
2014-12-07,7281,0,0,0,0,0,0,1728030.98759308,0,0,0,0,0,140736.811708104,0,0,0,0,0,0
2014-12-08,7282,0,0,0,0,0,0,1558512.66116183,0,0,0,0,56792.358149298,166266.827530614,0,0,0,0,0,0
2014-12-09,7283,0,0,0,0,0,0,1916216.6854403,0,0,0,0,0,165728.580910494,0,0,0,0,0,0
2014-12-10,7284,0,0,0,0,0,0,1501813.27288328,0,0,0,0,302430.989543244,165620.93158647,0,0,0,0,0,0
2014-12-11,7285,0,0,0,0,0,0,1271592.96058022,0,0,0,0,436637.891119074,164877.172620486,0,0,0,0,0,-203065.770318
2014-12-12,7286,0,0,0,0,0,0,1110715.93897745,0,0,0,0,555964.720224132,164703.46575672,0,0,0,0,0,-362093.180808
2014-12-13,7287,0,0,0,0,0,0,1376472.76108615,0,0,0,0,433281.189469962,165677.202824028,0,0,0,0,0,-357200.029716
2014-12-14,7288,0,0,0,0,0,0,1498353.81506123,0,0,0,0,404064.18429963,277265.513477088,0,0,0,0,0,-357200.029716
2014-12-15,7289,-127836.018854046,0,0,0,0,0,1334132.32468708,0,0,0,0,0,350975.941526976,0,0,0,0,0,-354753.45417
2014-12-16,7290,0,0,0,0,0,0,1233049.60942854,0,0,0,0,432133.745538888,326764.62992376,0,0,0,0,0,-548032.922304
2014-12-17,7291,0,0,0,0,0,0,1373854.92525193,42142.26377985,0,0,0,431801.011264632,325595.166812772,0,0,0,0,0,-680148.001788
2014-12-18,7292,0,0,0,0,0,0,1167535.20945775,0,0,0,0,431734.95372489,325739.514769986,0,0,0,0,0,-677701.426242
2014-12-19,7293,-134270.512540026,0,0,0,0,0,862187.901863676,0,0,0,0,431541.674256756,231627.093242004,0,0,0,0,0,-675254.850696
2014-12-20,7294,0,0,0,0,0,0,616962.741737004,0,0,0,0,429694.509719526,149223.982277178,0,0,0,0,0,-675254.850696
2014-12-21,7295,0,0,0,0,0,0,477047.979412356,0,0,0,0,374641.666783434,214765.294578972,0,0,0,0,0,-672808.27515
2014-12-22,7296,0,0,0,0,0,0,217608.215363424,0,0,0,0,168429.600313278,56851.075962402,0,0,0,0,0,-670361.699604
2014-12-23,7297,0,0,0,0,0,0,235304.296287642,0,0,0,0,36368.34549129,86038.722226182,0,0,0,0,0,-472189.080378
2014-12-24,7298,-393.898662906,0,0,0,0,0,0,0,0,0,0,0,0,0,0,0,0,0,-347413.727532
2014-12-25,7299,0,0,0,0,0,0,151668.111247632,0,0,0,0,65842.241093952,111744.891488004,0,0,0,0,0,-352306.878624
2014-12-26,7300,0,0,0,0,0,0,212103.420384924,0,0,0,0,57134.878725738,114651.423236652,0,0,0,0,0,-354753.45417
2014-12-27,7301,0,0,0,0,0,0,19374.431748774,0,0,0,0,60205.331035968,0,0,0,0,0,0,-354753.45417
2014-12-28,7302,0,0,0,0,0,0,0,0,0,0,0,0,0,0,0,0,0,0,-352306.878624
2014-12-29,7303,0,0,0,0,0,0,131579.279439426,0,0,0,0,0,101868.066008802,0,0,0,0,0,-352306.878624
2014-12-30,7304,0,0,0,0,0,0,0,0,0,0,0,0,0,0,0,0,0,0,-352306.878624
2014-12-31,7305,0,0,0,0,0,0,0,0,0,0,0,0,0,0,0,0,0,0,-352306.878624
2015-01-01,7306,0,0,0,0,0,0,37706.622314952,0,0,0,0,0,43199.184415722,0,0,0,0,0,-352306.878624
2015-01-02,7307,0,0,0,0,0,0,0,0,0,0,0,0,20612.39897505,0,0,0,0,0,-352306.878624
2015-01-03,7308,0,0,0,0,0,0,17497.908304992,0,0,0,0,0,0,0,0,0,0,0,-352306.878624
2015-01-04,7309,0,0,0,0,0,0,19946.930426538,0,0,0,0,0,0,0,0,0,0,0,-349860.303078
2015-01-05,7310,0,0,0,0,0,0,0,0,0,0,0,0,0,0,0,0,0,0,-352306.878624
2015-01-06,7311,0,0,0,0,0,0,76560.688560978,0,0,0,0,47908.842341772,0,0,-122.3287773,0,0,0,-137008.230576
2015-01-07,7312,0,0,0,0,0,0,0,0,0,0,0,0,0,0,0,0,0,0,0
2015-01-08,7313,0,0,0,0,0,0,0,0,0,0,0,0,0,0,0,0,0,0,0
2015-01-09,7314,0,0,0,0,0,0,0,0,0,0,0,0,210.405496956,0,0,0,0,0,0
2015-01-10,7315,0,0,0,0,0,0,0,0,0,0,0,0,0,0,0,0,0,0,0
2015-01-11,7316,0,0,0,0,0,0,39756.8526225,0,0,0,0,0,0,0,0,0,0,0,0
2015-01-12,7317,0,0,0,0,0,0,0,0,0,0,0,0,0,0,0,0,0,0,0
2015-01-13,7318,0,0,0,0,0,0,42313.52406807,0,0,0,0,0,0,0,0,0,0,0,0
2015-01-14,7319,-34599.471371532,0,0,0,0,0,67748.123444286,0,0,0,0,0,0,0,0,0,0,0,0
2015-01-15,7320,-72220.463542374,0,0,0,0,0,0,0,0,0,0,0,51656.996078244,0,0,0,0,0,0
2015-01-16,7321,0,0,0,0,0,0,0,0,0,0,0,0,124295.824038984,0,0,0,0,0,0
2015-01-17,7322,0,0,0,0,0,0,38032.01686257,0,0,0,0,0,0,0,0,0,0,0,0
2015-01-18,7323,0,0,0,0,0,0,0,0,0,0,0,0,0,0,0,0,0,0,0
2015-01-19,7324,0,0,0,0,0,0,0,0,0,0,0,0,0,0,0,0,0,0,0
2015-01-20,7325,0,0,0,0,0,0,37846.077121074,0,0,0,0,0,0,0,0,0,0,0,0
2015-01-21,7326,-124141.689779586,0,0,0,0,0,0,0,0,0,0,331234.523446302,0,0,0,0,0,0,0
2015-01-22,7327,0,0,0,2299.78101324,0,0,0,0,0,0,0,0,0,0,0,0,0,0,0
2015-01-23,7328,0,0,0,0,0,0,0,0,0,0,0,0,0,0,0,0,0,0,0
2015-01-24,7329,0,0,0,0,0,0,40625.38694133,0,0,0,0,0,0,0,0,0,0,0,0
2015-01-25,7330,0,0,0,0,0,0,0,0,0,0,0,0,0,0,0,0,0,0,0
2015-01-26,7331,0,0,0,0,0,0,14848.266988674,0,0,0,0,0,0,0,0,0,0,0,0
2015-01-27,7332,0,0,0,0,0,0,231502.317889158,0,0,0,0,0,0,0,0,0,0,0,0
2015-01-28,7333,0,0,0,0,0,0,115747.48908126,0,0,0,0,0,0,0,0,0,0,0,0
2015-01-29,7334,0,0,0,0,0,0,48995.121884196,-203.065770318,0,0,-433.043871642,0,0,0,0,0,0,0,0
2015-01-30,7335,-108126.40625547,0,0,0,0,0,34584.791918256,0,0,0,0,0,0,0,0,0,0,0,0
2015-01-31,7336,0,0,0,0,0,0,0,0,0,0,0,0,0,0,0,0,0,0,0
2015-02-01,7337,0,0,0,0,0,0,0,0,0,0,0,0,0,0,0,0,0,0,0
2015-02-02,7338,-137764.222419714,0,0,0,0,0,9037.650066924,0,0,0,0,0,0,0,0,0,0,0,0
2015-02-03,7339,0,0,0,0,0,0,0,0,0,0,-1428.800118864,78941.206567236,0,0,0,0,0,0,0
2015-02-04,7340,-174396.798069972,0,0,0,0,0,0,0,0,0,0,0,0,0,0,0,0,0,0
2015-02-05,7341,-111380.35173165,0,0,0,0,0,35764.041331428,0,0,0,0,0,0,0,0,0,0,0,0
2015-02-06,7342,-452068.443087696,0,0,0,0,0,0,0,0,0,0,0,0,0,0,0,0,0,0
2015-02-07,7343,-140323.34044083,0,0,0,0,0,0,0,0,0,0,0,0,0,0,0,0,0,0
2015-02-08,7344,0,0,0,0,0,0,160275.16401846,0,0,0,0,0,0,0,0,0,0,0,0
2015-02-09,7345,-227722.358670588,0,0,0,0,0,133693.12071117,0,0,0,0,97530.287565744,0,0,0,0,0,0,0
2015-02-10,7346,0,0,0,0,0,0,140462.795246952,0,0,0,0,95064.139415376,0,0,0,0,0,0,0
2015-02-11,7347,-211217.760037272,0,0,0,0,0,0,0,0,0,0,82415.343842556,51446.590581288,0,0,0,0,0,0
2015-02-12,7348,-257685.56938245,0,0,0,0,0,40622.940365784,0,0,0,0,442517.012156112,0,0,0,0,0,0,0
2015-02-13,7349,-205544.151346098,0,0,0,0,0,83655.757644378,0,0,0,0,434898.375905868,0,0,-494.208260292,0,0,0,0
2015-02-14,7350,0,0,0,0,0,0,227191.451777106,0,0,0,0,354618.89251497,0,0,0,0,0,0,0
2015-02-15,7351,0,0,0,0,0,0,75655.455608958,0,0,0,0,274738.20093807,0,0,0,0,0,0,0
2015-02-16,7352,0,0,0,0,0,0,0,0,0,0,0,65715.01916556,0,0,0,0,0,0,0
2015-02-17,7353,0,0,0,0,0,0,0,0,0,0,0,57181.363661112,0,0,0,0,0,0,0
2015-02-18,7354,0,11141.705036484,0,105829.071817776,0,0,29870.240841114,159.02741049,0,0,0,0,0,0,0,0,0,0,0
2015-02-19,7355,-183779.415288882,0,0,203190.545670846,0,0,9612.595320234,0,0,0,0,0,0,0,0,0,0,0,0
2015-02-20,7356,0,0,0,123990.002095734,0,0,0,0,0,0,0,0,0,0,0,0,0,0,0
2015-02-21,7357,-144697.817517078,0,0,0,0,0,0,0,0,0,0,0,0,0,0,0,0,0,0
2015-02-22,7358,0,0,0,0,0,0,37116.997608366,0,0,0,0,0,0,0,0,0,0,0,0
2015-02-23,7359,0,0,0,0,0,0,0,0,0,0,0,58446.243218394,0,0,-39.145208736,0,0,0,0
2015-02-24,7360,0,0,0,0,0,0,0,0,0,0,0,0,73.39726638,0,0,0,0,0,0
2015-02-25,7361,0,0,0,7.339726638,0,0,37584.293537652,0,0,0,0,0,0,0,0,0,0,0,0
2015-02-26,7362,0,0,0,0,0,0,0,0,0,0,0,0,0,0,0,0,0,0,0
2015-02-27,7363,0,0,0,0,0,0,0,0,0,0,0,0,0,0,0,0,0,0,0
2015-02-28,7364,0,0,0,0,0,0,41682.307577202,0,0,0,0,0,0,0,0,0,0,0,0
2015-03-01,7365,0,0,0,0,0,0,0,0,0,0,0,0,0,0,0,0,0,0,0
2015-03-02,7366,-285265.815512508,0,0,824.495959002,0,0,386923.476024354,0,0,0,0,42306.184341432,0,0,0,0,0,0,0
2015-03-03,7367,0,0,0,0,0,0,843777.420880026,0,0,0,0,1115821.94214195,0,0,0,0,0,0,0
2015-03-04,7368,-462422.350798368,0,0,0,0,0,497371.682472978,0,0,0,0,437643.43366848,0,0,0,0,0,0,0
2015-03-05,7369,-979569.703409664,0,0,0,0,0,73730.000654256,0,0,0,0,368645.110120188,0,0,0,0,0,0,0
2015-03-06,7370,-981695.777559138,0,0,0,0,0,0,0,0,0,0,330950.720682966,0,0,0,0,0,0,0
2015-03-07,7371,-984820.05453138,0,0,0,0,0,131515.66847523,0,0,0,0,14576.697103068,0,0,0,0,0,0,0
2015-03-08,7372,-982955.763965328,0,0,0,0,0,0,0,0,0,0,0,0,0,0,0,0,0,0
2015-03-09,7373,-983391.254412516,0,0,0,0,0,0,0,0,0,0,0,0,0,0,0,0,0,0
2015-03-10,7374,-978246.106039278,0,0,0,0,0,156049.928050518,0,0,0,0,79193.203848474,0,0,0,0,0,0,0
2015-03-11,7375,-977695.626541428,0,0,0,0,0,0,0,0,0,0,0,0,0,0,0,0,0,0
2015-03-12,7376,-975342.020866176,0,0,0,0,0,0,0,0,0,0,0,171.26028822,0,0,0,0,0,0
2015-03-13,7377,-970169.960161932,0,0,0,0,0,41432.75687151,0,0,0,0,0,0,0,0,0,0,0,0
2015-03-14,7378,-971258.686279902,0,0,0,0,0,0,0,0,0,0,0,0,0,0,0,0,0,0
2015-03-15,7379,-972075.842512266,0,0,0,0,0,0,0,0,0,0,0,0,0,0,0,0,0,0
2015-03-16,7380,-971718.64248255,0,0,0,0,0,37684.603135038,0,0,0,0,69651.559219074,0,0,0,0,0,0,0
2015-03-17,7381,-971459.305474674,0,0,0,0,0,0,62901.45728766,0,0,0,0,0,0,0,0,0,0,0
2015-03-18,7382,-971596.31370525,0,0,162861.194370582,0,0,0,0,0,0,0,0,0,0,0,0,0,0,0
2015-03-19,7383,-440214.784567326,0,0,211966.412154348,0,0,0,0,0,0,0,0,0,0,0,0,0,0,0
2015-03-20,7384,-658681.747947396,0,0,194730.287432778,0,0,37410.586673886,0,0,0,0,0,0,0,0,0,0,0,0
2015-03-21,7385,-657571.002649512,0,0,196699.780747308,0,0,0,0,0,0,0,0,0,0,0,0,0,0,0
2015-03-22,7386,-657385.062908016,0,0,196464.909494892,0,0,0,0,0,0,0,0,0,0,0,0,0,0,0
2015-03-23,7387,-315065.105662788,0,0,119275.451018592,0,0,38663.233353438,0,0,0,0,93031.03513665,0,0,0,0,0,0,0
2015-03-24,7388,-187865.196450702,0,0,117878.456381826,0,0,0,0,0,0,0,0,0,0,0,0,0,0,0
2015-03-25,7389,-117888.24268401,0,0,100238.646695166,0,0,0,0,0,0,0,0,0,0,0,0,0,0,0
2015-03-26,7390,0,0,0,0,0,0,0,0,0,0,0,0,0,0,0,0,0,0,0
2015-03-27,7391,0,0,0,0,0,0,37833.844243344,0,0,0,0,0,0,0,0,0,0,0,0
2015-03-28,7392,0,0,0,0,0,0,241474.559814654,0,0,0,0,58507.407607044,0,0,0,0,0,0,0
2015-03-29,7393,0,0,0,162951.717665784,0,0,44358.861224526,0,0,0,0,462263.323387878,0,0,0,0,0,0,0
2015-03-30,7394,0,0,0,214055.787670632,0,0,0,0,0,0,0,1036398.76019215,0,0,0,0,0,0,0
2015-03-31,7395,0,0,0,206720.954183724,0,0,127603.594177176,0,0,0,0,257228.059755348,0,0,0,0,0,0,0
2015-04-01,7396,-41437.650022602,0,0,194771.87921706,0,0,0,0,0,0,0,0,0,0,0,0,0,0,0
2015-04-02,7397,-168989.866113312,0,0,175360.748835096,0,0,1746.854939844,0,0,0,-1387.208334582,0,0,0,0,0,0,0,0
2015-04-03,7398,-83264.305557018,0,0,171152.638895976,0,0,0,0,0,0,0,0,0,0,0,0,0,0,0
2015-04-04,7399,-86420.388011358,0,0,187512.889572078,0,0,38298.693597084,0,0,0,0,0,0,0,0,0,0,0,0
2015-04-05,7400,-19244.763244836,0,0,183126.1796181,0,0,0,0,0,0,0,0,0,0,0,0,0,0,0
2015-04-06,7401,-123696.413030214,0,0,184731.133176276,0,0,0,0,0,0,0,0,0,0,0,0,0,0,0
2015-04-07,7402,-218197.84007001,0,0,180099.765667698,0,0,0,0,0,0,-200.619194772,0,0,0,0,0,0,0,0
2015-04-08,7403,-242597.537990268,0,0,179417.171090364,0,0,38000.211380472,0,0,0,0,0,0,0,0,0,0,0,0
2015-04-09,7404,-173224.888383438,235196.646963618,0,108378.403536708,0,0,0,0,0,0,0,0,0,0,0,0,0,0,0
2015-04-10,7405,-227788.41621033,539655.847634496,0,0,0,0,0,0,0,0,0,0,0,0,0,0,0,0,0
2015-04-11,7406,-376359.162816726,539005.05853926,0,0,0,0,0,0,0,0,0,0,0,0,0,0,0,0,0
2015-04-12,7407,-237653.008811802,534921.723952986,0,0,0,0,37046.046917532,0,0,0,0,0,0,0,0,0,0,0,0
2015-04-13,7408,-119578.826386296,526287.758851152,0,0,0,0,0,0,0,0,0,0,0,0,0,0,0,0,0
2015-04-14,7409,-266273.04954891,477603.352061298,0,0,0,0,0,0,0,0,0,0,0,0,0,0,0,0,0
2015-04-15,7410,-135926.844184668,498665.920936812,0,0,0,0,0,0,0,0,0,0,0,0,0,0,0,0,0
2015-04-16,7411,-215599.576840158,441313.29698748,0,0,0,0,0,0,0,0,0,0,0,0,0,0,0,0,0
2015-04-17,7412,-376251.513492702,520533.41316696,0,0,0,0,0,0,0,0,0,0,0,0,0,0,0,0,0
2015-04-18,7413,0,522999.561317328,0,0,0,0,0,0,0,0,0,0,0,0,0,0,0,0,0
2015-04-19,7414,-187314.716952852,523501.109304258,0,0,0,0,0,0,0,0,0,0,0,0,0,0,0,0,0
2015-04-20,7415,-142924.050246228,319128.867644694,0,0,0,0,0,0,0,0,0,0,0,0,0,0,0,0,0
2015-04-21,7416,0,0,0,0,0,0,0,0,0,0,0,0,0,0,0,0,0,0,0
2015-04-22,7417,-101234.402942388,0,0,0,0,0,38790.45528183,0,0,0,0,0,0,0,0,0,0,0,0
2015-04-23,7418,-77671.433858862,0,0,0,0,0,0,0,0,0,0,0,0,0,0,0,0,0,0
2015-04-24,7419,0,0,0,0,0,0,0,0,0,0,0,136567.84697772,0,0,0,0,0,0,0
2015-04-25,7420,0,0,0,0,0,0,53146.960585758,0,0,0,0,164820.901382928,0,0,0,0,0,0,0
2015-04-26,7421,0,0,0,0,0,0,50189.050750644,0,0,0,0,139445.019819816,0,0,0,0,0,0,0
2015-04-27,7422,0,0,0,0,0,0,86369.009924892,0,0,0,0,111392.58460938,0,0,0,0,0,0,0
2015-04-28,7423,0,0,0,0,0,0,59659.74468921,0,0,0,0,0,0,0,0,0,0,0,0
2015-04-29,7424,0,0,0,0,0,0,434269.605990546,0,0,0,0,144394.442149374,0,0,0,0,0,0,0
2015-04-30,7425,0,0,0,0,0,0,400607.173053132,0,0,0,0,0,0,0,0,0,0,0,-117435.626208
2015-05-01,7426,0,0,0,0,0,0,430947.156399078,0,0,0,0,0,0,0,0,0,0,0,-256890.43233
2015-05-02,7427,0,0,0,0,0,0,253081.114204878,0,0,0,0,0,0,0,0,0,0,0,-254443.856784
2015-05-03,7428,0,0,0,0,0,0,228461.22448548,0,0,0,0,0,0,0,0,0,0,0,-251997.281238
2015-05-04,7429,0,0,0,0,0,0,72345.23889522,0,0,0,0,0,0,0,0,0,0,0,-249550.705692
2015-05-05,7430,0,0,0,0,0,0,171235.82246454,0,0,0,0,44955.82565775,0,0,0,0,0,0,-247104.130146
2015-05-06,7431,0,0,0,0,0,0,539592.2366703,0,0,0,0,101197.704309198,0,0,0,0,0,0,-249550.705692
2015-05-07,7432,0,0,0,0,0,0,511669.469963802,0,0,0,0,134806.3125846,0,0,0,0,0,0,-249550.705692
2015-05-08,7433,0,0,0,0,0,0,178394.502512136,0,0,0,0,75092.743233378,0,0,0,0,0,0,-247104.130146
2015-05-09,7434,0,0,0,0,0,0,0,0,0,0,0,52828.905764778,0,0,0,0,0,0,-247104.130146
2015-05-10,7435,0,0,0,0,0,0,0,0,0,0,0,51710.820740256,0,0,0,0,0,0,-247104.130146
2015-05-11,7436,0,0,0,0,0,0,67408.049443392,0,0,0,0,174895.899481356,0,0,0,0,0,0,-244657.5546
2015-05-12,7437,0,0,0,0,0,0,191258.596733004,0,0,0,0,157867.733681196,0,0,0,0,0,0,-105202.748478
2015-05-13,7438,0,0,0,0,0,0,166509.038509668,0,0,0,0,0,0,0,0,0,0,0,0
2015-05-14,7439,0,0,0,0,0,0,111744.891488004,0,0,0,0,0,0,0,0,0,0,0,0
2015-05-15,7440,0,0,0,0,0,0,216795.952282152,0,0,0,2177.45223594,0,0,0,-9544.091204946,0,0,0,0
2015-05-16,7441,0,0,0,0,0,0,0,0,0,0,0,0,0,0,0,0,0,0,0
2015-05-17,7442,0,0,0,0,0,0,0,0,0,0,0,0,0,0,0,0,0,0,0
2015-05-18,7443,-123092.108870352,0,0,0,0,0,14752.85054238,0,0,0,0,0,0,0,0,0,0,0,0
2015-05-19,7444,-50871.645327978,0,0,0,0,0,26902.544703816,0,0,0,0,140203.458239076,0,0,0,0,0,0,0
2015-05-20,7445,0,0,0,0,0,0,0,0,0,0,0,428.15072055,633.663066414,0,0,0,0,0,0
2015-05-21,7446,0,0,0,0,0,0,0,0,0,0,0,0,0,0,-266.676734514,0,0,0,0
2015-05-22,7447,0,0,0,0,0,0,257913.100908228,0,0,0,0,0,0,0,0,0,0,0,0
2015-05-23,7448,0,0,0,0,0,0,520188.446014974,0,0,0,0,0,0,0,0,0,0,0,0
2015-05-24,7449,0,0,0,0,0,0,203858.460794904,0,0,0,0,0,0,0,0,0,0,0,0
2015-05-25,7450,0,212626.987551768,0,0,0,0,0,0,0,0,0,0,0,0,0,0,0,0,0
2015-05-26,7451,0,238479.95134635,0,0,0,0,0,0,0,0,0,9769.176155178,0,0,0,0,0,0,0
2015-05-27,7452,-304659.81986565,107482.956886872,0,0,0,0,0,0,0,0,0,0,0,0,0,0,0,0,0
2015-05-28,7453,-23389.26221976,0,0,0,0,0,77157.652994202,0,0,0,0,46766.29156179,0,0,0,0,0,0,0
2015-05-29,7454,-178807.97377941,0,0,0,0,0,88825.371773076,0,0,0,0,0,0,0,0,0,0,0,0
2015-05-30,7455,0,0,0,0,0,0,169953.816878436,0,0,0,0,0,0,0,0,0,0,0,0
2015-05-31,7456,0,0,0,0,0,0,170609.499124764,0,0,0,0,0,0,0,0,0,0,0,0
2015-06-01,7457,0,159744.257124978,0,0,0,0,73898.81436693,0,0,0,0,0,0,0,0,0,0,0,0
2015-06-02,7458,-204905.595128592,139056.014308002,0,0,0,0,91186.317174966,0,0,0,0,0,0,0,0,0,0,0,0
2015-06-03,7459,-55559.284074114,0,0,0,0,0,97623.257436492,0,0,0,0,0,0,0,-107.649324024,0,0,0,0
2015-06-04,7460,-108534.984371652,0,0,0,0,0,41334.89384967,0,0,0,0,0,0,0,0,0,0,0,0
2015-06-05,7461,-160872.128451684,0,0,0,0,0,42861.556990374,0,0,0,0,0,0,0,0,0,0,0,0
2015-06-06,7462,-23871.237602322,0,0,0,0,0,78407.853098208,0,0,0,0,0,0,0,0,0,0,0,0
2015-06-07,7463,-210544.951762122,0,0,0,0,0,72844.340306604,0,0,0,0,0,0,0,0,0,0,0,0
2015-06-08,7464,-23203.322478264,0,0,0,0,0,54786.166201578,0,0,0,0,0,0,0,0,0,0,0,0
2015-06-09,7465,-231954.934365168,0,0,0,0,0,91670.739133074,0,0,0,0,0,2429.449517178,0,0,0,0,0,0
2015-06-10,7466,-133707.800164446,0,0,0,0,0,285811.401859266,0,0,0,0,0,0,0,0,0,0,0,0
2015-06-11,7467,0,0,0,0,0,0,450260.423759202,0,0,0,0,0,0,0,0,0,0,0,0
2015-06-12,7468,-194001.20792007,0,0,0,0,0,589524.396988614,0,0,0,0,0,0,0,0,0,0,0,0
2015-06-13,7469,0,0,0,0,0,0,343721.845033086,0,0,0,0,0,0,0,0,0,0,0,0
2015-06-14,7470,-107615.071966356,0,0,0,0,0,242732.099645298,0,0,0,0,0,0,0,0,0,0,0,0
2015-06-15,7471,-57487.185604362,0,0,0,0,0,130688.725940682,0,0,0,0,439033.088578608,0,0,0,0,0,0,0
2015-06-16,7472,-196601.917725468,0,0,0,0,0,52156.097489628,0,0,0,0,727215.222141948,0,0,0,0,0,0,0
2015-06-17,7473,-41863.354167606,0,0,0,0,0,137365.430605716,0,0,0,0,537811.129672812,0,0,0,0,0,0,0
2015-06-18,7474,-232395.317963448,0,0,0,0,0,298631.457720306,0,0,0,0,0,0,0,0,0,0,0,0
2015-06-19,7475,-222024.284223954,0,0,0,0,0,252701.894995248,0,0,0,0,0,0,0,0,0,0,0,0
2015-06-20,7476,-49802.491814376,0,0,0,0,0,0,0,0,0,0,0,0,0,0,0,0,0,0
2015-06-21,7477,-249049.15770507,0,0,0,0,0,0,0,0,0,0,0,0,0,0,0,0,0,0
2015-06-22,7478,-274016.461152,0,0,0,0,0,36165.279720972,0,0,0,0,0,0,0,0,0,0,0,0
2015-06-23,7479,-261729.758759988,0,0,0,0,0,0,0,0,0,0,0,0,0,0,0,0,0,0
2015-06-24,7480,-323432.394030108,0,0,0,0,0,0,0,0,0,0,0,0,0,0,0,0,0,0
2015-06-25,7481,-222611.462354994,0,0,0,0,0,1876.523443782,0,0,0,0,0,0,0,0,0,0,0,0
2015-06-26,7482,-142442.074863666,0,0,0,0,0,18897.349517304,0,0,0,0,0,0,0,0,0,0,0,0
2015-06-27,7483,-139281.099258234,0,0,0,0,0,0,0,0,0,0,0,0,0,0,0,0,0,0
2015-06-28,7484,-192675.163974138,0,0,0,0,0,8729.381548128,0,0,0,0,0,0,0,0,0,0,0,0
2015-06-29,7485,-265658.959086864,0,0,0,0,0,29412.731214012,0,0,0,0,99404.36443398,0,0,0,0,0,0,0
2015-06-30,7486,0,0,0,0,0,0,8391.75412278,0,0,0,0,0,0,0,0,0,0,0,0
2015-07-01,7487,0,0,0,0,0,0,83071.026088884,0,0,0,0,0,0,0,0,0,0,0,0
2015-07-02,7488,-167120.682396168,0,0,0,0,0,0,0,0,0,0,0,0,0,0,0,0,0,0
2015-07-03,7489,0,0,0,0,0,0,133653.975502434,0,0,0,0,0,0,0,0,0,0,0,0
2015-07-04,7490,0,0,0,0,0,0,0,0,0,0,0,0,0,0,0,0,0,0,0
2015-07-05,7491,0,0,0,0,0,0,38350.07168355,0,0,0,0,0,0,0,0,0,0,0,0
2015-07-06,7492,0,0,0,0,0,0,39304.23614649,0,0,0,0,6084.633382902,0,0,0,0,0,0,0
2015-07-07,7493,0,0,0,0,0,0,67640.474120262,0,0,0,0,0,0,0,0,0,0,0,0
2015-07-08,7494,-46438.450438626,0,0,0,0,0,92091.550126986,0,0,0,0,0,0,0,0,0,0,0,0
2015-07-09,7495,-91435.867880658,0,0,0,0,0,61528.928406354,0,0,0,0,0,0,0,0,0,0,0,0
2015-07-10,7496,-124569.840500136,0,0,0,0,0,0,0,0,0,0,0,0,0,0,0,0,0,0
2015-07-11,7497,-151704.809880822,0,0,0,0,0,0,0,0,0,0,0,0,0,0,0,0,0,0
2015-07-12,7498,-136443.071624874,0,0,0,0,0,0,0,0,0,0,0,0,0,0,0,0,0,0
2015-07-13,7499,-152658.974343762,0,0,0,0,0,0,0,0,0,0,0,0,0,0,0,0,0,0
2015-07-14,7500,-162320.501174916,0,0,0,0,0,1519.323414066,0,0,0,0,0,0,0,0,0,0,0,0
2015-07-15,7501,-141615.132329118,0,0,0,0,0,37053.38664417,0,0,0,0,70923.778502994,0,0,0,0,0,0,0
2015-07-16,7502,-27903.19410213,0,0,0,0,0,9783.855608454,0,0,0,0,0,0,0,0,0,0,0,0
2015-07-17,7503,-59853.024157344,0,0,0,0,0,321954.662400324,0,0,0,0,0,0,0,0,0,0,0,0
2015-07-18,7504,0,0,0,0,0,0,138574.03892544,0,0,0,0,0,0,0,0,0,0,0,0
2015-07-19,7505,0,0,0,0,0,0,63195.04635318,0,0,0,0,0,0,0,0,0,0,0,0
2015-07-20,7506,0,0,0,0,0,0,361413.032806212,0,0,0,0,0,0,0,0,0,0,0,0
2015-07-21,7507,-133264.96999062,0,0,0,0,0,561797.356325796,0,0,0,0,0,0,0,0,0,0,0,0
2015-07-22,7508,-85.63014411,0,0,0,0,0,529255.45498845,0,0,0,0,0,0,0,0,0,0,0,0
2015-07-23,7509,0,0,0,0,0,0,422643.478995954,0,0,0,0,0,0,0,0,0,0,0,0
2015-07-24,7510,0,0,0,0,0,0,331298.134410498,0,0,0,0,0,0,0,0,0,0,0,0
2015-07-25,7511,0,0,0,0,0,0,386576.062296822,0,0,0,0,0,0,0,0,0,0,0,0
2015-07-26,7512,0,0,0,0,0,0,550332.70331724,0,0,0,0,0,0,0,0,0,0,0,0
2015-07-27,7513,0,0,0,0,0,0,346574.552119722,0,0,0,0,159186.43790049,0,0,0,0,0,0,0
2015-07-28,7514,0,0,0,0,0,0,172713.554094324,0,0,0,0,263505.972606384,0,0,0,0,0,0,0
2015-07-29,7515,0,0,0,0,0,0,497244.460544586,0,0,0,0,0,0,0,0,0,0,0,0
2015-07-30,7516,0,0,0,0,0,0,650652.087005424,0,0,0,0,26496.41316318,0,0,0,0,0,0,0
2015-07-31,7517,0,0,0,0,0,0,403738.789752012,0,0,0,0,0,0,0,0,0,0,0,0
2015-08-01,7518,0,0,0,0,0,0,340061.76801627,0,0,0,0,29919.172352034,0,0,0,0,0,0,0
2015-08-02,7519,0,0,0,0,0,0,568302.80070261,0,0,0,0,18023.922047382,0,0,0,0,0,0,0
2015-08-03,7520,0,0,0,0,0,0,567857.523953238,0,0,0,0,338738.170645884,0,0,0,0,0,0,0
2015-08-04,7521,0,0,0,0,0,0,895647.269030772,0,0,0,0,53856.467494098,0,0,0,0,0,0,0
2015-08-05,7522,0,0,0,0,0,0,846732.884139594,0,0,0,0,0,0,0,0,0,0,0,0
2015-08-06,7523,0,0,0,0,0,0,711936.357857178,0,0,0,0,0,0,0,0,0,0,0,0
2015-08-07,7524,0,0,0,0,0,0,531587.041483788,0,0,0,0,62776.681934814,0,0,0,0,0,0,0
2015-08-08,7525,0,0,0,0,0,0,391948.742195838,0,0,0,0,0,0,0,0,0,0,0,0
2015-08-09,7526,0,0,0,0,0,0,121499.388189906,0,0,0,0,0,0,0,0,0,0,0,0
2015-08-10,7527,0,0,0,0,0,0,200719.504369386,0,0,0,0,115850.245254192,0,0,0,0,0,0,0
2015-08-11,7528,0,0,0,0,0,0,168476.085248652,0,0,0,0,0,391.45208736,0,0,0,0,0,0
2015-08-12,7529,0,0,0,0,0,0,54932.960734338,0,0,0,0,38616.748418064,0,0,0,0,0,0,0
2015-08-13,7530,0,0,0,0,0,0,437019.55690425,0,0,0,0,0,0,0,0,0,0,0,0
2015-08-14,7531,0,0,0,0,0,0,624309.808101642,0,0,0,0,280879.10555853,0,0,0,0,0,0,0
2015-08-15,7532,0,0,0,0,0,0,499661.677184034,0,0,0,0,402647.617058496,0,0,0,0,0,0,0
2015-08-16,7533,0,0,0,0,0,0,340678.305053862,0,0,0,0,86471.766097824,0,0,0,0,0,0,0
2015-08-17,7534,-484.421958108,0,0,0,0,0,186901.245685578,0,0,0,0,67995.227574432,0,0,0,0,0,0,0
2015-08-18,7535,0,0,0,0,0,0,448638.344172204,626.323339776,0,0,0,125475.073452156,0,0,0,0,0,0,0
2015-08-19,7536,0,0,0,0,0,0,947274.906202464,0,0,0,0,301366.729180734,0,0,0,0,0,0,0
2015-08-20,7537,0,0,0,0,0,0,767605.737830862,0,0,0,0,115453.90001574,42626.685737958,0,0,0,0,0,0
2015-08-21,7538,0,0,0,0,0,0,765283.937637708,0,0,0,0,148673.502779328,121834.569039708,0,0,0,0,0,0
2015-08-22,7539,0,0,0,0,0,0,761892.983930952,0,0,0,0,131344.40818701,106939.81711566,0,0,0,0,0,0
2015-08-23,7540,0,0,0,0,0,0,644677.549522092,0,0,0,0,162220.19157753,131530.347928506,0,0,0,0,0,0
2015-08-24,7541,0,0,0,0,0,0,350944.136044878,0,0,0,0,197722.449325536,0,0,0,0,0,0,0
2015-08-25,7542,0,0,0,0,0,0,618819.692576418,0,0,0,0,116806.856292678,99949.950780738,0,0,0,0,0,0
2015-08-26,7543,0,0,0,0,0,0,1177827.95277977,0,0,0,0,207347.2775235,97679.52867405,0,0,0,0,0,0
2015-08-27,7544,0,0,0,0,0,0,1429164.65862035,0,0,0,0,573235.097003346,38425.915525476,0,0,0,0,0,0
2015-08-28,7545,0,0,0,0,0,0,1292193.12667754,0,0,0,0,1051799.95325422,153485.91687831,0,0,0,0,0,0
2015-08-29,7546,-59696.4433224,0,0,0,0,0,1499995.4672526,0,0,0,0,1863331.50843797,163012.882054434,0,0,0,0,0,0
2015-08-30,7547,0,0,0,0,0,0,1401016.80696362,0,0,0,0,2813720.90531049,172145.948567652,0,0,0,0,0,0
2015-08-31,7548,0,0,0,0,0,0,1744841.40816964,0,0,0,0,2939969.09663518,253780.834811034,0,0,0,0,0,0
2015-09-01,7549,0,0,0,0,0,0,1351588.64120779,0,0,0,0,3693475.21959445,419685.56916084,0,0,0,0,0,0
2015-09-02,7550,0,0,0,0,0,0,1124602.70177654,0,0,0,0,3446593.72782313,342515.683288908,0,0,0,0,0,-379219.20963
2015-09-03,7551,0,56.271237558,0,29.358906552,0,0,1117170.0052678,0,0,0,0,2979380.9821057,304831.08015387,0,0,0,0,0,-626323.339776
2015-09-04,7552,0,0,0,0,0,0,1042091.94148769,0,0,0,0,1761460.99585362,216536.615274276,0,0,0,0,0,-621430.188684
2015-09-05,7553,0,0,0,0,0,0,1159733.08004156,0,0,0,0,1219201.99183818,226234.84073862,0,0,0,0,0,-621430.188684
2015-09-06,7554,0,0,0,0,0,0,1203962.27276215,0,0,0,0,769000.285892082,171468.24714141,0,0,0,0,0,-626323.339776
2015-09-07,7555,0,0,0,0,0,0,1313475.8873522,0,0,0,0,366729.44146767,179835.53550873,0,0,0,0,0,-628769.915322
2015-09-08,7556,0,0,0,0,0,0,1628186.23956082,0,0,0,0,850485.931027158,168649.792112418,0,0,0,0,0,-628769.915322
2015-09-09,7557,0,0,0,0,0,0,1628247.40394947,0,0,0,0,808370.579578314,125416.355639052,0,0,0,0,0,-626323.339776
2015-09-10,7558,-1558.468622802,0,0,0,0,0,1536706.33332033,0,0,0,0,699104.069118408,103903.616863074,0,0,0,-978630.2184,0,-244657.5546
2015-09-11,7559,-31680.706745154,0,0,0,0,0,1317224.04108867,0,0,0,0,490719.443563404,135033.844110378,0,0,0,-1556022.047256,0,0
2015-09-12,7560,-21231.382588188,0,0,0,0,0,1093709.7923572,0,0,0,0,700297.997984856,68247.22485567,0,0,0,-1573833.11723088,0,0
2015-09-13,7561,-54744.574417296,0,0,0,0,0,899077.367946264,0,0,0,0,353569.311605736,136832.077136688,0,0,0,-1570848.29506476,0,0
2015-09-14,7562,-19053.930352248,0,0,0,0,0,609760.02332958,0,0,0,0,641095.762922748,26582.04330729,0,0,0,-1568254.924986,0,0
2015-09-15,7563,-47556.535463148,0,0,0,0,0,404445.850084806,-31.805482098,0,0,0,509430.853339212,150985.516670298,0,0,0,-689934.303972,0,0
2015-09-16,7564,-23132.37178743,0,0,0,0,0,421586.558360082,0,0,0,0,676426.760382534,97151.068356114,0,0,0,-320501.396526,0,0
2015-09-17,7565,0,0,0,0,0,0,1289602.20317433,0,0,0,0,1211568.67613466,215548.198753692,0,0,0,-330287.69871,0,0
2015-09-18,7566,0,0,0,0,0,0,2196014.4046075,0,0,0,0,2308569.11260123,167680.948196202,0,0,0,-335180.849802,0,0
2015-09-19,7567,0,0,0,0,0,0,3778508.39927122,0,0,0,0,2830029.77790013,166249.701501792,0,0,0,-340074.000894,0,0
2015-09-20,7568,0,0,0,0,0,0,4718526.76240425,0,0,0,0,3452915.679034,107588.15963535,0,0,0,-347413.727532,0,0
2015-09-21,7569,0,0,0,0,0,0,4024885.89648006,0,0,0,0,3089706.85977702,98709.536978916,0,0,0,-352306.878624,0,0
2015-09-22,7570,0,0,0,0,0,0,3117487.72510185,0,0,0,0,2230748.43763406,128863.580583366,0,0,0,-352306.878624,0,0
2015-09-23,7571,0,0,0,0,0,0,2438019.87131564,0,0,0,0,1632675.70568773,164086.928719128,0,0,0,-354753.45417,0,0
2015-09-24,7572,0,0,0,0,0,0,1819674.81439514,0,0,0,0,1155794.0934125,100808.698797384,0,0,0,-352306.878624,0,0
2015-09-25,7573,0,0,0,0,0,0,1346174.36952449,0,0,0,0,606229.614816702,24203.971876578,0,0,0,-352306.878624,0,0
2015-09-26,7574,0,0,0,0,0,0,1429076.5819007,0,0,0,0,838292.198505894,146735.814946896,0,0,0,-347413.727532,0,0
2015-09-27,7575,0,0,0,0,0,0,1297465.49697917,0,0,0,0,800309.113154244,0,0,0,0,-349860.303078,0,0
2015-09-28,7576,0,0,0,0,0,0,1377581.05980849,0,0,0,0,789262.824564054,95416.446294,0,0,0,-347413.727532,0,0
2015-09-29,7577,0,0,0,0,0,0,1696890.97404359,0,0,0,0,789600.451989402,71440.0059432,0,0,0,-347413.727532,0,0
2015-09-30,7578,0,0,0,0,0,0,1404784.53330446,0,0,0,0,1008867.44557301,147831.880791504,0,0,0,-347413.727532,0,0
2015-10-01,7579,0,0,0,0,0,0,1413731.66007619,0,0,0,0,881163.541798452,163299.131393316,0,0,0,-347413.727532,0,0
2015-10-02,7580,0,0,0,0,0,0,1378532.77769588,0,0,0,0,817638.207746562,72049.203254154,0,0,0,-349860.303078,0,0
2015-10-03,7581,0,0,0,0,0,0,1277012.12541461,0,0,0,0,624977.7232257,63290.462799474,0,0,0,-349860.303078,0,0
2015-10-04,7582,0,0,0,0,0,0,1100452.55456198,0,0,0,0,513597.37149405,140890.945967502,0,0,0,-347413.727532,0,0
2015-10-05,7583,0,0,0,0,0,0,1116416.45999963,0,0,0,0,657827.893081842,110338.110549054,0,0,0,-349860.303078,0,0
2015-10-06,7584,0,0,0,0,0,0,1164381.57357896,0,0,0,0,812456.360740134,13962.606641022,0,-51.378086466,0,-107649.324024,0,0
2015-10-07,7585,0,0,0,0,0,0,912880.947176796,0,0,0,0,873892.31927574,0,0,0,0,0,0,0
2015-10-08,7586,0,0,0,0,0,0,1733670.34422661,0,0,0,0,877593.988076838,0,0,0,0,0,0,0
2015-10-09,7587,0,0,0,0,0,0,1291958.25542513,0,0,0,0,893071.024980834,176522.872219446,0,0,0,0,0,0
2015-10-10,7588,0,0,0,0,0,0,1166537.00663498,0,0,0,0,1112235.26239151,192413.380390716,0,0,0,0,0,0
2015-10-11,7589,0,0,0,0,0,0,1143595.46774014,0,0,0,0,1073339.60436121,164965.249340142,0,0,0,0,0,0
2015-10-12,7590,0,0,0,0,0,0,911141.43196359,0,0,0,141.901381668,986537.550564672,104818.636117278,0,0,0,0,0,0
2015-10-13,7591,0,0,0,0,0,0,969113.03952606,0,0,0,0,937584.020464758,44300.143411422,0,0,0,0,0,0
2015-10-14,7592,0,0,0,0,0,0,1425854.44190662,0,0,0,0,903593.74640418,164874.72604494,0,0,0,0,0,0
2015-10-15,7593,0,0,0,0,0,0,1167855.71085428,0,0,0,0,879783.673190508,86552.503090842,0,0,0,0,0,0
2015-10-16,7594,0,0,0,0,0,0,1346697.93669133,0,0,0,0,840207.867158412,56877.988293408,0,0,0,0,0,0
2015-10-17,7595,0,0,0,0,0,0,1311369.38580709,0,0,0,0,843748.061973474,102061.345476936,0,0,0,0,0,0
2015-10-18,7596,0,0,0,0,0,0,1299980.57664046,0,0,0,0,750247.284331992,0,0,0,0,0,0,0
2015-10-19,7597,0,0,0,0,0,0,1203847.28371148,0,0,0,0,831060.121191918,150173.253589026,0,0,0,0,0,0
2015-10-20,7598,0,0,0,0,0,0,1162008.39529934,0,0,0,0,818181.347517774,0,0,0,0,0,0,0
2015-10-21,7599,0,0,0,0,0,0,1163094.67484176,0,0,0,0,732375.049968462,0,0,0,0,0,0,0
2015-10-22,7600,0,0,0,0,0,0,983310.517419498,0,0,0,0,765276.59791107,6434.49368598,0,0,0,0,0,0
2015-10-23,7601,0,0,0,0,0,0,388951.687151988,0,0,0,0,702996.570812094,136501.789437978,0,0,0,0,0,0
2015-10-24,7602,0,0,0,0,0,0,200854.066024416,0,0,0,0,506820.35723163,0,0,0,0,0,0,0
2015-10-25,7603,0,0,0,0,0,0,149769.568623936,0,0,0,0,214623.393197304,0,0,0,0,0,0,0
2015-10-26,7604,0,0,0,0,0,0,160522.268148606,0,0,0,0,343462.50802521,0,0,0,0,0,0,0
2015-10-27,7605,0,0,0,0,0,0,233540.315318976,0,0,0,0,197886.369887118,0,0,0,0,0,0,0
2015-10-28,7606,0,0,0,0,0,0,310967.091623238,0,0,0,0,177496.609286754,0,0,0,0,0,0,0
2015-10-29,7607,0,0,0,0,0,0,334493.362073574,0,0,0,0,0,0,0,0,0,0,0,0
2015-10-30,7608,0,0,0,0,0,0,338067.80894628,0,0,0,0,0,0,0,0,0,0,0,0
2015-10-31,7609,0,0,0,0,0,0,50470.406938434,0,0,0,0,0,30168.723057726,0,0,0,0,0,0
2015-11-01,7610,0,0,0,0,0,0,41330.000698578,0,0,0,0,0,103113.372961716,0,0,0,0,0,0
2015-11-02,7611,0,0,0,0,0,0,150283.349488596,0,0,0,0,51794.00430882,0,0,0,0,0,0,0
2015-11-03,7612,0,0,0,0,0,0,126830.47630464,0,0,0,0,4734.12368151,0,0,0,0,0,0,0
2015-11-04,7613,0,0,0,0,0,0,290963.889959142,0,0,0,0,0,92.969870748,0,0,0,0,0,0
2015-11-05,7614,0,0,0,0,0,0,80920.48618395,0,0,0,0,0,0,0,0,0,0,0,0
2015-11-06,7615,0,0,0,0,0,0,162880.76697495,0,0,0,0,0,0,0,0,0,0,0,0
2015-11-07,7616,0,0,0,0,0,0,128379.158625258,0,0,0,0,51404.998797006,0,0,0,0,0,0,0
2015-11-08,7617,0,0,0,0,0,0,73514.702006208,0,0,0,0,0,0,0,0,0,0,0,0
2015-11-09,7618,0,0,0,0,0,0,39340.93477968,0,0,0,0,0,0,0,0,0,0,0,0
2015-11-10,7619,0,0,0,0,0,0,186524.473051494,0,0,0,0,0,0,0,0,0,0,0,0
2015-11-11,7620,0,0,0,0,0,0,237139.227947142,0,0,0,0,54624.692215542,82858.174016382,0,0,0,0,0,0
2015-11-12,7621,0,0,0,0,0,0,39600.271787556,0,0,0,0,0,69255.213980622,0,0,0,0,0,0
2015-11-13,7622,0,0,0,0,0,0,347653.491935508,0,0,0,0,0,0,0,0,0,0,0,0
2015-11-14,7623,0,0,0,0,0,0,275369.417428938,0,0,0,0,0,0,0,0,0,0,0,0
2015-11-15,7624,0,0,0,0,0,0,224089.193984778,0,0,0,0,0,0,0,0,0,0,0,0
2015-11-16,7625,0,0,0,0,0,0,170822.351197266,0,0,0,0,75207.73228404,344.967151986,0,0,0,0,0,0
2015-11-17,7626,0,0,0,0,0,0,152451.015422352,0,0,0,0,0,34411.08505449,0,0,0,0,0,0
2015-11-18,7627,0,0,0,0,0,0,72215.570391282,0,0,0,0,0,181215.404116674,0,0,0,0,0,0
2015-11-19,7628,0,0,0,0,0,0,316611.34140786,0,0,0,0,64787.767033626,108322.13229915,0,0,0,0,0,0
2015-11-20,7629,0,0,0,0,0,0,349955.719524294,0,0,0,0,919425.536762346,0,0,0,0,0,0,0
2015-11-21,7630,0,0,0,0,0,0,414087.804311592,0,0,0,0,893278.983902244,0,0,0,0,0,0,0
2015-11-22,7631,0,0,0,0,0,0,575189.9108646,0,0,0,0,1241045.01831287,179559.072472032,0,0,0,0,0,0
2015-11-23,7632,0,0,0,0,0,0,907513.160428872,0,0,0,0,1960580.43981592,165398.293211784,0,0,0,0,0,0
2015-11-24,7633,0,0,0,0,0,0,587672.339300292,0,0,0,0,1594912.81213522,165026.413728792,0,-156.580834944,0,0,0,0
2015-11-25,7634,0,0,0,0,0,0,455571.939269568,0,0,0,0,512655.43990884,164118.734201226,0,0,0,0,0,0
2015-11-26,7635,0,0,0,0,0,0,193697.832552366,0,0,0,0,214408.094549256,122700.656782992,0,0,0,0,0,0
2015-11-27,7636,0,0,0,0,0,0,163631.865667572,0,0,0,0,210102.121588296,0,0,0,0,0,0,0
2015-11-28,7637,0,0,0,0,0,0,116178.086377356,0,0,0,0,135616.129090326,94073.276319246,0,0,0,0,0,0
2015-11-29,7638,0,0,0,0,0,0,80225.658728886,0,0,0,0,38880.978577032,112420.1463387,0,0,0,0,0,0
2015-11-30,7639,0,0,0,0,0,0,91413.848700744,0,0,0,0,0,0,0,0,0,0,0,0
2015-12-01,7640,0,0,0,0,0,0,81559.042401456,0,0,0,0,0,0,0,0,0,0,0,0
2015-12-02,7641,0,0,0,0,0,0,339503.948791782,0,0,0,0,0,0,0,0,0,0,0,0
2015-12-03,7642,0,0,0,0,0,0,496461.556369866,0,0,0,0,194669.123044128,159563.210534574,0,0,0,0,0,0
2015-12-04,7643,0,0,0,0,0,0,503948.077540626,0,0,0,0,166898.044021482,116826.428897046,0,0,0,0,0,0
2015-12-05,7644,0,0,0,0,0,0,580523.44555488,0,0,0,0,1186527.97542135,187887.215630616,0,0,0,0,-2749950.913704,0
2015-12-06,7645,0,0,0,0,0,0,2061528.59341943,0,0,0,0,2676734.6939144,179901.593048472,0,0,0,0,-6414921.081612,0
2015-12-07,7646,0,0,0,0,0,0,2329257.35541821,0,0,0,0,3639246.87261736,159455.56121055,0,0,0,0,-6219195.037932,0
2015-12-08,7647,0,0,0,0,0,0,1283635.00541764,0,0,0,0,3113355.45900466,123001.58557515,0,0,0,0,-6089526.533994,0
2015-12-09,7648,0,0,0,0,0,0,695796.298980216,0,0,0,0,1587343.10739589,105021.701887596,0,0,0,0,-5984323.785516,0
2015-12-10,7649,0,0,0,0,0,0,827255.696217888,0,0,0,0,670956.217461678,0,0,0,0,0,-4861345.609902,0
2015-12-11,7650,0,0,0,0,0,0,1048504.41599376,0,0,0,0,852093.33116088,151673.004398724,0,0,0,0,-1935241.256886,0
2015-12-12,7651,0,0,0,0,0,0,934134.348944898,0,0,0,0,647982.873084738,160495.3558176,0,0,0,0,-1734622.062114,0
2015-12-13,7652,0,0,0,0,0,0,824185.243907658,0,0,0,0,635561.609037696,21713.35797075,0,0,0,0,-1739515.213206,0
2015-12-14,7653,0,0,0,0,0,0,645741.809884602,0,0,0,0,348458.415290142,0,0,0,0,0,-1737068.63766,0
2015-12-15,7654,0,0,0,0,0,0,640048.62858906,0,0,0,0,230734.093167714,0,0,0,0,0,-1737068.63766,0
2015-12-16,7655,0,0,0,0,0,0,242428.724277594,0,0,0,0,135701.759234436,0,0,0,0,0,-1741961.788752,0
2015-12-17,7656,0,0,0,0,0,0,180598.867079082,0,0,0,0,0,0,0,0,0,0,-1741961.788752,0
2015-12-18,7657,-216289.51114413,0,0,0,0,0,218373.993509322,0,0,0,0,0,63305.14225275,0,0,0,0,-1756641.242028,0
2015-12-19,7658,-637301.124250902,0,0,0,0,0,129739.454628834,0,0,0,0,97535.180716836,164593.36985715,0,0,0,0,-1761534.39312,0
2015-12-20,7659,-830693.134860018,0,0,0,0,0,110286.732462588,0,0,0,0,177709.461359256,162841.621766214,0,0,0,0,-1746854.939844,0
2015-12-21,7660,-654155.583187296,0,0,0,0,0,59576.561120646,-183.49316595,0,0,0,0,40728.143114262,0,0,0,0,-1737068.63766,0
2015-12-22,7661,0,0,0,0,0,0,79026.836711346,0,0,0,0,0,0,0,0,0,0,-844068.56337,0
2015-12-23,7662,0,0,0,0,0,0,117425.839905816,0,0,0,0,19188.492007278,75975.957005484,0,0,0,0,0,0
2015-12-24,7663,0,0,0,0,0,0,48596.330070198,0,0,0,0,0,162660.57517581,0,0,0,0,0,0
2015-12-25,7664,0,0,0,0,0,0,128565.098366754,0,0,0,0,51422.124825828,112454.398396344,0,0,0,0,0,0
2015-12-26,7665,0,0,0,0,0,0,151044.234483402,0,0,0,0,126385.199555268,0,0,0,0,0,0,0
2015-12-27,7666,0,0,0,0,0,0,0,0,0,0,0,114428.784861966,0,0,0,0,0,0,0
2015-12-28,7667,0,0,0,0,0,0,45366.850349478,0,0,0,0,104972.770376676,0,0,0,0,0,0,0
2015-12-29,7668,0,0,0,0,0,0,78119.15718378,0,0,0,0,18341.976868362,0,0,0,0,0,0,0
2015-12-30,7669,0,0,0,0,0,0,39238.178606748,0,0,0,0,0,157706.25969516,0,0,0,0,0,0
2015-12-31,7670,0,0,0,0,0,0,24267.582840774,0,0,0,0,0,96412.202541222,0,0,0,0,0,0
2016-01-01,7671,0,0,0,0,0,0,40742.822567538,0,0,0,0,0,0,0,0,0,0,0,0
2016-01-02,7672,0,0,0,0,0,0,72915.290997438,0,0,0,0,0,0,0,0,0,0,0,0
2016-01-03,7673,0,0,0,0,0,0,118781.2427583,0,0,0,0,0,57572.815748472,0,0,0,0,0,0
2016-01-04,7674,-213989.73013089,0,0,0,0,0,66566.427455568,0,0,0,0,0,164862.49316721,0,0,0,0,0,0
2016-01-05,7675,-838835.338277106,0,0,0,0,0,89114.067687504,0,0,0,0,34836.789199494,72169.085455908,0,0,0,0,0,0
2016-01-06,7676,-524364.750471996,0,0,0,0,0,163149.89028501,0,0,0,0,93126.451582944,0,0,0,0,0,0,0
2016-01-07,7677,-437770.655596872,0,0,0,0,0,358743.818885526,0,0,0,0,472355.447515128,0,0,0,0,0,0,0
2016-01-08,7678,-657341.024548188,0,0,0,0,0,43321.513193022,0,0,0,0,427952.547930774,0,0,0,0,0,0,0
2016-01-09,7679,-656775.865597062,0,0,0,0,0,257768.752951014,0,0,0,0,14420.116268124,0,0,0,0,0,0,0
2016-01-10,7680,-569181.121323624,0,0,0,0,0,564596.23875042,0,0,0,0,210544.951762122,0,0,0,0,0,0,0
2016-01-11,7681,-456019.662594486,0,0,0,0,0,141544.181638284,0,0,0,0,733013.606185968,0,0,0,0,0,0,0
2016-01-12,7682,-888439.657472256,0,0,0,0,0,101831.367375612,0,0,0,0,766370.217180132,0,0,0,0,0,-1538896.018434,0
2016-01-13,7683,-1237162.30292137,0,0,0,0,0,153679.196346444,0,0,0,0,355157.13913509,0,0,0,0,0,-2392750.883988,0
2016-01-14,7684,-1288917.16202145,0,0,0,0,0,87264.456574728,0,0,0,0,262412.353337322,0,0,0,0,0,-2360945.40189,0
2016-01-15,7685,-893276.537326698,0,0,0,0,0,370966.910313342,0,0,0,0,427680.978045168,0,0,0,0,0,-2338926.221976,0
2016-01-16,7686,-1048443.25160511,0,0,0,0,0,559372.79995971,0,0,0,0,852619.34490327,0,0,0,0,0,-2341372.797522,0
2016-01-17,7687,-1048680.56943307,0,0,0,0,0,444873.06440691,0,0,0,0,1233759.11633688,0,0,0,0,0,-2334033.070884,0
2016-01-18,7688,-1048061.58581993,0,0,0,0,0,507265.633981002,0,0,0,0,1623320.00079982,0,0,0,0,-1296685.03938,-2294887.862148,0
2016-01-19,7689,-1047978.40225137,0,0,0,0,0,556542.112052988,0,0,0,0,1438437.17993969,4093.120888458,0,0,0,-2128520.72502,-2184791.962578,-1039794.60705
2016-01-20,7690,-1044631.48690444,0,0,0,0,0,822108.101269104,0,0,0,0,1519966.8634346,0,0,0,0,-2067356.33637,-2094268.667376,-1641652.191366
2016-01-21,7691,-1348640.51767486,0,0,0,0,0,324406.131097416,0,0,0,0,1469635.91130229,0,0,0,0,-2040444.005364,-2064909.760824,-729079.512708
2016-01-22,7692,-640782.60125286,0,0,0,0,0,395107.271225724,0,0,0,0,1061791.76778409,0,0,0,0,-2057570.034186,-2108948.120652,0
2016-01-23,7693,-1069146.17387536,0,0,0,0,0,423181.725616074,0,0,0,0,1178681.80764533,0,0,0,0,-2077142.638554,-2140753.60275,0
2016-01-24,7694,-1484628.52624817,0,0,0,0,0,181149.346576932,0,0,0,0,2341849.87975347,0,0,0,0,-2062463.185278,-2130967.300566,0
2016-01-25,7695,-1145312.96377343,0,0,0,0,0,313902.982278438,0,0,0,0,2835143.12079127,0,0,0,0,-2064909.760824,-2135860.451658,0
2016-01-26,7696,-871012.699858098,0,0,0,0,0,351467.703211722,0,0,0,0,2480196.38715313,0,0,0,0,-1421460.392226,-2138307.027204,0
2016-01-27,7697,-471146.839195404,0,0,0,0,0,1425100.89663845,0,0,0,0,2430660.57207327,0,0,0,0,-2162772.782664,-2209257.718038,0
2016-01-28,7698,0,0,0,0,0,0,5347228.17361096,0,0,0,0,3991003.27174351,0,0,0,0,-4851559.307718,-3474137.27532,-2975035.863936
2016-01-29,7699,0,0,0,0,0,0,7348162.43048261,0,0,0,0,5414325.50796001,123336.766424952,0,0,0,-5930499.123504,-3931646.902422,-5769025.137468
2016-01-30,7700,0,0,0,0,0,0,8297964.64922409,0,0,0,0,6050173.36633659,503923.611785166,0,0,0,-5414271.683298,-3077792.036868,-4790394.919068
2016-01-31,7701,-437308.252818678,0,0,0,0,0,6919551.75372996,0,0,0,0,5386082.23985699,336242.663588964,0,0,0,-5186740.15752,-2696126.251692,-4301079.809868
2016-02-01,7702,-778700.957931972,0,0,0,0,0,5055748.05621161,0,0,0,0,5196105.64871009,313279.105514208,0,0,0,-5076644.25795,-2468594.725914,-4019723.622078
2016-02-02,7703,-1219035.62470105,0,0,0,0,0,2902401.92912635,0,0,0,0,4782047.20330505,254544.166381386,0,0,0,-5020373.020392,-2263082.38005,-3792192.0963
2016-02-03,7704,-1574383.59672873,0,0,0,0,0,1768375.01834662,0,0,0,0,3758456.26609621,157204.71170823,0,0,0,-4942082.60292,-2011085.098812,-3498603.03078
2016-02-04,7705,-1567949.10304275,0,0,0,0,0,1823349.57086524,0,0,0,0,2873280.34040231,158085.47890479,0,0,0,-4817307.250074,-1859397.41496,-3346915.346928
2016-02-05,7706,-1398582.46429535,0,0,0,0,0,1604045.87864843,0,0,0,0,1973275.72032412,160453.764033318,0,0,0,-3258838.627272,-2074696.063008,-3329789.318106
2016-02-06,7707,-1763139.34667818,0,0,0,0,0,1686916.28554255,0,0,0,0,1519367.45242583,161469.092884908,0,0,0,0,-2825794.75563,-3302876.9871
2016-02-07,7708,-1714873.30430669,0,0,0,0,0,2107991.50961351,0,0,0,0,1234654.56298672,161887.457303274,0,0,0,0,-2989715.317212,-3351808.49802
2016-02-08,7709,-1930215.99071452,0,0,0,0,0,1572979.26236533,0,0,0,0,2326228.49489226,161182.843546026,0,0,0,-1925454.954702,-1264879.557282,-704613.757248
2016-02-09,7710,-1953468.2447037,0,0,237653.008811802,0,0,992976.937401744,0,0,0,0,1675263.24621695,53531.07294648,0,0,0,-1419013.81668,0,-1211054.89527
2016-02-10,7711,-1960230.57951284,0,0,259752.92571882,0,0,886744.180618878,0,0,0,0,636161.020046466,0,0,0,0,0,0,-667915.124058
2016-02-11,7712,-1544929.27373044,0,0,249477.30842562,0,0,741672.037043262,0,0,0,0,358868.594238372,0,0,0,0,0,0,0
2016-02-12,7713,-1725464.52984532,0,0,244016.551806948,0,0,373932.159875094,0,0,0,0,277001.28331812,286.249338882,0,0,0,0,0,0
2016-02-13,7714,-1998575.7580453,0,0,242568.179083716,0,0,271374.15956232,0,0,0,0,60371.698173096,0,0,0,0,0,0,0
2016-02-14,7715,-1998624.68955622,0,0,161598.761388846,0,0,216331.102928412,0,0,0,0,137524.458016206,121854.141644076,0,0,0,0,0,0
2016-02-15,7716,-2001961.81860097,0,0,0,0,0,148959.75211821,0,0,0,0,227196.344928198,92311.741926126,0,0,0,0,0,0
2016-02-16,7717,-1289839.52100229,0,0,157153.333621764,0,0,222080.555461512,0,0,0,41.591784282,197524.27670631,0,0,0,0,0,0,0
2016-02-17,7718,-1480733.57797894,0,0,354418.273320198,0,0,1426324.18441145,0,0,0,0,84291.867286338,0,0,0,0,0,0,0
2016-02-18,7719,-1898168.29763746,0,0,353305.081446768,0,0,1845062.92883599,0,0,0,0,569039.219941956,0,0,0,0,0,0,0
2016-02-19,7720,-1987825.50509618,0,0,344384.867006052,0,0,1324918.52118084,0,0,0,0,638499.946268442,0,0,0,0,0,0,0
2016-02-20,7721,-2005690.39973307,0,0,339496.609065144,0,0,809593.867351314,0,0,0,0,138994.849919352,0,0,0,0,0,0,0
2016-02-21,7722,-2011672.27694304,0,0,334429.751109378,0,0,399464.62227315,0,0,0,0,14009.091576396,0,0,0,0,0,0,0
2016-02-22,7723,-2006314.2764973,0,0,348759.3440823,0,0,204663.384149538,0,0,0,0,54632.03194218,0,0,0,0,0,0,0
2016-02-23,7724,-2000520.78560437,0,0,112229.313446112,0,0,326992.161449538,0,0,0,0,68770.792022514,0,0,0,0,0,0,0
2016-02-24,7725,-1712304.39998339,0,0,0,0,0,555561.035259042,0,0,0,0,0,0,0,0,0,0,0,0
2016-02-25,7726,-1625663.82017289,0,0,236720.863528776,0,0,594432.22753389,0,0,0,0,69786.120874104,0,0,0,0,0,0,0
2016-02-26,7727,-2015065.67722534,0,0,337218.847231818,0,0,569445.351482592,0,0,0,0,7.339726638,0,0,0,0,0,0,0
2016-02-27,7728,-2013066.82500426,0,0,333830.340100608,0,0,289850.698085712,0,0,0,0,0,0,0,0,0,0,0,0
2016-02-28,7729,-2008455.03010005,0,0,324998.202379548,0,0,290173.646057784,0,0,0,0,0,0,0,0,0,0,0,0
2016-02-29,7730,-2004552.74210418,0,0,316579.535925762,0,0,313428.346622514,0,0,0,0,0,0,0,0,0,0,0,0
2016-03-01,7731,-2002827.90634425,0,0,315647.390642736,0,0,406290.56804649,0,0,0,0,0,0,0,0,0,0,0,0
2016-03-02,7732,-2000762.99658343,0,0,311975.08074819,0,0,62563.829862312,0,0,0,0,0,0,0,0,0,0,0,0
2016-03-03,7733,-2000550.14451092,0,0,306017.66929368,0,0,105114.671758344,0,0,0,0,0,0,0,0,0,0,0,0
2016-03-04,7734,-1997462.56617187,114932.779424442,0,306925.348821246,0,0,216541.508425368,0,0,0,0,0,0,0,0,0,0,0,0
2016-03-05,7735,-1818994.66639336,374237.981818344,0,305836.622703276,0,0,271413.304771056,0,0,0,0,0,0,0,0,0,0,0,0
2016-03-06,7736,-1913723.62495893,408715.124412576,0,296370.821915802,0,0,69362.863304646,0,0,0,0,0,0,0,0,0,0,0,0
2016-03-07,7737,-1909603.59173947,421297.862445654,0,298379.460439068,0,0,43693.392676014,0,0,0,0,0,0,0,-78.290417472,0,0,0,0
2016-03-08,7738,-1901299.91433634,454757.22961275,0,281573.933013594,0,0,39389.8662906,0,0,0,0,0,0,0,0,0,0,0,0
2016-03-09,7739,-1893084.31365287,496302.528959376,0,276837.362756538,0,0,40101.819774486,0,0,0,0,81360.86978223,0,0,0,0,0,0,0
2016-03-10,7740,-1891063.44225188,494174.008234356,0,272971.773393858,0,0,39201.479973558,0,0,0,0,119324.382529512,0,0,0,0,0,0,0
2016-03-11,7741,-1731441.5139042,305760.77886135,0,265448.553589908,0,0,40424.767746558,0,0,0,0,0,0,0,0,0,0,0,0
2016-03-12,7742,-980156.881540704,0,0,83641.078191102,0,0,3354.255073566,0,0,0,0,0,0,0,0,0,0,0,0
2016-03-13,7743,-973817.804301018,0,0,0,0,0,41944.091160624,0,0,0,0,0,0,0,0,0,0,0,0
2016-03-14,7744,-975841.12227756,0,0,0,0,0,35783.613935796,0,0,0,-1206.161744178,32302.136933838,0,0,0,0,0,0,0
2016-03-15,7745,-765567.740401044,198872.339832156,0,0,0,0,40302.438969258,0,0,0,0,0,0,0,-264.230158968,0,0,0,0
2016-03-16,7746,-672661.48061724,203295.748419324,0,0,0,0,41939.198009532,0,0,0,0,33823.90692345,0,0,0,0,0,0,0
2016-03-17,7747,-663276.416822784,96629.947764816,0,0,0,0,40292.652667074,0,0,0,0,22376.379943716,0,0,0,0,0,0,0
2016-03-18,7748,-671538.502441626,36725.545521006,0,0,0,0,42930.061105662,0,0,0,0,0,0,0,0,0,0,0,0
2016-03-19,7749,-672908.584747386,0,0,0,0,0,14914.324528416,641.002793052,0,0,0,0,0,0,0,0,0,0,0
2016-03-20,7750,-676397.401475982,0,0,0,0,0,251781.982589952,0,0,0,0,188914.777359936,0,0,0,0,0,0,0
2016-03-21,7751,-681464.259431748,0,0,222689.752772466,0,0,251072.475681612,0,0,0,0,1341775.42669278,0,0,0,0,0,0,0
2016-03-22,7752,-680891.760753984,0,0,288779.097996564,0,0,181335.286318428,0,0,0,0,675638.963056722,0,0,0,0,0,0,0
2016-03-23,7753,-671685.296974386,0,0,275149.225629798,0,0,83726.708335212,0,0,0,0,28013.2900017,0,0,0,0,0,0,0
2016-03-24,7754,-500559.570409416,0,0,140959.45008279,0,0,76996.179008166,0,0,0,0,0,0,0,0,0,0,0,0
2016-03-25,7755,0,0,0,0,0,0,177636.064092876,0,0,0,0,0,0,0,0,0,0,0,0
2016-03-26,7756,-224196.843308802,0,0,0,0,0,579853.083855276,0,0,0,0,0,0,0,0,0,0,0,0
2016-03-27,7757,-646419.511310844,0,0,0,0,0,580445.155137408,0,0,0,0,0,0,0,0,0,0,0,0
2016-03-28,7758,-651875.374778424,0,0,0,0,0,421748.032346118,0,0,0,0,0,0,0,0,0,0,0,0
2016-03-29,7759,-402500.822525736,0,0,0,0,0,393189.15599766,0,0,0,0,0,0,0,0,0,0,0,0
2016-03-30,7760,0,0,0,0,0,0,1330447.7819148,0,0,0,0,141094.01173782,0,0,0,0,0,0,0
2016-03-31,7761,-896939.06091906,0,0,0,0,0,1287980.12358733,0,0,0,0,1288508.58390527,83354.82885222,0,0,0,0,0,0
2016-04-01,7762,-1787365.33773467,0,0,112677.03677103,0,0,1379325.46817279,0,0,0,0,1542945.10096263,230005.013655006,0,0,0,0,0,0
2016-04-02,7763,-1966383.71701103,0,0,194811.024425796,0,0,1157814.96481349,0,0,0,0,1845669.67957139,168260.786600604,0,0,0,0,0,0
2016-04-03,7764,-1970518.42968377,0,0,208932.658477308,0,0,1054953.58913302,0,0,0,0,1316707.81364846,172393.052697798,0,0,0,0,0,0
2016-04-04,7765,-1961468.54673912,449044.47571284,0,262573.827323358,0,0,732663.74588289,0,0,0,0,686467.506423318,172236.471862854,0,0,0,0,0,0
2016-04-05,7766,-1573683.87612257,641125.1218293,0,255402.914398032,0,0,609693.965789838,0,0,0,0,248682.17137317,6608.200549746,0,0,0,0,0,0
2016-04-06,7767,-1714716.72347174,600962.137666164,0,250463.278370658,0,0,829205.61692805,0,0,0,0,0,0,0,0,0,0,0,0
2016-04-07,7768,-1757380.10784289,572351.88323124,0,257763.859799922,0,0,572523.14351946,0,0,0,0,0,0,0,0,0,0,0,0
2016-04-08,7769,-1858137.42855381,573144.573708144,0,245504.069738916,0,0,750215.478849894,0,0,0,0,0,0,0,0,0,0,0,0
2016-04-09,7770,-1895934.57416396,617148.6814785,0,232101.728897928,0,0,685092.530966466,0,0,0,0,55547.051196384,0,0,0,0,0,0,0
2016-04-10,7771,-1946992.15923344,519787.20762543,0,206001.6609732,0,0,577413.848035914,0,0,0,0,0,0,0,0,0,0,0,0
2016-04-11,7772,-1482477.98634324,325269.772265154,0,192291.051613416,0,0,713563.330595268,0,0,0,0,14701.472455914,0,0,0,0,0,0,0
2016-04-12,7773,-671589.880528092,67251.468608448,0,204722.101962642,0,0,416301.955180722,0,0,0,0,0,0,0,0,0,0,0,0
2016-04-13,7774,-668901.094003038,77612.716045758,0,206681.808974988,0,0,460125.016360674,0,0,0,0,0,0,0,0,0,0,0,0
2016-04-14,7775,-668896.200851946,0,0,121986.25672356,0,0,543499.417817262,0,0,0,0,0,0,0,0,0,0,0,0
2016-04-15,7776,-974466.146820708,0,0,0,0,0,494592.372652722,0,0,0,0,55659.5936715,0,0,0,0,0,0,0
2016-04-16,7777,-1155148.19746835,0,0,0,0,0,613099.59894987,0,0,0,0,0,0,0,0,0,0,0,0
2016-04-17,7778,-1158113.44703011,0,0,0,0,0,505851.513315414,0,0,0,0,0,0,0,0,0,0,0,0
2016-04-18,7779,-1159407.68549394,47236.034066622,0,0,0,0,684742.670663388,0,0,0,0,0,0,0,0,0,0,0,0
2016-04-19,7780,-1156400.84414791,124239.552801426,0,0,0,0,520729.13921064,0,0,0,0,0,0,0,0,0,0,0,0
2016-04-20,7781,-1148065.36126268,110917.948953456,0,0,0,0,590104.235393016,0,0,0,0,44216.959842858,0,0,0,0,0,0,0
2016-04-21,7782,-1145699.5227097,117521.25635211,0,0,0,0,582737.59642401,0,0,0,0,0,0,0,0,0,0,0,0
2016-04-22,7783,-1148466.59965223,54923.174432154,0,0,0,0,493276.115008974,0,0,0,0,75985.743307668,0,0,0,0,0,0,0
2016-04-23,7784,-830954.91844344,0,0,0,0,0,475195.921724034,0,0,0,0,0,0,0,0,0,0,0,0
2016-04-24,7785,-662657.433209646,0,0,0,0,0,489576.892783422,0,0,0,0,0,0,0,0,0,0,0,0
2016-04-25,7786,-661595.619422682,126527.100936936,0,0,0,0,696168.178463208,0,0,0,0,0,0,0,0,0,0,0,0
2016-04-26,7787,-399694.600374474,166350.011099178,0,0,0,0,290308.207712814,0,0,0,0,0,0,0,0,0,0,0,0
2016-04-27,7788,-233530.529016792,150669.908424864,0,0,0,0,296312.104102698,0,0,0,0,0,0,0,0,0,0,0,0
2016-04-28,7789,-269142.882664368,153417.412763022,0,0,0,0,241998.126981498,0,0,0,0,0,0,0,0,0,0,0,0
2016-04-29,7790,-236921.482723548,190798.640530356,0,0,0,0,706624.842346812,0,0,0,0,0,0,0,0,0,0,0,0
2016-04-30,7791,0,223230.445968132,0,0,0,0,500628.074524704,0,0,0,0,0,0,0,0,0,0,0,0
2016-05-01,7792,0,216991.678325832,0,0,0,0,362890.764435996,0,0,0,0,0,0,0,0,0,0,0,0
2016-05-02,7793,0,225136.328318466,0,0,0,0,417341.749787772,22.019179914,0,0,0,0,0,0,0,0,0,0,0
2016-05-03,7794,0,79484.346338448,0,0,0,0,631032.99770205,0,0,0,0,0,0,0,0,0,0,0,0
2016-05-04,7795,0,0,0,0,0,0,565357.123745226,0,0,0,0,183608.155000662,0,0,0,0,0,0,0
2016-05-05,7796,-354961.41309141,0,0,0,0,0,1048122.75020858,0,0,0,0,31521.679334664,0,0,0,0,0,0,0
2016-05-06,7797,-65832.454791768,0,0,0,0,0,489278.41056681,0,0,0,0,25852.963794582,0,0,0,0,0,0,0
2016-05-07,7798,0,216360.461834964,0,0,0,0,108280.540514868,0,0,0,0,57558.136295196,0,0,0,0,0,0,0
2016-05-08,7799,0,264719.4740772,0,0,0,0,51752.412524538,0,0,0,0,0,0,0,0,0,0,0,0
2016-05-09,7800,0,257940.013239234,0,0,0,0,42223.000772868,0,0,0,0,0,0,0,0,0,0,0,0
2016-05-10,7801,0,240038.419969152,0,0,0,0,42900.70219911,0,0,0,0,11369.236562262,0,0,0,0,0,0,0
2016-05-11,7802,0,240552.200833812,0,0,0,0,37797.145610154,0,0,0,0,0,0,0,0,0,0,0,0
2016-05-12,7803,-195427.561463388,242577.9653859,0,0,0,0,41339.787000762,0,0,0,0,0,0,0,0,0,0,0,0
2016-05-13,7804,0,271914.852757986,0,0,0,0,448496.442790536,0,0,0,0,105804.606062316,0,0,0,0,0,0,0
2016-05-14,7805,0,292737.657229992,0,0,0,0,522659.487316434,0,0,0,0,0,0,0,0,0,0,0,0
2016-05-15,7806,0,293263.670972382,0,0,0,0,154674.952593666,0,0,0,0,0,0,0,0,0,0,0,0
2016-05-16,7807,-27362.500906464,290755.931037732,0,0,0,0,22422.86487909,0,0,0,0,275528.444839428,0,0,0,0,0,0,0
2016-05-17,7808,-161310.065474418,45268.987327638,0,0,0,0,133284.542594988,0,0,0,0,434646.37862463,0,0,0,0,0,0,0
2016-05-18,7809,0,0,0,0,0,0,914581.317181266,0,0,0,0,0,0,0,0,0,0,0,0
2016-05-19,7810,-931411.3103622,0,0,0,0,0,3572127.51908839,0,0,0,0,0,152473.034602266,0,0,0,0,0,0
2016-05-20,7811,-1659935.45042126,0,0,0,0,0,5228121.53630504,0,0,0,0,1676464.51481003,207278.773408212,0,0,0,0,0,0
2016-05-21,7812,-1951462.05275598,0,0,0,0,0,4580385.76735045,0,0,0,0,3788864.75355744,232397.764538994,0,0,0,0,0,0
2016-05-22,7813,-1949201.41695148,0,0,0,0,0,3934952.22598465,0,0,0,0,3950157.69300304,220605.270407274,0,0,0,0,0,0
2016-05-23,7814,-1948411.17305012,0,0,0,0,0,2608333.33479934,0,0,0,0,3335012.75689671,192704.52288069,0,0,0,0,0,0
2016-05-24,7815,-1946615.38659935,0,0,0,0,0,2204176.18062896,0,0,0,0,1312683.19687529,168512.783881842,0,0,0,0,-1074046.664694,0
2016-05-25,7816,-1942776.70956768,0,0,0,0,0,1125334.2278648,0,0,0,0,571331.661228558,169026.564746502,0,0,0,0,-1492411.08306,0
2016-05-26,7817,-1942725.33148121,0,0,0,0,0,804602.853237474,0,0,0,0,285530.045671476,114318.688962396,0,0,0,0,-1465498.752054,0
2016-05-27,7818,-1944729.07685339,0,0,0,0,0,261059.397060384,0,0,0,0,96258.068281824,124606.539133326,0,0,0,0,-582284.979948,0
2016-05-28,7819,-1946737.71537665,0,0,0,0,0,226822.01886966,0,0,0,0,138576.485500986,101368.964597418,0,0,0,0,0,0
2016-05-29,7820,-1944188.38365772,0,0,0,0,0,222423.076037952,0,0,0,0,183603.26184957,78640.277775078,0,0,0,0,0,0
2016-05-30,7821,-1944658.12616255,0,0,0,0,0,318607.747053396,0,0,0,0,61132.583167902,21312.119581206,0,0,0,0,0,0
2016-05-31,7822,-1762001.68904929,0,0,0,0,0,183339.031690602,0,0,0,0,27046.89266103,82437.36302247,0,0,0,0,0,0
2016-06-01,7823,-1943569.40004458,0,0,0,0,0,42991.225494312,0,0,0,0,57090.84036591,65942.550691338,0,0,0,0,0,0
2016-06-02,7824,-1945724.83310061,0,0,0,0,0,39162.334764822,0,0,0,0,0,50888.7713568,0,0,0,0,0,0
2016-06-03,7825,-1946292.43862728,0,0,0,0,0,192682.503700776,0,0,0,0,0,0,0,0,0,0,0,0
2016-06-04,7826,-1945556.01938794,0,0,0,0,0,0,0,0,0,0,98998.232893344,51583.598811864,0,0,0,0,0,0
2016-06-05,7827,-1939380.86270983,0,0,0,0,0,41496.367835706,0,0,0,0,0,0,0,0,0,0,0,0
2016-06-06,7828,-1928902.17964631,0,0,0,0,0,40566.669128226,0,0,0,0,0,0,0,0,0,0,0,0
2016-06-07,7829,-1936682.28988259,0,0,0,0,0,368055.485413602,0,0,0,0,0,0,0,0,0,0,0,0
2016-06-08,7830,-1939234.06817707,0,0,0,0,0,863726.79788211,0,0,0,0,0,66644.71787304,0,0,0,0,0,0
2016-06-09,7831,-1943070.2986332,0,0,0,0,0,1292763.17877976,0,0,0,0,144436.033933656,115987.253484768,0,0,0,0,0,0
2016-06-10,7832,-1346822.71204418,0,0,0,0,0,2665443.74776961,0,0,0,0,225806.69001807,173533.156902234,0,0,0,0,0,0
2016-06-11,7833,-1942417.06296242,0,0,0,0,0,2771126.02505463,0,0,0,0,1030871.94603374,105195.408751362,0,0,0,0,0,0
2016-06-12,7834,-1946390.30164912,0,0,0,0,0,2257976.3768855,0,0,0,0,951531.947652504,81116.21222763,0,0,0,0,0,0
2016-06-13,7835,-1947048.430471,0,0,0,0,0,1318322.55350882,0,0,0,0,826876.477008258,65020.191710496,0,0,0,0,0,0
2016-06-14,7836,-1953032.75425651,0,0,0,0,0,481534.99896372,0,0,0,61.16438865,475861.390272546,53457.6756801,0,0,0,0,0,0
2016-06-15,7837,-1947244.15651468,0,0,0,0,0,288527.100715326,0,0,0,0,357180.457111632,0,0,-166.367137128,0,0,0,0
2016-06-16,7838,-1928092.36314059,0,0,0,0,0,517807.928008716,0,0,0,0,212460.62041464,94990.742148996,0,0,0,0,0,0
2016-06-17,7839,-1915575.68264725,0,0,0,0,0,309780.502483428,0,0,0,0,210319.86681189,18630.67278279,0,0,0,0,0,0
2016-06-18,7840,-1912441.61937283,0,0,0,0,0,292091.761285848,0,0,0,0,156120.878741352,78615.812019618,0,0,0,0,0,0
2016-06-19,7841,-1945167.01387612,0,0,0,0,0,782813.651424798,0,0,0,0,210782.269590084,51581.152236318,0,0,0,0,0,0
2016-06-20,7842,-1952247.40350625,0,0,0,0,0,796690.62792171,0,0,0,0,152654.08119267,74233.995216732,0,0,0,0,0,0
2016-06-21,7843,-1954938.63660685,0,0,0,0,0,682890.612975066,0,0,0,0,88575.821067384,14265.982008726,0,-944.378160756,0,0,0,0
2016-06-22,7844,-1956161.92437985,0,0,0,0,0,440740.798309716,0,0,0,0,132296.126074404,55099.327871466,0,0,0,0,0,0
2016-06-23,7845,-1953487.81730807,0,0,0,0,0,277382.949103296,0,0,0,0,215707.226164182,50154.798693,0,0,0,0,0,0
2016-06-24,7846,-1956306.27233706,0,0,0,0,0,141916.061121276,0,0,0,0,216747.020771232,18652.691962704,0,0,0,0,0,0
2016-06-25,7847,-1954136.15982776,0,0,0,0,0,110440.866721986,0,0,0,0,91196.10347715,60408.396806286,0,0,0,0,0,0
2016-06-26,7848,-1951163.57053937,0,0,0,0,0,98795.167123026,0,0,0,0,74356.323994032,39162.334764822,0,0,0,0,0,0
2016-06-27,7849,-1949093.76762745,0,0,0,0,0,176219.496851742,0,0,0,0,78865.36272531,0,0,0,0,0,0,0
2016-06-28,7850,-1941455.55877284,0,0,0,0,0,65012.851983858,0,0,0,0,68080.857718542,38851.61967048,0,0,0,0,0,0
2016-06-29,7851,-1933888.30060906,0,0,0,0,0,224465.966618862,0,0,0,0,185528.716804272,21798.98811486,0,0,0,0,0,0
2016-06-30,7852,-1936797.27893326,0,0,0,0,0,109513.614590052,0,0,0,0,216035.067287346,64327.810830978,0,0,0,0,0,0
2016-07-01,7853,-1726819.93269781,0,0,0,0,0,246585.456130248,0,0,0,0,96864.819017232,0,0,0,0,0,0,0
2016-07-02,7854,-1935018.61851131,0,0,0,0,0,361885.22188659,0,0,0,0,73191.754034136,47013.395691936,0,0,0,0,0,0
2016-07-03,7855,-1931020.91406915,0,0,0,0,0,447072.535822764,0,0,0,0,146584.127263044,0,0,0,0,0,0,0
2016-07-04,7856,-1928811.65635111,0,0,0,0,0,514262.840042562,0,0,0,0,93919.142059848,65900.958907056,0,0,0,0,0,0
2016-07-05,7857,-1926859.2890654,0,0,0,0,0,945618.574557822,0,0,0,0,156813.25962087,14755.297117926,0,0,0,0,0,0
2016-07-06,7858,-1928395.73850829,0,0,0,0,0,619194.018634956,0,0,0,0,102983.704457778,53291.308542972,0,0,0,0,0,0
2016-07-07,7859,-1929242.25364721,0,0,0,0,0,453051.966457188,0,0,0,0,216876.68927517,61927.720220352,0,0,0,0,0,0
2016-07-08,7860,-1515682.90965355,0,0,0,0,0,231252.767183466,0,0,0,0,73482.89652411,57907.996598274,0,0,0,0,0,0
2016-07-09,7861,-1385395.42210241,0,0,0,0,0,249624.10295838,0,0,0,0,26971.048819104,0,0,0,0,0,0,0
2016-07-10,7862,-915396.026838084,0,0,0,0,0,198860.106954426,0,0,0,0,116190.319255086,0,0,0,0,0,0,0
2016-07-11,7863,-382022.985205716,0,0,0,0,0,165425.20554279,0,0,0,0,103788.627812412,0,0,0,0,0,0,0
2016-07-12,7864,-105946.507443984,0,0,0,0,0,139582.028050392,0,0,0,0,136753.786719216,103690.764790572,0,0,0,0,0,0
2016-07-13,7865,0,0,0,0,0,0,161031.155862174,0,0,0,0,71569.674447138,110039.628332442,0,0,0,0,0,0
2016-07-14,7866,0,0,0,0,0,0,127735.70925666,0,0,0,0,0,3833.783880582,0,0,0,0,0,0
2016-07-15,7867,0,48226.897162752,0,0,0,0,63390.77239686,0,0,0,0,40182.556767504,0,0,0,0,0,0,0
2016-07-16,7868,0,88930.574521554,0,0,0,0,39399.652592784,0,0,0,0,23506.697845968,0,0,0,0,0,0,0
2016-07-17,7869,0,100072.279558038,0,0,0,0,32982.284935626,0,0,0,0,53053.99071501,0,0,0,0,0,0,0
2016-07-18,7870,0,141774.159739608,0,0,0,0,32686.24929456,0,0,0,0,0,0,0,0,0,0,0,0
2016-07-19,7871,0,140682.987046092,0,0,0,0,33738.27677934,0,0,0,0,0,36811.175665116,0,0,0,0,0,0
2016-07-20,7872,0,135112.13452785,0,0,0,0,64193.249175948,0,0,0,0,59716.015926768,0,0,0,0,0,0,0
2016-07-21,7873,0,133727.372768814,0,0,0,0,37645.457926302,0,0,0,0,0,0,0,0,0,0,0,0
2016-07-22,7874,0,77923.4311401,0,0,0,0,75819.37617054,0,0,0,0,41660.288397288,0,0,0,0,0,0,0
2016-07-23,7875,0,65492.380790874,0,0,0,0,102555.553737228,0,0,0,0,0,0,0,0,0,0,0,0
2016-07-24,7876,0,0,0,0,0,0,156125.771892444,0,0,0,0,66664.290477408,0,0,0,0,0,0,0
2016-07-25,7877,0,0,0,0,0,0,170284.104577146,0,0,0,0,0,93813.93931137,0,0,0,0,0,0
2016-07-26,7878,-1556.022047256,0,0,0,0,0,10366.140588402,0,0,0,0,78439.658580306,73798.504769544,0,0,0,0,0,0
2016-07-27,7879,0,55211.870346582,0,0,0,0,75046.258298004,0,0,0,0,0,60653.054360886,0,0,0,0,0,0
2016-07-28,7880,0,127270.85990292,0,0,0,0,229288.167020028,0,0,0,0,62365.657243086,93253.673511336,0,0,0,0,0,0
2016-07-29,7881,0,125108.087120256,0,0,0,0,261237.997075242,0,0,0,0,0,111216.431170068,0,0,0,0,0,0
2016-07-30,7882,0,122656.618423164,0,0,0,0,292769.46271209,0,0,0,0,18921.815272764,66155.40276384,0,0,0,0,0,0
2016-07-31,7883,0,122551.415674686,0,0,0,0,380577.05905803,0,0,0,0,47111.258713776,83986.045343088,0,0,0,0,0,0
2016-08-01,7884,0,121117.72240473,0,0,0,0,490968.994269096,0,0,0,0,0,130072.18890309,0,0,0,0,0,0
2016-08-02,7885,0,116525.500104888,0,0,0,0,554061.284449344,0,0,0,0,67894.917977046,219059.034662202,0,0,0,0,0,0
2016-08-03,7886,0,33505.85210247,0,0,0,0,453174.295234488,0,0,0,0,57996.07331793,239786.422687914,0,0,0,0,0,0
2016-08-04,7887,0,0,0,0,0,0,602762.81726802,0,0,0,0,24683.500683594,316322.645493432,0,0,0,0,0,0
2016-08-05,7888,0,0,0,0,0,0,567507.66365016,0,0,0,0,598442.164853784,451422.547143552,0,0,0,0,0,0
2016-08-06,7889,0,0,0,0,0,0,586791.572103732,0,0,0,0,223100.777464194,229836.199942332,0,0,0,0,0,0
2016-08-07,7890,-335944.181372352,0,0,0,0,0,467261.677228356,0,0,0,0,148719.987714702,142955.855728326,0,0,0,0,0,0
2016-08-08,7891,-281549.467258134,0,0,0,0,0,797617.880053644,0,0,0,0,1005466.70556407,171891.504710868,0,0,0,0,0,0
2016-08-09,7892,-502279.513018254,0,0,0,0,0,758778.493260894,0,0,0,0,811617.185327856,144414.014753742,0,0,0,0,0,0
2016-08-10,7893,-1220701.74264788,0,0,0,0,0,1842124.59160524,0,0,0,0,2962785.86017718,48924.171193362,0,0,0,0,0,0
2016-08-11,7894,-1563503.67527567,0,0,0,0,0,1847825.11262742,0,0,0,0,3039371.01449362,56462.070450588,0,0,0,0,0,0
2016-08-12,7895,-1942686.18627248,0,0,0,0,0,1412312.64625951,0,0,0,0,2813030.97100652,49225.09998552,0,0,0,0,0,0
2016-08-13,7896,-1962828.8427427,0,0,0,0,0,938420.74930149,0,0,0,0,1815466.70445602,0,0,0,0,0,0,0
2016-08-14,7897,-1953742.26116485,0,0,0,0,0,677016.38508912,0,0,0,0,1451572.84404617,0,0,0,0,0,0,0
2016-08-15,7898,-1627334.83127081,0,0,0,0,0,339403.639194396,0,0,0,0,957154.178257212,20778.766112178,0,0,0,0,0,0
2016-08-16,7899,-1963357.30306063,0,0,0,0,0,303035.293703106,0,0,0,0,987043.991702694,42504.356960658,0,0,0,0,0,0
2016-08-17,7900,-1964110.8483288,0,0,0,0,0,313325.590449582,0,0,0,0,656215.599797028,0,0,0,0,0,0,0
2016-08-18,7901,-1966388.61016213,0,0,0,0,0,195762.74231319,0,0,0,0,483024.963471234,91771.04873046,0,0,0,0,0,0
2016-08-19,7902,-1720343.84722754,0,0,0,0,0,263855.832909462,0,0,0,0,387092.289737028,70965.370287276,0,0,0,0,0,0
2016-08-20,7903,-892760.309886492,0,0,0,0,0,230051.49859038,0,0,0,0,294210.495708684,84311.439890706,0,0,0,0,0,0
2016-08-21,7904,-661984.624934496,0,0,0,0,0,207031.669278066,0,0,0,0,285760.0237728,59762.500862142,0,0,0,0,0,0
2016-08-22,7905,-666686.943133908,0,0,0,0,0,123461.541777798,0,0,0,0,315960.552312624,94146.673585626,0,0,0,0,0,0
2016-08-23,7906,-664658.732006274,0,0,0,0,0,113640.987536154,0,0,0,0,262189.714962636,97992.690343938,0,0,0,0,0,0
2016-08-24,7907,-665370.68549016,0,0,0,0,0,111935.724380592,0,0,0,0,129458.098441044,90594.245892834,0,0,0,0,0,0
2016-08-25,7908,-1441654.42678268,0,0,0,0,0,248904.809747856,0,0,0,0,82723.612361352,85023.393374592,0,0,0,0,0,0
2016-08-26,7909,-1183932.15876704,0,0,0,0,0,280399.576751514,0,0,0,0,55698.738880236,63713.720368932,0,0,0,0,0,0
2016-08-27,7910,-1518599.22770438,0,0,0,0,0,399951.490806804,0,0,0,0,243886.88330301,106122.660883296,0,0,0,0,0,0
2016-08-28,7911,-1754894.38708816,0,0,0,0,0,405497.877569586,0,0,0,0,250402.113982008,128939.424425292,0,0,0,0,0,0
2016-08-29,7912,-1203201.38776734,0,0,0,0,0,471797.62829064,0,0,0,0,328968.994490706,110416.400966526,0,0,0,0,0,0
2016-08-30,7913,0,0,0,0,0,0,2094161.01805198,0,0,0,0,642343.516451208,0,0,0,0,0,0,0
2016-08-31,7914,-135168.405765408,0,0,0,0,0,2669779.07963713,0,0,0,0,678327.749581776,64503.96427029,0,0,0,0,0,0
2016-09-01,7915,-674604.061600764,0,0,0,0,0,2756167.66216639,0,0,0,0,732627.0472497,168280.359204972,0,0,0,0,0,0
2016-09-02,7916,-1263663.60923564,0,0,0,0,0,2577697.31581232,0,0,0,0,754105.533968034,168617.98663032,0,0,0,0,0,0
2016-09-03,7917,-1494860.10518155,0,0,0,0,0,2197932.51983557,0,0,0,0,836985.72716433,168926.255149116,0,0,0,0,0,0
2016-09-04,7918,-1536508.1607011,0,0,0,0,0,1652891.75942432,0,0,0,0,720682.865434128,168953.167480122,0,0,0,0,0,0
2016-09-05,7919,-1541029.43231011,0,0,0,0,0,2009201.23564158,0,0,0,0,417038.374420068,168708.509925522,0,0,0,0,0,0
2016-09-06,7920,-1204341.49197178,0,0,0,0,0,1863727.85367642,0,0,0,0,415059.094803354,197140.164345588,0,0,0,0,0,0
2016-09-07,7921,-1599282.39606037,0,0,0,0,0,1655602.56512929,0,0,0,0,699312.028039818,146009.182009734,0,0,0,0,0,0
2016-09-08,7922,-912115.169030898,0,0,0,0,0,1946960.35375134,0,0,0,0,784741.552955046,159984.021528486,0,0,0,0,0,0
2016-09-09,7923,-1878583.46039173,0,0,0,0,0,2310306.18123889,0,0,0,0,814105.352658138,186725.092246266,0,0,0,0,0,0
2016-09-10,7924,-1723084.01183906,0,0,0,0,0,1894625.65624685,0,0,0,0,868194.244829106,99211.084965846,0,0,0,0,0,0
2016-09-11,7925,-1829705.77413374,0,0,0,0,0,1389926.48001361,0,0,0,0,612209.045451126,176415.222895422,0,0,0,0,0,0
2016-09-12,7926,-1310013.98295461,0,0,0,0,0,747193.958050584,0,0,0,0,324567.605083452,229801.947884688,0,0,0,0,0,0
2016-09-13,7927,-955561.457576766,0,0,0,0,0,767532.340564482,0,0,0,0,302837.12108388,206483.636355762,0,0,0,0,0,0
2016-09-14,7928,-1681582.75085227,0,0,0,0,0,565276.386752208,0,0,0,0,219702.4840308,169146.446948256,0,0,0,0,0,0
2016-09-15,7929,-1973407.8354036,0,0,0,0,0,679007.897583564,0,0,0,0,459232.016286384,185739.122301228,0,0,0,0,0,0
2016-09-16,7930,-1691444.89687819,0,0,0,0,0,564628.044232518,0,0,0,0,487849.610447946,179908.93277511,0,0,0,0,0,0
2016-09-17,7931,-935068.94080347,0,0,0,0,0,484627.470453864,0,0,0,0,460479.769814844,128391.391502988,0,0,0,0,0,0
2016-09-18,7932,0,0,0,0,0,0,375412.338080424,0,0,0,0,151423.453693032,133827.6823662,0,0,0,0,0,0
2016-09-19,7933,-407276.537991528,0,0,0,0,0,306230.521366182,0,0,0,0,320645.744483214,115779.294563358,0,0,0,0,0,0
2016-09-20,7934,-587129.19952908,0,0,0,0,0,376163.436773046,0,0,0,0,358340.133920436,113966.382083772,0,0,0,0,0,0
2016-09-21,7935,-958027.605727134,0,0,0,0,0,345187.34378514,0,0,0,0,89627.848552164,99793.369945794,0,0,0,0,0,0
2016-09-22,7936,-812605.60184844,0,0,0,0,0,186037.60451784,0,0,0,0,208543.652965494,163702.816358406,0,0,0,0,0,0
2016-09-23,7937,-394434.462950574,0,0,119339.061982788,0,0,565420.734709422,0,0,0,0,134265.619388934,221838.344482458,0,0,0,0,0,0
2016-09-24,7938,0,0,0,0,0,0,744987.146908092,0,0,0,0,176684.346205482,276396.979158258,0,0,0,0,0,0
2016-09-25,7939,0,0,0,0,0,0,562157.002931058,0,0,0,0,281539.68095595,208639.069411788,0,0,0,0,0,0
2016-09-26,7940,0,0,0,0,0,0,397541.613893994,0,0,0,0,113256.875175432,233716.468758288,0,0,0,0,0,0
2016-09-27,7941,0,0,0,0,0,0,569738.940548112,0,0,0,0,213111.409509876,213595.831467984,0,0,0,0,0,0
2016-09-28,7942,-156.580834944,0,0,0,0,0,575216.823195606,0,0,0,0,158303.224128384,206287.910312082,0,0,0,0,0,0
2016-09-29,7943,0,0,0,0,0,0,812615.388150624,0,0,0,0,183921.31667055,231688.257630654,0,0,0,0,0,0
2016-09-30,7944,0,0,0,0,0,0,568156.00616985,0,0,0,0,211229.992915002,258967.574968554,0,0,0,0,0,0
2016-10-01,7945,0,0,0,0,0,0,838673.86429107,0,0,0,0,298095.657675732,171930.649919604,0,0,0,0,0,0
2016-10-02,7946,0,0,0,0,0,0,766695.61172775,0,0,0,0,380753.212497342,267958.740100104,0,0,0,0,0,0
2016-10-03,7947,0,0,0,0,0,0,921979.76163237,0,0,0,0,814142.051291328,255999.878831256,0,0,0,0,0,0
2016-10-04,7948,0,0,0,0,0,0,752226.563948706,0,0,0,63.610964196,153104.251093134,414941.659177146,0,-34.252057644,0,0,0,0
2016-10-05,7949,0,0,0,0,0,0,657960.008161326,0,0,0,0,419827.470542508,458710.895695086,0,0,0,0,0,0
2016-10-06,7950,0,0,0,0,0,0,1636959.65946877,0,0,0,0,2132004.6485975,258742.490018322,0,0,0,0,0,0
2016-10-07,7951,0,0,0,0,0,0,2324968.50848607,0,0,0,0,2600783.20266438,0,0,0,0,0,0,0
2016-10-08,7952,0,0,0,183272.97415086,0,0,1824039.50516921,0,0,0,0,2789149.94710201,98873.457540498,0,0,0,0,0,0
2016-10-09,7953,0,0,0,325140.103761216,0,0,1722986.14881722,0,0,0,0,2126450.92210808,168302.378384886,0,0,0,0,0,0
2016-10-10,7954,0,0,0,315901.83449952,0,0,1609347.60785662,0,0,0,0,1490801.23635073,429892.682338752,0,0,0,0,0,0
2016-10-11,7955,0,0,0,305337.521291892,0,0,1114285.49269906,0,0,0,0,898911.000809136,359443.539491682,0,0,0,0,0,0
2016-10-12,7956,0,0,0,194040.353128806,0,0,788068.895697606,0,0,0,0,730165.792250424,312435.036950838,0,-137.008230576,0,0,0,0
2016-10-13,7957,0,0,0,0,0,0,302311.10734149,0,0,0,0,210826.307949912,231042.36168651,0,0,0,0,0,0
2016-10-14,7958,0,0,0,0,0,0,530070.164645268,0,0,0,0,60354.572144274,226645.865430348,0,0,0,0,0,0
2016-10-15,7959,0,0,0,0,0,0,317607.097655082,0,0,0,0,74246.228094462,224028.029596128,0,0,0,0,0,0
2016-10-16,7960,0,0,0,0,0,0,274444.61187255,0,0,0,0,69937.808557956,184618.59070116,0,0,0,0,0,0
2016-10-17,7961,0,0,0,0,0,0,277424.540887578,0,0,0,0,33050.789050914,180202.52184063,0,0,0,0,0,0
2016-10-18,7962,0,0,0,0,0,0,223944.846027564,0,0,0,0,40767.288322998,160204.213327626,0,0,0,0,0,0
2016-10-19,7963,0,0,0,0,0,0,41192.992468002,0,0,0,0,64276.432744512,143503.88865063,0,0,0,0,0,0
2016-10-20,7964,0,0,0,0,0,0,139814.452727262,0,0,0,0,0,144130.211990406,0,0,0,0,0,0
2016-10-21,7965,0,0,0,0,0,0,40637.61981906,0,0,0,0,56606.418407802,104534.833353942,0,0,0,0,0,0
2016-10-22,7966,0,0,0,0,0,0,42252.35967942,0,0,0,0,0,88230.853915398,0,0,0,0,0,0
2016-10-23,7967,0,0,0,0,0,0,54277.27848801,0,0,0,0,53252.163334236,60699.53929626,0,0,0,0,0,0
2016-10-24,7968,-376.772634084,0,0,0,0,0,114962.138330994,0,0,0,0,0,0,0,0,0,0,0,0
2016-10-25,7969,0,0,0,0,0,0,34853.915228316,0,0,0,0,55143.366231294,0,0,0,0,0,0,0
2016-10-26,7970,0,0,0,0,0,0,42455.425449738,0,0,0,0,0,0,0,0,0,0,0,0
2016-10-27,7971,0,0,0,0,0,0,46509.40112946,0,0,0,0,50237.982261564,0,0,0,0,0,0,0
2016-10-28,7972,0,0,0,0,0,0,43979.642014896,0,0,0,0,9218.696657328,0,0,0,0,0,0,0
2016-10-29,7973,0,0,0,0,0,0,43020.584400864,0,0,0,0,0,0,0,0,0,0,0,0
2016-10-30,7974,0,0,0,0,0,0,0,0,0,0,0,60694.646145168,0,0,0,0,0,0,0
2016-10-31,7975,0,0,0,0,0,0,42474.998054106,0,0,0,0,0,0,0,-57191.149963296,0,0,0,0
2016-11-01,7976,0,0,0,0,0,0,146214.694355598,0,0,0,0,59909.295394902,0,0,0,0,0,0,0
2016-11-02,7977,0,0,0,0,0,0,96688.66557792,0,0,0,0,0,0,0,0,0,0,0,0
2016-11-03,7978,0,0,0,0,0,0,568520.545926204,0,0,0,0,55676.719700322,0,0,0,0,0,0,0
2016-11-04,7979,0,0,0,0,0,0,581981.604580296,0,0,0,0,0,193171.818809976,0,0,0,0,0,0
2016-11-05,7980,0,0,0,0,0,0,557792.312156994,0,0,0,0,0,168669.364716786,0,0,0,0,0,0
2016-11-06,7981,0,0,0,0,0,0,75574.71861594,0,0,0,0,0,168799.033220724,0,0,0,0,0,0
2016-11-07,7982,0,0,0,0,0,0,43482.987179058,0,0,0,0,0,168720.742803252,0,0,0,0,0,0
2016-11-08,7983,0,0,0,0,0,0,328472.339654868,0,0,0,0,56085.297816504,168216.748240776,0,0,0,0,0,0
2016-11-09,7984,0,0,0,218882.88122289,0,0,558704.884835652,0,0,0,0,0,168936.0414513,0,0,0,0,0,0
2016-11-10,7985,0,0,0,332095.718038494,0,0,458909.068314312,0,0,0,0,0,290949.210505866,0,0,0,0,0,0
2016-11-11,7986,0,0,0,332807.67152238,0,0,503152.940488176,0,0,0,0,58282.322656812,234088.34824128,0,0,0,0,0,0
2016-11-12,7987,0,0,0,329507.241110826,0,0,525448.583438874,0,0,0,0,0,253438.314234594,0,0,0,0,0,0
2016-11-13,7988,0,0,0,325377.421589178,0,0,465656.72367018,0,0,0,0,59632.832358204,221419.980064092,0,0,0,0,0,0
2016-11-14,7989,0,0,0,181548.13839093,0,0,410471.765654604,0,0,0,0,0,168799.033220724,0,0,0,0,0,0
2016-11-15,7990,0,0,0,128538.186035748,0,0,368549.693673894,0,0,0,0,0,167959.857808446,0,0,0,0,0,0
2016-11-16,7991,0,0,0,302917.858076898,0,0,460308.509526624,0,0,0,0,59481.144674352,167465.649548154,0,0,0,0,0,0
2016-11-17,7992,-330.28769871,0,0,299852.29891776,0,0,506568.359950392,0,0,0,0,0,119341.508558334,0,0,0,0,0,0
2016-11-18,7993,0,0,0,284519.609970978,0,0,513105.609809304,0,0,0,0,60222.45706479,258194.457096018,0,0,0,0,0,0
2016-11-19,7994,0,0,0,285897.032003376,0,0,517218.30330213,0,0,0,0,0,246194.004042888,0,0,0,0,0,0
2016-11-20,7995,0,0,0,284911.062058338,0,0,469492.954126308,0,0,0,0,57249.8677764,212448.38753691,0,0,0,0,0,0
2016-11-21,7996,0,0,0,286540.481371974,0,0,400712.37580161,0,0,0,0,0,225892.32016218,0,-413.471267274,0,0,0,0
2016-11-22,7997,0,0,0,285001.58535354,0,0,285960.642967572,0,0,0,0,50580.502838004,232297.454941608,0,0,0,0,0,0
2016-11-23,7998,0,0,0,281955.59879877,0,0,379955.628869346,0,0,0,0,10936.19269062,180234.327322728,0,0,0,0,0,0
2016-11-24,7999,-154662.719715936,0,0,279920.047944498,0,0,356781.665297634,0,0,0,0,29547.292869042,249712.179678036,0,0,0,0,0,0
2016-11-25,8000,0,0,0,279298.617755814,0,0,0,0,0,0,0,30486.777878706,275185.924262988,0,0,0,0,0,0
2016-11-26,8001,0,0,0,278598.897149658,0,0,0,0,0,0,0,17055.078131166,233530.529016792,0,0,0,0,0,0
2016-11-27,8002,0,0,0,276147.428452566,0,0,0,0,0,0,0,43634.67486291,193898.451747138,0,0,0,0,0,0
2016-11-28,8003,-267383.794846794,0,0,275070.935212326,0,0,188195.484149412,0,0,0,0,0,205390.0170867,0,0,0,0,0,0
2016-11-29,8004,-277639.839535626,0,0,277691.217622092,0,0,94100.188650252,0,0,0,0,57433.36094235,223771.139163798,0,0,0,0,0,0
2016-11-30,8005,-237936.811575138,0,0,275090.507816694,0,0,46257.403848222,0,0,0,0,0,177802.431230004,0,0,0,0,0,0
2016-12-01,8006,-253465.2265656,0,0,233562.33449889,0,0,311466.193034622,0,0,0,0,60476.900921574,337943.033593434,0,0,0,0,0,0
2016-12-02,8007,-68012.353603254,0,0,0,0,0,414237.045419898,0,0,0,0,41173.419863634,338588.929537578,0,0,0,0,0,0
2016-12-03,8008,-94555.251701808,0,0,0,0,0,423661.25442309,0,0,0,0,0,383635.27849053,0,0,0,0,0,0
2016-12-04,8009,-108608.381638032,0,0,0,0,0,556537.218901896,0,0,0,0,0,371480.691178002,0,0,0,0,0,0
2016-12-05,8010,-108212.03639958,0,0,0,0,0,506891.307922464,0,0,0,0,56613.75813444,341581.091430336,0,0,0,0,0,0
2016-12-06,8011,-238269.545849394,0,0,0,0,0,532595.03060874,0,0,0,0,0,268029.690790938,0,0,0,0,0,0
2016-12-07,8012,-146841.017695374,0,0,0,0,0,612642.089322768,0,0,0,0,58700.687075178,308716.242120918,0,0,0,0,0,0
2016-12-08,8013,-175769.326951278,0,0,0,0,0,539780.622987342,0,0,0,0,0,341791.496927292,0,0,0,0,0,0
2016-12-09,8014,-192048.840634362,0,0,0,0,0,538865.603733138,0,0,0,0,0,437207.943221292,0,0,0,0,0,0
2016-12-10,8015,-183635.067331668,0,0,0,0,0,531019.435957116,0,0,0,0,70630.189437474,491600.210759964,0,0,0,0,0,0
2016-12-11,8016,-162127.221706782,0,0,0,0,0,577704.990525888,0,0,0,0,0,472575.639314268,0,0,0,0,0,0
2016-12-12,8017,0,0,0,0,0,0,579336.85641507,0,0,0,0,13076.94629337,394353.725957556,0,0,0,0,0,0
2016-12-13,8018,0,0,0,0,0,0,579422.48655918,0,0,0,0,46531.420309374,235712.874403824,0,0,0,0,0,0
2016-12-14,8019,0,0,0,0,0,0,565261.707298932,0,0,0,0,317355.100373844,231761.654897034,0,0,0,0,0,0
2016-12-15,8020,-149047.828837866,0,0,0,0,0,482146.64285022,0,0,0,0,0,337722.841794294,0,0,0,0,0,0
2016-12-16,8021,-146344.362859536,0,0,0,0,0,567671.584211742,0,0,0,0,0,265663.852237956,0,0,0,0,0,0
2016-12-17,8022,-88617.412851666,0,0,0,0,0,565220.11551465,0,0,0,0,246619.708187892,197976.89318232,0,0,0,0,0,0
2016-12-18,8023,-88923.234794916,0,0,0,0,0,569986.044678258,0,0,0,0,437256.874732212,247175.080836834,0,0,0,0,0,0
2016-12-19,8024,-110110.579023276,0,0,0,0,0,569244.73228782,0,0,0,0,532937.55118518,169909.778518608,0,0,0,0,0,0
2016-12-20,8025,-207141.765177636,0,0,0,0,0,572990.439448746,0,0,0,0,234249.822227316,169750.751108118,0,0,0,0,0,0
2016-12-21,8026,-289038.43500444,0,0,0,0,0,512804.681017146,0,0,0,0,74791.81444122,169716.499050474,0,0,0,0,0,0
2016-12-22,8027,-203352.019656882,0,0,0,0,0,503148.047337084,0,0,0,0,71325.016892538,170298.784030422,0,0,0,0,0,0
2016-12-23,8028,-226388.974998018,0,0,0,0,0,576701.894552028,0,0,0,0,110164.403685288,170482.277196372,0,0,0,0,0,0
2016-12-24,8029,-223438.404889542,0,0,0,0,0,288894.087047226,0,0,0,0,104192.312777502,170117.737440018,0,0,0,0,0,0
2016-12-25,8030,-230646.016448058,0,0,0,0,0,292145.58594786,0,0,0,0,237364.312897374,169611.296301996,0,0,0,0,0,0
2016-12-26,8031,-112902.121721262,0,0,0,0,0,270943.562266224,0,0,0,0,433139.288088294,168547.035939486,0,0,0,0,0,0
2016-12-27,8032,-135461.994830928,0,0,0,0,0,136993.551122724,0,0,0,0,39539.107398906,93287.92556898,0,0,0,0,0,0
2016-12-28,8033,-158114.837811342,0,0,0,0,0,147836.773942596,0,0,0,0,68242.331704578,169200.271610268,0,0,0,0,0,0
2016-12-29,8034,-122123.264954136,0,0,0,0,0,310504.688845044,0,0,0,0,63268.44361956,43184.504962446,0,0,0,0,0,0
2016-12-30,8035,-219178.916863956,0,0,0,0,0,555206.281804872,0,0,0,0,86222.215392132,110223.121498392,0,0,0,0,0,0
2016-12-31,8036,-262488.197179248,0,0,0,0,0,442150.025824212,0,0,0,0,282095.053604892,169288.348329924,0,0,0,0,0,0
2017-01-01,8037,-95732.054539434,0,0,0,0,0,77245.729713858,0,0,0,0,418797.462237642,73796.058193998,0,0,0,0,0,0
2017-01-02,8038,-102019.753692654,0,0,0,0,0,148025.160259638,0,0,0,0,316968.541437576,59948.440603638,0,0,0,0,0,0
2017-01-03,8039,-124217.533621512,0,0,0,0,0,117726.768697974,0,0,0,0,316491.459206106,125005.330947324,0,0,0,0,0,0
2017-01-04,8040,-77103.82833219,0,0,0,0,0,106922.691086838,0,0,0,0,307404.877628262,6945.827975094,0,0,0,0,0,0
2017-01-05,8041,-114198.806760642,0,0,0,0,0,568344.392486892,0,0,0,0,382478.048257272,169794.789467946,0,0,0,0,0,0
2017-01-06,8042,-75753.318630798,0,0,0,0,0,408964.675118268,0,0,0,0,331780.10979306,52863.157822422,0,0,0,0,0,0
2017-01-07,8043,0,0,0,0,0,0,570149.96523984,0,0,0,0,277456.346369676,55500.56626101,0,0,0,0,0,0
2017-01-08,8044,0,0,0,0,0,0,581913.100465008,0,0,0,0,120951.355267602,171355.704666294,0,0,0,0,0,0
2017-01-09,8045,-241694.751613794,0,0,0,0,0,452535.739016982,0,0,0,0,26124.533680188,169875.526460964,0,-40089.586896756,0,0,0,0
2017-01-10,8046,-133808.109761832,0,0,0,0,0,194705.821677318,0,0,0,0,128496.594251466,90890.2815339,0,-43443.841970322,0,0,0,0
2017-01-11,8047,-134725.575591582,0,0,0,0,0,555883.983231114,0,0,0,0,219956.927887584,59033.421349434,0,0,0,0,0,0
2017-01-12,8048,-242900.913357972,0,0,0,0,0,498705.066145548,0,0,0,0,703662.039360606,169846.167554412,0,0,0,0,0,0
2017-01-13,8049,-113445.261492474,0,0,0,0,0,580107.52771206,0,0,0,0,622377.013420302,108070.135017912,0,0,0,0,0,0
2017-01-14,8050,-74128.792468254,0,0,0,0,0,379676.719257102,0,0,0,0,0,0,0,0,0,0,0,0
2017-01-15,8051,-43174.718660262,0,0,0,0,0,174709.95973986,0,0,0,0,60188.205007146,0,0,0,0,0,0,0
2017-01-16,8052,-218312.829120672,0,0,0,0,0,41775.27744795,0,0,0,0,0,0,0,0,0,0,0,0
2017-01-17,8053,-147384.157466586,0,0,0,0,0,40581.348581502,0,0,0,0,62923.476467574,0,0,0,0,0,0,0
2017-01-18,8054,-258742.490018322,0,0,0,0,0,41496.367835706,0,0,0,0,46024.979171352,0,0,0,0,0,0,0
2017-01-19,8055,-270030.989587566,0,0,0,0,0,513.78086466,0,0,0,0,0,0,0,0,0,0,0,0
2017-01-20,8056,-199782.465935268,0,0,0,0,0,41435.203447056,0,0,0,0,59745.37483332,0,0,0,0,0,0,0
2017-01-21,8057,-209277.625629294,0,0,0,0,0,46930.212123372,0,0,0,0,0,0,0,0,0,0,0,0
2017-01-22,8058,0,0,0,0,0,0,43451.18169696,0,0,0,0,0,0,0,0,0,0,0,0
2017-01-23,8059,-144.347957214,0,0,0,0,0,160265.377716276,0,0,0,0,8151.989719272,0,0,0,0,0,0,0
2017-01-24,8060,0,0,0,0,0,0,43615.102258542,0,0,0,0,59273.185752942,0,0,0,0,0,0,0
2017-01-25,8061,-131775.005483106,0,0,0,0,0,65003.065681674,0,0,0,0,0,0,0,0,0,0,0,0
2017-01-26,8062,-176155.885887546,0,0,0,0,0,493679.799974064,0,0,0,0,61869.002407248,0,0,0,0,0,0,0
2017-01-27,8063,-183365.944021608,0,0,0,0,0,342816.612081066,0,0,0,0,0,0,0,0,0,0,0,0
2017-01-28,8064,-205681.159576674,0,0,0,0,0,43319.066617476,0,0,0,0,62632.3339776,0,0,0,0,0,0,0
2017-01-29,8065,-24367.89243816,0,0,0,0,0,41332.447274124,0,0,0,0,4112.693492826,0,0,0,0,0,0,0
2017-01-30,8066,0,0,0,0,0,0,41369.145907314,0,0,0,0,56427.818392944,0,0,-97.86302184,0,0,0,0
2017-01-31,8067,-101731.057778226,0,0,0,0,0,39135.422433816,0,0,0,85.63014411,47272.732699812,0,0,0,0,0,0,0
2017-02-01,8068,-111901.472322948,0,0,0,0,0,40263.293760522,0,0,0,0,13529.56276938,0,0,0,0,0,0,0
2017-02-02,8069,-72181.318333638,0,0,0,0,0,40189.896494142,0,0,0,0,58884.180241128,0,0,0,0,0,0,0
2017-02-03,8070,0,0,0,0,0,0,43208.970717906,0,0,0,0,0,0,0,0,0,0,0,0
2017-02-04,8071,0,0,0,0,0,0,31631.775234234,0,0,0,0,61406.599629054,0,0,0,0,0,0,0
2017-02-05,8072,0,0,0,0,0,0,9514.732298394,0,0,0,0,0,0,0,0,0,0,0,0
2017-02-06,8073,0,0,0,0,0,0,42208.321319592,0,0,0,0,59486.037825444,0,0,0,0,0,0,0
2017-02-07,8074,-121832.122464162,0,0,0,0,0,44180.261209668,0,0,0,0,0,0,0,0,0,0,0,0
2017-02-08,8075,-230411.145195642,0,0,0,0,0,33880.178161008,0,0,0,0,55040.610058362,0,0,0,0,0,0,0
2017-02-09,8076,-109655.51597172,0,0,0,0,0,13874.529921366,0,0,0,0,0,0,0,0,0,0,0,0
2017-02-10,8077,-72501.819730164,0,0,0,0,0,277314.444988008,0,0,0,0,53330.453751708,0,0,0,0,0,0,0
2017-02-11,8078,0,0,0,0,0,0,0,0,0,0,0,0,0,0,0,0,0,0,0
2017-02-12,8079,0,0,0,0,0,0,43842.63378432,0,0,0,0,19308.374209032,0,0,0,0,0,0,0
2017-02-13,8080,-110783.387298426,0,0,0,0,0,37469.30448699,0,0,0,0,40918.97600685,0,0,0,0,0,0,0
2017-02-14,8081,-129255.032670726,48.93151092,0,14.679453276,0,0,2351.159099706,0,0,0,0,0,0,0,0,0,0,0,0
2017-02-15,8082,-149368.330234392,0,0,0,0,0,41454.776051424,0,0,0,0,11726.436591978,0,0,0,0,0,0,0
2017-02-16,8083,-148370.127411624,0,0,0,0,0,36745.118125374,0,0,0,0,60660.394087524,0,0,0,0,0,0,0
2017-02-17,8084,-169983.175784988,0,0,0,0,0,0,0,0,0,0,0,0,0,0,0,0,0,0
2017-02-18,8085,-101036.230323162,0,0,0,0,0,37014.241435434,0,0,0,0,0,0,0,0,0,0,0,0
2017-02-19,8086,-74652.359635098,0,0,0,0,0,0,0,0,0,0,52691.897534202,0,0,0,0,0,0,0
2017-02-20,8087,-90858.476051802,0,0,0,0,0,57240.081474216,0,0,0,0,0,0,0,0,0,0,0,0
2017-02-21,8088,-162278.909390634,0,0,0,0,0,34129.7288667,0,0,0,0,0,0,0,0,0,0,0,0
2017-02-22,8089,-61939.953098082,0,0,0,0,0,40999.712999868,0,0,0,0,64102.725880746,0,0,0,0,0,0,0
2017-02-23,8090,0,0,0,0,0,0,0,0,0,0,0,0,0,0,0,0,0,0,0
2017-02-24,8091,0,0,0,0,0,0,40728.143114262,0,0,0,0,0,0,0,0,0,0,0,0
2017-02-25,8092,0,0,0,0,0,0,35905.942713096,0,0,0,0,52383.629015406,0,0,0,0,0,0,0
2017-02-26,8093,0,0,0,0,0,0,0,0,0,0,0,0,0,0,0,0,0,0,0
2017-02-27,8094,0,0,0,0,0,0,39825.356737788,0,0,0,0,0,112.542475116,0,0,0,0,0,0
2017-02-28,8095,-100285.13163054,0,0,0,0,0,48336.993062322,0,0,0,0,110362.576304514,0,0,0,0,0,0,0
2017-03-01,8096,-110225.568073938,0,0,0,0,0,16631.820561708,0,0,0,0,145928.445016716,0,0,0,0,0,0,0
2017-03-02,8097,-120907.316907774,0,0,0,0,0,336382.118395086,0,0,0,0,204927.614308506,0,0,0,0,0,0,0
2017-03-03,8098,-160647.043501452,0,0,0,0,0,304280.60065602,0,0,0,0,167438.737217148,0,0,0,0,0,0,0
2017-03-04,8099,-208232.937871152,0,0,0,0,0,202826.005914492,0,0,0,0,157339.27336326,0,0,0,0,0,0,0
2017-03-05,8100,-80316.182024088,0,0,0,0,0,167318.855015394,0,0,0,0,83244.73295265,0,0,0,0,0,0,0
2017-03-06,8101,-131503.4355975,0,0,0,0,0,0,0,0,0,0,36825.855118392,0,0,0,0,0,0,0
2017-03-07,8102,-224649.459784812,0,0,0,0,0,38120.093582226,0,0,0,0,0,0,0,0,0,0,0,0
2017-03-08,8103,-260472.218929344,0,0,0,0,0,38022.230560386,0,0,0,0,42607.11313359,0,0,0,0,0,0,0
2017-03-09,8104,-232268.096035056,0,0,0,0,0,0,0,0,0,0,0,0,0,0,0,0,0,0
2017-03-10,8105,-114781.09174059,0,0,0,0,0,41968.556916084,0,0,0,0,0,0,0,0,0,0,0,0
2017-03-11,8106,-89468.821141674,0,0,0,0,0,0,0,0,0,0,38646.107324616,0,0,0,0,0,0,0
2017-03-12,8107,-113875.85878857,0,0,0,0,0,41046.197935242,0,0,0,0,39216.159426834,0,0,0,0,0,0,0
2017-03-13,8108,-164106.501323496,0,0,0,0,0,32287.457480562,0,0,0,0,0,0,0,0,0,0,0,0
2017-03-14,8109,0,0,0,0,0,0,8959.359649452,0,0,0,0,40833.34586274,0,0,0,0,0,0,0
2017-03-15,8110,-64883.18347992,0,0,0,0,0,40527.52391949,0,0,0,0,0,0,0,0,0,0,0,0
2017-03-16,8111,-93960.73384413,0,0,0,0,0,0,0,0,0,0,7638.208854612,0,0,0,0,0,0,0
2017-03-17,8112,-224018.243293944,0,0,0,0,0,40598.474610324,0,0,0,0,45875.738063046,0,0,0,0,0,0,0
2017-03-18,8113,-105317.737528662,0,0,0,0,0,0,0,0,0,0,0,0,0,0,0,0,0,0
2017-03-19,8114,-106944.710266752,0,0,0,0,0,41755.704843582,0,0,0,0,0,0,0,0,0,0,0,0
2017-03-20,8115,-253993.686883536,0,0,0,0,0,0,0,0,0,0,41924.518556256,0,0,0,0,0,0,0
2017-03-21,8116,-303326.43619308,0,0,0,0,0,34856.361803862,0,0,0,0,0,0,0,0,0,0,0,0
2017-03-22,8117,-203484.134736366,0,0,0,0,0,18278.365904166,0,0,0,0,0,0,0,0,0,0,0,0
2017-03-23,8118,-136191.074343636,0,0,0,0,0,22271.177195238,0,0,0,0,0,0,0,0,0,0,0,0
2017-03-24,8119,-106932.477389022,0,0,0,0,0,37028.92088871,0,0,0,0,0,0,0,0,0,0,0,0
2017-03-25,8120,0,0,0,0,0,0,0,0,0,0,0,0,0,0,0,0,0,0,0
2017-03-26,8121,0,0,0,0,0,0,40542.203372766,0,0,0,0,53213.0181255,0,0,0,0,0,0,0
2017-03-27,8122,-86139.031823568,0,0,0,0,0,584.731555494,0,0,0,0,131420.252028936,0,0,0,0,0,0,0
2017-03-28,8123,-80582.858758602,0,0,0,0,0,37831.397667798,0,0,0,0,0,0,0,0,0,0,0,0
2017-03-29,8124,-100835.61112839,0,0,0,0,0,100.309597386,0,0,0,0,0,0,0,0,0,0,0,0
2017-03-30,8125,-253981.454005806,0,0,0,0,0,55209.423771036,0,0,0,0,0,0,0,0,0,0,0,0
2017-03-31,8126,-120080.374373226,0,0,0,0,0,0,0,0,0,0,0,0,0,0,0,0,0,0
2017-04-01,8127,-73304.296509252,0,0,0,0,0,39536.66082336,0,0,0,0,0,0,0,0,0,0,0,0
2017-04-02,8128,-79239.688783848,0,0,0,0,0,8917.76786517,0,0,0,0,23822.306091402,0,0,0,0,0,0,0
2017-04-03,8129,-165738.367212678,51170.12754459,0,0,0,0,38049.142891392,0,0,0,0,19944.483850992,0,0,0,0,0,0,0
2017-04-04,8130,-184295.642729088,211210.420310634,0,0,0,0,33985.380909486,0,0,0,0,0,0,0,0,0,0,0,0
2017-04-05,8131,-253876.251257328,271256.723936112,0,0,0,0,269.12331006,0,0,0,0,0,0,0,-41.591784282,0,0,0,0
2017-04-06,8132,-218038.81265952,167656.482440742,0,0,0,0,51341.38783281,0,0,0,0,3070.45231023,0,0,0,0,0,0,0
2017-04-07,8133,-181430.702764722,151164.116685156,0,0,0,0,0,0,0,0,0,34367.046694662,0,0,0,0,0,0,0
2017-04-08,8134,-185673.064761486,358792.750396446,0,0,0,0,37528.022300094,0,0,0,0,0,0,0,0,0,0,0,0
2017-04-09,8135,-69636.879765798,402530.181432288,0,0,0,0,37836.29081889,0,0,0,0,0,0,0,0,0,0,0,0
2017-04-10,8136,-126886.747542198,375077.157230622,0,0,0,0,0,0,0,0,0,37630.778473026,0,0,0,0,0,0,0
2017-04-11,8137,-314059.563113382,449029.796259564,0,0,0,0,54695.642906376,0,0,0,0,0,0,0,0,0,0,0,0
2017-04-12,8138,-263437.468491096,421897.273454424,0,0,0,0,22613.697771678,0,0,0,0,41870.693894244,0,0,0,0,0,0,0
2017-04-13,8139,-224551.596762972,320934.440397642,0,0,0,0,21928.656618798,0,0,0,0,1406.78093895,0,0,0,0,0,0,0
2017-04-14,8140,-304265.921202744,474907.225809606,0,0,0,0,41670.074699472,0,0,0,0,0,0,0,0,0,0,0,0
2017-04-15,8141,-183909.08379282,429550.161762312,0,0,0,0,0,0,0,0,0,47585.8943697,0,0,0,0,0,0,0
2017-04-16,8142,-177457.464078018,414415.645434756,0,0,0,0,37486.430515812,0,0,0,0,0,0,0,0,0,0,0,0
2017-04-17,8143,-274848.29683764,420407.30894691,0,0,0,0,165021.5205777,225.084950232,0,0,0,3826.444153944,0,0,0,0,0,0,0
2017-04-18,8144,-382947.790762104,516768.133401666,0,0,0,0,217879.78524903,0,0,0,0,42460.31860083,0,0,0,0,0,0,0
2017-04-19,8145,-338400.543220536,572315.18459805,0,0,0,0,223298.95008342,0,0,0,0,0,0,0,0,0,0,0,0
2017-04-20,8146,-318840.171730266,511872.53573412,0,0,0,0,138390.54575949,0,0,0,0,46565.672367018,0,0,0,0,0,0,0
2017-04-21,8147,-366098.224976802,431857.28250219,0,0,0,0,203929.411485738,0,0,0,0,0,0,0,0,0,0,0,0
2017-04-22,8148,-172527.614352828,406045.91049189,0,0,0,0,114771.305438406,0,0,0,0,43967.409137166,0,0,0,0,0,0,0
2017-04-23,8149,0,109714.233784824,0,0,0,0,371284.965134322,0,0,0,0,73654.15681233,0,0,0,0,0,0,0
2017-04-24,8150,0,0,0,0,0,0,713186.557961184,0,0,0,0,47620.146427344,29402.944911828,0,0,0,0,0,0
2017-04-25,8151,0,0,0,0,0,0,1202540.81236992,0,0,0,0,600147.428009346,650265.528069156,0,-141.901381668,0,0,0,0
2017-04-26,8152,0,0,0,0,0,0,949144.089919608,0,0,0,0,808507.58780889,599687.471806698,0,0,0,0,0,0
2017-04-27,8153,0,0,0,0,0,0,328871.131468866,0,0,0,0,743930.22627222,412588.053501894,0,0,0,0,0,0
2017-04-28,8154,0,0,0,0,0,0,131388.446546838,0,0,0,0,651594.018590634,302073.789513528,0,0,0,0,0,0
2017-04-29,8155,0,0,0,0,0,0,54619.79906445,0,0,0,0,608115.924562668,292549.27091295,0,0,0,0,0,0
2017-04-30,8156,0,0,0,0,0,0,42553.288471578,0,0,0,0,529901.350932594,177584.68600641,0,0,0,0,0,0
2017-05-01,8157,0,0,0,0,0,0,84773.8426689,0,0,0,0,5578.19224488,176760.190047408,0,0,0,0,0,0
2017-05-02,8158,0,0,0,0,0,0,194664.229893036,0,0,0,0,56740.980062832,100877.202912672,0,0,0,0,0,0
2017-05-03,8159,0,0,0,0,0,0,512034.009720156,0,0,0,0,392217.865505898,515816.415514272,0,0,0,0,0,0
2017-05-04,8160,0,0,0,0,0,0,176185.244794098,0,0,0,0,3870252.53567068,1000639.61201182,0,0,0,-200619.194772,0,0
2017-05-05,8161,0,0,0,0,0,0,348776.470111122,0,0,0,0,4701212.34726521,755686.02177075,0,0,0,-344967.151986,0,0
2017-05-06,8162,0,0,0,0,0,0,0,0,0,0,0,4602497.9171352,751636.93924212,0,0,0,-347413.727532,0,0
2017-05-07,8163,0,0,0,0,0,0,41073.110266248,0,0,0,0,4073626.57450747,725331.358971528,0,0,0,-347413.727532,0,0
2017-05-08,8164,0,0,0,0,0,0,41432.75687151,0,0,0,0,3148593.48659369,369498.964985742,0,0,0,-347413.727532,0,0
2017-05-09,8165,0,0,0,0,0,0,36351.219462468,0,0,0,0,1519587.64422497,279489.450648402,0,0,0,-327841.123164,-420810.993912,0
2017-05-10,8166,0,0,0,192751.007816064,0,0,0,0,0,0,0,646343.667468918,174944.830992276,0,0,0,-308268.518796,-606750.735408,0
2017-05-11,8167,0,0,0,270588.808812054,0,0,41229.691101192,0,0,0,0,81952.941064362,242054.398219056,0,0,0,-303375.367704,-599411.00877,0
2017-05-12,8168,0,0,0,273644.581669008,0,0,37709.068890498,0,0,0,0,38704.82513772,157779.65696154,0,0,0,-300928.792158,-592071.282132,0
2017-05-13,8169,0,0,0,274464.184476918,0,0,40561.775977134,0,0,0,0,98978.660288976,175182.148820238,0,0,0,-296035.641066,-584731.555494,0
2017-05-14,8170,0,0,0,271785.184254048,0,0,0,0,0,0,0,101209.937186928,518.674015752,0,0,0,-293589.06552,-582284.979948,0
2017-05-15,8171,0,0,0,259701.547632354,0,0,98655.712316904,0,0,0,0,70295.008587672,0,0,0,0,-288695.914428,-574945.25331,0
2017-05-16,8172,0,137074.288115742,0,245508.962890008,0,0,106267.00884051,0,0,0,0,0,0,0,0,0,-286249.338882,-570052.102218,0
2017-05-17,8173,-97787.177998074,182421.565860852,0,224123.446042422,0,0,130182.28480266,0,0,0,0,39199.033398012,0,0,0,0,-283802.763336,-560265.800034,0
2017-05-18,8174,-58155.10072842,185049.187997256,0,213272.883495912,0,0,85847.889333594,0,0,0,0,0,0,0,0,0,-232424.67687,-286249.338882,0
2017-05-19,8175,0,188327.599228896,0,201896.307207012,0,0,48806.735567154,0,0,0,0,0,0,0,0,0,-232424.67687,0,0
2017-05-20,8176,0,189631.623994914,0,198679.060364022,0,0,37109.657881728,0,0,0,0,0,0,0,0,0,-298482.216612,0,0
2017-05-21,8177,-92243.237810838,256266.55556577,0,190111.15280193,0,0,0,0,0,0,0,0,0,0,0,0,-296035.641066,0,0
2017-05-22,8178,-78713.675041458,207065.92133571,0,194713.161403956,0,0,41586.891130908,0,0,0,0,67175.624766522,0,0,0,0,-293589.06552,0,0
2017-05-23,8179,-85747.579736208,180973.19313762,0,161850.758670084,0,0,44451.831095274,0,0,0,0,0,0,0,0,0,-137008.230576,0,0
2017-05-24,8180,-119953.152444834,104295.068950434,0,0,0,0,40248.614307246,0,0,0,0,71645.518289064,0,0,0,0,0,0,0
2017-05-25,8181,0,0,0,0,0,0,89395.423875294,0,0,0,0,0,0,0,0,0,0,0,0
2017-05-26,8182,0,0,0,0,0,0,114685.675294296,0,0,0,0,0,0,0,0,0,0,0,0
2017-05-27,8183,0,0,0,0,0,0,242166.940694172,0,0,0,0,46206.025761756,0,0,0,0,0,0,0
2017-05-28,8184,0,0,0,0,0,0,39710.367687126,0,0,0,0,0,0,0,0,0,0,0,0
2017-05-29,8185,0,0,0,0,0,0,24306.72804951,0,0,0,0,0,0,0,0,0,0,0,0
2017-05-30,8186,0,0,0,0,0,0,16027.516401846,0,0,0,0,44503.20918174,0,0,0,0,0,0,0
2017-05-31,8187,0,0,0,0,0,0,38213.063452974,0,0,0,0,0,0,0,0,0,0,0,0
2017-06-01,8188,0,0,0,0,0,0,280869.319256346,0,0,0,0,0,0,0,0,0,0,0,0
2017-06-02,8189,0,0,0,0,0,0,230956.7315424,0,0,0,0,41789.956901226,0,0,0,0,0,0,0
2017-06-03,8190,0,0,0,0,0,0,573315.833996364,0,0,0,0,58189.352786064,135784.942803,0,0,0,0,0,0
2017-06-04,8191,0,0,0,0,0,0,1631574.74669203,0,0,0,0,0,264624.057630906,0,0,0,0,0,0
2017-06-05,8192,0,0,0,0,0,0,2313261.64449846,0,0,0,0,131926.693166958,463190.575519812,0,0,0,0,0,0
2017-06-06,8193,0,0,0,0,0,0,3257422.06003087,0,0,0,0,1537677.62381209,651129.169236894,0,0,0,0,-2277761.833326,0
2017-06-07,8194,0,0,0,0,0,0,5297726.61058874,0,0,0,0,3918995.66027363,923163.904196634,0,-22.019179914,0,-3153635.878794,-6307271.757588,-3381167.404572
2017-06-08,8195,-4513.93188237,0,0,0,0,0,5915863.70858783,0,0,0,0,5477251.43100313,687521.980483644,0,0,0,-4775715.465792,-3581786.599344,-5054625.078036
2017-06-09,8196,0,0,0,0,0,0,5738225.19791941,0,0,0,0,6279806.5005086,558528.73139634,0,0,0,-4487019.551364,-3038646.828132,-4354904.47188
2017-06-10,8197,0,0,0,0,0,0,5590160.89245103,0,0,0,0,6093299.15348593,538293.105055374,0,0,0,-4342671.59415,-2720592.007152,-4034403.075354
2017-06-11,8198,0,0,0,0,0,0,4566031.70862207,0,0,0,0,6048565.96620287,473182.390049676,0,0,0,-4220342.81685,-2490613.905828,-3848463.333858
2017-06-12,8199,-2079.5892141,0,0,0,0,0,3746482.72537408,0,0,0,0,5741268.73789863,404962.077525012,0,0,0,-4154285.277108,-2343819.373068,-3667416.743454
2017-06-13,8200,-532237.830579024,0,0,0,0,0,2877126.35716063,0,0,0,0,5237276.62199818,255393.128095848,0,0,0,-4051529.104176,-2101608.394014,-3464350.973136
2017-06-14,8201,-314128.06722867,0,0,0,0,0,2904334.72380769,0,0,0,0,3541396.08365509,287981.514368568,0,0,0,-4012383.89544,-2082035.789646,-3342022.195836
2017-06-15,8202,-40189.896494142,0,0,0,0,0,2848650.66438073,0,0,0,0,2979752.86158869,447189.971448972,0,0,0,-3951219.50679,-2064909.760824,-3356701.649112
2017-06-16,8203,0,0,0,0,0,0,2831289.76430632,0,0,0,0,2544947.45555357,441435.62576478,0,0,0,-3909627.722508,-2062463.185278,-3329789.318106
2017-06-17,8204,-665541.94577838,0,0,0,0,0,2713071.2339236,0,0,0,0,3423732.92592131,383097.03187041,0,0,0,-3924307.175784,-2023317.976542,-3222139.994082
2017-06-18,8205,-1228552.80357499,0,0,0,0,0,2527363.91710447,0,0,0,0,4654641.7817471,383334.349698372,0,0,0,-3894948.269232,-1886309.745966,-3043539.979224
2017-06-19,8206,-1035970.6094716,0,0,0,0,0,3788999.31521247,0,0,0,0,4126320.91861722,245063.686140636,0,0,0,-3890055.11814,-1903435.774788,-3014181.072672
2017-06-20,8207,-1054801.90144916,0,0,0,0,0,3233829.73204079,0,0,0,0,3865033.99003106,418709.385517986,0,0,0,-3841123.60722,-1888756.321512,-2989715.317212
2017-06-21,8208,-1352376.4385336,0,0,0,0,0,2106709.50402741,0,0,0,0,4060138.60352237,308877.716106954,0,0,0,-3762833.189748,-1737068.63766,-2828241.331176
2017-06-22,8209,-1554348.58958254,0,0,0,0,0,868184.458526922,0,0,0,-36.69863319,2103538.74211979,213373.193093298,0,0,0,-3686989.347822,-1534002.867342,-2703465.97833
2017-06-23,8210,-1920285.3405733,0,0,0,0,0,444469.37944182,-430122.660440076,0,0,-400922.781298566,1082612.12568055,238198.59515856,0,0,0,-3530408.512878,-1465498.752054,-2534652.265656
2017-06-24,8211,-1918971.5295051,0,0,0,0,0,326752.39704603,-1104323.03707575,0,0,-965692.726912752,573034.477808574,208553.439267678,0,0,0,-3266178.35391,-1328490.521478,-2409876.91281
2017-06-25,8212,-1926734.51371256,0,0,0,0,0,178639.160066736,-1543162.84618622,0,0,-1201217.21499953,401818.227948402,171617.488249716,0,0,0,-1247753.52846,-893000.07429,-1181695.988718
2017-06-26,8213,-1683899.65789433,0,0,0,0,0,38739.077195364,-1280368.82706373,0,0,-1370258.45919931,134260.726237842,172782.058209612,0,0,0,0,-743758.965984,0
2017-06-27,8214,-1761715.4397104,0,0,0,0,0,40718.356812078,-587165.89816227,0,0,-731575.01976492,123153.273259002,172867.688353722,0,0,0,0,-819602.80791,0
2017-06-28,8215,-1753061.9020042,0,0,164889.405498216,0,0,47412.187505934,-307138.200893748,0,0,-261392.13133464,94792.56952977,107196.70754799,0,0,0,0,-863641.167738,0
2017-06-29,8216,-2077864.37834007,0,0,229001.917681146,0,0,102266.8578228,-203958.77039229,0,0,-154491.459427716,90376.50066924,170232.72649068,0,0,0,0,-344967.151986,0
2017-06-30,8217,-2082529.99790629,0,0,221755.160913894,0,0,157909.325465478,0,0,0,0,72925.077299622,89752.62390501,0,0,0,0,0,0
2017-07-01,8218,-2089510.07793903,0,0,235950.192231786,0,0,583451.996483442,0,0,0,0,17172.513757374,95091.051746382,0,0,0,0,0,0
2017-07-02,8219,-2094694.371521,0,0,237124.548493866,0,0,581316.136031784,0,0,0,0,146170.65599577,151183.689289524,0,0,0,0,0,0
2017-07-03,8220,-2096106.04561105,0,0,229992.780777276,0,0,32006.101292772,-247.104130146,0,0,-469.742504832,214094.932879368,39321.362175312,0,0,0,0,0,0
2017-07-04,8221,-2096101.15245995,0,0,219205.829194962,0,0,10664.622805014,-284446.212704598,0,0,-443353.740992844,45256.754449908,0,0,0,0,0,0,0
2017-07-05,8222,-2095562.90583983,0,0,208979.143412682,0,0,41963.663764992,-645.895944144,0,0,-221784.519820446,49550.494533138,105043.72106751,0,0,0,0,0,0
2017-07-06,8223,-1455802.9731652,0,0,205480.540381902,0,0,40001.5101771,0,0,0,0,49376.787669372,0,0,0,0,0,0,0
2017-07-07,8224,-1038424.52474424,0,0,207560.129596002,0,0,40434.554048742,0,0,0,0,47373.042297198,0,0,0,0,0,0,0
2017-07-08,8225,-1039799.50020109,0,0,211667.929937736,0,0,42386.92133445,0,0,0,0,50901.00423453,6566.608765464,0,0,0,0,0,0
2017-07-09,8226,-1036707.02871095,0,0,43345.978948482,0,0,44434.705066452,0,0,0,0,0,71667.537468978,0,0,0,0,0,0
2017-07-10,8227,-1018188.89840327,0,0,0,0,0,10950.872143896,0,0,0,0,48718.658847498,0,0,0,0,0,0,0
2017-07-11,8228,-1013129.38017415,0,0,0,0,0,30753.45461322,0,0,0,0,49650.804130524,80.736993018,0,0,0,0,0,0
2017-07-12,8229,-376824.012170466,0,0,0,0,0,145006.086035874,0,0,0,0,55473.653930004,135745.797594264,0,0,0,0,0,0
2017-07-13,8230,0,0,0,0,0,0,445125.061688148,0,0,0,0,53584.897608492,104424.737454372,0,0,0,0,0,0
2017-07-14,8231,0,0,0,0,0,0,157931.344645392,0,0,0,0,31247.662873512,120518.31139596,0,0,0,0,0,0
2017-07-15,8232,0,0,0,0,0,0,63532.673778528,0,0,0,0,19641.108483288,314864.486468016,0,0,0,0,0,0
2017-07-16,8233,0,0,0,0,0,0,74581.408944264,0,0,0,0,45151.55170143,257869.0625484,0,0,0,0,0,0
2017-07-17,8234,0,0,0,0,0,0,37097.425003998,0,0,0,0,42876.23644365,199762.8933309,0,0,0,0,0,0
2017-07-18,8235,0,0,0,0,0,0,36316.967404824,0,0,0,0,54813.078532584,241029.283065282,0,0,0,0,0,0
2017-07-19,8236,-112469.07784962,0,0,0,0,0,119679.135983682,0,0,0,0,53445.44280237,239275.0883988,0,0,0,0,0,0
2017-07-20,8237,0,0,0,0,0,0,160184.640723258,0,0,0,0,52909.642757796,170450.471714274,0,0,0,0,0,0
2017-07-21,8238,-30146.703877812,0,0,0,0,0,121188.673095564,0,0,0,0,86740.889407884,170320.803210336,0,0,0,0,0,0
2017-07-22,8239,-115786.634289996,0,0,0,0,0,0,0,0,0,0,201614.951019222,170054.126475822,0,0,0,0,0,0
2017-07-23,8240,0,0,0,0,0,0,197815.419196284,0,0,0,0,140920.304874054,60494.026950396,0,0,0,0,0,0
2017-07-24,8241,0,0,0,0,0,0,164150.539683324,0,0,0,0,126451.25709501,61683.062665752,0,0,0,0,0,0
2017-07-25,8242,0,0,0,0,0,0,0,0,0,0,0,55710.971757966,117888.24268401,0,0,0,0,0,0
2017-07-26,8243,0,0,0,0,0,0,40892.063675844,0,0,0,0,53944.544213754,0,0,0,0,0,0,0
2017-07-27,8244,0,0,0,0,0,0,116581.771342446,0,0,0,0,71623.49910915,97752.92594043,0,0,0,0,0,0
2017-07-28,8245,0,0,0,0,0,0,0,0,0,0,0,29779.717545912,0,0,0,0,0,0,0
2017-07-29,8246,0,0,0,0,0,0,0,0,0,0,0,46470.255920724,0,0,0,0,0,0,0
2017-07-30,8247,0,0,0,0,0,0,53347.57978053,0,0,0,0,43487.88033015,0,0,0,0,0,0,0
2017-07-31,8248,0,0,0,0,0,0,258238.495455846,0,0,0,0,116214.785010546,0,0,0,0,0,0,0
2017-08-01,8249,0,0,0,0,0,0,483597.462148998,0,0,0,0,208851.92148429,164485.720533126,0,0,0,0,0,0
2017-08-02,8250,-57022.336250622,0,0,0,0,0,520097.922719772,0,0,0,0,210383.477776086,171456.01426368,0,0,0,0,0,0
2017-08-03,8251,-504036.154260282,0,0,0,0,0,137818.047081726,0,0,0,0,207922.22277681,170540.995009476,0,0,0,0,0,0
2017-08-04,8252,-522581.196898962,0,0,0,0,0,39700.581384942,0,0,0,0,202571.562057708,53599.577061768,0,0,0,0,0,0
2017-08-05,8253,-525387.419050224,0,0,0,0,0,77429.222879808,0,0,0,0,198948.183674082,0,0,0,0,0,0,0
2017-08-06,8254,-522409.936610742,0,0,0,0,0,0,0,0,0,0,196702.227322854,0,0,0,0,0,0,0
2017-08-07,8255,-194700.928526226,0,0,0,0,0,43871.992690872,0,0,0,0,56689.601976366,0,0,0,0,0,0,0
2017-08-08,8256,0,0,0,0,0,0,489258.837962442,0,0,0,0,51382.979617092,0,0,0,0,0,0,0
2017-08-09,8257,0,0,0,0,0,0,903177.82856136,0,0,0,0,50636.774075562,0,0,0,0,0,0,0
2017-08-10,8258,0,0,0,0,0,0,285219.330577134,0,0,0,0,55869.999168456,73539.167761668,0,0,0,0,0,0
2017-08-11,8259,0,0,0,0,0,0,481116.634545354,0,0,0,0,127300.218809472,274141.236504846,0,0,0,0,0,0
2017-08-12,8260,0,0,0,0,0,0,120364.177136562,0,0,0,0,95289.224365608,171338.578637472,0,0,0,0,0,0
2017-08-13,8261,0,0,0,0,0,0,108192.463795212,0,0,0,0,84739.590611256,158190.681653268,0,0,0,0,0,0
2017-08-14,8262,0,0,0,0,0,0,225615.857125482,0,0,0,0,74583.85551981,276979.264138206,0,0,0,0,0,0
2017-08-15,8263,0,0,0,0,0,0,53305.987996248,0,0,0,0,57541.010266374,283166.65369404,0,0,0,0,0,0
2017-08-16,8264,0,0,0,0,0,0,174502.00081845,0,0,0,0,90716.574670134,171463.353990318,0,0,0,0,0,0
2017-08-17,8265,0,0,0,0,0,0,184657.735909896,0,0,0,0,218562.379826364,224705.73102237,0,0,0,0,0,0
2017-08-18,8266,0,0,0,0,0,0,0,0,0,0,0,194519.881935822,193781.01612093,0,0,0,0,0,0
2017-08-19,8267,0,0,0,0,0,0,39959.918392818,0,0,0,0,126850.048909008,169660.227812916,0,0,0,0,0,0
2017-08-20,8268,0,0,0,0,0,0,153074.892186582,0,0,0,0,58204.03223934,50242.875412656,0,0,0,0,0,0
2017-08-21,8269,0,0,0,0,0,0,0,0,0,0,0,53252.163334236,134468.685159252,0,-90.523295202,0,0,0,0
2017-08-22,8270,0,0,0,0,0,0,152233.270198758,0,0,0,0,51473.502912294,51752.412524538,0,0,0,0,0,0
2017-08-23,8271,-298399.033043436,0,0,0,0,0,35888.816684274,0,0,0,0,81984.74654646,79398.716194338,0,-29.358906552,0,0,0,0
2017-08-24,8272,-311527.357423272,0,0,0,0,0,247140.82877919,0,0,0,0,82077.716417208,87435.716862948,0,0,0,0,0,0
2017-08-25,8273,-193379.777731386,0,0,0,0,0,425085.161390862,0,0,0,0,52195.242698364,0,0,0,0,0,0,0
2017-08-26,8274,-192951.627010836,0,0,0,0,0,83000.07539805,0,0,0,0,462733.06589271,108375.956961162,0,0,0,0,0,0
2017-08-27,8275,-289831.125481344,0,0,0,0,0,207024.329551428,0,0,0,0,293620.871002098,22765.38545553,0,0,0,0,0,0
2017-08-28,8276,-301689.677152806,0,0,0,0,0,94337.506478214,0,0,0,0,175265.332388802,179047.738182918,0,0,0,0,0,0
2017-08-29,8277,0,0,0,0,0,0,38413.682647746,0,0,0,0,0,0,0,0,0,0,0,0
2017-08-30,8278,0,0,0,0,0,0,0,0,0,0,0,93821.279038008,116417.850780864,0,0,0,0,0,0
2017-08-31,8279,0,0,0,0,0,0,37846.077121074,0,0,0,-14.679453276,45795.001070028,4460.107220358,0,0,0,0,0,0
2017-09-01,8280,-1859.39741496,0,0,190930.75560984,0,0,0,0,0,0,0,25339.182929922,113340.058743996,0,0,0,0,0,0
2017-09-02,8281,0,0,0,249543.365965362,0,0,36407.490700026,0,0,0,0,15518.628688278,0,0,0,0,0,0,0
2017-09-03,8282,0,0,0,246908.40410232,0,0,0,0,0,0,0,0,0,0,0,0,0,0,0
2017-09-04,8283,0,0,0,248077.867213308,0,0,41459.669202516,0,0,0,0,0,50284.467196938,0,0,0,0,0,0
2017-09-05,8284,-97170.640960482,0,0,67633.134393624,0,0,214784.86718334,0,0,0,0,92639.58304929,81062.387565618,0,0,0,0,0,0
2017-09-06,8285,-123454.20205116,0,0,0,0,0,334728.23332599,0,0,0,0,58338.59389437,140015.071922034,0,0,0,0,0,0
2017-09-07,8286,-490029.509259432,0,0,0,0,0,994966.003320642,0,0,0,0,495683.545346238,582333.91145892,0,0,0,-2965249.561752,-2989715.317212,-3691882.498914
2017-09-08,8287,-119312.149651782,0,0,0,0,0,572762.907922968,0,0,0,0,1712859.77263233,872478.198610152,0,0,0,-3934093.477968,-2559118.021116,-3907181.146962
2017-09-09,8288,0,0,0,0,0,0,520809.876203658,0,0,0,0,1663808.37951058,631710.699128292,0,0,0,-3486370.15305,-1891202.897058,-3090024.914598
2017-09-10,8289,0,0,0,0,0,0,2763544.08743758,0,0,0,0,2070708.14486802,40615.600639146,0,0,0,-4068655.132998,-1751748.090936,-2950570.108476
2017-09-11,8290,0,0,0,0,0,0,3841209.23736411,0,0,0,0,0,0,0,0,0,-4066208.557452,-2468594.725914,-3376274.25348
2017-09-12,8291,0,0,0,0,0,0,4672450.40514643,0,0,0,0,0,0,0,0,0,-3946326.355698,-2715698.85606,-3567107.146068
2017-09-13,8292,0,0,0,0,0,0,5420300.04544334,0,0,0,0,896777.586933024,0,0,0,0,-3709008.527736,-2517526.236834,-3378720.829026
2017-09-14,8293,-352103.812853682,0,0,0,0,0,5959542.42181057,0,0,0,0,2482647.85585022,0,0,0,0,-1529109.71625,-2172559.084848,-2745057.762612
2017-09-15,8294,-566690.507417796,0,0,0,0,0,5907508.65309824,0,0,0,0,1646880.5233078,0,0,0,0,0,-2632515.287496,-2630068.71195
2017-09-16,8295,-1100802.41486506,0,0,0,0,0,5353418.00974234,0,0,0,0,2269282.00248356,0,0,0,0,0,-2781756.395802,-2767076.942526
2017-09-17,8296,-1213166.2899662,0,0,0,0,0,4245063.01616678,0,0,0,0,2289307.22332757,0,0,0,0,0,-2793989.273532,-2779309.820256
2017-09-18,8297,-925962.786621258,0,0,0,0,0,3100645.49904319,0,0,0,0,1672814.2240954,0,0,0,0,0,-1903435.774788,-1174356.26208
2017-09-19,8298,-1280855.69559738,0,0,0,0,0,2737417.10718184,0,0,0,0,1181125.93661578,0,0,0,0,0,-1392101.485674,0
2017-09-20,8299,-1385848.03857842,0,0,0,0,0,1665709.36870982,0,0,0,0,979002.097882992,119757.426401154,0,0,0,0,-1470391.903146,0
2017-09-21,8300,-1438642.69228556,0,0,0,0,0,1049468.36675888,0,0,0,0,812989.714209162,166819.75360401,0,0,0,0,-584731.555494,0
2017-09-22,8301,-1370505.56332946,0,0,0,0,0,1262222.57623904,0,0,0,0,771407.716229346,156779.007563226,0,0,0,0,0,0
2017-09-23,8302,-1131313.65849922,0,0,0,0,0,842578.598862486,0,0,0,0,806058.565687344,166044.189155928,0,0,0,0,0,0
2017-09-24,8303,-1373598.0348196,0,0,0,0,0,775131.404210358,0,0,0,0,552551.747337462,117085.765904922,0,0,0,0,0,0
2017-09-25,8304,-875898.51122346,0,0,0,0,0,864015.493796538,0,0,0,0,187407.6868236,2715.69885606,0,0,0,0,0,0
2017-09-26,8305,0,0,0,0,0,0,1125569.09911721,0,0,0,0,204120.244378326,166533.504265128,0,0,0,0,0,0
2017-09-27,8306,0,0,0,0,0,0,856717.35894282,0,0,0,0,108495.839162916,132075.934275264,0,0,0,0,0,0
2017-09-28,8307,0,0,0,0,0,0,266666.948211816,0,0,0,0,120493.8456405,337505.0965707,0,0,0,0,0,0
2017-09-29,8308,0,0,0,0,0,0,706049.897093502,0,0,0,0,474486.414815694,417275.69224803,0,0,0,0,0,0
2017-09-30,8309,0,0,0,0,0,0,770842.55727822,0,0,0,0,1289629.11550534,872311.831473024,0,0,0,0,0,0
2017-10-01,8310,0,0,0,0,0,0,923408.561751234,0,0,0,0,2762741.61065849,881170.88152509,0,0,0,0,0,0
2017-10-02,8311,-855912.435588186,0,0,0,0,0,1549827.31797353,0,0,0,0,3577923.45655687,713538.864839808,0,0,0,0,0,0
2017-10-03,8312,-1466041.89182521,0,0,0,0,0,954717.389013396,0,0,0,0,3819297.70677413,723929.47118367,0,0,0,0,0,0
2017-10-04,8313,-1328179.80638366,0,0,0,0,0,977392.251173724,0,0,0,0,4128784.62019204,674259.094448778,0,0,0,0,0,0
2017-10-05,8314,-483423.755285232,0,0,0,0,0,2534287.72589965,0,0,0,0,4367817.49761179,824948.57547801,0,0,0,0,0,0
2017-10-06,8315,-1122141.44677727,279959.193153234,0,303820.644453372,0,0,4172522.05122788,0,0,0,0,4843370.61936554,834972.195489972,0,0,0,0,0,0
2017-10-07,8316,-1143184.44304841,465350.90172693,0,404108.222659458,0,0,5003704.5011971,0,0,0,0,5384616.74110493,796945.071778494,0,0,0,0,0,0
2017-10-08,8317,-1128556.36785888,467403.578610024,0,402708.781447146,0,0,3244736.56582486,0,0,0,0,5454556.99623844,733801.40351178,0,0,0,0,0,0
2017-10-09,8318,-1161812.66925566,456606.840725526,0,422812.292708628,0,0,2005533.81889813,0,0,0,0,5663103.09577948,689829.101223522,0,0,0,0,0,0
2017-10-10,8319,-1165876.43123756,386140.571849634,0,432821.233267314,0,0,1709806.44635092,0,0,0,0,4331419.79321395,532387.07168733,0,0,0,0,0,0
2017-10-11,8320,-1248404.31755524,444143.984894202,0,446617.472771208,0,0,1559266.20643,0,0,0,0,2245802.2169686,526226.594462502,0,0,0,0,0,0
2017-10-12,8321,-1322736.17579381,134987.359175004,0,451295.32521516,0,0,1642603.90925339,0,0,0,0,1154130.42204122,589022.849001684,0,0,0,0,0,-415917.84282
2017-10-13,8322,-385942.399230408,241628.694074052,0,467239.658048442,0,0,1543062.53658884,0,0,0,0,830531.660873982,576168.541083,0,0,0,0,0,-1326043.945932
2017-10-14,8323,-1020828.75341741,406459.381759164,0,459535.391654088,0,0,1427373.76532068,0,0,0,0,713394.516882594,623257.780616862,0,0,0,0,0,-1311364.492656
2017-10-15,8324,-1161271.97605999,452491.700657154,0,463794.879679674,0,0,1445710.84903795,0,0,0,0,1061987.49382777,512151.445346364,0,0,0,0,0,-1306471.341564
2017-10-16,8325,-797042.934800334,420025.643161734,0,470195.12130801,0,0,1348415.43272462,0,0,0,0,787611.386070504,493684.693125156,0,0,0,0,0,-1306471.341564
2017-10-17,8326,-882773.38850772,423296.714666736,0,472746.899602488,0,0,1012852.91713745,0,0,0,0,630548.575743942,449856.738794112,0,0,0,0,0,-1306471.341564
2017-10-18,8327,-1237399.62074933,243598.187388582,0,467300.822437092,0,0,237885.433488672,0,0,0,0,558298.753295016,478070.647990584,0,0,0,0,0,-1306471.341564
2017-10-19,8328,-1482788.70143758,0,0,455119.322793558,0,0,9871.93232811,0,0,0,0,114360.280746678,581149.768894656,0,0,0,0,0,-552926.073396
2017-10-20,8329,-1487180.30454265,0,0,441670.497017196,0,0,326894.298427698,0,0,0,0,53063.777017194,617532.793839222,0,0,0,0,0,0
2017-10-21,8330,-1482541.59730744,0,0,436809.151407294,0,0,216495.023489994,0,0,0,0,222520.939059792,657037.649180484,0,0,0,0,0,0
2017-10-22,8331,-1483373.43299308,0,0,446688.423462042,0,0,5605.104575886,0,0,0,0,0,637619.179071882,0,0,0,0,0,0
2017-10-23,8332,-1485846.92087008,0,0,456562.802365698,0,0,29229.238048062,0,0,0,0,275812.247602764,757998.03566172,0,0,0,0,0,0
2017-10-24,8333,-1580656.61642867,0,0,447302.513924088,0,0,107277.444541008,0,0,0,0,249372.105677142,596428.633179426,0,0,0,0,0,0
2017-10-25,8334,-1037191.45066906,279876.00958467,0,443295.02317974,0,0,155876.221186752,0,0,0,0,159815.207815812,768657.765315642,0,0,0,0,0,0
2017-10-26,8335,-1020344.3314593,439749.935213586,0,449166.80449014,0,0,136663.263424014,0,0,0,0,792135.104255058,901501.92431235,0,0,0,0,0,0
2017-10-27,8336,-451339.363574988,198341.432938674,0,443943.36569943,0,0,0,0,0,0,0,755972.271109632,935864.07785592,0,0,0,0,0,0
2017-10-28,8337,0,0,0,355470.300804978,0,0,201715.260616608,0,0,0,0,1207994.22926195,830746.95952203,0,0,0,0,0,0
2017-10-29,8338,0,0,0,0,0,0,1438131.35799644,0,0,0,0,2291829.6427155,849225.944620968,0,0,0,0,-1612293.284814,-3207460.540806
2017-10-30,8339,-137113.433324478,330938.487805236,0,237114.762191682,0,0,1515000.31507622,0,0,0,0,4887893.40115165,581184.0209523,0,0,0,0,-2407430.337264,-4785501.767976
2017-10-31,8340,-653945.17769034,394735.391742732,0,424358.5284537,0,0,1966038.74985905,0,0,0,0,5506554.06631757,649343.169088314,0,0,0,0,-1362742.579122,-4680299.019498
2017-11-01,8341,-873919.231606746,338919.217236288,0,421522.947395886,0,0,1529427.77107098,0,0,0,0,4172874.35810651,482190.681210048,0,0,0,0,0,-4098014.03955
2017-11-02,8342,-829266.7813167,345532.310937126,0,429427.832985012,0,0,1258677.48827289,-90.523295202,0,0,0,2795858.45724914,461292.032896116,0,0,0,0,0,-3613592.081442
2017-11-03,8343,-1067022.54630143,425983.054616244,0,438181.6802886,0,0,1513307.28479839,0,0,0,0,1960340.67541241,451319.79097062,0,0,0,0,0,-3611145.505896
2017-11-04,8344,-1069716.22597758,455926.692723738,0,443965.384879344,0,0,1409391.43505758,0,0,0,0,1659186.79830418,412367.861702754,0,0,0,0,0,-3594019.477074
2017-11-05,8345,-1145234.67335596,450199.259370552,0,446964.88649874,0,0,1204684.01254822,0,0,0,0,1394171.28858592,322691.08163967,0,0,0,0,0,-3572000.29716
2017-11-06,8346,-1162774.17344524,408448.447678062,0,440241.696898332,0,0,542586.845138604,0,0,0,0,1004928.45894395,288517.314413142,0,0,0,0,0,-3559767.41943
2017-11-07,8347,-1162512.38986181,338973.0418983,0,424965.279189108,0,0,276837.362756538,0,0,0,0,998471.94607806,256797.462459252,0,0,0,0,0,-3540194.815062
2017-11-08,8348,-1163968.10231168,341081.990018952,0,429912.25494312,0,0,43260.348804372,0,0,0,0,717377.541871482,232407.550841178,0,0,0,0,0,-1710156.306654
2017-11-09,8349,-1168396.40404994,346405.738407048,0,433117.26890838,0,0,42616.899435774,0,0,0,0,646407.278433114,200756.203002576,0,0,0,0,0,0
2017-11-10,8350,-1168482.03419405,305584.625422038,0,415634.040056664,0,0,43761.896791302,0,0,0,0,679470.300361758,0,0,0,0,0,0,0
2017-11-11,8351,-752733.005086728,0,0,356037.90633165,0,0,0,0,0,0,0,711924.124979448,0,0,0,0,0,0,0
2017-11-12,8352,-1315232.52859423,0,0,398189.956413684,0,0,41435.203447056,0,0,0,0,234115.260572286,0,0,0,0,0,0,0
2017-11-13,8353,-1354991.82779227,0,0,122774.054049372,0,0,38734.184044272,0,0,0,0,255936.26786706,0,0,0,0,0,0,0
2017-11-14,8354,-1250036.18344442,0,0,0,0,0,190054.881564372,0,0,0,0,114343.154717856,0,0,0,0,0,0,0
2017-11-15,8355,-1339470.75252845,0,0,0,0,0,21510.292200432,0,0,0,0,99879.000089904,161.473986036,0,0,0,0,0,0
2017-11-16,8356,-1280395.73939473,0,0,0,0,0,261372.558730272,0,0,0,0,75246.877492776,0,0,0,0,0,0,0
2017-11-17,8357,-1327438.49399322,0,0,0,0,0,268905.564836406,0,0,0,0,115850.245254192,0,0,0,0,0,0,0
2017-11-18,8358,-1328529.66668674,0,0,0,0,0,222941.750053704,0,0,0,0,155440.730739564,0,0,0,0,0,0,0
2017-11-19,8359,-1491892.40904425,0,0,0,0,0,156081.733532616,0,0,0,0,121709.793686862,0,0,0,0,0,0,0
2017-11-20,8360,-1341229.84034602,0,0,0,0,0,0,0,0,0,0,95661.1038486,320224.933489302,0,0,0,0,0,0
2017-11-21,8361,-425028.890153304,0,0,0,0,0,68279.030337768,0,0,0,0,99189.065785932,320814.558195888,0,0,0,0,0,0
2017-11-22,8362,-700346.929495776,0,0,0,0,0,42308.630916978,0,0,0,0,77803.548938346,270368.617012914,0,0,0,0,0,0
2017-11-23,8363,-1027192.29641255,0,0,0,0,0,0,0,0,0,0,228977.451925686,252552.653886942,0,0,0,0,0,0
2017-11-24,8364,-1325236.57600182,0,0,0,0,0,332521.422183498,0,0,0,0,320452.46501508,309034.296941898,0,0,0,0,0,0
2017-11-25,8365,-1369000.91936867,0,0,0,0,0,2427.002941632,0,0,0,0,322162.621321734,340732.129715874,0,0,0,0,0,0
2017-11-26,8366,-1261172.99532981,0,0,0,0,0,42734.335061982,0,0,0,0,365444.98930602,309173.75174802,0,0,0,0,0,0
2017-11-27,8367,-1431665.05882837,0,0,0,0,0,36365.898915744,0,0,0,0,168038.148225918,131427.591755574,0,0,0,0,0,0
2017-11-28,8368,-1386178.32627713,0,0,0,0,0,1247.75352846,0,0,0,0,0,0,0,0,0,0,0,0
2017-11-29,8369,-767813.696752272,0,0,0,0,0,108126.40625547,0,0,0,0,89016.204665664,0,0,0,0,0,0,0
2017-11-30,8370,-1128228.52673572,0,0,0,0,0,0,0,0,0,0,48931.51092,0,0,0,0,0,0,0
2017-12-01,8371,-1233321.17931415,0,0,0,0,0,42944.740558938,0,0,0,0,46343.033992332,0,0,0,0,0,0,0
2017-12-02,8372,-1245380.35018038,0,0,0,0,0,40618.047214692,0,0,0,0,50629.434348924,0,0,0,0,0,0,0
2017-12-03,8373,-1320947.72906968,0,0,0,0,0,0,0,0,0,0,48703.979394222,0,0,0,0,0,0,0
2017-12-04,8374,-1319597.21936829,0,0,0,0,0,37082.745550722,-10278.063868746,0,0,0,53178.766067856,0,0,0,0,0,0,0
2017-12-05,8375,-838091.579311122,0,0,0,0,0,90834.010296342,-705719.609394792,0,0,0,41058.430812972,0,0,0,0,0,0,0
2017-12-06,8376,-158760.733755486,0,0,0,0,0,0,-410775.141022308,0,0,0,40287.759515982,0,0,0,0,0,0,0
2017-12-07,8377,0,0,0,0,0,0,48356.56566669,0,0,0,0,139391.195157804,0,0,0,0,0,0,0
2017-12-08,8378,0,0,0,0,0,0,91756.369277184,0,0,0,0,367539.257973396,190495.265162652,0,0,0,0,0,0
2017-12-09,8379,0,0,0,0,0,0,449460.39355566,0,0,0,0,311111.439580452,302864.033414886,0,0,0,0,0,0
2017-12-10,8380,0,0,0,0,0,0,990562.167337842,0,0,0,0,369149.104682664,226320.47088273,0,0,0,0,0,0
2017-12-11,8381,0,0,0,0,0,0,561354.52615197,0,0,0,0,313007.535628602,141935.633725644,0,0,0,0,0,0
2017-12-12,8382,0,0,0,232270.542610602,0,0,466050.622333086,0,0,0,0,212854.519077546,0,0,0,0,0,0,0
2017-12-13,8383,0,0,0,332971.592083962,0,0,186203.971654968,0,0,0,0,23516.484148152,119.882201754,0,-185.939741496,0,0,0,0
2017-12-14,8384,0,0,0,330992.312467248,0,0,97339.454673156,0,0,0,0,55236.336102042,0,0,0,0,0,0,0
2017-12-15,8385,0,0,0,328479.679381506,0,0,76949.694072792,0,0,0,0,0,69573.268801602,0,0,0,0,0,0
2017-12-16,8386,0,0,0,327153.635435574,0,0,42903.148774656,0,0,0,0,0,48603.669796836,0,0,0,0,0,0
2017-12-17,8387,0,0,0,323464.199512206,0,0,51992.176928046,0,0,0,0,0,124919.700803214,0,0,0,0,0,0
2017-12-18,8388,0,0,0,318984.51968748,0,0,46416.431258712,-197727.342476628,0,0,0,20876.629134018,0,0,0,0,0,0,0
2017-12-19,8389,0,0,0,319182.692306706,0,0,40326.904724718,-591897.575268234,0,0,0,59207.1282132,0,0,0,0,0,0,0
2017-12-20,8390,0,0,0,317296.38256074,0,0,35793.40023798,-574908.55467681,0,0,0,19332.839964492,0,0,0,0,0,0,0
2017-12-21,8391,0,0,0,316814.407178178,0,0,80714.973838086,-568520.545926204,0,0,0,38927.463512406,0,0,0,0,0,0,0
2017-12-22,8392,0,0,0,317315.955165108,0,0,0,-566382.238899,0,0,0,51358.513861632,0,0,0,0,0,0,0
2017-12-23,8393,0,0,0,317558.166144162,0,0,0,-562240.186499622,0,0,0,44449.384519728,0,0,0,0,0,0,0
2017-12-24,8394,0,0,0,317472.536000052,0,0,40781.967776274,-564669.6360168,0,0,0,50394.563096508,0,0,0,0,0,0,0
2017-12-25,8395,0,0,0,316166.064658488,0,0,0,-565193.203183644,0,0,0,13228.633977222,0,0,0,0,0,0,0
2017-12-26,8396,0,0,0,313670.557601568,0,0,37006.901708796,-561902.559074274,0,0,0,37860.75657435,0,0,0,0,0,0,0
2017-12-27,8397,0,0,0,313428.346622514,0,0,41550.192497718,-558971.561570166,0,0,0,52268.639964744,0,0,0,0,0,0,0
2017-12-28,8398,0,0,0,196161.534127188,0,0,0,-550428.119763534,0,0,0,51380.533041546,0,0,0,0,0,0,0
2017-12-29,8399,0,0,0,189585.13905954,0,0,38572.710058236,-795648.386739114,0,0,0,48782.269811694,0,0,0,0,0,0,0
2017-12-30,8400,0,0,0,320565.007490196,0,0,17488.122002808,-707226.699931128,0,0,0,0,0,0,0,0,0,0,0
2017-12-31,8401,0,0,0,319106.84846478,0,0,23328.09783111,-591036.380676042,0,0,0,24431.503402356,0,0,0,0,0,0,0
2018-01-01,8402,0,0,0,108390.636414438,0,0,39818.01701115,-594402.868627338,0,0,0,0,0,0,0,0,0,0,0
2018-01-02,8403,0,0,0,0,0,0,0,-587525.544767532,0,0,0,48359.012242236,0,0,0,0,0,0,0
2018-01-03,8404,0,0,0,97655.06291859,0,0,40605.814336962,-558543.410849616,0,0,0,34614.150824808,0,0,0,0,0,0,0
2018-01-04,8405,0,0,0,290058.657007122,0,0,273722.87208648,-554920.03246599,0,0,0,50458.174060704,0,0,0,0,0,0,0
2018-01-05,8406,0,0,0,295646.635554186,0,0,0,-456707.150322912,0,0,0,3711.455103282,0,0,0,0,0,0,0
2018-01-06,8407,0,0,0,296268.06574287,0,0,42497.01723402,-483279.407328018,0,0,0,45988.280538162,0,0,0,0,0,0,0
2018-01-07,8408,0,0,0,292470.980495478,0,0,39372.740261778,-531763.1949231,0,0,0,46267.190150406,0,0,0,0,0,0,0
2018-01-08,8409,0,0,0,125068.94191152,0,0,0,-544805.889158826,0,0,0,0,68.504115288,0,0,0,0,0,0
2018-01-09,8410,-83.183568564,0,0,0,0,0,42844.430961552,-520286.309036814,0,0,0,50352.971312226,0,0,0,0,0,0,0
2018-01-10,8411,-288302.015765094,0,0,0,0,0,130020.810816624,-382886.626373454,0,0,0,49682.609612622,0,0,0,0,0,0,0
2018-01-11,8412,-508085.236788912,0,0,0,0,0,56858.41568904,-367556.384002218,0,0,-166.367137128,0,0,0,0,0,0,0,0
2018-01-12,8413,-507649.746341724,0,0,0,0,0,37395.90722061,-318524.563484832,0,0,0,39365.40053514,0,0,0,0,0,0,0
2018-01-13,8414,-509528.716361052,0,0,0,0,0,40255.954033884,-371634.8254374,0,0,0,49403.700000378,0,0,0,0,0,0,0
2018-01-14,8415,-802489.01196573,0,0,0,0,0,0,-368385.773112312,0,0,0,3466.797548682,0,0,0,0,0,0,0
2018-01-15,8416,-1182077.65450318,0,0,0,0,0,41153.847259266,-475411.220372082,0,0,0,45618.847630716,0,0,0,0,0,0,0
2018-01-16,8417,-1271636.99894005,0,0,0,0,0,37320.063378684,-348159.93307353,0,0,0,50871.645327978,0,0,0,0,0,0,0
2018-01-17,8418,-1275005.93346689,0,0,163130.317680642,0,0,144763.87505682,0,0,0,0,37576.953811014,0,0,0,0,0,0,0
2018-01-18,8419,-1274494.59917778,0,0,343658.23406889,0,0,37885.22232981,0,0,0,0,30266.586079566,0,0,0,0,0,0,0
2018-01-19,8420,-1273655.4237655,0,0,288390.09248475,0,0,200063.822123058,0,0,0,0,18322.404263994,0,0,0,0,0,0,0
2018-01-20,8421,-1269400.82889101,0,0,284889.042878424,0,0,41031.518481966,0,0,0,0,50108.313757626,0,0,0,0,0,0,0
2018-01-21,8422,-1267720.03149091,0,0,275163.905083074,0,0,0,0,0,0,0,53195.892096678,0,0,0,0,0,0,0
2018-01-22,8423,-663995.710033308,0,0,270669.545805072,0,0,42697.636428792,0,0,0,0,4332.885291966,0,0,0,0,0,0,0
2018-01-23,8424,-1266824.58484107,0,0,157366.185694266,0,0,49041.60681957,0,0,0,0,114423.891710874,190468.352831646,0,0,0,0,0,0
2018-01-24,8425,-1265674.69433445,0,0,0,0,0,0,0,0,0,0,229921.830086442,224747.322806652,0,0,0,0,0,0
2018-01-25,8426,-1269464.4398552,0,0,0,0,0,37931.707265184,0,0,0,0,0,164500.399986402,0,0,0,0,0,0
2018-01-26,8427,-1268380.60688833,0,0,0,0,0,37219.753781298,0,0,0,0,49802.491814376,100803.805646292,0,0,0,0,0,0
2018-01-27,8428,-1266433.13275371,0,0,0,0,0,37236.87981012,0,0,0,0,34489.375471962,0,0,0,0,0,0,0
2018-01-28,8429,-1165335.7380419,0,0,0,0,0,0,0,0,0,0,19548.13861254,0,0,0,0,0,0,0
2018-01-29,8430,-648548.032035864,0,0,97045.865607636,0,0,47255.60667099,0,0,0,0,54942.747036522,0,0,0,0,0,0,0
2018-01-30,8431,0,0,0,288739.952787828,0,0,0,0,0,0,0,0,0,0,0,0,0,0,0
2018-01-31,8432,0,0,0,287749.089691698,0,0,23638.812925452,0,0,0,0,38139.666186594,0,0,0,0,0,-239764.403508,0
2018-02-01,8433,0,0,0,289080.026788722,0,0,77879.392780272,0,0,0,0,50976.848076456,0,0,0,0,0,-670361.699604,0
2018-02-02,8434,0,0,0,287707.497907416,0,0,0,0,0,0,0,0,0,0,0,0,0,-663021.972966,0
2018-02-03,8435,0,0,0,281370.867243276,0,0,0,0,0,0,0,49998.217858056,0,0,0,0,0,-658128.821874,0
2018-02-04,8436,0,0,0,279496.79037504,0,0,37053.38664417,0,0,0,0,22958.664923664,0,0,0,0,0,-650789.095236,0
2018-02-05,8437,0,0,0,279849.097253664,0,0,0,0,0,0,0,26381.424112518,0,0,0,0,0,-650789.095236,0
2018-02-06,8438,0,0,0,275044.02288132,0,0,40324.458149172,0,0,0,0,49504.009597764,0,0,0,0,0,-648342.51969,0
2018-02-07,8439,0,0,0,273803.609079498,0,0,0,0,0,0,0,0,0,0,0,0,0,-645895.944144,0
2018-02-08,8440,0,0,0,272986.452847134,0,0,40544.649948312,0,0,0,0,47671.52451381,0,0,0,0,0,-645895.944144,0
2018-02-09,8441,0,0,0,268878.6525054,0,0,0,0,0,0,0,0,0,0,0,0,0,-641002.793052,0
2018-02-10,8442,0,0,0,268438.26890712,0,0,42078.652815654,0,0,0,0,51762.198826722,0,0,0,0,0,-638556.217506,0
2018-02-11,8443,0,0,0,265734.80292879,0,0,39874.288248708,0,0,0,0,0,0,0,0,0,0,-633663.066414,0
2018-02-12,8444,0,0,0,264548.21378898,0,0,0,0,0,0,0,27690.342029628,0,0,0,0,0,-633663.066414,0
2018-02-13,8445,0,0,0,261428.82996783,0,0,36246.01671399,0,0,0,0,21407.5360275,0,0,0,0,0,-633663.066414,0
2018-02-14,8446,-53269.289363058,0,0,261893.67932157,0,0,54025.281206772,0,0,0,0,0,0,0,0,0,0,-631216.490868,0
2018-02-15,8447,-61881.235284978,0,0,259104.58319913,0,0,245237.393004402,0,0,0,0,26281.114515132,0,0,0,0,0,-628769.915322,0
2018-02-16,8448,-44527.6749372,0,0,259535.180495226,0,0,584694.85686081,0,0,0,0,0,0,0,0,0,0,-626323.339776,0
2018-02-17,8449,0,0,0,258948.002364186,0,0,217040.609836752,0,0,0,0,0,0,0,0,0,0,-626323.339776,0
2018-02-18,8450,0,0,0,253785.727962126,0,0,39964.81154391,0,0,0,0,0,0,0,0,0,0,-623876.76423,0
2018-02-19,8451,0,0,0,246742.036965192,0,0,103908.510014166,0,0,0,0,0,0,0,0,0,0,-618983.613138,0
2018-02-20,8452,-72139.726549356,0,0,243148.017488118,0,0,434648.825200176,0,0,0,0,0,0,0,0,0,0,-616537.037592,0
2018-02-21,8453,-133737.159070998,0,0,291267.265326846,0,0,198086.98908189,0,0,0,0,75374.099421168,0,0,0,0,0,-188386.317042,0
2018-02-22,8454,-53110.261952568,0,0,313890.749400708,0,0,227668.534008576,0,0,0,0,0,0,0,0,0,0,0,0
2018-02-23,8455,-126507.528332568,0,0,311038.042314072,0,0,229173.177969366,0,0,0,0,0,0,0,0,0,0,0,0
2018-02-24,8456,-150312.708395148,0,0,299367.876959652,0,0,314756.837143992,0,0,0,0,58681.11447081,0,0,0,0,0,0,0
2018-02-25,8457,0,0,0,304884.904815882,0,0,413111.620668738,0,0,0,0,0,0,0,0,0,0,0,0
2018-02-26,8458,-62084.301055296,0,0,304623.12123246,0,0,238274.439000486,0,0,0,0,0,0,0,0,0,0,0,0
2018-02-27,8459,-3718.79482992,0,0,301848.704563296,0,0,387256.21029861,0,0,0,0,54218.560674906,0,0,0,0,0,0,0
2018-02-28,8460,-103338.457911948,0,0,301826.685383382,0,0,864287.063682144,0,0,0,0,0,0,0,0,0,0,0,0
2018-03-01,8461,-157627.969277688,0,0,303996.797892684,0,0,415071.327681084,0,0,0,0,0,17710.760377494,0,0,0,0,0,0
2018-03-02,8462,-91323.325405542,0,0,302878.712868162,0,0,502480.132213026,0,0,0,0,63769.99160649,0,0,0,0,0,0,0
2018-03-03,8463,-162408.577894572,0,0,294917.556041478,0,0,389981.695456854,0,0,0,0,0,0,0,0,0,0,0,0
2018-03-04,8464,-58783.870643742,0,0,286156.369011252,0,0,81456.286228524,0,0,0,0,0,0,0,0,0,0,0,0
2018-03-05,8465,-140653.62813954,0,0,289038.43500444,0,0,71405.753885556,0,0,0,0,49185.954776784,0,0,0,0,0,0,0
2018-03-06,8466,-144267.220220982,44172.92148303,0,282567.24268527,0,0,394449.14240385,0,0,0,0,0,0,0,0,0,0,0,0
2018-03-07,8467,-38506.652518494,22009.393611816,0,273248.236430556,0,0,549566.925171342,0,0,0,0,66067.326044184,0,0,0,0,0,0,0
2018-03-08,8468,-168561.715392762,0,0,271342.354080222,0,0,521675.963946942,0,0,0,0,0,0,0,0,0,0,0,0
2018-03-09,8469,-137712.844333248,0,0,273483.107682972,0,0,493552.578045672,0,0,0,0,0,0,0,0,0,0,0,0
2018-03-10,8470,0,0,0,200166.57829599,0,0,466931.389529646,0,0,0,0,0,0,0,0,0,0,0,0
2018-03-11,8471,0,0,0,0,0,0,133771.411128642,0,0,0,0,75347.187090162,0,0,0,0,0,0,0
2018-03-12,8472,-97231.805349132,0,0,0,0,0,36608.109894798,0,0,0,0,0,0,0,0,0,0,0,0
2018-03-13,8473,-231321.271298754,0,0,0,0,0,352468.352610036,0,0,0,0,15543.094443738,0,0,0,0,0,0,0
2018-03-14,8474,-127804.213371948,55079.755267098,0,206557.033622142,0,0,367434.055224918,0,0,0,0,0,0,0,0,0,0,0,0
2018-03-15,8475,-240035.973393606,44309.929713606,0,273094.102171158,0,0,340250.154333312,0,0,0,0,0,0,0,0,0,0,0,0
2018-03-16,8476,-84414.196063638,35357.909790792,0,270412.655372742,0,0,456844.158553488,0,0,0,0,0,0,0,0,0,0,0,0
2018-03-17,8477,0,34976.244005616,0,266791.723564662,0,0,369371.74305735,0,0,0,0,0,0,0,0,0,0,0,0
2018-03-18,8478,-77556.4448082,35127.931689468,0,267369.115393518,0,0,123412.610266878,0,0,0,0,0,0,0,0,0,0,0,0
2018-03-19,8479,-121900.62657945,34973.79743007,0,260234.901101382,0,0,61673.276363568,0,0,0,0,0,0,0,0,0,0,0,0
2018-03-20,8480,-203821.762161714,21706.018244112,0,243894.223029648,0,0,183940.889274918,0,0,0,0,0,0,0,0,0,0,0,0
2018-03-21,8481,-89901.865013316,24690.840410232,0,243307.044898608,0,0,222063.42943269,0,0,0,0,0,0,0,0,0,0,0,0
2018-03-22,8482,-137918.356679112,35003.156336622,0,232478.501532012,0,0,55808.834779806,0,0,0,0,0,0,0,0,0,0,0,0
2018-03-23,8483,-238753.967807502,33036.109597638,0,224191.95015771,0,0,0,0,0,0,0,0,0,0,0,0,0,0,0
2018-03-24,8484,-237303.148508724,33178.010979306,0,197759.147958726,0,0,0,0,0,0,0,0,0,0,0,0,0,0,0
2018-03-25,8485,-236273.140203858,33119.293166202,0,181849.067183088,0,0,0,0,0,0,0,0,0,0,0,0,0,0,0
2018-03-26,8486,-236446.847067624,9796.088486184,0,188997.9609285,0,0,0,0,0,0,0,0,0,0,0,0,0,0,0
2018-03-27,8487,-236045.60867808,0,0,163458.158803806,0,0,91922.736414312,0,0,0,0,0,0,0,0,0,0,0,0
2018-03-28,8488,-235825.41687894,102337.808513634,0,156783.900714318,0,0,0,0,0,0,0,0,0,0,0,0,0,0,0
2018-03-29,8489,-279690.069843174,148673.502779328,0,149201.963097264,0,0,78919.187387322,0,0,0,0,117203.20153113,0,0,0,0,0,0,0
2018-03-30,8490,-303725.228007078,208917.979024032,0,147266.721840378,0,0,20516.982528756,0,0,0,0,14471.49435459,0,0,0,0,0,0,0
2018-03-31,8491,-181259.442476502,172931.299317918,0,44953.379082204,0,0,27939.89273532,0,0,0,0,0,0,0,0,0,0,0,0
2018-04-01,8492,0,165975.68504064,0,0,0,0,55488.33338328,0,0,0,0,66666.737052954,0,0,0,0,0,0,0
2018-04-02,8493,-209419.527010962,171634.614278538,0,0,0,0,36155.493418788,0,0,0,0,0,0,0,0,0,0,0,0
2018-04-03,8494,-300911.666129178,193272.128407362,0,0,0,0,4063.761981906,0,0,0,0,0,0,0,0,0,0,0,0
2018-04-04,8495,-299681.03862954,233660.19752073,0,0,0,0,41858.461016514,0,0,0,0,67978.10154561,0,0,0,0,0,0,0
2018-04-05,8496,-230347.534231446,239453.688413658,0,0,0,0,49870.995929664,0,0,0,0,0,0,0,0,0,0,0,0
2018-04-06,8497,-210175.518854676,279031.9410213,0,0,0,0,30004.802496144,0,0,0,0,2368.285128528,0,0,0,0,0,0,0
2018-04-07,8498,-295186.679351538,296458.898635458,0,0,0,0,434132.59775997,0,0,0,0,64501.517694744,0,0,0,0,0,0,0
2018-04-08,8499,-150285.796064142,291737.007831678,0,0,0,0,528203.42750367,0,0,0,0,0,0,0,0,0,0,0,0
2018-04-09,8500,-168348.86332026,279504.130101678,0,0,0,0,501870.934902072,0,0,0,0,49545.601382046,0,0,0,0,0,0,0
2018-04-10,8501,-167715.200253846,171150.19232043,0,0,0,0,587525.544767532,0,0,0,0,19477.187921706,0,0,0,0,0,0,0
2018-04-11,8502,0,0,0,0,0,0,406858.173573162,0,0,0,0,0,0,0,0,0,0,0,0
2018-04-12,8503,0,0,0,0,0,0,466833.526507806,0,0,0,0,69710.277032178,0,0,0,0,0,0,0
2018-04-13,8504,0,0,0,0,0,0,517612.201965036,0,0,0,0,0,0,0,0,0,0,0,0
2018-04-14,8505,0,0,0,0,0,0,590153.166903936,0,0,0,0,39972.151270548,0,0,0,0,0,0,0
2018-04-15,8506,0,0,0,0,0,0,355120.4405019,0,0,0,0,29437.196969472,0,0,0,0,0,0,0
2018-04-16,8507,0,0,0,0,0,0,687174.566756112,0,0,0,0,0,0,0,0,0,0,0,0
2018-04-17,8508,-71173.329208686,0,0,0,0,0,582979.807403064,0,0,0,0,71625.945684696,0,0,0,0,0,0,0
2018-04-18,8509,-112192.614812922,0,0,0,0,0,580831.714073676,0,0,0,0,0,0,0,0,0,0,0,0
2018-04-19,8510,-61744.227054402,0,0,0,0,0,558658.399900278,0,0,0,0,0,0,0,0,0,0,0,0
2018-04-20,8511,0,0,0,0,0,0,543350.176708956,0,0,0,0,0,0,0,0,0,0,0,0
2018-04-21,8512,0,0,0,0,0,0,466356.444276336,0,0,0,0,0,0,0,0,0,0,0,0
2018-04-22,8513,0,0,0,0,0,0,140883.606240864,0,0,0,0,0,0,0,0,0,0,0,0
2018-04-23,8514,0,0,0,0,0,0,144401.781876012,0,0,0,0,0,0,0,0,0,0,0,0
2018-04-24,8515,0,0,0,0,0,0,556693.79973684,0,0,0,0,0,0,0,0,0,0,0,0
2018-04-25,8516,0,0,0,0,0,0,614711.892234684,0,0,0,0,0,0,0,0,0,0,0,0
2018-04-26,8517,-155704.960898532,0,0,0,0,0,864570.86644548,0,0,0,0,0,0,0,0,0,0,0,0
2018-04-27,8518,-3332.235893652,0,0,0,0,0,532619.4963642,0,0,0,0,0,5468.09634531,0,0,0,0,0,0
2018-04-28,8519,0,0,0,0,0,0,583909.506110544,0,0,0,0,0,109144.181682606,0,0,0,0,0,0
2018-04-29,8520,0,0,0,0,0,0,209718.009227574,0,0,0,0,0,22170.867597852,0,0,0,0,0,0
2018-04-30,8521,0,0,0,0,0,0,57406.448611344,0,0,0,0,0,44510.548908378,0,0,0,0,0,0
2018-05-01,8522,-94799.909256408,0,0,0,0,0,52346.930382216,-102.756172932,0,0,0,0,4235.022270126,0,0,0,0,0,0
2018-05-02,8523,0,0,0,0,0,0,65100.928703514,0,0,0,0,0,18319.957688448,0,0,0,0,-1032454.880412,0
2018-05-03,8524,0,0,0,0,0,0,43106.214544974,0,0,0,0,191899.599526056,0,0,0,0,0,-2223937.171314,0
2018-05-04,8525,0,0,0,0,0,0,32157.788976624,0,0,0,0,51850.275546378,0,0,0,0,0,-2485720.754736,0
2018-05-05,8526,0,0,0,0,0,0,33200.03015922,0,0,0,0,59030.974773888,0,0,0,0,0,-2351159.099706,0
2018-05-06,8527,0,0,0,0,0,0,59980.246085736,0,0,0,0,70253.41680339,0,0,0,0,0,-2223937.171314,0
2018-05-07,8528,-45136.872248154,0,0,0,0,0,12345.420205116,0,0,0,0,54940.300460976,0,0,0,0,0,-2116287.84729,0
2018-05-08,8529,0,0,0,0,0,0,35568.315287748,0,0,0,0,41831.548685508,34376.832996846,0,0,0,0,-1981726.19226,0
2018-05-09,8530,0,0,0,0,0,0,41988.129520452,0,0,0,0,52557.335879172,89444.355386214,0,0,0,0,-1834931.6595,0
2018-05-10,8531,0,0,0,0,0,0,98159.057481066,0,0,0,0,37503.556544634,70681.56752394,0,0,0,0,-1680797.400102,0
2018-05-11,8532,0,0,0,0,0,0,233415.53996613,0,0,0,0,57056.588308266,41413.184267142,0,0,0,0,-1096065.844608,0
2018-05-12,8533,0,0,0,0,0,0,45014.543470854,0,0,0,0,61969.312004634,0,0,0,0,0,-765778.145898,0
2018-05-13,8534,0,0,0,0,0,0,185227.788012114,0,0,0,0,137035.142907006,62869.651805562,0,0,0,0,-775564.448082,0
2018-05-14,8535,0,0,0,0,0,0,516562.621055802,0,0,0,0,316660.27291878,229833.753366786,0,0,0,0,-873427.469922,0
2018-05-15,8536,0,0,0,0,0,0,1240824.82651373,0,0,0,0,343800.135450558,252486.5963472,0,0,0,0,-971290.491762,0
2018-05-16,8537,0,0,0,0,0,0,1756719.53244547,0,0,0,0,593884.194611586,623991.753280662,0,0,0,0,-1357849.42803,-1509537.111882
2018-05-17,8538,0,0,0,0,0,0,1325569.31027608,0,0,0,0,1452615.08522876,714128.489546394,0,0,0,0,-1744408.364298,-2630068.71195
2018-05-18,8539,0,0,0,0,0,0,1280645.29010042,0,0,0,0,2148961.86370683,700239.280171752,0,0,0,0,-2130967.300566,-2869833.115458
2018-05-19,8540,0,0,0,0,0,0,1590530.99533233,0,0,0,0,2808194.09115208,679551.037354776,0,0,0,0,-2842920.784452,-2847813.935544
2018-05-20,8541,0,0,0,0,0,0,4279442.29573918,0,0,0,0,2956965.45695324,674048.688951822,0,0,0,0,-3021520.79931,-3023967.374856
2018-05-21,8542,0,0,0,0,0,0,5620126.54973844,0,0,0,0,3495466.52093003,775060.453519524,0,0,0,0,-3190334.511984,-3192781.08753
2018-05-22,8543,0,0,0,0,0,0,4133430.6671539,0,0,0,0,4506915.10370407,821995.558793988,0,0,0,-2727931.73379,-3701668.801098,-4098014.03955
2018-05-23,8544,0,0,0,0,0,0,3155465.91730241,0,0,0,0,4385998.00049411,827434.296232746,0,0,0,-3757940.038656,-3170761.907616,-3792192.0963
2018-05-24,8545,0,0,0,0,0,0,1869589.84868464,0,0,0,0,4349962.38927708,592198.504060392,0,0,0,-3469244.124228,-2825794.75563,-3398293.433394
2018-05-25,8546,0,0,0,0,0,0,1439706.95264807,0,0,0,0,4419405.98957474,237819.37594893,0,0,0,-3386060.555664,-2769523.518072,-3258838.627272
2018-05-26,8547,0,0,0,0,0,0,1473550.43217589,0,0,0,0,4253151.39492186,289148.53090401,0,0,0,-3427652.339946,-2926104.353016,-3410526.311124
2018-05-27,8548,0,0,0,0,0,0,2844107.37359181,0,0,0,0,3916096.46825162,318086.626462098,0,0,0,-3461904.39759,-2940783.806292,-3454564.670952
2018-05-28,8549,0,0,0,0,0,0,5229777.86794969,0,0,0,0,3444401.59613392,295905.972562062,0,0,0,-3430098.915492,-2906531.748648,-3430098.915492
2018-05-29,8550,-116241.697341552,0,0,0,0,0,5167593.257297,0,0,0,0,3456509.69851107,288005.980124028,0,0,0,-3371381.102388,-2867386.539912,-3354255.073566
2018-05-30,8551,-444733.609600788,0,0,0,0,0,3828073.57325764,0,0,0,0,3951743.07395684,290809.755699744,0,0,0,-3371381.102388,-2769523.518072,-3158529.029886
2018-05-31,8552,-291252.58587357,0,0,0,0,0,2551978.91367277,0,0,0,0,3376827.1795534,391021.490063904,0,0,0,-3415419.462216,-2852707.086636,-3187887.936438
2018-06-01,8553,-441685.176470472,0,0,0,0,0,1986538.60635898,0,0,0,0,3291128.53132811,242739.439371936,0,0,0,-3337129.044744,-2723038.582698,-3077792.036868
2018-06-02,8554,-944084.57169048,0,0,0,0,0,1121451.5124733,0,0,0,0,1575301.06255848,225082.503656454,0,0,0,-3197674.238622,-2544438.56784,-2933444.079654
2018-06-03,8555,-1016544.79963636,0,0,0,0,0,1085051.36149991,0,0,0,0,940904.02348068,242839.748969322,0,0,0,-3038646.828132,-2478381.028098,-2762183.791434
2018-06-04,8556,-984695.279178534,0,0,0,0,0,285358.785383256,0,0,0,0,365946.53729295,2128.52072502,0,0,0,-2816008.453446,-2309567.315424,-2564011.172208
2018-06-05,8557,-964166.063772048,0,0,0,0,0,353461.662281712,0,0,0,0,820561.865524032,0,0,0,0,-2586030.352122,-2113841.271744,-2378071.430712
2018-06-06,8558,-1206702.43737367,0,0,0,0,0,149864.98507023,0,0,0,0,415401.615379794,187706.169040212,0,0,0,-2368285.128528,-2003745.372174,-2170112.509302
2018-06-07,8559,-1454547.8799101,0,0,0,0,0,103468.126415886,0,0,0,-178.600014858,235414.392187212,231017.89593105,0,0,0,-2084482.365192,-1820252.206224,-1883863.17042
2018-06-08,8560,-1086852.04110176,0,0,0,0,0,53058.883866102,0,0,0,0,180946.280806614,187723.295069034,0,0,0,-1773767.27085,-1793339.875218,-1849611.112776
2018-06-09,8561,-1736549.96364425,0,0,0,0,0,155704.960898532,0,0,0,0,178022.623029144,211689.94911765,0,0,0,-1587827.529354,-1619633.011452,-1541342.59398
2018-06-10,8562,-1800442.28402804,0,0,0,0,0,311052.721767348,0,0,0,0,220460.92245006,229400.709495144,0,0,0,-1521769.989612,-1504643.96079,-1445926.147686
2018-06-11,8563,-1771758.63232673,0,0,0,0,0,139119.625272198,0,0,0,0,362998.41376002,278420.2971348,0,0,0,-1360296.003576,-1521769.989612,-1225734.348546
2018-06-12,8564,-1379144.42158238,0,0,0,0,0,135806.961982914,0,0,0,0,594674.438512944,317697.620950284,0,0,0,-645895.944144,-853854.865554,-1191482.290902
2018-06-13,8565,-1783416.56480342,0,0,0,0,0,103130.498990538,0,0,0,0,1479001.40249237,407521.195546128,0,0,0,0,0,-1277112.435012
2018-06-14,8566,-1098796.22291734,0,0,0,0,0,55752.563542248,0,0,0,0,1271230.86739942,200254.655015646,0,0,0,0,0,-1499750.809698
2018-06-15,8567,-1675786.81338379,0,0,0,0,0,302673.200522298,0,0,0,68.504115288,322025.613091158,279107.784863226,0,0,0,0,0,-1580487.802716
2018-06-16,8568,-1785787.2965075,0,0,0,0,0,178328.444972394,0,0,0,0,285950.856665388,375666.781937208,0,0,0,0,0,-1612293.284814
2018-06-17,8569,-1928527.85358778,0,0,0,0,0,54103.571624244,0,0,0,0,857566.320657282,200942.142744072,0,0,0,0,0,-1604953.558176
2018-06-18,8570,-1929841.66465598,0,0,30748.561462128,0,0,99379.89867852,0,0,0,0,917898.873621642,270229.162206792,0,0,0,0,0,-1595167.255992
2018-06-19,8571,-1932985.51423259,0,0,27198.580344882,0,0,77047.557094632,0,0,0,0,1153934.69599754,230464.969857654,0,0,0,0,0,-714400.059432
2018-06-20,8572,-1942627.46845937,0,0,0,0,0,42709.869306522,0,0,0,0,879005.66216688,221278.078682424,0,0,0,0,0,0
2018-06-21,8573,-1945580.4851434,0,0,0,0,0,47673.971089356,0,0,0,0,224715.517324554,238612.066425834,0,0,0,0,0,0
2018-06-22,8574,-1629556.32186658,0,0,0,0,0,46164.433977474,0,0,0,0,184073.004354402,208458.022821384,0,0,0,0,0,0
2018-06-23,8575,-1936288.39121969,0,0,0,0,0,54135.377106342,0,0,0,0,134992.252326096,193193.83798989,0,0,0,0,0,0
2018-06-24,8576,-1930333.42634072,0,0,0,0,0,0,0,0,0,0,159218.243382588,163903.435553178,0,0,0,0,0,0
2018-06-25,8577,-1927050.12195799,0,0,0,0,0,42656.04464451,0,0,0,0,342366.442180602,150234.417977676,0,0,0,0,0,0
2018-06-26,8578,-1926962.04523834,0,0,0,0,0,45591.93529971,0,0,0,0,884456.632483368,145681.34088657,0,0,0,0,0,0
2018-06-27,8579,-1620971.28827566,0,0,0,0,0,45795.001070028,0,0,0,0,895801.40329017,230379.339713544,0,0,0,0,0,0
2018-06-28,8580,-1590438.02546158,0,0,0,0,0,0,0,0,0,0,747869.21290128,397531.82759181,0,0,0,0,0,0
2018-06-29,8581,-1945969.49065521,0,0,0,0,0,50304.039801306,0,0,0,0,455899.780392732,470393.293927236,0,0,0,0,0,0
2018-06-30,8582,-1942461.10132225,0,0,0,0,0,41851.121289876,0,0,0,0,365975.896199502,410378.795783856,0,0,0,0,0,0
2018-07-01,8583,-1944327.83846384,0,0,0,0,0,193365.09827811,0,0,0,0,261189.065564322,315622.924887276,0,0,0,0,0,0
2018-07-02,8584,-1947875.37300554,0,0,0,0,0,446098.798755456,0,0,0,0,106550.811603846,257663.550202536,0,0,0,0,0,0
2018-07-03,8585,-1945849.60845346,0,0,0,0,0,67554.843976152,0,0,0,0,90525.741777546,205928.26370682,0,0,0,0,0,0
2018-07-04,8586,-1941166.86285841,0,0,0,0,0,45508.751731146,0,0,0,0,76560.688560978,235162.394905974,0,0,0,0,0,0
2018-07-05,8587,-1580358.13421206,0,0,0,0,0,327567.106702848,0,0,0,0,108307.452845874,208734.485858082,0,0,0,0,0,0
2018-07-06,8588,-1622272.86646613,0,0,0,0,0,54042.407235594,0,0,0,0,201627.183896952,183412.428956982,0,0,0,0,0,0
2018-07-07,8589,-1950331.73485373,0,0,0,0,0,46516.740856098,0,0,0,0,2075598.84938447,153182.541510606,0,0,0,0,0,0
2018-07-08,8590,-1955105.00374397,0,0,0,0,0,44305.036562514,0,0,0,0,4076241.96376615,136624.118215278,0,0,0,0,0,0
2018-07-09,8591,-1958870.28350927,0,0,0,0,0,762795.770307426,0,0,0,0,4413737.27403466,118230.76326045,0,0,0,0,0,0
2018-07-10,8592,-1960666.06996003,0,0,101253.975546756,0,0,570296.7597726,0,0,0,0,3651531.12843382,180809.272576038,0,0,0,0,0,0
2018-07-11,8593,-1958762.63418524,0,0,204915.381430776,0,0,236884.784090358,0,0,0,0,1471160.12786744,295443.569783868,0,0,0,0,0,0
2018-07-12,8594,-1581145.93153787,0,0,228106.47103131,0,0,133343.260408092,0,0,0,0,1103513.22057002,320939.333548734,0,0,0,0,0,0
2018-07-13,8595,-1969610.75015621,0,0,227732.144972772,0,0,52855.818095784,0,0,0,0,647366.336047146,356674.01597361,0,0,0,0,0,0
2018-07-14,8596,-1972514.83532931,0,0,230027.03283492,0,0,82354.179453906,0,0,0,0,611587.615262442,330845.517934488,0,0,0,0,0,0
2018-07-15,8597,-1972864.69563239,0,0,220734.938911212,0,0,15577.346501382,0,0,0,0,157050.577448832,307189.578980214,0,0,0,0,0,0
2018-07-16,8598,-1972766.83261055,0,0,193355.311975926,0,0,93128.89815849,0,0,0,0,292955.402453586,280957.395976002,0,0,0,0,0,0
2018-07-17,8599,-1973393.15595032,0,0,174362.546012328,0,0,43788.809122308,0,0,0,0,398923.929077484,231585.501457722,0,0,0,0,0,0
2018-07-18,8600,-1974009.69298792,0,0,166655.833042428,0,0,42758.800817442,0,0,0,0,300958.151064552,197898.602764848,0,0,0,0,0,0
2018-07-19,8601,-1972884.26823676,0,0,158127.070689072,0,0,10273.170717654,0,0,0,0,107810.798010036,169699.373021652,0,0,0,0,0,0
2018-07-20,8602,-1972678.75589089,0,0,145811.009390508,0,0,33819.013772358,0,0,0,0,217292.60711799,142263.474848808,0,0,0,0,0,0
2018-07-21,8603,-1972507.49560267,0,0,141862.236459264,0,0,45954.028480518,0,0,0,0,69830.159233932,124489.103507118,0,0,0,0,0,0
2018-07-22,8604,-1970263.98582699,0,0,34283.863126098,0,0,38093.18125122,0,0,0,0,141896.488516908,131346.854762556,0,0,0,0,0,0
2018-07-23,8605,-1716637.28527535,0,0,0,0,0,114815.343798234,0,0,0,0,262598.293078818,169589.277122082,0,0,0,0,0,0
2018-07-24,8606,-1964580.59083363,0,0,0,0,0,368970.504667806,0,0,0,0,187021.127887332,148927.946636112,0,0,0,0,0,0
2018-07-25,8607,-1966254.0485071,0,0,0,0,0,199811.82484182,0,0,0,0,175686.143382714,433736.252521518,0,0,0,0,0,0
2018-07-26,8608,-1352775.2303476,0,0,0,0,0,203381.378563434,0,0,0,0,377501.713596708,286799.81837985,0,0,0,0,0,0
2018-07-27,8609,-805564.357427052,0,0,0,0,0,317739.212734566,0,0,0,0,425518.205262504,254108.675934198,0,0,0,0,0,0
2018-07-28,8610,-747340.752583344,0,0,0,0,0,530718.507164958,0,0,0,0,422763.361197708,186314.067554538,0,0,0,0,0,0
2018-07-29,8611,-750790.424103204,0,0,0,0,0,229131.586185084,0,0,0,0,433535.633326746,112234.206597204,0,0,0,0,0,0
2018-07-30,8612,-736933.02021066,0,0,0,0,0,135329.879751444,0,0,0,0,853654.246359228,88896.32246391,0,0,0,0,0,0
2018-07-31,8613,-746107.67850816,0,0,0,0,0,97645.276616406,0,0,0,0,572740.888743054,126945.465355302,0,0,0,0,0,0
2018-08-01,8614,-748588.506111804,0,0,0,0,0,53670.527752602,0,0,0,0,611355.190585572,552541.961035278,0,0,0,0,0,0
2018-08-02,8615,-751734.80226396,0,0,0,0,0,81461.179379616,0,0,0,0,495323.898740976,691835.293171242,0,0,0,0,0,0
2018-08-03,8616,-749094.947249826,0,0,0,0,0,38964.162145596,0,0,0,0,436486.203435222,347969.100180942,0,0,0,0,0,0
2018-08-04,8617,-751974.566667468,0,0,0,0,0,21446.681236236,0,0,0,0,415032.182472348,207366.850127868,0,0,0,0,0,0
2018-08-05,8618,-752385.591359196,0,0,0,0,0,39999.063601554,0,0,0,0,414885.387939588,149938.38233661,0,0,0,0,0,0
2018-08-06,8619,-750616.717239438,0,0,0,0,0,42337.98982353,-24.46575546,0,0,0,243666.69150387,86085.207161556,0,0,0,0,0,0
2018-08-07,8620,-743717.374199718,0,0,0,0,0,38939.696390136,0,0,0,0,63133.88196453,163252.646457942,0,0,0,0,0,0
2018-08-08,8621,-742978.508384826,0,0,0,0,0,43742.324186934,0,0,0,0,58805.889823656,147374.371164402,0,0,0,0,0,0
2018-08-09,8622,-745664.848334334,0,0,0,0,0,0,0,0,0,0,52931.66193771,120427.788100758,0,0,0,0,0,0
2018-08-10,8623,-749170.791091752,0,0,0,0,0,42198.535017408,0,0,0,0,0,98124.805423422,0,0,0,0,0,0
2018-08-11,8624,-743832.36325038,0,0,0,0,0,114167.001278544,0,0,0,0,56520.788263692,104867.567628198,0,0,0,0,0,0
2018-08-12,8625,-747179.278597308,0,0,0,0,0,188437.695128466,0,0,0,0,28925.862680358,96373.057332486,0,0,0,0,0,0
2018-08-13,8626,-746259.366192012,0,0,0,0,0,95098.39147302,0,0,0,0,61612.111974918,83609.272709004,0,0,0,0,0,0
2018-08-14,8627,-742131.99324591,0,0,0,0,0,46744.272381876,0,0,0,0,36840.534571668,107008.321230948,0,0,0,0,0,0
2018-08-15,8628,-745696.653816432,0,0,0,0,0,99159.70687938,0,0,0,0,60180.865280508,97045.865607636,0,0,0,0,0,0
2018-08-16,8629,-734523.14329785,0,0,0,0,0,48170.625925194,0,0,0,0,32204.273911998,105816.838940046,0,0,0,0,0,0
2018-08-17,8630,-732776.288358006,0,0,0,0,0,60092.788560852,0,0,0,0,48449.535537438,88152.563497926,0,0,0,0,0,0
2018-08-18,8631,-747886.338930102,0,0,0,0,0,0,0,0,0,0,46700.234022048,97040.972456544,0,0,0,0,0,0
2018-08-19,8632,-748864.969148502,0,0,0,0,0,41758.151419128,0,0,0,0,44410.239310992,100566.48781833,0,0,0,0,0,0
2018-08-20,8633,-744216.475611102,0,0,0,0,0,278706.546473682,0,0,0,0,153737.914159548,167561.065994448,0,0,0,0,0,0
2018-08-21,8634,-740984.549314836,0,0,0,0,0,193213.410594258,0,0,0,0,68699.84133168,135028.950959286,0,0,0,0,0,0
2018-08-22,8635,-745133.941440852,0,0,0,0,0,248591.648077968,0,0,0,0,280061.949326166,112246.439474934,0,0,0,0,0,0
2018-08-23,8636,-686014.889947308,0,0,0,0,0,69460.726326486,0,0,0,0,357261.19410465,317775.911367756,0,0,0,0,0,0
2018-08-24,8637,-752238.796826436,0,0,0,0,0,65521.739697426,0,0,0,0,771515.36555337,373276.477628766,0,0,0,0,0,0
2018-08-25,8638,-748488.196514418,0,0,0,0,0,67043.509687038,0,0,0,0,1375599.33361623,292096.65443694,0,0,0,0,0,0
2018-08-26,8639,-747991.54167858,0,0,0,0,0,42729.44191089,0,0,0,0,1156811.86883963,311838.072517614,0,0,0,0,0,0
2018-08-27,8640,-747587.85671349,0,0,0,0,0,45359.51062284,0,0,0,0,940013.469981936,329176.953412116,0,0,0,0,0,0
2018-08-28,8641,-747526.69232484,0,0,0,0,0,156871.977433974,0,0,0,0,1038779.27819841,299588.068758792,0,0,0,0,0,0
2018-08-29,8642,-698837.392383894,0,0,0,0,0,269414.452549974,0,0,0,0,1039505.91113557,286413.259443582,0,0,0,0,0,0
2018-08-30,8643,-501709.460916036,0,0,0,0,0,0,0,0,0,0,1454268.97029786,258316.785873318,0,0,0,0,0,0
2018-08-31,8644,-1025890.71822208,0,0,0,0,0,38264.44153944,0,0,0,0,1107691.97160259,234051.64960809,0,0,0,0,0,0
2018-09-01,8645,-1413022.15316785,0,0,0,0,0,55867.55259291,0,0,0,0,918601.040803344,218298.149667396,0,0,0,0,0,0
2018-09-02,8646,-703564.176338766,0,0,0,0,0,75560.039162664,0,0,0,0,781225.823895444,223658.596688682,0,0,0,0,0,0
2018-09-03,8647,-188041.349890014,0,0,0,0,0,298854.096094992,0,0,0,0,1053412.24653904,341294.842091454,0,0,0,0,0,0
2018-09-04,8648,-372363.904950108,0,0,0,0,0,611022.456311316,0,0,0,0,1915377.51002803,302898.28547253,0,0,0,0,0,0
2018-09-05,8649,-871193.746448502,0,0,0,0,0,136655.923697376,0,0,0,0,3357890.68482736,312662.568476616,0,0,0,0,0,0
2018-09-06,8650,-1096462.18984645,0,0,0,0,0,202598.474388714,0,0,0,0,3108684.94628734,308696.66951655,0,0,0,0,0,0
2018-09-07,8651,-984903.238099944,0,0,0,0,0,86674.831868142,0,0,0,0,1483246.21106468,235930.619627418,0,0,0,0,0,0
2018-09-08,8652,-1337278.62083923,0,0,0,0,0,49699.735641444,0,0,0,0,587422.7885946,336448.175934828,0,0,0,0,0,0
2018-09-09,8653,-1411708.34209964,0,0,0,0,0,100747.534408734,0,0,0,0,1015054.83512885,345062.568432294,0,0,0,0,0,0
2018-09-10,8654,-1409572.48164799,0,0,0,0,0,52650.30574992,0,0,0,0,559181.967067122,308762.727056292,0,0,0,0,0,0
2018-09-11,8655,-1411072.23245768,0,0,0,0,0,67173.178190976,0,0,0,0,634962.198028926,278515.713581094,0,0,0,0,0,0
2018-09-12,8656,-1414211.1888832,0,0,0,0,0,83129.743901988,0,0,0,0,716371.999322076,281346.401487816,0,0,0,0,0,0
2018-09-13,8657,-1414316.39163168,0,0,0,0,0,42504.356960658,0,0,0,0,558090.794373606,331464.501547626,0,0,0,0,0,0
2018-09-14,8658,-756537.430060758,0,0,0,0,0,88081.612807092,0,0,0,0,953658.021801978,279068.63965449,0,0,0,0,0,0
2018-09-15,8659,-665052.63066918,0,0,0,0,0,0,0,0,0,0,738276.190185414,328920.062979786,0,0,0,0,0,0
2018-09-16,8660,-622763.57235657,0,0,0,0,0,36710.86606773,0,0,0,0,1038436.75762197,334958.211427314,0,0,0,0,0,0
2018-09-17,8661,-233234.493375726,0,0,0,0,0,50842.286421426,0,0,0,0,830052.132066966,318441.379916268,0,0,0,0,0,0
2018-09-18,8662,-112985.305289826,0,0,0,0,0,44033.466676908,0,0,0,0,255461.632211136,262723.068431664,0,0,0,0,0,0
2018-09-19,8663,-61670.829788022,0,0,0,0,0,336213.304682412,0,0,0,0,129648.931333632,209764.494162948,0,0,0,0,0,0
2018-09-20,8664,0,0,0,0,0,0,58935.558327594,-27024.873481116,0,0,0,184285.856426904,183003.8508408,0,0,0,0,0,0
2018-09-21,8665,0,0,0,0,0,0,0,0,0,0,0,272421.293896008,220182.012837816,0,0,0,0,0,0
2018-09-22,8666,0,0,0,0,0,0,43519.685812248,0,0,0,0,242115.562607706,206718.507608178,0,0,0,0,0,0
2018-09-23,8667,0,0,0,0,0,0,15719.24788305,0,0,0,0,223440.851465088,187877.429328432,0,0,0,0,0,0
2018-09-24,8668,0,0,0,0,0,0,58314.12813891,0,0,0,0,448865.875697982,217723.204414086,0,0,0,0,0,0
2018-09-25,8669,0,0,0,0,0,0,236813.833399524,0,0,0,0,653923.158510426,230619.104117052,0,0,0,0,0,0
2018-09-26,8670,0,0,0,0,0,0,875793.308474982,95.416446294,0,0,0,595393.731723468,232336.600150344,0,0,0,0,0,0
2018-09-27,8671,0,0,0,0,0,0,740001.025945344,0,0,0,0,446005.828884708,192905.142075462,0,0,0,0,0,0
2018-09-28,8672,0,0,0,0,0,0,547959.52503762,0,0,0,0,244562.138153706,171478.033443594,0,0,0,0,0,0
2018-09-29,8673,0,0,0,0,0,0,287976.621217476,0,0,0,0,246803.201353842,144651.332581704,0,0,0,0,0,0
2018-09-30,8674,0,0,0,0,0,0,286227.319702086,0,0,0,0,149872.324796868,133343.260408092,0,0,0,0,0,0
2018-10-01,8675,0,0,0,0,0,0,1091258.32366011,0,0,0,0,108055.455564636,115923.642520572,0,0,0,0,0,0
2018-10-02,8676,0,0,0,0,0,0,665869.786901544,0,0,0,0,94777.890076494,102281.537276076,0,0,0,0,0,0
2018-10-03,8677,0,0,0,0,0,0,713458.12784679,0,0,0,0,53555.53870194,93887.33657775,0,0,0,0,0,0
2018-10-04,8678,0,0,0,0,0,0,629335.074273126,0,0,0,229.978101324,62906.350438752,79264.154539308,0,0,0,0,0,0
2018-10-05,8679,0,0,0,0,0,0,539494.37364846,0,0,0,0,34934.652221334,69509.657837406,0,0,0,0,0,0
2018-10-06,8680,0,0,0,0,0,0,593656.663085808,0,0,0,0,55525.03201647,61298.95030503,0,0,0,0,0,0
2018-10-07,8681,0,0,0,0,0,0,521722.448882316,0,0,0,0,55388.023785894,55109.11417365,0,0,0,0,0,0
2018-10-08,8682,0,0,0,0,0,0,638737.264096404,0,0,0,0,40133.625256584,39340.93477968,0,0,0,0,0,0
2018-10-09,8683,0,0,0,0,0,0,714705.88137525,0,0,0,0,58238.284296984,0,0,-105.202748478,0,0,0,0
2018-10-10,8684,0,0,0,0,0,0,652479.678938286,0,0,0,0,43128.233724888,0,0,0,0,0,0,0
2018-10-11,8685,0,0,0,0,0,0,588188.566740498,0,0,0,0,46049.444926812,0,0,0,0,0,0,0
2018-10-12,8686,0,0,0,0,0,0,744360.823568316,0,0,0,0,62933.262769758,0,0,0,0,0,0,0
2018-10-13,8687,0,0,0,0,0,0,602713.8857571,0,0,0,0,38753.75664864,0,0,0,0,0,0,0
2018-10-14,8688,0,0,0,0,0,0,468352.849921872,0,0,0,0,45538.110637698,0,0,0,0,0,0,0
2018-10-15,8689,0,0,0,0,0,0,580136.886618612,0,0,0,0,20641.757881602,0,0,0,0,0,0,0
2018-10-16,8690,0,0,0,0,0,0,484862.34170628,0,0,0,0,56188.053989436,0,0,0,0,0,0,0
2018-10-17,8691,0,0,0,0,0,0,275748.636638568,0,0,0,0,30834.191606238,0,0,0,0,0,0,0
2018-10-18,8692,0,0,0,0,0,0,522742.670884998,0,0,0,0,56794.804724844,0,0,0,0,0,0,0
2018-10-19,8693,0,0,0,0,0,0,845712.662136912,0,0,0,0,29412.731214012,0,0,0,0,0,0,0
2018-10-20,8694,0,0,0,0,0,0,907520.50015551,0,0,0,0,51610.51114287,0,0,0,0,0,0,0
2018-10-21,8695,0,0,0,0,0,0,701924.970722946,0,0,0,0,37109.657881728,0,0,0,0,0,0,0
2018-10-22,8696,0,0,0,0,0,0,969661.072448364,0,0,0,0,32806.131496314,0,0,0,0,0,0,0
2018-10-23,8697,0,0,0,0,0,0,718246.076190312,0,0,0,0,53288.861967426,5000.800416024,0,0,0,0,0,0
2018-10-24,8698,0,0,0,0,0,0,991582.389340524,0,0,0,0,31325.953290984,0,0,0,0,0,0,0
2018-10-25,8699,0,0,0,0,0,0,719689.555762452,26232.183004212,0,0,78035.973615216,46590.138122478,0,0,0,0,0,0,0
2018-10-26,8700,0,0,0,0,0,0,639282.850443162,0,0,0,0,47967.560154876,0,0,0,0,0,0,0
2018-10-27,8701,0,0,0,0,0,0,462439.47682719,0,0,0,0,35932.855044102,0,0,0,0,0,0,0
2018-10-28,8702,0,0,0,0,0,0,468947.36777955,0,0,0,0,30249.460050744,0,0,0,0,0,0,0
2018-10-29,8703,0,0,0,0,0,0,519938.895309282,0,0,0,0,45711.817501464,0,0,0,0,0,0,0
2018-10-30,8704,0,0,0,0,0,0,472614.784523004,0,0,0,0,23631.473198814,0,0,0,0,0,0,0
2018-10-31,8705,-90.523295202,0,0,0,0,0,573249.776456622,0,0,0,0,28287.306462852,2402.537186172,0,0,0,0,0,0
2018-11-01,8706,0,0,0,0,0,0,329238.117800766,0,0,0,0,55336.645699428,0,0,0,0,0,0,0
2018-11-02,8707,0,0,0,0,0,0,694093.4824002,0,0,0,0,44158.242029754,0,0,0,0,0,0,0
2018-11-03,8708,0,0,0,0,0,0,988345.569893166,0,0,0,0,11687.291383242,0,0,0,0,0,0,0
2018-11-04,8709,0,0,0,0,0,0,922481.3096193,0,0,0,0,24849.867820722,0,0,0,0,0,0,0
2018-11-05,8710,0,0,0,0,0,0,774030.445214658,0,0,0,0,23866.34445123,0,0,0,0,0,0,0
2018-11-06,8711,0,0,0,0,0,0,587444.807774514,0,0,0,0,14936.34370833,0,0,0,0,0,0,0
2018-11-07,8712,0,0,0,0,0,0,649130.317015812,0,0,0,0,22608.804620586,0,0,-34.252057644,0,0,0,0
2018-11-08,8713,0,0,0,0,0,0,671291.39831148,0,0,0,-97.86302184,23293.845773466,0,0,0,0,0,0,0
2018-11-09,8714,0,0,0,0,0,0,648274.015574712,0,0,0,0,9115.940484396,0,0,0,0,0,0,0
2018-11-10,8715,0,0,0,0,0,0,357273.42698238,0,0,0,0,23411.281399674,0,0,0,0,0,0,0
2018-11-11,8716,0,0,0,0,0,0,517560.82387857,0,0,0,0,11814.513311634,0,0,0,0,0,0,0
2018-11-12,8717,0,0,0,0,0,0,504508.34334066,0,0,0,0,24137.914336836,0,0,0,0,0,0,0
2018-11-13,8718,0,0,0,0,0,0,606197.809334604,0,0,0,0,24548.939028564,0,0,0,0,0,0,0
2018-11-14,8719,0,0,0,0,0,0,621329.879086614,0,0,0,0,23107.90603197,0,0,0,0,0,0,0
2018-11-15,8720,0,0,0,0,0,0,618614.180230554,0,0,0,0,24634.569172674,0,0,0,0,0,0,0
2018-11-16,8721,0,0,0,0,0,0,479110.442597634,0,0,0,0,23616.793745538,0,0,0,0,0,0,0
2018-11-17,8722,0,0,0,0,0,0,533639.718366882,0,0,0,0,23457.766335048,0,0,0,0,0,0,0
2018-11-18,8723,0,0,0,0,0,0,941195.165970654,0,0,0,0,24441.28970454,0,0,0,0,0,0,0
2018-11-19,8724,0,0,0,0,0,0,846913.930729998,0,0,0,0,23435.747155134,0,0,0,0,0,0,0
2018-11-20,8725,0,0,0,0,0,0,694421.323523364,0,0,0,0,25258.445936904,0,0,0,0,0,0,0
2018-11-21,8726,0,0,0,0,0,0,558873.698548326,0,0,0,0,32759.64656094,0,0,0,0,0,0,0
2018-11-22,8727,0,0,0,0,0,0,439480.811903526,0,0,0,0,24059.623919364,0,0,0,0,0,0,0
2018-11-23,8728,0,0,0,0,0,0,385722.207431268,0,0,0,0,16639.160288346,0,0,0,0,0,0,0
2018-11-24,8729,0,0,0,0,0,0,399914.792173614,0,0,0,0,25605.859664436,0,0,0,0,0,0,0
2018-11-25,8730,0,0,0,0,0,0,616960.295161458,0,0,0,0,25395.45416748,0,0,0,0,0,0,0
2018-11-26,8731,0,0,0,0,0,0,633738.910255926,0,0,0,0,24385.018466982,0,0,0,0,0,0,0
2018-11-27,8732,0,0,0,0,0,0,548884.330594008,0,0,0,0,23462.65948614,0,0,0,0,0,0,0
2018-11-28,8733,0,0,0,0,0,0,497210.208486942,0,0,0,0,23379.475917576,0,0,0,0,0,0,0
2018-11-29,8734,-51128.535760308,0,0,0,0,0,158670.210460284,0,0,0,0,18540.149487588,0,0,0,0,0,0,0
2018-11-30,8735,0,0,0,0,0,0,326086.928497518,0,0,0,0,16746.80961237,0,0,0,0,0,0,0
2018-12-01,8736,0,0,0,0,0,0,367399.803167274,0,0,0,0,24397.251344712,0,0,0,0,0,0,0
2018-12-02,8737,0,0,0,0,0,0,487927.900865418,0,0,0,0,22320.108706158,0,0,0,0,0,0,0
2018-12-03,8738,-197852.117829474,0,0,0,0,0,427906.0629954,0,0,0,0,22804.530664266,0,0,0,0,0,0,0
2018-12-04,8739,-216399.6070437,0,0,0,0,0,337845.170571594,0,0,0,0,23699.977314102,0,0,0,0,0,0,0
2018-12-05,8740,-110122.811901006,0,0,0,0,0,474951.264169434,0,0,0,0,21175.11135063,0,0,0,0,0,0,0
2018-12-06,8741,-184134.168743052,0,0,0,0,0,372902.151570228,0,0,0,0,19631.322181104,0,0,0,0,0,0,0
2018-12-07,8742,-241347.337886262,0,0,0,0,0,324513.78042144,0,0,0,0,27709.914633996,0,0,0,0,0,0,0
2018-12-08,8743,0,0,0,0,0,0,276771.305216796,0,0,0,0,12722.1928392,0,0,0,0,0,0,0
2018-12-09,8744,0,0,0,0,0,0,291328.429715496,0,0,0,0,26684.799480222,0,0,0,0,0,0,0
2018-12-10,8745,-101576.923518828,0,0,0,0,0,392638.67649981,0,0,0,0,20869.28940738,0,0,0,0,0,0,0
2018-12-11,8746,-142542.384461052,0,0,0,0,0,441139.590123714,0,0,0,0,19631.322181104,0,0,0,0,0,0,0
2018-12-12,8747,-29023.725702198,530.906893482,0,1392.101485674,0,0,325017.774983916,0,0,0,0,18826.39882647,0,0,0,0,0,0,0
2018-12-13,8748,-250424.133161922,0,0,0,0,0,331449.82209435,0,0,0,0,18633.119358336,0,0,0,0,0,0,0
2018-12-14,8749,-232038.117933732,0,0,0,0,0,285089.662073196,0,0,0,0,28541.750319636,0,0,0,0,0,0,0
2018-12-15,8750,0,0,0,0,0,0,259921.739431494,0,0,0,0,12.23287773,0,0,0,0,0,0,0
2018-12-16,8751,0,0,0,0,0,0,286814.497833126,0,0,0,0,24093.875977008,0,0,0,0,0,0,0
2018-12-17,8752,0,0,0,0,0,0,495490.265878104,0,0,0,0,13054.927113456,0,0,0,0,0,0,0
2018-12-18,8753,-196689.994445124,0,0,0,0,0,518373.086959842,0,0,0,0,134456.452281522,0,0,0,0,0,0,0
2018-12-19,8754,-26354.511781512,0,0,0,0,0,345710.910951984,0,0,0,0,12602.310637446,0,0,0,0,0,0,0
2018-12-20,8755,0,0,0,0,0,0,381704.930384736,0,0,0,0,37082.745550722,0,0,0,0,0,0,0
2018-12-21,8756,0,0,0,0,0,0,414687.215320362,0,0,0,0,23589.881414532,0,0,0,0,0,0,0
2018-12-22,8757,-190534.410371388,0,0,0,0,0,263116.96709457,0,0,0,0,26518.432343094,0,0,0,0,0,0,0
2018-12-23,8758,-39727.493715948,0,0,0,0,0,230406.25204455,0,0,0,0,26393.656990248,0,0,0,0,0,0,0
2018-12-24,8759,-51497.968667754,0,0,0,0,0,508618.59025794,0,0,0,0,26983.281696834,0,0,0,0,0,0,0
2018-12-25,8760,-37701.72916386,0,0,0,0,0,240755.26660413,0,0,0,0,25681.703506362,0,0,0,0,0,0,0
2018-12-26,8761,0,0,0,0,0,0,302183.885413098,0,0,0,0,37381.227767334,0,0,0,0,0,0,0
2018-12-27,8762,-99649.02198858,0,0,0,0,0,49929.713742768,0,0,0,0,26109.854226912,0,0,0,0,0,0,0
2018-12-28,8763,0,0,0,0,0,0,264066.238406418,0,0,0,0,26273.774788494,0,0,0,0,0,0,0
2018-12-29,8764,0,0,0,0,0,0,43255.45565328,0,0,0,0,27289.103640084,0,0,0,0,0,0,0
2018-12-30,8765,-65737.038345474,0,0,0,0,0,40366.049933454,0,0,0,0,36718.205794368,0,0,0,0,0,0,0
2018-12-31,8766,-36806.282514024,0,0,0,0,0,19880.872886796,0,0,0,0,28563.76949955,0,0,0,0,0,0,0
2019-01-01,8767,-59190.002184378,0,0,0,0,0,22836.336146364,0,0,0,0,26953.922790282,0,0,0,0,0,0,0
2019-01-02,8768,-147978.675324264,0,0,0,0,0,40845.57874047,0,0,0,0,26479.287134358,0,0,0,0,0,0,0
2019-01-03,8769,-87961.730605338,0,0,0,0,0,43571.063898714,0,0,0,0,26826.70086189,0,0,0,0,0,0,0
2019-01-04,8770,-144061.707875118,0,0,0,0,0,0,0,0,0,0,27570.459827874,0,0,0,0,0,0,0
2019-01-05,8771,-28977.240766824,0,0,0,0,0,41210.118496824,0,0,0,0,29253.703803522,0,0,0,0,0,0,0
2019-01-06,8772,0,0,0,0,0,0,37537.808602278,0,0,0,0,27607.158461064,0,0,0,0,0,0,0
2019-01-07,8773,-127794.427069764,0,0,0,0,0,0,0,0,0,0,21940.889496528,0,0,0,0,0,0,0
2019-01-08,8774,-295458.249237144,0,0,0,0,0,39230.83888011,0,0,0,0,20568.360615222,0,0,0,0,0,0,0
2019-01-09,8775,-138622.97043636,0,0,0,0,0,84242.935775418,0,0,0,0,29437.196969472,0,0,0,0,0,0,0
2019-01-10,8776,-306025.009020318,0,0,0,0,0,136602.099035364,0,0,0,0,24737.325345606,0,0,0,0,0,0,0
2019-01-11,8777,-304564.403419356,0,0,0,0,0,84690.659100336,0,0,0,0,23841.87869577,0,0,0,0,0,0,0
2019-01-12,8778,-303661.617042882,0,0,0,0,0,97121.709449562,0,0,0,0,34714.460422194,0,0,0,0,0,0,0
2019-01-13,8779,-61250.01879411,0,0,0,0,0,3412.97288667,0,0,0,0,24945.284267016,0,0,0,0,0,0,0
2019-01-14,8780,-204697.636207182,0,0,0,0,0,45210.269514534,0,0,0,0,24962.410295838,0,0,0,0,0,0,0
2019-01-15,8781,-302927.644379082,0,0,0,0,0,56481.643054956,0,0,0,0,25292.697994548,0,0,0,0,0,0,0
2019-01-16,8782,-237719.066351544,0,0,0,0,0,197901.049340394,0,0,0,0,14897.198499594,0,0,0,0,0,0,0
2019-01-17,8783,-303262.825228884,0,0,0,0,0,304657.373290104,0,0,0,0,25999.758327342,0,0,0,0,0,0,0
2019-01-18,8784,-219844.385412468,0,0,0,0,0,300260.877033942,0,0,0,0,25197.281548254,0,0,0,0,0,0,0
2019-01-19,8785,-143910.020191266,0,0,0,0,0,128868.473734458,0,0,0,0,24062.07049491,0,0,0,0,0,0,0
2019-01-20,8786,-204350.22247965,0,0,0,0,0,95343.04902762,0,0,0,0,38396.556618924,0,0,0,0,0,0,0
2019-01-21,8787,-90694.55549022,0,0,0,0,0,88710.382722414,0,0,0,0,23088.333427602,0,0,0,0,0,0,0
2019-01-22,8788,-184156.187922966,0,0,0,0,0,53814.875709816,0,0,0,0,26053.582989354,0,0,0,0,0,0,0
2019-01-23,8789,-189886.067851698,0,0,0,0,0,37958.61959619,0,0,0,0,38173.918244238,0,0,0,0,0,0,0
2019-01-24,8790,-231233.194579098,0,0,0,0,0,94046.36398824,0,0,0,0,32006.101292772,54049.746962232,0,0,0,0,0,0
2019-01-25,8791,-153576.440173512,0,0,0,0,0,53690.10035697,0,0,0,0,188809.574611458,215027.078162394,0,0,0,0,0,0
2019-01-26,8792,0,0,0,0,0,0,99724.865830506,0,0,0,0,1692149.51063544,147352.351984488,0,0,0,0,0,0
2019-01-27,8793,0,0,0,0,0,0,946115.22939366,0,0,0,0,2164142.86496976,124518.46241367,0,0,0,0,0,0
2019-01-28,8794,-912.572678658,0,0,0,0,0,2943105.60648515,0,0,0,0,2032825.36911376,226433.013357846,0,0,0,0,0,0
2019-01-29,8795,0,0,0,0,0,0,3825688.16210029,0,0,0,0,1765125.96602153,431174.687924856,0,0,0,0,0,0
2019-01-30,8796,0,0,0,0,0,0,3540786.88634413,0,0,0,22.019179914,1790107.94892173,656778.312172608,0,0,0,0,0,0
2019-01-31,8797,0,0,0,0,0,0,1619439.73198387,0,0,0,0,2034988.14189642,685638.117313224,0,0,0,0,0,0
2019-02-01,8798,0,0,0,0,0,0,1054158.45208057,0,0,0,0,2121445.22854097,501195.680051376,0,0,0,0,0,0
2019-02-02,8799,0,0,0,0,0,0,2479379.23092077,0,0,0,0,1953610.14608537,151932.3414066,0,0,0,0,0,0
2019-02-03,8800,0,0,0,0,0,0,3081943.87556956,0,0,0,0,1753651.52671079,0,0,0,0,0,0,0
2019-02-04,8801,-96659.306671368,0,0,0,0,0,1677274.33131576,0,0,0,0,1499278.62061762,0,0,0,0,0,0,0
2019-02-05,8802,-201013.093434906,0,0,0,0,0,1504751.61011402,0,0,0,0,1079940.46518431,0,0,0,0,0,0,0
2019-02-06,8803,0,0,0,0,0,0,718370.851543158,0,0,0,0,620436.879012324,0,0,0,0,0,0,0
2019-02-07,8804,0,0,0,0,0,0,533157.74298432,0,0,0,0,316855.99896246,0,0,0,0,-746205.54153,0,0
2019-02-08,8805,0,0,0,0,0,0,450101.396348712,0,0,0,0,159905.731111014,0,0,0,0,-939485.009664,0,0
2019-02-09,8806,0,0,0,0,0,0,755984.503987362,0,0,0,0,0,0,0,0,0,-636109.64196,0,0
2019-02-10,8807,0,0,0,0,0,0,884645.01880041,0,0,0,0,0,0,0,0,0,-633663.066414,0,0
2019-02-11,8808,0,0,0,0,0,0,802447.420181448,0,0,0,0,0,0,0,0,0,-631216.490868,0,0
2019-02-12,8809,0,0,0,0,0,0,636775.110508512,0,0,0,0,0,125629.207711554,0,0,0,-628769.915322,0,0
2019-02-13,8810,0,0,0,0,0,0,502568.208932682,0,0,0,0,0,199097.424782388,0,0,0,-633663.066414,0,0
2019-02-14,8811,0,0,0,0,0,0,778674.045600966,0,0,0,0,0,173557.622657694,0,0,0,-638556.217506,0,0
2019-02-15,8812,0,0,0,0,0,0,637061.359847394,0,0,0,0,59857.917308436,175965.052994958,0,0,0,-636109.64196,0,0
2019-02-16,8813,0,0,0,0,0,0,382032.7715079,0,0,0,0,0,172552.080108288,0,0,0,-633663.066414,0,0
2019-02-17,8814,0,0,0,0,0,0,81011.009479152,0,0,0,0,0,81568.82870364,0,0,0,-628769.915322,0,0
2019-02-18,8815,0,0,0,0,0,0,154183.19090892,0,0,0,0,0,0,0,0,0,-628769.915322,0,0
2019-02-19,8816,0,0,0,0,0,0,282479.165965614,-146.79453276,0,0,0,105131.797787166,0,0,0,0,-626323.339776,0,0
2019-02-20,8817,0,0,0,0,0,0,193247.662651902,0,0,0,0,0,0,0,0,0,-623876.76423,0,0
2019-02-21,8818,0,0,0,0,0,0,58130.63497296,0,0,0,0,65370.052013574,0,0,-63.610964196,0,-621430.188684,0,0
2019-02-22,8819,0,0,0,0,0,0,188909.884208844,0,0,0,0,19305.927633486,0,0,0,0,-621430.188684,0,0
2019-02-23,8820,0,0,0,0,0,0,242844.642120414,0,0,0,0,43972.302288258,0,0,0,0,-618983.613138,0,0
2019-02-24,8821,0,0,0,0,0,0,226910.095589316,0,0,0,0,0,68942.052310734,0,0,0,-626323.339776,0,0
2019-02-25,8822,0,0,0,0,0,0,109814.54338221,0,0,0,0,0,175539.348849954,0,0,0,-650789.095236,0,0
2019-02-26,8823,0,0,0,0,0,0,71902.408721394,0,0,0,0,0,304045.729403604,0,0,0,-655682.246328,0,0
2019-02-27,8824,0,0,0,0,0,0,439566.442047636,0,0,0,0,0,345772.075340634,0,0,0,-665468.548512,0,0
2019-02-28,8825,0,0,0,0,0,0,322771.818632688,0,0,0,0,194243.418899124,344945.132806086,0,0,0,-667915.124058,0,0
2019-03-01,8826,0,0,0,0,0,0,266304.855031008,0,0,0,0,463371.622110216,281681.582337618,0,0,0,-667915.124058,0,0
2019-03-02,8827,0,0,0,0,0,0,0,0,0,0,0,245890.628675184,203569.764880476,0,0,0,-667915.124058,0,0
2019-03-03,8828,0,0,0,0,0,0,0,0,0,0,0,123916.604829354,172718.447245416,0,0,0,-665468.548512,0,0
2019-03-04,8829,0,0,0,0,0,0,126157.66802949,0,0,0,0,74248.674670008,118446.061908498,0,0,0,-665468.548512,0,0
2019-03-05,8830,0,0,0,0,0,0,72193.551211368,0,0,0,0,76034.674818588,0,0,0,0,-667915.124058,0,0
2019-03-06,8831,0,0,0,0,0,0,58284.769232358,0,0,0,0,36113.901634506,110179.083138564,0,0,0,-1201268.593086,0,0
2019-03-07,8832,0,0,0,0,0,0,47911.288917318,0,0,0,0,33158.438374938,12347.866780662,0,0,0,-1585380.953808,0,0
2019-03-08,8833,0,0,0,0,0,0,50622.094622286,0,0,0,0,33273.4274256,0,0,0,0,-1565808.34944,0,0
2019-03-09,8834,0,0,0,0,0,0,0,0,0,0,0,33031.216446546,0,0,0,0,-1548682.320618,0,0
2019-03-10,8835,0,0,0,0,0,0,0,0,0,0,0,33611.054850948,0,0,0,0,-1534002.867342,0,0
2019-03-11,8836,0,0,0,0,0,0,81700.943783124,0,0,0,0,34726.693299924,0,0,0,0,-1526663.140704,0,0
2019-03-12,8837,0,0,0,0,0,0,42724.548759798,0,0,0,0,33422.668533906,0,0,0,0,-1519323.414066,0,0
2019-03-13,8838,0,0,0,0,0,0,34790.30426412,0,0,0,0,33077.70138192,0,0,0,0,-1502197.385244,0,0
2019-03-14,8839,0,0,0,0,0,0,33554.78361339,0,0,0,0,33224.49591468,0,0,0,0,-1482624.780876,0,0
2019-03-15,8840,0,0,0,0,0,0,39424.118348244,0,0,0,0,33449.580864912,0,0,0,0,-1465498.752054,0,0
2019-03-16,8841,0,0,0,0,0,0,0,0,0,0,0,32505.202704156,0,0,0,0,-1453265.874324,0,0
2019-03-17,8842,0,0,0,0,0,0,0,0,0,0,0,32769.432863124,0,0,0,0,-1445926.147686,0,0
2019-03-18,8843,0,0,0,0,0,0,89936.11707096,0,0,0,0,32373.087624672,0,0,0,0,-1438586.421048,0,0
2019-03-19,8844,0,0,0,0,0,0,52594.034512362,0,0,0,0,36302.287951548,66683.863081776,0,0,0,-1438586.421048,0,0
2019-03-20,8845,-92.969870748,0,0,0,0,0,619861.933759014,0,0,0,0,142079.981682858,251857.826431878,0,0,0,-1477731.629784,0,0
2019-03-21,8846,0,0,0,0,0,0,308843.46404931,0,0,0,0,370670.874672276,177066.011990658,0,0,0,-1489964.507514,0,0
2019-03-22,8847,0,0,0,0,0,0,182096.171313234,0,0,0,0,130045.276572084,176769.976349592,0,0,0,-1480178.20533,0,0
2019-03-23,8848,0,0,0,0,0,0,0,0,0,0,0,100133.443946688,73703.08832325,0,0,0,-1467945.3276,0,0
2019-03-24,8849,0,0,0,0,0,0,40669.425301158,0,0,0,0,77615.162621304,0,0,0,0,-1453265.874324,0,0
2019-03-25,8850,0,0,0,0,0,0,101185.471431468,0,0,0,0,15119.83687428,0,0,0,0,-1443479.57214,0,0
2019-03-26,8851,-927.252131934,0,0,0,0,0,62206.629832596,0,0,0,0,30222.547719738,0,0,0,0,-824495.959002,0,0
2019-03-27,8852,0,0,0,0,0,0,35350.570064154,0,0,0,-39.145208736,42076.206240108,35717.556396054,0,0,0,-300928.792158,0,0
2019-03-28,8853,0,0,0,0,0,0,53602.023637314,0,0,0,0,31472.747823744,29767.484668182,0,0,0,-308268.518796,0,0
2019-03-29,8854,0,0,0,0,0,0,54267.492185826,0,0,0,0,32715.608201112,0,0,0,0,-308268.518796,0,0
2019-03-30,8855,0,0,0,0,0,0,0,0,0,0,0,831.83568564,0,0,0,0,-308268.518796,0,0
2019-03-31,8856,0,0,0,0,0,0,0,0,0,0,0,31900.898544294,0,0,0,0,-308268.518796,0,0
2019-04-01,8857,0,0,0,0,0,0,0,0,0,0,0,33261.19454787,0,0,0,0,-308268.518796,0,0
2019-04-02,8858,0,0,0,0,0,0,36402.597548934,0,0,0,0,32847.723280596,0,0,0,0,-308268.518796,0,0
2019-04-03,8859,0,0,0,0,0,0,0,0,0,0,0,0,0,0,0,0,-310715.094342,0,0
2019-04-04,8860,0,0,0,0,0,0,50886.324781254,0,0,0,0,0,0,0,0,0,-308268.518796,0,0
2019-04-05,8861,0,0,0,0,0,0,0,0,0,0,0,0,0,0,0,0,-122328.7773,0,0
2019-04-06,8862,0,0,0,0,0,0,42225.447348414,0,0,0,0,0,0,0,0,0,0,0,0
2019-04-07,8863,0,0,0,0,0,0,0,0,0,0,0,0,0,0,0,0,0,0,0
2019-04-08,8864,0,0,0,0,0,0,47221.354613346,0,0,0,0,0,1365.189154668,0,0,0,0,0,0
2019-04-09,8865,0,0,0,0,0,0,0,0,0,0,0,0,1125.42475116,0,0,0,0,0,0
2019-04-10,8866,0,0,0,0,0,0,45714.26407701,0,0,0,0,0,1333.38367257,0,0,0,0,0,0
2019-04-11,8867,0,0,0,0,0,0,0,0,0,0,0,0,1296.68503938,0,0,0,0,0,0
2019-04-12,8868,0,0,0,0,0,0,37114.55103282,0,0,0,0,0,2676.553647324,0,0,0,0,0,0
2019-04-13,8869,0,0,0,0,0,0,0,0,0,0,0,0,0,0,0,0,0,0,0
2019-04-14,8870,0,0,0,0,0,0,44319.71601579,0,0,0,0,0,959.057614032,0,0,0,0,0,0
2019-04-15,8871,0,0,0,0,0,0,50091.187728804,0,0,0,0,0,3065.559159138,0,0,0,0,0,0
2019-04-16,8872,0,0,0,0,0,0,0,0,0,0,0,0,389.005511814,0,0,0,0,0,0
2019-04-17,8873,0,0,0,0,0,0,40894.51025139,0,0,0,0,0,0,0,0,0,0,0,0
2019-04-18,8874,0,0,0,0,0,0,126443.917368372,0,0,0,0,0,0,0,0,0,0,0,0
2019-04-19,8875,0,0,0,0,0,0,85669.289318736,0,0,0,0,88225.960764306,0,0,0,0,0,0,0
2019-04-20,8876,0,0,0,0,0,0,326126.073706254,0,0,0,0,64188.356024856,0,0,0,0,0,0,0
2019-04-21,8877,0,0,0,0,0,0,566113.11558894,0,0,0,0,50614.754895648,0,0,0,0,0,0,0
2019-04-22,8878,0,0,0,0,0,0,209495.370852888,0,0,0,0,44415.132462084,0,0,0,0,0,0,0
2019-04-23,8879,0,0,0,0,0,0,65100.928703514,0,0,0,0,0,0,0,0,0,0,0,0
2019-04-24,8880,0,0,0,0,0,0,34775.624810844,0,0,0,0,0,0,0,0,0,0,0,0
2019-04-25,8881,0,0,0,0,0,0,44219.406418404,0,0,0,0,0,0,0,0,0,0,0,0
2019-04-26,8882,0,0,0,0,0,0,42276.82543488,0,0,0,0,0,0,0,0,0,0,0,0
2019-04-27,8883,0,0,0,0,0,0,45180.910607982,0,0,0,0,0,0,0,0,0,0,0,0
2019-04-28,8884,0,0,0,0,0,0,44451.831095274,0,0,0,0,0,0,0,0,0,0,0,0
2019-04-29,8885,0,0,0,0,0,0,41811.97608114,0,0,0,0,0,0,0,0,0,0,0,0
2019-04-30,8886,0,0,0,0,0,0,40307.33212035,0,0,0,0,0,0,0,0,0,0,0,0
2019-05-01,8887,0,0,0,0,0,0,40175.217040866,0,0,0,0,0,0,0,0,0,0,0,0
2019-05-02,8888,0,0,0,0,0,0,41946.53773617,0,0,0,0,0,0,0,0,0,0,0,0
2019-05-03,8889,0,0,0,0,0,0,121668.20190258,0,0,0,5269.923726084,0,0,0,0,0,0,0,0
2019-05-04,8890,0,0,0,0,0,0,278691.867020406,0,0,0,0,0,0,0,0,0,0,0,0
2019-05-05,8891,0,0,0,0,0,0,24145.254063474,0,0,0,0,177883.168223022,0,0,0,0,0,0,0
2019-05-06,8892,0,0,0,0,0,0,79266.601114854,0,0,0,0,115627.606879506,0,0,0,0,0,0,0
2019-05-07,8893,0,0,0,0,0,0,49320.516431814,0,0,0,0,0,0,0,0,0,0,0,0
2019-05-08,8894,-464.84935374,0,0,0,0,0,44669.576318868,0,0,0,0,0,0,0,0,0,0,0,-1066706.938056
2019-05-09,8895,0,0,0,0,0,0,146877.716328564,0,0,0,0,307182.239253576,0,0,0,0,0,0,-1534002.867342
2019-05-10,8896,-105.202748478,0,0,0,0,0,556661.994254742,0,0,0,0,1032633.48042686,0,0,0,0,0,0,-1526663.140704
2019-05-11,8897,0,0,0,0,0,0,746765.807330034,0,0,0,0,791195.619245394,0,0,0,0,0,0,-1509537.111882
2019-05-12,8898,0,0,0,0,0,0,304121.57324553,0,0,0,0,832041.197985864,0,0,0,0,0,0,-1494857.658606
2019-05-13,8899,0,0,0,0,0,0,1188345.78105203,0,0,0,0,938464.787661318,0,0,0,0,0,0,-1502197.385244
2019-05-14,8900,0,0,0,0,0,0,1488132.02243005,0,0,0,0,1589713.83909997,0,0,0,0,0,0,-2020871.400996
2019-05-15,8901,0,0,0,0,0,0,3016223.96325291,0,0,0,0,1874764.35596443,0,0,0,0,0,0,-2813561.8779
2019-05-16,8902,0,0,0,0,0,0,3362387.4906809,0,0,0,0,1579974.02185134,0,0,0,0,0,0,-2862493.38882
2019-05-17,8903,0,0,0,0,0,0,1002670.269715,0,0,0,0,723146.56700895,0,0,0,0,0,0,-2857600.237728
2019-05-18,8904,0,0,0,0,0,0,665654.488253496,0,0,0,0,403540.617132786,0,0,0,0,0,0,-2816008.453446
2019-05-19,8905,0,0,0,0,0,0,768046.121429142,0,0,0,0,334613.244275328,0,0,0,0,0,0,-2757290.640342
2019-05-20,8906,0,0,0,0,0,0,650074.695176568,0,0,0,0,0,0,0,0,0,0,0,-2696126.251692
2019-05-21,8907,0,0,0,0,0,0,384261.601830306,-5717.647051002,0,0,0,0,0,0,0,0,-494208.260292,0,-1355402.852484
2019-05-22,8908,0,0,0,0,0,0,626641.39459698,0,0,0,0,0,0,0,0,0,-941931.58521,0,0
2019-05-23,8909,0,0,0,0,0,0,167059.518007518,0,0,0,0,0,0,0,0,0,-433043.871642,0,0
2019-05-24,8910,0,0,0,0,0,0,42594.88025586,0,0,0,0,0,0,0,0,0,0,0,0
2019-05-25,8911,0,0,0,0,0,0,39739.726593678,0,0,0,0,0,0,0,0,0,0,0,0
2019-05-26,8912,0,0,0,0,0,0,43529.472114432,0,0,0,0,0,0,0,0,0,0,0,0
2019-05-27,8913,0,0,0,0,0,0,19080.842683254,0,0,0,0,0,0,0,0,0,0,0,0
2019-05-28,8914,-31.805482098,0,0,0,0,0,22936.64574375,0,0,0,0,0,0,0,0,0,0,0,0
2019-05-29,8915,0,0,0,0,0,0,41601.570584184,0,0,0,0,0,0,0,0,0,0,0,0
2019-05-30,8916,0,0,0,0,0,0,285630.355268862,0,0,0,0,0,0,0,0,0,0,0,0
2019-05-31,8917,0,0,0,0,0,0,705829.705294362,0,0,0,0,0,0,0,0,0,0,0,0
2019-06-01,8918,0,0,0,0,0,0,334720.893599352,0,0,0,0,0,0,0,0,0,0,0,0
2019-06-02,8919,0,0,0,0,0,0,248232.001472706,0,0,0,0,0,0,0,0,0,0,0,0
2019-06-03,8920,0,0,0,0,0,0,287117.87320083,0,0,0,0,0,0,0,0,0,0,0,0
2019-06-04,8921,0,0,0,0,0,0,353931.404786544,0,0,0,0,0,0,0,0,0,0,0,0
2019-06-05,8922,0,0,0,0,0,0,422504.024189832,0,0,0,0,0,0,0,0,0,0,0,0
2019-06-06,8923,0,0,0,0,0,0,323552.276231862,0,0,0,0,0,0,0,0,0,0,0,0
2019-06-07,8924,0,0,0,0,0,0,587094.947471436,0,0,0,0,39996.617026008,0,0,0,0,0,0,0
2019-06-08,8925,0,0,0,0,0,0,587026.443356148,0,0,0,0,0,0,0,0,0,0,0,0
2019-06-09,8926,0,0,0,0,0,0,587241.742004196,0,0,0,0,38379.430590102,0,0,0,0,0,0,0
2019-06-10,8927,0,0,0,0,0,0,576366.713702226,0,0,0,0,163541.34237237,0,0,0,0,0,0,0
2019-06-11,8928,0,0,0,0,0,0,495013.183646634,0,0,0,0,150307.815244056,0,0,0,0,0,0,-1252646.679552
2019-06-12,8929,0,0,0,0,0,0,732727.356847086,0,0,0,0,569946.899469522,0,0,0,0,0,0,-1864290.566052
2019-06-13,8930,0,0,0,0,0,0,1719837.40608952,0,0,0,0,481283.001682482,0,0,0,0,0,0,-1834931.6595
2019-06-14,8931,0,0,0,0,0,0,1599561.30567262,0,0,0,0,1286098.70699246,0,0,0,0,0,0,-1852057.688322
2019-06-15,8932,0,0,0,0,0,0,1366084.60131784,0,0,0,0,1384536.67408577,0,0,0,0,0,0,-1852057.688322
2019-06-16,8933,0,0,0,0,0,0,1424513.71850741,0,0,0,0,830653.989651282,0,0,0,0,0,0,-1864290.566052
2019-06-17,8934,0,0,0,0,0,0,1818135.91837671,0,0,0,0,976190.982580638,0,0,0,0,0,0,-1878970.019328
2019-06-18,8935,0,0,0,0,0,0,1990741.82314701,0,0,0,0,831353.710257438,0,0,0,0,-959057.614032,0,-1847164.53723
2019-06-19,8936,0,0,0,0,0,0,1968553.82952034,0,0,0,0,854185.15325271,0,0,0,0,-1651438.49355,0,-1781106.997488
2019-06-20,8937,0,0,0,0,0,0,2547467.42836595,0,0,0,0,872554.042452078,0,0,0,0,-1675904.24901,0,-1810465.90404
2019-06-21,8938,0,0,0,0,0,0,2223249.68358557,0,0,0,0,1175662.73342156,0,0,0,0,-1663671.37128,0,-1798233.02631
2019-06-22,8939,0,0,0,0,0,0,1684966.36483238,0,0,0,0,1282299.17516952,0,0,0,0,-1646545.342458,0,-1776213.846396
2019-06-23,8940,0,0,0,0,0,0,1362045.30509139,0,0,0,0,849103.615843668,0,0,0,0,-1619633.011452,0,-1749301.51539
2019-06-24,8941,0,0,0,0,0,0,1198354.72161071,0,0,0,0,280044.823297344,0,0,0,0,-1580487.802716,0,-1715049.457746
2019-06-25,8942,0,0,0,0,0,0,1210761.30620448,0,0,0,0,0,0,0,0,0,-1526663.140704,0,-1668564.522372
2019-06-26,8943,0,0,0,0,0,0,1169834.99047099,0,0,0,0,170085.93195792,0,0,0,0,-650789.095236,0,-743758.965984
2019-06-27,8944,0,0,0,0,0,0,1142350.16078723,0,0,0,0,211310.72990802,0,0,0,0,0,0,0
2019-06-28,8945,0,0,0,0,0,0,1019329.00260771,0,0,0,0,260083.21341753,0,0,0,0,0,0,0
2019-06-29,8946,0,0,0,0,0,0,1961380.47001946,0,0,0,0,202967.90729616,0,0,0,0,0,0,0
2019-06-30,8947,0,0,0,0,0,0,1618546.73190958,0,0,0,0,206265.891132168,0,0,0,0,0,0,0
2019-07-01,8948,0,0,0,0,0,0,942560.355125322,0,0,0,0,163641.651969756,0,0,0,0,0,0,0
2019-07-02,8949,0,0,0,0,0,0,952574.1888351,0,0,0,0,115850.245254192,0,0,0,0,0,0,0
2019-07-03,8950,-203.065770318,0,0,0,0,0,1026265.04428062,0,0,0,0,135792.282529638,0,0,0,0,0,0,0
2019-07-04,8951,0,0,0,0,0,0,1224775.29093197,0,0,0,0,128650.728510864,0,0,0,0,0,0,0
2019-07-05,8952,0,0,0,0,0,0,1228087.95422125,0,0,0,0,49560.280835322,0,0,0,0,0,0,0
2019-07-06,8953,0,0,0,0,0,0,1239219.87295555,0,0,0,0,86669.93871705,0,0,0,0,0,0,0
2019-07-07,8954,0,0,0,0,0,0,1228425.5816466,0,0,0,0,138226.625197908,0,0,0,0,0,0,0
2019-07-08,8955,0,0,0,0,0,0,1275779.05133943,0,0,0,0,1454293.43605332,0,0,0,0,0,0,0
2019-07-09,8956,0,0,0,0,0,0,1498833.34386825,0,0,0,0,2144129.87700348,0,0,0,0,0,0,0
2019-07-10,8957,0,0,0,0,0,0,1786714.54863943,0,0,0,0,2333343.13658003,0,0,0,0,0,0,0
2019-07-11,8958,0,0,0,0,0,0,1632996.20708425,0,0,0,0,2295763.73619347,0,0,0,0,0,0,0
2019-07-12,8959,0,0,0,0,0,0,1352261.44948294,0,0,0,0,2137460.51206508,0,0,0,0,0,0,0
2019-07-13,8960,0,0,0,0,0,0,494543.441141802,0,0,0,0,1870673.68165151,0,0,0,0,0,0,0
2019-07-14,8961,0,0,0,0,0,0,333800.981194056,0,0,0,0,1370745.32773297,0,0,0,0,0,0,0
2019-07-15,8962,0,0,0,0,0,0,425503.525809228,0,0,0,0,1129762.52960306,0,0,0,0,0,0,0
2019-07-16,8963,0,0,0,0,0,0,323493.558418758,0,0,0,0,722679.271079664,0,0,0,0,0,0,0
2019-07-17,8964,0,0,0,0,0,0,376809.33271719,0,0,0,0,457296.775029498,0,0,0,0,0,0,0
2019-07-18,8965,0,0,0,0,0,0,396088.34801967,0,0,0,0,385631.684136066,0,0,0,0,0,0,0
2019-07-19,8966,0,0,0,0,0,0,330549.482293422,0,0,0,0,402256.164971136,0,0,0,0,0,0,0
2019-07-20,8967,0,0,0,0,0,0,384217.563470478,0,0,0,0,108684.225479958,0,0,0,0,0,0,0
2019-07-21,8968,0,0,0,0,0,0,277488.151851774,0,0,0,0,149539.590522612,0,0,0,0,0,0,0
2019-07-22,8969,0,0,0,0,0,0,328856.45201559,0,0,0,0,154515.925183176,3486.37015305,0,0,0,0,0,0
2019-07-23,8970,0,0,0,0,0,0,387880.08706284,0,0,0,0,884087.199575922,0,0,0,0,0,0,0
2019-07-24,8971,0,0,0,0,0,0,1150553.52859297,0,0,0,0,1693118.35455166,0,0,0,0,0,0,0
2019-07-25,8972,0,0,0,0,0,0,997530.01449285,0,0,0,0,1789799.68040294,0,0,0,0,0,0,0
2019-07-26,8973,0,0,0,0,0,0,719589.246165066,0,0,0,0,1751530.34571241,0,0,0,0,0,0,0
2019-07-27,8974,0,0,0,0,0,0,656795.43820143,0,0,0,0,1321229.08525747,0,0,0,0,0,0,0
2019-07-28,8975,0,0,0,0,0,0,998256.647430012,0,0,0,0,747059.396395554,0,0,0,0,0,0,0
2019-07-29,8976,0,0,0,0,0,0,591471.87112323,0,0,0,0,699299.795162088,0,0,0,0,0,0,0
2019-07-30,8977,0,0,0,0,0,0,565834.205976696,0,0,0,0,573903.012127404,2111.394696198,0,0,0,0,0,0
2019-07-31,8978,0,0,0,0,0,0,435392.58416616,0,0,0,0,374485.08594849,0,0,0,0,0,0,0
2019-08-01,8979,0,0,0,0,0,0,640931.842361166,0,0,0,0,615262.371732534,0,0,0,0,0,0,0
2019-08-02,8980,0,0,0,0,0,0,1467529.40975718,0,0,0,0,1654325.45269428,0,0,0,0,0,0,0
2019-08-03,8981,0,0,0,0,0,0,2104287.39423687,0,0,0,0,1909539.98077527,0,0,0,0,0,0,0
2019-08-04,8982,0,0,0,0,0,0,2156932.8068357,0,0,0,0,2041936.41644706,0,0,0,0,0,0,0
2019-08-05,8983,0,0,0,0,0,0,2430450.16657631,0,0,0,0,2254389.69713506,0,0,0,0,0,0,0
2019-08-06,8984,0,0,0,0,0,0,2240099.24937088,0,0,0,0,2419416.11086385,0,0,0,0,0,0,0
2019-08-07,8985,0,0,0,0,0,0,2114545.88550125,0,0,0,0,2227350.14420067,0,0,0,0,0,0,-1409227.514496
2019-08-08,8986,0,0,0,0,0,0,1489700.27735503,0,0,0,0,1908634.74782325,0,0,0,0,0,0,-2346265.948614
2019-08-09,8987,0,0,0,0,0,0,1713752.77270662,0,0,0,0,2047808.19775746,0,0,0,0,0,0,-2309567.315424
2019-08-10,8988,0,0,0,0,0,0,1279629.96124883,0,0,0,0,2078510.27428421,0,0,0,0,0,0,-2289994.711056
2019-08-11,8989,0,0,0,0,0,0,1017447.58601284,0,0,0,0,1701461.17716352,0,0,0,0,0,0,-2285101.559964
2019-08-12,8990,0,0,0,0,0,0,766820.387080596,0,0,0,0,1290157.57582327,0,0,0,0,0,0,-2292441.286602
2019-08-13,8991,0,0,0,0,0,0,589262.613405192,0,0,0,0,1342917.97747276,0,0,0,0,0,0,-2294887.862148
2019-08-14,8992,0,0,0,0,0,0,948096.95558592,0,0,0,0,1763675.14672275,0,0,0,0,0,0,-3354255.073566
2019-08-15,8993,0,0,0,0,0,0,2000246.76914322,0,0,0,0,2039558.34501635,0,0,0,0,0,0,-4132266.097194
2019-08-16,8994,0,0,0,0,0,0,2415068.54611861,0,0,0,0,2138605.50942061,0,0,0,0,0,0,-4071101.708544
2019-08-17,8995,0,0,0,0,0,0,2685275.68914549,0,0,0,0,2551609.48076533,0,0,0,0,0,0,-4056422.255268
2019-08-18,8996,0,0,0,0,0,0,2080986.20873677,0,0,0,0,3098135.31253299,0,0,0,0,0,0,-4036849.6509
2019-08-19,8997,0,0,0,0,0,0,1686630.03620366,0,0,0,0,3476265.79604502,0,0,0,0,0,0,-4019723.622078
2019-08-20,8998,0,0,0,0,0,0,2126042.3439919,0,0,0,0,1806084.08723711,0,0,0,0,0,0,-3985471.564434
2019-08-21,8999,0,0,0,0,0,0,2133504.3994072,0,0,0,0,1035929.01768732,0,0,0,0,0,0,-3948772.931244
2019-08-22,9000,0,0,0,0,0,0,1632820.05364494,0,0,0,0,587625.854364918,0,0,0,0,0,0,-3919414.024692
2019-08-23,9001,0,0,0,0,0,0,1366405.10271436,0,0,0,0,358609.257230496,0,0,0,0,0,0,-3899841.420324
2019-08-24,9002,0,0,0,0,0,0,1229954.69136285,0,0,0,0,343589.729953602,0,0,0,0,0,0,-3863142.787134
2019-08-25,9003,0,0,0,0,0,0,751964.780365284,0,0,0,0,197022.72871938,0,0,0,0,0,0,-3846016.758312
2019-08-26,9004,0,0,0,0,0,0,1014741.67345896,0,0,0,0,126766.865340444,0,0,0,0,0,0,-3819104.427306
2019-08-27,9005,0,0,0,0,0,0,846982.434845286,0,0,0,0,119852.842847448,0,0,0,0,0,0,-3775066.067478
2019-08-28,9006,0,0,0,0,0,0,1044971.56090534,0,0,0,0,246047.209510128,0,0,0,0,0,0,-3726134.556558
2019-08-29,9007,0,0,0,0,0,0,1099569.34078987,0,0,0,0,178524.171016074,0,0,0,0,0,0,-3689435.923368
2019-08-30,9008,0,0,0,0,0,0,2573222.52913869,0,0,0,0,913644.278747148,0,0,0,0,-2642301.58968,-2157879.631572,-4313312.687598
2019-08-31,9009,0,0,0,0,0,0,1694258.45875609,0,0,0,0,1196610.31324642,0,0,0,0,-3652737.290178,-2140753.60275,-3332235.893652
2019-09-01,9010,0,0,0,0,0,0,685082.744664282,0,0,0,0,1743693.96423857,0,0,0,0,-3422759.188854,-1675904.24901,-2764630.36698
2019-09-02,9011,0,0,0,0,0,0,590094.449090832,0,0,0,0,2190494.93017573,0,0,0,0,-3256392.051726,-1453265.874324,-2441682.394908
2019-09-03,9012,0,0,0,0,0,0,877089.993514362,0,0,0,0,1772419.20772415,0,0,0,0,-3444778.368768,-653235.670782,-1330937.097024
2019-09-04,9013,0,0,0,0,0,0,695522.282519064,0,0,0,0,1756010.02553713,0,0,0,0,-1932794.68134,0,0
2019-09-05,9014,0,211012.247691408,0,0,0,0,1379501.6216121,0,0,0,0,907442.209738038,0,0,0,0,0,0,0
2019-09-06,9015,0,301812.005930106,0,0,0,0,1555498.48008916,0,0,0,0,1541765.85154946,0,0,0,0,0,0,0
2019-09-07,9016,0,299480.419434768,0,0,0,0,1586078.22783861,0,0,0,0,325387.207891362,0,0,0,0,0,0,0
2019-09-08,9017,0,63831.15599514,0,0,0,0,1242706.2431086,0,0,0,0,0,0,0,0,0,0,0,0
2019-09-09,9018,0,0,0,0,0,0,1238618.01537124,0,0,0,0,0,0,0,0,0,0,0,0
2019-09-10,9019,0,0,0,0,0,0,1114747.89547726,0,0,0,0,0,0,0,0,0,0,0,0
2019-09-11,9020,0,0,0,0,0,0,1019536.96152912,0,0,0,0,0,0,0,0,0,0,0,0
2019-09-12,9021,0,0,0,0,0,0,736710.381835974,0,0,0,0,0,0,0,0,0,0,0,0
2019-09-13,9022,0,0,0,0,0,0,1290042.58677261,0,0,0,0,0,0,0,0,0,0,0,0
2019-09-14,9023,0,0,0,0,0,0,1428817.24489282,0,0,0,0,0,0,0,0,0,0,0,0
2019-09-15,9024,0,0,0,0,0,0,1486815.7647863,0,0,0,0,0,0,0,0,0,0,0,0
2019-09-16,9025,0,0,0,0,0,0,993047.888092578,0,0,0,0,181012.338346356,0,0,0,0,0,0,0
2019-09-17,9026,0,0,0,0,0,0,1027576.40877328,0,0,0,0,140017.51849758,0,0,0,0,0,0,0
2019-09-18,9027,0,0,0,0,0,0,606939.121725042,0,0,0,0,69230.748225162,0,0,0,0,0,0,0
2019-09-19,9028,0,0,0,0,0,0,603073.532362362,0,0,0,0,107018.107533132,0,0,0,0,0,0,0
2019-09-20,9029,0,0,0,0,0,0,433073.230548552,0,0,0,0,91267.054167984,0,0,0,0,0,0,0
2019-09-21,9030,0,0,0,0,0,0,341148.047558694,0,0,0,0,91988.793954054,0,0,0,0,0,0,0
2019-09-22,9031,0,0,0,0,0,0,164970.142491234,0,0,0,0,88326.270361692,0,0,0,0,0,0,0
2019-09-23,9032,0,0,0,0,0,0,149475.979558416,0,0,0,0,58397.311707474,0,0,0,0,0,0,0
2019-09-24,9033,0,0,0,0,0,0,70657.10176848,0,0,0,0,100201.948061976,0,0,0,0,0,0,0
2019-09-25,9034,0,0,0,0,0,0,324200.618751552,0,0,0,0,0,0,0,0,0,0,0,0
2019-09-26,9035,0,0,0,0,0,0,0,0,0,0,0,0,0,0,0,0,0,0,0
2019-09-27,9036,0,0,0,0,0,0,0,0,0,0,0,0,0,0,0,0,0,0,0
2019-09-28,9037,0,0,0,0,0,0,58566.125420148,0,0,0,0,0,0,0,0,0,0,0,0
2019-09-29,9038,0,0,0,0,0,0,78542.414753238,0,0,0,0,0,0,0,0,0,0,0,0
2019-09-30,9039,0,0,0,0,0,0,0,0,0,0,0,0,0,0,0,0,0,0,0
2019-10-01,9040,0,0,0,0,0,0,0,0,0,0,0,0,0,0,0,0,0,0,0
2019-10-02,9041,0,0,0,0,0,0,104417.397727734,0,0,0,0,0,0,0,0,0,0,0,0
2019-10-03,9042,0,0,0,0,0,0,0,0,0,0,0,0,0,0,0,0,0,0,0
2019-10-04,9043,0,0,0,0,0,0,0,0,0,0,0,0,0,0,0,0,0,0,0
2019-10-05,9044,0,0,0,0,0,0,0,0,0,0,0,0,0,0,0,0,0,0,0
2019-10-06,9045,0,0,0,0,0,0,0,0,0,0,0,0,0,0,0,0,0,0,0
2019-10-07,9046,-604.304159862,0,0,0,0,0,105753.22797585,0,0,0,0,0,0,0,0,0,0,0,0
2019-10-08,9047,0,530.906893482,0,0,0,0,0,0,0,0,0,0,0,0,0,0,0,0,0
2019-10-09,9048,0,0,0,0,0,0,554354.873514864,0,0,0,0,210256.255847694,65957.230144614,0,0,0,0,0,0
2019-10-10,9049,0,0,0,0,0,0,584609.2267167,0,0,0,0,329849.761687266,0,0,0,0,0,0,0
2019-10-11,9050,0,0,0,0,0,0,684588.53640399,0,0,0,0,455992.75026348,103903.616863074,0,0,0,0,0,0
2019-10-12,9051,0,0,0,0,0,0,583789.62390879,0,0,0,0,332778.312615828,18613.546753968,0,0,0,0,0,0
2019-10-13,9052,0,0,0,0,0,0,577088.453488296,0,0,0,0,117455.198812368,0,0,0,0,0,0,0
2019-10-14,9053,0,0,0,0,0,0,298753.786497606,0,0,0,0,0,0,0,0,0,0,0,0
2019-10-15,9054,0,0,0,0,0,0,259532.73391968,0,0,0,0,0,0,0,0,0,0,0,0
2019-10-16,9055,0,0,0,0,0,0,270182.677271418,0,0,0,0,69357.970153554,0,0,0,0,0,0,0
2019-10-17,9056,0,0,0,0,0,0,577641.379561692,0,0,0,0,1064.26036251,0,0,0,0,0,0,0
2019-10-18,9057,0,0,0,0,0,0,566898.466339206,0,0,0,0,0,0,0,0,0,0,0,0
2019-10-19,9058,0,0,0,0,0,0,336338.080035258,0,0,0,0,0,0,0,0,0,0,0,0
2019-10-20,9059,0,0,0,0,0,0,204186.301918068,0,0,0,0,68699.84133168,0,0,0,0,0,0,0
2019-10-21,9060,0,0,0,0,0,0,363813.123416838,0,0,0,0,172681.748612226,0,0,0,0,0,0,0
2019-10-22,9061,0,0,0,0,0,0,233616.159160902,0,0,0,0,75511.107651744,0,0,0,0,0,0,0
2019-10-23,9062,0,0,0,0,0,0,527640.71512809,0,0,0,0,175385.214590556,0,0,0,0,0,0,0
2019-10-24,9063,0,0,0,0,0,0,591848.643757314,0,0,0,0,0,0,0,0,0,0,0,0
2019-10-25,9064,0,0,0,0,0,0,290369.372101464,0,0,0,0,136024.707206508,43103.767969428,0,0,0,0,0,0
2019-10-26,9065,0,0,0,0,0,0,517044.596438364,0,0,0,0,178450.773749694,57000.317070708,0,0,0,0,0,0
2019-10-27,9066,0,0,0,0,0,0,1231865.46686428,0,0,0,0,0,0,0,0,0,0,0,0
2019-10-28,9067,0,0,0,0,0,0,1333882.77398138,0,0,0,0,0,0,0,0,0,0,0,0
2019-10-29,9068,0,0,0,0,0,0,683976.89251749,0,0,0,0,32593.279423812,0,0,0,0,0,0,0
2019-10-30,9069,0,0,0,0,0,0,710664.138573258,0,0,0,0,263505.972606384,0,0,0,0,0,0,0
2019-10-31,9070,0,0,0,0,0,0,633237.362268996,0,0,0,0,26567.363854014,0,0,0,0,0,0,0
2019-11-01,9071,0,0,0,0,0,0,488808.668061978,0,0,0,0,0,0,0,0,0,0,0,0
2019-11-02,9072,0,0,0,0,0,0,575089.601267214,0,0,0,0,18114.445342584,0,0,0,0,0,0,0
2019-11-03,9073,0,0,0,0,0,0,430068.835778064,0,0,0,0,170115.290864472,0,0,0,0,0,0,0
2019-11-04,9074,-181.046590404,0,0,0,0,0,543548.349328182,0,0,0,0,59476.25152326,0,0,0,0,0,0,0
2019-11-05,9075,0,0,0,0,0,0,655471.840831044,0,0,0,0,0,0,0,0,0,0,0,0
2019-11-06,9076,0,0,0,0,0,0,548348.530549434,0,0,0,0,20225.840038782,0,0,0,0,0,0,0
2019-11-07,9077,0,0,0,0,0,0,518245.86503145,0,0,0,0,167331.087893124,0,0,0,0,0,0,0
2019-11-08,9078,0,0,0,0,0,0,250296.91123353,0,0,0,0,0,0,0,0,0,0,0,0
2019-11-09,9079,0,0,0,0,0,0,320848.810253532,0,0,0,0,0,0,0,0,0,0,0,0
2019-11-10,9080,0,0,0,0,0,0,279937.17397332,0,0,0,0,0,0,0,0,0,0,0,0
2019-11-11,9081,0,0,0,0,0,0,362697.484967862,0,0,0,0,0,0,0,0,0,0,0,0
2019-11-12,9082,0,0,0,0,0,0,322209.106257108,0,0,0,0,0,0,0,0,0,0,0,0
2019-11-13,9083,0,0,0,0,0,0,175987.072174872,0,0,0,0,0,0,0,0,0,0,0,0
2019-11-14,9084,0,0,0,0,0,0,293452.057289424,0,0,0,0,0,0,0,0,0,0,0,0
2019-11-15,9085,0,0,0,0,0,0,199638.117978054,0,0,0,0,0,0,0,0,0,0,0,0
2019-11-16,9086,0,0,0,0,0,0,339051.332315772,0,0,0,0,0,0,0,0,0,0,0,0
2019-11-17,9087,0,0,0,0,0,0,359553.635391252,0,0,0,0,0,0,0,0,0,0,0,0
2019-11-18,9088,0,0,0,0,0,0,71239.386748428,0,0,0,0,0,0,0,0,0,0,0,0
2019-11-19,9089,0,0,0,0,0,0,51957.924870402,0,0,0,-305.82194325,0,0,0,0,0,0,0,0
2019-11-20,9090,0,0,0,0,0,0,0,0,0,0,0,0,0,0,-63.610964196,0,0,0,0
2019-11-21,9091,0,0,0,0,0,0,51850.275546378,0,0,0,0,0,829.389110094,0,0,0,0,0,0
2019-11-22,9092,0,0,0,0,0,0,89977.708855242,0,0,0,0,0,1812.912479586,0,0,0,0,0,0
2019-11-23,9093,0,0,0,0,0,0,31115.547794028,0,0,0,0,0,1644.098766912,0,0,0,0,0,0
2019-11-24,9094,0,0,0,0,0,0,77199.244778484,0,0,0,0,0,0,0,0,0,0,0,0
2019-11-25,9095,0,0,0,0,0,0,117376.908394896,0,0,0,0,0,0,0,0,0,0,0,0
2019-11-26,9096,0,0,0,0,0,0,164351.158878096,0,0,0,0,0,0,0,0,0,0,0,0
2019-11-27,9097,0,0,0,0,0,0,83976.259040904,0,0,0,0,0,0,0,0,0,0,0,0
2019-11-28,9098,0,0,0,0,0,0,100431.9261633,0,0,0,0,0,0,0,0,0,0,0,0
2019-11-29,9099,0,0,0,0,0,0,34880.827559322,0,0,0,0,0,0,0,0,0,0,0,0
2019-11-30,9100,0,0,0,0,0,0,44610.858505764,0,0,0,0,0,0,0,0,0,0,0,0
2019-12-01,9101,0,0,0,0,0,0,41237.03082783,0,0,0,0,0,0,0,0,0,0,0,0
2019-12-02,9102,0,0,0,0,0,0,132141.991815006,0,0,0,0,0,0,0,0,0,0,0,0
2019-12-03,9103,0,0,0,0,0,0,29618.243559876,0,0,0,0,0,0,0,0,0,0,0,0
2019-12-04,9104,0,0,0,0,0,0,50974.40150091,0,0,0,0,0,0,0,0,0,0,0,0
2019-12-05,9105,0,0,0,0,0,0,3454.564670952,0,0,0,0,0,0,0,0,0,0,0,0
2019-12-06,9106,0,0,0,0,0,0,54962.31964089,0,0,0,0,0,0,0,0,0,0,0,0
2019-12-07,9107,0,0,0,0,0,0,44097.077641104,0,0,0,0,0,0,0,0,0,0,0,0
2019-12-08,9108,0,0,0,0,0,0,43118.447422704,0,0,0,0,0,0,0,0,0,0,0,0
2019-12-09,9109,0,0,0,0,0,0,76646.318705088,0,0,0,0,0,0,0,0,0,0,0,0
2019-12-10,9110,0,0,0,0,0,0,43326.406344114,0,0,0,0,0,0,0,0,0,0,0,0
2019-12-11,9111,0,0,0,0,0,0,2742.611187066,0,0,0,0,4120.033219464,0,0,0,0,0,0,0
2019-12-12,9112,0,0,0,0,0,0,223834.750127994,0,0,0,0,0,0,0,0,0,0,0,0
2019-12-13,9113,0,0,0,0,0,0,6060.167627442,0,0,0,-36.69863319,0,0,0,0,0,0,0,0
2019-12-14,9114,0,0,0,0,0,0,427881.59723994,0,0,0,0,0,0,0,0,0,0,0,0
2019-12-15,9115,0,0,0,0,0,0,578018.152195776,0,0,0,0,0,111316.740767454,0,0,0,0,0,0
2019-12-16,9116,0,0,0,0,0,0,279200.754733974,0,0,0,0,0,159076.34200092,0,0,0,0,0,0
2019-12-17,9117,0,0,0,0,0,0,87073.62368214,0,0,0,0,0,157711.152846252,0,0,0,0,0,0
2019-12-18,9118,0,0,0,0,0,0,153933.640203228,0,0,0,0,0,158166.215897808,0,0,0,0,0,0
2019-12-19,9119,0,0,0,0,0,0,229858.219122246,0,0,0,0,0,45330.151716288,0,0,0,0,0,0
2019-12-20,9120,0,0,0,0,0,0,418109.974509216,0,0,0,0,0,157760.084357172,0,0,0,0,0,0
2019-12-21,9121,0,0,0,0,0,0,185929.955193816,0,0,0,0,0,157104.402110844,0,0,0,0,0,0
2019-12-22,9122,0,0,0,0,0,0,388711.92274848,0,0,0,0,0,156852.404829606,0,0,0,0,0,0
2019-12-23,9123,0,0,0,0,0,0,836606.5079547,0,0,0,0,0,156595.514397276,0,0,0,0,0,0
2019-12-24,9124,0,0,0,0,0,0,591462.084821046,0,0,0,0,0,156125.771892444,0,0,0,0,0,0
2019-12-25,9125,0,0,0,0,0,0,593869.51515831,0,0,0,0,0,84196.450840044,0,0,0,0,0,0
2019-12-26,9126,0,0,0,0,0,0,854943.59167197,0,0,0,0,0,0,0,0,0,0,0,0
2019-12-27,9127,0,0,0,0,0,0,484823.196497544,0,0,0,0,0,0,0,-29.358906552,0,0,0,0
2019-12-28,9128,0,0,0,0,0,0,635816.05289448,0,0,0,0,0,0,0,0,0,0,0,0
2019-12-29,9129,0,0,0,0,0,0,998697.031028292,0,0,0,0,0,2791.542697986,0,0,0,0,0,0
2019-12-30,9130,0,0,0,0,0,0,1023020.88510662,0,0,0,0,560889.67679823,386593.188325644,0,0,0,0,0,0
2019-12-31,9131,0,0,0,0,0,0,1092689.57035452,0,0,0,0,568867.959653736,502463.006184204,0,0,0,0,0,0
2020-01-01,9132,0,0,0,0,0,0,593076.824681406,0,0,0,0,453406.719911358,632733.36770652,0,0,0,0,0,0
2020-01-02,9133,0,0,0,0,0,0,1024540.20852069,0,0,0,0,449798.020981008,225904.55303991,0,0,0,0,0,0
2020-01-03,9134,0,0,0,0,0,0,820371.032631444,0,0,0,0,446140.390539738,153962.99910978,0,0,0,0,0,0
2020-01-04,9135,0,0,0,0,0,0,476597.809511892,0,0,0,0,211420.82580759,122306.758120086,0,0,0,0,0,0
2020-01-05,9136,0,0,0,0,0,0,384675.07309758,0,0,0,0,0,0,0,0,0,0,0,0
2020-01-06,9137,0,0,0,0,0,0,85661.949592098,0,0,0,0,0,0,0,0,0,0,0,0
2020-01-07,9138,0,0,0,0,0,0,140081.129461776,0,0,0,0,0,0,0,0,0,0,0,0
2020-01-08,9139,0,0,0,0,0,0,368566.819702716,0,0,0,0,0,0,0,0,0,0,0,0
2020-01-09,9140,0,0,0,0,0,0,135126.813981126,0,0,0,0,0,0,0,0,0,0,0,0
2020-01-10,9141,0,0,0,0,0,0,284179.535970084,0,0,0,0,0,0,0,0,0,0,0,0
2020-01-11,9142,0,0,0,0,0,0,53293.755118518,0,0,0,0,0,0,0,0,0,0,0,0
2020-01-12,9143,0,0,0,0,0,0,174648.79535121,0,0,0,0,0,0,0,0,0,0,0,0
2020-01-13,9144,-1149.89050662,0,0,0,0,0,178250.154554922,0,0,0,0,0,0,0,0,0,0,0,0
2020-01-14,9145,0,0,0,0,0,0,233758.06054257,0,0,0,0,0,0,0,0,0,0,0,0
2020-01-15,9146,0,0,0,0,0,0,35017.835789898,0,0,0,0,0,0,0,0,0,0,0,0
2020-01-16,9147,0,0,0,0,0,0,43160.039206986,0,0,0,0,0,0,0,0,0,0,0,0
2020-01-17,9148,0,0,0,0,0,0,97982.904041754,0,0,0,0,75117.208988838,0,0,0,0,0,0,0
2020-01-18,9149,0,0,0,0,0,0,0,0,0,0,0,17113.79594427,0,0,0,0,0,0,0
2020-01-19,9150,0,0,0,0,0,0,53655.848299326,0,0,0,0,0,0,0,0,0,0,0,0
2020-01-20,9151,0,0,0,0,0,0,52339.590655578,0,0,0,0,0,0,0,0,0,0,0,0
2020-01-21,9152,0,0,0,0,0,0,32023.227321594,0,0,0,0,0,0,0,0,0,0,0,0
2020-01-22,9153,0,0,0,0,0,0,55495.673109918,0,0,0,0,0,0,0,0,0,0,0,0
2020-01-23,9154,0,0,0,0,0,0,68469.863230356,0,0,0,0,0,0,0,0,0,0,0,0
2020-01-24,9155,0,0,0,0,0,0,0,0,0,0,0,0,0,0,0,0,0,0,0
2020-01-25,9156,0,0,0,0,0,0,0,0,0,0,0,0,0,0,0,0,0,0,0
2020-01-26,9157,0,0,0,0,0,0,52288.212569112,0,0,0,0,0,0,0,0,0,0,0,0
2020-01-27,9158,0,0,0,0,0,0,64506.410845836,0,0,0,0,0,0,0,0,0,0,0,0
2020-01-28,9159,0,0,0,0,0,0,35157.29059602,0,0,0,0,0,0,0,0,0,0,0,0
2020-01-29,9160,0,0,0,0,0,0,30601.766929368,0,0,0,0,0,0,0,0,0,0,0,0
2020-01-30,9161,0,0,0,0,0,0,52408.094770866,0,0,0,0,0,0,0,0,0,0,0,0
2020-01-31,9162,0,0,0,0,0,0,0,0,0,0,0,0,0,0,0,0,0,0,0
2020-02-01,9163,0,0,0,0,0,0,126938.125628664,0,0,0,0,0,0,0,0,0,0,0,0
2020-02-02,9164,0,0,0,0,0,0,0,0,0,0,0,72599.682752004,0,0,0,0,0,0,0
2020-02-03,9165,0,0,0,0,0,0,93464.079008292,0,0,0,0,451021.308754008,225251.317369128,0,0,0,0,0,0
2020-02-04,9166,0,0,0,0,0,0,47081.899807224,0,0,0,0,447246.24268653,559194.199944852,0,0,0,0,0,0
2020-02-05,9167,0,0,0,0,0,0,112077.62576226,0,0,0,0,442032.590198004,245692.456055958,0,0,0,0,0,0
2020-02-06,9168,0,0,0,0,0,0,64973.706775122,0,0,0,0,191273.27618628,61433.51196006,0,0,0,0,0,0
2020-02-07,9169,0,0,0,0,0,0,0,0,0,0,0,0,0,0,0,0,0,0,0
2020-02-08,9170,0,0,0,0,0,0,45212.71609008,0,0,0,0,89238.84304035,47443.992988032,0,0,0,0,0,0
2020-02-09,9171,0,0,0,0,0,0,36052.737245856,0,0,0,0,449318.492173992,475443.02585418,0,0,0,0,0,0
2020-02-10,9172,0,0,0,0,0,0,62372.996969724,0,0,0,0,446115.924784278,698485.08550527,0,0,0,0,0,0
2020-02-11,9173,0,0,0,0,0,0,0,0,0,0,0,444809.453442714,261108.328571304,0,0,0,0,0,0
2020-02-12,9174,0,0,0,0,0,0,0,0,0,0,0,207173.570659734,92852.435121792,0,0,0,0,0,0
2020-02-13,9175,0,0,0,0,0,0,80154.708038052,0,0,0,0,0,0,0,0,0,0,0,0
2020-02-14,9176,0,0,0,0,0,0,0,0,0,0,0,0,0,0,0,0,0,0,0
2020-02-15,9177,0,0,0,0,0,0,80504.56834113,0,0,0,0,0,0,0,0,0,0,0,0
2020-02-16,9178,0,0,0,0,0,0,0,0,0,0,0,0,0,0,0,0,0,0,0
2020-02-17,9179,0,0,0,0,0,0,76267.099495458,0,0,0,0,0,0,0,0,0,0,0,0
2020-02-18,9180,0,0,0,0,0,0,0,0,0,0,0,0,0,0,0,0,0,0,0
2020-02-19,9181,0,0,0,0,0,0,0,0,0,0,0,0,0,0,0,0,0,0,0
2020-02-20,9182,0,0,0,0,0,0,48748.01775405,0,0,0,0,0,0,0,0,0,0,0,0
2020-02-21,9183,0,0,0,0,0,0,0,0,0,0,0,0,0,0,0,0,0,0,0
2020-02-22,9184,0,0,0,0,0,0,110333.217397962,0,0,0,0,0,0,0,0,0,0,0,0
2020-02-23,9185,0,0,0,0,0,0,0,0,0,0,0,0,0,0,0,0,0,0,0
2020-02-24,9186,0,0,0,0,0,0,5810.61692175,0,0,0,0,0,0,0,0,0,0,0,0
2020-02-25,9187,0,0,0,0,0,0,0,0,0,0,0,0,0,0,0,0,0,0,0
2020-02-26,9188,0,0,0,0,0,0,50352.971312226,0,0,0,0,0,0,0,0,0,0,0,0
2020-02-27,9189,0,0,0,0,0,0,0,0,0,0,0,0,0,0,0,0,0,0,0
2020-02-28,9190,0,0,0,0,0,0,44126.436547656,0,0,0,0,0,0,0,0,0,0,0,0
2020-02-29,9191,0,0,0,0,0,0,11988.2201754,0,0,0,0,0,0,0,0,0,0,0,0
2020-03-01,9192,0,0,0,0,0,0,0,0,0,0,0,0,0,0,0,0,0,0,0
2020-03-02,9193,0,0,0,0,0,0,46944.891576648,0,0,0,0,0,0,0,0,0,0,0,0
2020-03-03,9194,-80.736993018,0,0,0,0,0,28952.775011364,0,0,0,0,0,0,0,0,0,0,0,0
2020-03-04,9195,0,0,0,0,0,0,266794.170140208,0,0,0,0,0,0,0,0,0,0,0,0
2020-03-05,9196,0,0,0,0,0,0,0,0,0,0,0,0,0,0,0,0,0,0,0
2020-03-06,9197,0,0,0,0,0,0,0,0,0,0,0,0,0,0,0,0,0,0,0
2020-03-07,9198,0,0,0,0,0,0,44454.27767082,0,0,0,0,0,0,0,0,0,0,0,0
2020-03-08,9199,0,0,0,0,0,0,0,0,0,0,0,0,0,0,0,0,0,0,0
2020-03-09,9200,0,0,0,0,0,0,44728.294131972,0,0,0,0,0,0,0,0,0,0,0,0
2020-03-10,9201,0,0,0,0,0,0,0,0,0,0,0,0,0,0,0,0,0,0,0
2020-03-11,9202,0,0,0,0,0,0,108845.699465994,0,0,0,0,0,0,0,0,0,0,0,0
2020-03-12,9203,0,0,0,0,0,0,0,0,0,0,0,0,0,0,0,0,0,0,0
2020-03-13,9204,0,0,0,0,0,0,0,0,0,0,0,0,0,0,0,0,0,0,0
2020-03-14,9205,0,0,0,0,0,0,48129.034140912,0,0,0,0,0,0,0,0,0,0,0,0
2020-03-15,9206,0,0,0,0,0,0,0,0,0,0,0,0,0,0,0,0,0,0,0
2020-03-16,9207,0,0,0,0,0,0,48860.560229166,0,0,0,0,0,0,0,0,0,0,0,0
2020-03-17,9208,-266.676734514,0,0,0,0,0,0,0,0,0,0,0,0,0,0,0,0,0,0
2020-03-18,9209,0,0,0,0,0,0,43184.504962446,0,0,0,0,0,0,0,0,0,0,0,0
2020-03-19,9210,-455.063051556,0,0,0,0,0,0,0,0,0,0,0,103017.956515422,0,0,0,0,0,0
2020-03-20,9211,0,0,0,0,0,0,46421.324409804,0,0,0,0,0,319750.297833378,0,0,0,0,0,0
2020-03-21,9212,0,0,0,0,0,0,0,0,0,0,0,0,386314.2787134,0,0,0,0,0,0
2020-03-22,9213,0,0,0,0,0,0,45680.012019366,0,0,0,0,0,365281.068744438,0,0,0,0,0,0
2020-03-23,9214,0,0,0,0,0,0,0,0,0,0,0,1108.298722338,419533.881476988,0,0,0,0,0,0
2020-03-24,9215,0,0,0,0,0,0,44884.874966916,0,0,0,0,0,359746.914859386,0,0,0,0,0,0
2020-03-25,9216,0,0,0,0,0,0,40615.600639146,0,0,0,0,0,290009.725496202,0,0,0,0,0,0
2020-03-26,9217,0,0,0,0,0,0,0,0,0,0,0,0,319177.799155614,0,0,0,0,0,0
2020-03-27,9218,0,48760.25063178,0,0,0,0,44916.680449014,0,0,0,0,0,249717.072829128,0,0,0,0,0,0
2020-03-28,9219,0,113795.121795552,0,0,0,0,0,0,0,0,0,0,311329.184804046,0,0,0,0,0,0
2020-03-29,9220,-56557.486896882,111243.343501074,0,0,0,0,43431.609092592,0,0,0,0,0,310426.398427572,0,0,0,0,0,0
2020-03-30,9221,-221667.084194238,110744.24208969,0,0,0,0,0,0,0,0,0,0,308170.65577416,0,0,0,0,0,0
2020-03-31,9222,-76964.373526068,122262.719760258,0,0,0,0,48131.480716458,0,0,0,0,0,229701.638287302,0,0,0,0,0,0
2020-04-01,9223,-52850.924944692,124540.481593584,0,0,0,0,185915.27574054,0,0,0,0,0,156230.974640922,0,0,0,0,0,0
2020-04-02,9224,-64570.021810032,118942.716744336,0,0,0,0,0,0,0,0,0,0,156289.692454026,0,0,0,0,0,0
2020-04-03,9225,-62962.62167631,143804.817442788,0,0,0,0,45508.751731146,0,0,0,0,0,155952.065028678,0,0,0,0,0,0
2020-04-04,9226,0,170059.019626914,0,0,0,0,11846.318793732,0,0,0,0,0,156397.34177805,0,0,0,0,0,0
2020-04-05,9227,-70759.857941412,167411.824886142,0,0,0,0,29625.583286514,0,0,0,0,0,157948.470674214,0,0,0,0,0,0
2020-04-06,9228,0,163644.098545302,0,0,0,0,43057.283034054,0,0,0,0,0,148671.056203782,0,0,0,0,0,0
2020-04-07,9229,-192107.558447466,170998.504636578,0,0,0,0,0,0,0,0,0,0,0,0,0,0,0,0,0
2020-04-08,9230,-71484.044303028,174215.751479568,0,0,0,0,39292.00326876,0,0,0,0,0,0,0,0,0,0,0,0
2020-04-09,9231,-85683.968772012,171517.17865233,0,0,0,0,29324.654494356,0,0,0,0,0,0,0,0,0,0,0,0
2020-04-10,9232,-65763.95067648,171769.175933568,0,0,0,0,7055.923874664,0,0,0,0,0,0,0,0,0,0,0,0
2020-04-11,9233,0,175013.335107564,0,0,0,0,40390.515688914,0,0,0,0,0,0,0,0,0,0,0,0
2020-04-12,9234,0,177582.239430864,0,0,0,0,0,0,0,0,0,0,0,0,0,0,0,0,0
2020-04-13,9235,-106746.537647526,178218.349072824,0,0,0,0,41322.66097194,0,0,0,0,0,0,0,0,0,0,0,0
2020-04-14,9236,-115155.417799128,176217.050276196,0,0,0,0,0,0,0,0,0,0,0,0,0,0,0,0,0
2020-04-15,9237,-110404.168088796,199696.835791158,0,0,0,0,38288.9072949,0,0,0,0,0,0,0,0,0,0,0,0
2020-04-16,9238,-92913.599510442,230320.62190044,0,0,0,0,33307.679483244,0,0,0,0,0,0,0,0,0,0,0,0
2020-04-17,9239,-112473.971000712,211222.653188364,0,0,0,0,0,0,0,0,0,0,0,0,0,0,0,0,0
2020-04-18,9240,0,198901.698738708,0,0,0,0,42607.11313359,0,0,0,0,0,0,0,0,0,0,0,0
2020-04-19,9241,0,187175.26214673,0,0,0,0,42978.992616582,0,0,0,0,0,0,0,0,0,0,0,0
2020-04-20,9242,-136443.071624874,124202.854168236,0,0,0,0,0,0,0,0,0,0,0,0,0,0,0,0,0
2020-04-21,9243,-120924.442936596,0,0,0,0,0,43982.088590442,0,0,0,0,0,0,0,0,0,0,0,0
2020-04-22,9244,-103558.649711088,0,0,0,0,0,36312.074253732,0,0,0,0,169892.652489786,0,0,0,0,0,0,0
2020-04-23,9245,-125616.974833824,0,0,0,0,0,0,0,0,0,0,157001.645937912,0,0,0,0,0,0,0
2020-04-24,9246,-116809.302868224,0,0,0,0,0,38998.41420324,0,0,0,0,0,0,0,0,0,0,0,0
2020-04-25,9247,-57976.500713562,0,0,0,0,0,0,0,0,0,0,0,0,0,0,0,0,0,0
2020-04-26,9248,0,0,0,0,0,0,38572.710058236,0,0,0,0,0,0,0,0,0,0,0,0
2020-04-27,9249,-157329.487061076,0,0,0,0,0,41300.641792026,0,0,0,0,0,48297.847853586,0,-775.564448082,0,0,0,0
2020-04-28,9250,-153850.456634664,0,0,0,0,0,161283.153143412,0,0,0,0,0,0,0,0,0,0,0,0
2020-04-29,9251,-116268.609672558,0,0,0,0,0,50974.40150091,0,0,0,0,0,0,0,0,0,0,0,0
2020-04-30,9252,-71625.945684696,0,0,0,0,0,162129.668282328,0,0,0,0,0,137.008230576,0,0,0,0,0,0
2020-05-01,9253,-108488.499436278,0,0,0,0,0,227470.36138935,0,0,0,0,0,0,0,0,0,0,0,0
2020-05-02,9254,-43505.006358972,0,0,0,0,0,124310.50349226,0,0,0,0,0,0,0,0,0,0,0,0
2020-05-03,9255,0,0,0,0,0,0,111732.658610274,0,0,0,0,0,0,0,0,0,0,0,0
2020-05-04,9256,-113824.480702104,0,0,0,0,0,33948.682276296,0,0,0,0,0,0,0,0,0,0,0,0
2020-05-05,9257,-127740.602407752,0,0,0,0,0,7877.97325812,0,0,0,0,0,0,0,0,0,0,0,0
2020-05-06,9258,-140262.17605218,0,0,0,0,0,37285.81132104,0,0,0,0,0,0,0,0,0,0,0,0
2020-05-07,9259,-139525.756812834,0,0,0,0,0,0,0,0,0,0,0,0,0,0,0,0,0,0
2020-05-08,9260,-130400.030026254,0,0,0,0,0,296109.03833238,0,0,0,0,0,561029.131604352,0,0,0,0,0,0
2020-05-09,9261,0,0,0,0,0,0,332548.334514504,0,0,0,0,0,844511.393543826,0,0,0,0,0,0
2020-05-10,9262,0,0,0,0,0,0,495722.690554974,0,0,0,0,0,734728.655643714,0,0,0,0,0,0
2020-05-11,9263,-127833.5722785,0,0,0,0,0,70852.82781216,0,0,0,0,0,228615.358744878,0,-119.882201754,0,0,0,0
2020-05-12,9264,-145605.497044644,0,0,0,0,0,37613.652444204,0,0,0,0,0,0,0,0,0,0,0,0
2020-05-13,9265,-132787.88775915,0,0,0,0,0,0,0,0,0,0,0,0,0,0,0,0,0,0
2020-05-14,9266,-95614.618913226,0,0,0,0,0,38337.83880582,0,0,0,0,0,0,0,0,0,0,0,0
2020-05-15,9267,0,0,0,0,0,0,8438.239058154,0,0,0,0,0,0,0,0,0,0,0,0
2020-05-16,9268,0,0,0,0,0,0,169462.05519369,0,0,0,0,0,0,0,0,0,0,0,0
2020-05-17,9269,0,0,0,0,0,0,37608.759293112,0,0,0,0,0,0,0,0,0,0,0,0
2020-05-18,9270,0,0,0,0,0,0,188295.793746798,0,0,0,134.56165503,0,0,0,0,0,0,0,0
2020-05-19,9271,0,0,0,0,0,0,199939.046770212,0,0,0,0,0,0,0,0,0,0,0,0
2020-05-20,9272,0,0,0,0,0,0,471100.35426003,0,0,0,0,0,285686.62650642,0,0,0,0,0,-655682.246328
2020-05-21,9273,0,0,0,0,0,0,1001048.190128,0,0,0,0,509734.228706916,851117.147518026,0,0,0,0,0,-885660.347652
2020-05-22,9274,0,0,0,0,0,0,667266.78153831,0,0,0,0,1013344.67882219,521433.752967888,0,0,0,0,-503994.562476,-1198822.01754
2020-05-23,9275,0,0,0,0,0,0,569587.25286426,0,0,0,0,905480.056150146,529739.876946558,0,0,0,0,-912572.678658,-1396994.636766
2020-05-24,9276,0,0,0,0,0,0,460854.095873382,0,0,0,0,811149.88939857,530703.827711682,0,0,0,0,-893000.07429,-1370082.30576
2020-05-25,9277,0,0,0,0,0,0,2063630.20181344,0,0,0,0,1508866.7501824,194952.925807464,0,0,0,0,-927252.131934,-1421460.392226
2020-05-26,9278,0,0,0,0,0,0,2316332.09680869,0,0,0,0,1810186.99442776,0,0,0,0,-391452.08736,-1543789.169526,-2439235.819362
2020-05-27,9279,0,0,0,0,0,0,2400386.64626707,0,0,0,0,3224407.96961314,26.912331006,0,0,0,-1171909.686534,-2537098.841202,-3963452.38452
2020-05-28,9280,0,0,0,0,0,0,1887126.90219836,0,0,0,0,4452092.2388693,0,0,0,0,-1189035.715356,-2412323.488356,-3667416.743454
2020-05-29,9281,0,0,0,0,0,0,2291269.37691547,18244.113846522,0,0,0,4485045.16489838,0,0,0,0,-1208608.319724,-2385411.15735,-3520622.210694
2020-05-30,9282,0,0,0,0,0,0,2797686.04918201,0,0,0,0,2761048.58038066,0,0,0,0,-1206161.744178,-2297334.437694,-3395846.857848
2020-05-31,9283,0,0,0,0,0,0,1291192.47727923,0,0,0,0,1626569.05312491,0,0,0,0,-1184142.564264,-2192131.689216,-3346915.346928
2020-06-01,9284,0,0,0,0,0,0,865632.680232444,0,0,0,0,1611627.81626549,0,0,0,0,-543139.771212,-963950.765124,-1458159.025416
2020-06-02,9285,0,0,0,0,0,0,744042.768747336,0,0,0,0,1635501.50044336,0,0,0,0,0,0,0
2020-06-03,9286,0,0,0,0,0,0,828669.816883476,0,0,0,0,1808501.30387656,0,0,0,0,-976183.642854,-978630.2184,-548032.922304
2020-06-04,9287,0,0,0,0,0,0,1467967.34677991,0,0,0,0,2412991.40348006,0,0,0,0,-1629419.313636,-1634312.464728,-912572.678658
2020-06-05,9288,0,0,0,0,0,0,2315852.56800167,0,0,0,0,3610154.64279987,0,0,0,0,-1651438.49355,-1634312.464728,-907679.527566
2020-06-06,9289,0,0,0,0,0,0,3325857.67120358,75.843841926,0,0,5039.94562476,5518899.48652269,74439.507562596,0,0,0,-1700370.00447,-1658778.220188,-912572.678658
2020-06-07,9290,0,0,0,0,0,0,3661141.27717851,0,0,0,0,6221301.53947711,0,0,0,0,-1717496.033292,-1668564.522372,-915019.254204
2020-06-08,9291,0,0,0,0,0,0,3654440.10675802,0,0,0,0,5878673.31371308,0,0,0,0,-1737068.63766,-1693030.277832,-924805.556388
2020-06-09,9292,0,0,0,0,0,0,2491621.89495295,0,0,0,0,5036691.67928382,0,0,0,0,-2882065.993188,-2387857.732896,-2360945.40189
2020-06-10,9293,0,0,0,0,0,0,1707680.37220145,0,0,0,0,3614981.73635213,0,0,0,0,-3297983.836008,-2444128.970454,-2754844.064796
2020-06-11,9294,0,0,0,0,0,0,904249.428650508,0,0,0,0,1447699.91495685,0,0,0,0,-3134063.274426,-2285101.559964,-2598263.229852
2020-06-12,9295,0,0,0,0,0,0,662787.101713584,0,0,0,0,2414655.07485134,0,0,0,0,-2950570.108476,-2118734.422836,-2439235.819362
2020-06-13,9296,0,0,0,0,0,0,461052.268492608,0,0,0,0,3146780.57411411,0,0,0,0,-2830687.906722,-1945027.55907,-2272868.682234
2020-06-14,9297,0,0,0,0,0,0,557234.492932506,0,0,0,0,3082800.17701066,0,0,0,0,-2732824.884882,-1795786.450764,-2118734.422836
2020-06-15,9298,0,0,0,0,0,0,543115.30545654,0,0,0,0,1934558.66230867,0,0,0,0,-2292441.286602,-1548682.320618,-1808019.328494
2020-06-16,9299,0,0,0,0,0,0,516594.4265379,0,0,0,0,1137386.05900439,45222.502392264,0,0,0,-1343169.974754,-1213501.470816,-1318704.219294
2020-06-17,9300,0,0,0,0,0,0,404964.524100558,0,0,0,0,1071174.385003,87391.67850312,0,0,0,-1284452.16165,-1171909.686534,-1286898.737196
2020-06-18,9301,0,0,0,0,0,0,462180.139819314,0,0,0,0,1087292.42470004,0,0,0,0,-1333383.67257,-797583.627996,-335180.849802
2020-06-19,9302,0,0,0,0,0,0,480835.278357564,0,0,0,0,992039.898967626,75149.014470936,0,0,0,-1472838.478692,-746205.54153,0
2020-06-20,9303,0,0,0,0,0,0,778850.199040278,0,0,0,0,902986.995668772,94205.39139873,0,0,0,-1556022.047256,-797583.627996,0
2020-06-21,9304,0,0,0,0,0,0,716942.051424294,0,0,0,0,950127.6132891,0,0,0,0,-1590274.1049,-819602.80791,0
2020-06-22,9305,0,0,0,0,0,0,632182.88820867,0,0,0,0,696388.370262348,0,0,0,0,-1595167.255992,-826942.534548,0
2020-06-23,9306,0,0,0,0,0,0,567280.132124382,0,0,0,0,853438.94771118,0,0,0,0,-1590274.1049,-824495.959002,0
2020-06-24,9307,0,0,0,0,0,0,553689.404966352,0,0,0,0,221410.193761908,0,0,0,0,-1071600.089148,-868534.31883,0
2020-06-25,9308,0,0,0,0,0,0,362902.997313726,0,0,0,0,317428.497640224,0,0,0,0,0,-998202.822768,0
2020-06-26,9309,0,0,0,0,0,0,308192.674954074,0,0,0,0,237922.132121862,0,0,0,0,0,-391452.08736,0
2020-06-27,9310,0,0,0,0,0,0,336920.365015206,0,0,0,0,134434.433101608,0,0,0,0,0,0,0
2020-06-28,9311,0,0,0,0,0,0,122913.508855494,0,0,0,0,50761.549428408,0,0,0,0,0,0,0
2020-06-29,9312,0,0,0,0,0,0,37833.844243344,0,0,0,0,0,0,0,0,0,0,0,0
2020-06-30,9313,0,0,0,0,0,0,46108.162739916,0,0,0,0,0,0,0,0,0,0,0,0
2020-07-01,9314,0,0,0,0,0,0,0,0,0,0,0,0,0,0,0,0,0,0,0
2020-07-02,9315,0,0,0,0,0,0,53433.20992464,0,0,0,0,0,0,0,0,0,0,0,0
2020-07-03,9316,0,0,0,0,0,0,36461.315362038,0,0,0,0,0,0,0,0,0,0,0,0
2020-07-04,9317,0,0,0,0,0,0,8139.756841542,0,0,0,0,0,0,0,0,0,0,0,0
2020-07-05,9318,0,0,0,0,0,0,60995.574937326,0,0,0,0,0,0,0,0,0,0,0,0
2020-07-06,9319,0,0,0,0,0,0,115901.623340658,0,0,0,0,18138.911098044,0,0,0,0,0,0,0
2020-07-07,9320,0,0,0,0,0,0,765359.781479634,0,0,0,0,0,0,0,0,0,0,0,0
2020-07-08,9321,0,0,0,0,0,0,838062.22040457,0,0,0,0,0,0,0,0,0,0,0,0
2020-07-09,9322,0,0,0,0,0,0,577746.58231017,0,0,0,0,0,0,0,0,0,0,0,0
2020-07-10,9323,0,0,0,0,0,0,376831.351897104,0,0,0,0,0,0,0,0,0,0,0,0
2020-07-11,9324,0,0,0,0,0,0,307752.291355794,0,0,0,0,276761.518914612,178012.83672696,0,0,0,0,0,0
2020-07-12,9325,0,0,0,0,0,0,159015.17761227,0,0,0,0,459767.816330958,490093.120223628,0,0,0,0,0,0
2020-07-13,9326,0,0,0,0,0,0,219200.93604387,0,0,0,0,454683.83234637,460166.608144956,0,0,0,0,0,0
2020-07-14,9327,0,0,0,0,0,0,193788.355847568,0,0,0,0,454030.596675588,159981.57495294,0,0,0,0,0,0
2020-07-15,9328,0,0,0,0,0,0,244860.620370318,0,0,0,0,451645.185518238,43245.669351096,0,0,0,0,0,0
2020-07-16,9329,0,0,0,0,0,0,229045.956040974,0,0,0,0,440033.737976922,4890.704516454,0,0,0,0,0,0
2020-07-17,9330,0,0,0,0,0,0,133717.58646663,0,0,0,0,0,0,0,0,0,0,0,0
2020-07-18,9331,0,0,0,0,0,0,414995.483839158,0,0,0,0,123456.648626706,0,0,0,0,0,0,0
2020-07-19,9332,0,0,0,0,0,0,748838.056817496,0,0,0,0,455405.57213244,262101.63824298,0,0,0,0,0,0
2020-07-20,9333,0,0,0,0,0,0,934812.05037114,0,0,0,0,451253.733430878,780623.966311128,0,0,0,0,0,0
2020-07-21,9334,0,0,0,0,0,0,848839.3856847,0,0,0,0,448376.560588782,289023.755551164,0,0,0,0,0,0
2020-07-22,9335,0,0,0,0,0,0,958296.729037194,0,0,0,0,452543.07874362,108769.855624068,0,0,0,0,0,0
2020-07-23,9336,0,0,0,0,0,0,1200537.06699775,0,0,0,0,451853.144439648,361214.860186986,0,0,0,0,0,0
2020-07-24,9337,0,0,0,0,0,0,2702976.6632208,0,0,0,0,450637.196393286,535822.063753914,0,0,0,0,0,0
2020-07-25,9338,0,0,0,0,0,0,2566565.39707802,0,0,0,0,452535.739016982,784925.046120996,0,0,0,0,0,0
2020-07-26,9339,0,0,0,0,0,0,1865403.75792543,0,0,0,0,446206.44807948,782064.999307722,0,0,0,0,0,0
2020-07-27,9340,0,0,0,0,0,0,1774481.67090943,0,0,0,0,593377.753473564,800411.869327176,0,0,0,0,0,0
2020-07-28,9341,0,0,0,0,0,0,1685323.5648621,0,0,0,0,1389344.19503366,495120.832970658,0,0,0,0,0,0
2020-07-29,9342,0,0,0,0,0,0,2480130.32961339,0,0,0,0,3655125.1479109,700503.51033072,0,0,0,0,0,0
2020-07-30,9343,0,0,0,0,0,0,2687210.93040238,0,0,0,0,5872816.21185596,67995.227574432,0,0,0,0,0,0
2020-07-31,9344,0,0,0,0,0,0,3119904.9417413,0,0,0,0,4013357.63250731,0,0,0,0,0,-4778162.041338,0
2020-08-01,9345,0,0,0,0,0,0,3255648.29276002,0,0,0,0,2581421.00379334,0,0,0,0,0,-6483425.1969,0
2020-08-02,9346,0,0,0,0,0,0,2482050.891417,0,0,0,0,1073388.53587213,0,0,0,0,0,-6209408.735748,0
2020-08-03,9347,0,0,0,0,0,0,1133809.16555614,0,0,0,0,78373.601040564,0,0,0,0,0,-2833134.482268,0
2020-08-04,9348,0,0,0,0,0,0,631245.849774552,0,0,0,0,218755.659294498,0,0,0,0,0,0,0
2020-08-05,9349,0,0,0,0,0,0,1037252.61505771,0,0,0,0,153850.456634664,0,0,0,0,0,0,0
2020-08-06,9350,0,0,0,0,0,0,1595360.53546013,0,0,0,0,0,0,0,0,0,0,0,0
2020-08-07,9351,0,0,0,0,0,0,564999.92371551,0,0,0,0,245100.384773826,0,0,0,0,0,0,0
2020-08-08,9352,0,0,0,0,0,0,755172.24090609,0,0,0,0,444718.930147512,37381.227767334,0,0,0,0,0,0
2020-08-09,9353,0,0,0,0,0,0,2757823.99381103,0,0,0,0,442142.686097574,313447.919226882,0,0,0,0,0,0
2020-08-10,9354,0,0,0,0,0,0,3891361.58948156,0,0,0,0,435654.367749582,600751.732169208,0,0,0,0,0,0
2020-08-11,9355,0,0,0,0,0,0,1945678.34816524,0,0,0,0,1009280.91684029,189932.552787072,0,0,0,0,0,0
2020-08-12,9356,0,0,0,0,0,0,1446085.17509649,0,0,0,0,1313747.4572378,79305.74632359,0,0,0,0,0,0
2020-08-13,9357,0,0,0,0,0,0,1367121.94934934,0,0,0,-386.558936268,1545775.78886935,43336.192646298,0,0,0,0,0,0
2020-08-14,9358,0,0,0,0,0,0,1425274.60350221,-134.56165503,0,0,0,1515232.73975309,166381.816581276,0,0,0,0,0,0
2020-08-15,9359,0,0,0,0,0,0,1252896.23025769,0,0,0,0,1388549.05798121,238191.255431922,0,0,0,0,0,0
2020-08-16,9360,0,0,0,0,0,0,1281912.61623325,0,0,0,0,1175848.67316306,219017.44287792,0,0,0,0,0,0
2020-08-17,9361,0,0,0,0,0,0,1257591.20873047,0,0,0,0,1131692.87770885,162680.147780178,0,0,0,0,0,0
2020-08-18,9362,0,0,0,0,0,0,1255792.97570416,0,0,0,0,1130503.8419935,341277.716062632,0,0,0,0,0,0
2020-08-19,9363,0,0,0,0,0,0,2130328.74434849,0,0,0,0,1082228.01331982,234325.666069242,0,0,0,0,0,0
2020-08-20,9364,0,0,0,0,0,0,2996866.65753296,0,0,0,0,1154524.32070412,200098.074180702,0,0,0,0,0,0
2020-08-21,9365,0,0,0,0,0,0,3058828.62981095,0,0,0,0,1060979.50470281,199608.759071502,0,0,0,0,0,0
2020-08-22,9366,0,0,0,0,0,0,2890460.19388633,0,0,0,0,1363902.2559308,285285.388116876,0,0,0,0,0,0
2020-08-23,9367,0,0,0,0,0,0,2127838.13044267,0,0,0,0,1382990.4383407,322064.758299894,0,0,0,0,0,0
2020-08-24,9368,0,0,0,0,0,0,1489558.37597336,0,0,0,0,1597271.31096156,257343.04880601,0,0,0,0,0,0
2020-08-25,9369,0,0,0,0,0,0,1449392.94523468,0,0,0,0,2124033.70546864,359693.090197374,0,0,0,0,0,0
2020-08-26,9370,0,0,0,0,0,0,1288604.00035156,0,0,0,0,1761492.80133572,243422.03394927,0,0,0,0,0,0
2020-08-27,9371,0,0,0,0,0,0,1568482.45651178,0,0,0,0,1050843.34221574,164199.471194244,0,0,0,0,0,0
2020-08-28,9372,0,0,0,0,0,0,1634106.95238214,0,0,0,0,598549.814177808,0,0,0,0,0,0,0
2020-08-29,9373,0,0,0,0,0,0,1431625.91361963,0,0,0,0,673759.993037394,0,0,0,0,0,0,0
2020-08-30,9374,0,0,0,0,0,0,1514464.51503164,0,0,0,0,215888.272754586,0,0,0,0,0,0,0
2020-08-31,9375,0,0,0,0,0,0,2019792.46118021,0,0,0,0,439480.811903526,0,0,0,0,0,0,0
2020-09-01,9376,0,0,0,0,0,0,1881162.15101722,0,0,0,0,500106.953933406,0,0,0,0,0,0,0
2020-09-02,9377,0,0,0,0,0,0,1975957.16712253,0,0,0,0,455787.237917616,0,0,0,0,0,0,0
2020-09-03,9378,0,0,0,0,0,0,1452005.88791781,0,0,0,0,382749.618142878,0,0,0,0,0,0,0
2020-09-04,9379,0,0,0,0,0,0,775904.522082894,0,0,0,0,209965.11335772,0,0,0,0,0,0,0
2020-09-05,9380,0,0,0,0,0,0,756508.071154206,0,0,0,0,86885.237365098,0,0,0,0,0,0,0
2020-09-06,9381,0,0,0,0,0,0,654150.690036204,0,0,0,0,567578.614340994,0,0,0,0,0,0,0
2020-09-07,9382,0,0,0,0,0,0,716545.706185842,0,0,0,0,342168.269561376,0,0,0,0,0,0,0
2020-09-08,9383,0,0,0,0,0,0,525304.23548166,-7.339726638,0,0,0,357094.826967522,0,0,0,0,0,0,0
2020-09-09,9384,-68.504115288,0,0,0,0,0,901154.510584818,0,0,0,0,707055.439642908,330.28769871,0,0,0,0,0,0
2020-09-10,9385,0,0,0,0,0,0,1087162.75619611,0,0,0,0,1352300.59469167,167930.498901894,0,0,0,0,0,0
2020-09-11,9386,0,0,0,0,0,0,1821448.58166599,0,0,0,0,2462307.02676078,215041.75761567,0,0,0,0,0,0
2020-09-12,9387,0,0,0,0,0,0,1903019.85694518,0,0,0,0,2864164.39991792,0,0,0,0,0,0,0
2020-09-13,9388,0,0,0,0,0,0,3158115.55861873,0,0,0,0,2503663.93979036,0,0,0,0,0,0,0
2020-09-14,9389,0,0,0,0,0,0,3545508.77714791,0,0,0,0,1867595.88961465,0,0,0,0,0,0,0
2020-09-15,9390,0,0,0,0,0,0,3065290.03582794,0,0,0,0,1803811.21855488,0,0,0,0,0,0,0
2020-09-16,9391,0,0,0,0,0,0,2077905.97012435,0,0,0,0,1661415.62862659,0,0,0,0,0,0,0
2020-09-17,9392,0,0,0,0,0,0,1382909.70134768,0,0,0,0,1592899.28046086,0,0,0,0,0,0,0
2020-09-18,9393,0,0,0,0,0,0,1150636.71216153,0,0,0,0,1272860.28671305,0,0,0,0,0,0,0
2020-09-19,9394,0,0,0,0,0,0,1570197.50596952,0,0,0,0,1366889.52467247,0,0,0,0,0,0,0
2020-09-20,9395,0,0,0,0,0,0,1834618.49783011,0,0,0,0,1020336.99173266,0,0,0,0,0,0,0
2020-09-21,9396,0,0,0,0,0,0,2210043.06878827,0,0,0,0,1134266.67518324,0,0,0,0,0,0,0
2020-09-22,9397,-122759.374596096,0,0,0,0,0,2084670.75150904,0,0,0,0,1031610.81184863,0,0,0,0,0,0,-1179249.413172
2020-09-23,9398,-497949.074301834,0,0,0,0,0,2493547.34990765,0,0,0,0,1523651.40620687,0,0,-127.221928392,0,0,0,-4022170.197624
2020-09-24,9399,-538987.932510438,0,0,0,0,0,2748774.11086637,0,0,0,0,1391607.27741371,0,0,0,0,0,0,-5392252.503384
2020-09-25,9400,-146960.899897128,0,0,0,0,0,1970219.94746716,0,0,0,0,1177089.08696488,0,0,0,0,0,0,-5287049.754906
2020-09-26,9401,-489638.057172072,0,0,0,0,0,1969901.89264618,0,0,0,0,748378.100614848,0,0,0,0,0,0,-5250351.121716
2020-09-27,9402,-536269.787078832,0,0,0,0,0,1786342.66915644,0,0,0,0,519782.314474338,0,0,0,0,0,0,-5362893.596832
2020-09-28,9403,-536844.732332142,0,0,0,0,0,1465518.32465837,0,0,0,0,418562.590985226,0,0,0,0,0,0,-5419164.83439
2020-09-29,9404,-328986.120519528,0,0,0,0,0,1232929.72722679,0,0,0,0,417787.026537144,951.717887394,0,0,0,0,-1306471.341564,-4491912.702456
2020-09-30,9405,-185550.735984186,0,0,0,0,0,1782582.28254224,0,0,0,0,418087.955329302,0,0,0,0,-1171909.686534,-3376274.25348,-2847813.935544
2020-10-01,9406,0,0,0,0,0,0,2277756.94017491,0,0,0,0,421072.777495422,0,0,0,0,-2241063.200136,-2182345.387032,-3310216.713738
2020-10-02,9407,0,0,0,0,0,0,2010727.89878228,0,0,0,0,415203.442760568,69370.203031284,0,0,0,-5049731.926944,-4271720.903316,-5477882.647494
2020-10-03,9408,0,0,0,0,0,0,2106748.64923615,0,0,0,0,418684.919762526,149201.963097264,0,0,0,-5756792.259738,-4149392.126016,-5404485.381114
2020-10-04,9409,0,0,0,0,0,0,2177758.05788325,0,0,0,0,424505.32298646,0,0,0,0,-5358000.44574,-3552427.692792,-4624027.78194
2020-10-05,9410,-255035.928066132,0,0,0,0,0,2241980.66596575,0,0,0,0,429557.50148895,0,0,0,0,-3109597.518966,-2373178.27962,-2715698.85606
2020-10-06,9411,-443378.206748304,0,0,0,0,0,2151506.30227467,0,0,0,0,429520.80285576,82716.272634714,0,0,0,-1935241.256886,-954164.46294,-968843.916216
2020-10-07,9412,-141698.315897682,0,0,0,0,0,2163154.44844918,0,0,0,0,430756.32350649,343122.434024316,0,0,0,-1448372.723232,-344967.151986,-450169.900464
2020-10-08,9413,0,0,0,0,0,0,2216661.0556402,0,0,0,0,428253.476722932,428799.06306969,0,0,0,-455063.051556,0,0
2020-10-09,9414,0,0,0,0,0,0,2215178.43085932,0,0,0,0,425195.257290432,428302.408233852,0,0,0,0,0,0
2020-10-10,9415,0,0,0,0,0,0,2194800.90313669,0,0,0,0,423927.931157604,267266.359220586,0,0,0,0,0,0
2020-10-11,9416,0,0,0,0,0,0,2224115.77132886,0,0,0,0,424165.248985566,0,0,0,0,0,0,0
2020-10-12,9417,0,0,0,0,0,0,2368373.20524766,0,0,0,0,426374.506703604,22978.237528032,0,0,0,0,0,0
2020-10-13,9418,0,0,0,0,0,0,2560938.27332222,0,0,0,0,425405.662787388,329783.704147524,0,0,0,0,0,0
2020-10-14,9419,0,0,0,0,0,0,2198979.65416925,0,0,0,0,421297.862445654,254399.818424172,0,0,0,0,0,0
2020-10-15,9420,0,0,0,0,0,0,1730521.6014989,0,0,0,0,425266.207981266,31768.78346481,0,0,0,0,0,0
2020-10-16,9421,0,0,0,0,0,0,1541866.16114684,0,0,0,0,309853.899749808,0,0,0,0,0,0,0
2020-10-17,9422,0,0,0,0,0,0,1502598.62363354,0,0,0,0,322028.059666704,0,0,0,0,0,0,0
2020-10-18,9423,0,0,0,0,0,0,1465645.54658676,0,0,0,0,200308.479677658,0,0,0,0,0,0,0
2020-10-19,9424,0,0,0,0,0,0,2574668.45528638,0,0,0,0,651951.21862035,192305.731066692,0,0,0,0,-1578041.22717,-1438586.421048
2020-10-20,9425,0,0,0,0,0,0,3702454.15184827,0,0,0,0,1205474.25644957,265751.928957612,0,0,0,0,-4139605.823832,-3868035.938226
2020-10-21,9426,0,0,0,0,0,0,3978672.53099167,0,0,0,0,3123447.58313191,228321.769679358,0,0,0,-3953666.082336,-5414271.683298,-6211855.311294
2020-10-22,9427,0,0,0,0,0,0,3766253.50236131,0,0,0,0,4049630.5615523,0,0,0,0,-5186740.15752,-4247255.147856,-5766578.561922
2020-10-23,9428,0,0,0,0,0,0,4324395.67482138,0,0,0,0,4216347.55898338,0,0,0,0,-4861345.609902,-3691882.498914,-5198973.03525
2020-10-24,9429,0,0,0,0,0,0,4250173.91248238,0,0,0,0,4617781.67457106,0,0,0,0,-4663172.990676,-3476583.850866,-4956762.056196
2020-10-25,9430,0,0,0,0,0,0,3594753.4497378,0,0,0,0,4525132.30521959,0,0,0,0,-4509038.731278,-3412972.88667,-4883364.789816
2020-10-26,9431,0,0,0,0,0,0,3116844.27573325,0,0,0,0,4578289.05210753,0,0,0,0,-4440534.61599,-3273518.080548,-4751249.710332
2020-10-27,9432,-146620.825896234,0,0,0,0,0,2681312.23676097,0,0,0,0,4651116.26638531,0,0,0,0,-4381816.802886,-3092471.490144,-4584882.573204
2020-10-28,9433,-334038.299022018,0,0,0,0,0,2068547.8186609,0,0,0,0,3960281.62261238,0,0,0,0,-4274167.478862,-2879619.417642,-4372030.500702
2020-10-29,9434,-366382.027740138,0,0,0,0,0,1661997.91360654,0,0,0,0,3410482.27276417,0,0,0,0,-4310866.112052,-2485720.754736,-3107150.94342
2020-10-30,9435,-190766.835048258,0,0,0,0,0,2401370.16963656,0,0,0,0,2425143.54421704,0,0,0,0,-2404983.761718,0,0
2020-10-31,9436,0,0,0,0,0,0,2745505.48593692,0,0,0,0,1492919.97077357,0,0,0,0,0,0,0
2020-11-01,9437,0,0,0,0,0,0,2210791.72090534,0,0,0,0,1301592.86992528,0,0,0,0,0,0,0
2020-11-02,9438,0,0,0,0,0,0,2236505.2298938,0,0,0,0,690634.024578156,0,0,0,0,0,0,0
2020-11-03,9439,0,0,0,0,0,0,1994553.58784768,0,0,0,0,503287.502143206,0,0,0,0,0,0,-29358.906552
2020-11-04,9440,0,0,0,0,0,0,1949296.83339777,0,0,0,0,182394.653529846,54504.810013788,0,0,0,0,-3317556.440376,-2608049.532036
2020-11-05,9441,0,0,0,0,0,0,1742996.69020796,0,0,0,0,583327.221130596,0,0,0,0,0,-5624677.180254,-5695627.871088
2020-11-06,9442,0,0,0,0,0,0,1936410.71999699,0,0,0,0,366944.740115718,0,0,0,0,0,-4078441.435182,-4636260.65967
2020-11-07,9443,0,0,0,0,0,0,1798335.78248293,0,0,0,0,193181.60511216,0,0,0,0,0,-3038646.828132,-3990364.715526
2020-11-08,9444,0,0,0,0,0,0,2586879.31383646,0,0,0,0,1297458.15725254,0,0,0,0,0,-3038646.828132,-3995257.866618
2020-11-09,9445,0,0,0,0,0,0,3473782.52186583,0,0,0,0,1301592.86992528,0,0,0,0,0,-3354255.073566,-4286400.356592
2020-11-10,9446,0,0,0,0,0,0,5255851.02354341,0,0,0,0,1978367.04403534,0,0,0,0,0,-3114490.670058,-4090674.312912
2020-11-11,9447,0,0,0,0,0,0,5597434.56154929,0,0,0,0,4059429.09661403,0,0,0,0,-3718794.82992,-2789096.12244,-3792192.0963
2020-11-12,9448,0,0,0,0,0,0,4905643.30673788,0,0,0,0,4488284.43092128,0,0,0,0,-3616038.656988,-2686339.949508,-3706561.95219
2020-11-13,9449,-63349.180612578,0,0,0,0,0,3718207.65178896,0,0,0,0,4870498.24901959,0,0,0,0,-2828241.331176,-1878970.019328,-2630068.71195
2020-11-14,9450,-521727.342033408,0,0,0,0,0,3202936.82262145,0,0,0,0,3889272.21396528,0,0,0,0,0,0,0
2020-11-15,9451,-526618.046549862,0,0,0,0,0,2604558.26873186,0,0,0,0,2588432.88930817,0,0,0,0,0,0,0
2020-11-16,9452,-570653.959802316,0,0,0,0,0,2277221.14013033,0,0,0,0,1251215.43285759,0,0,0,0,0,0,0
2020-11-17,9453,-697320.515545374,0,0,0,0,0,2240182.43293944,0,0,0,0,585600.08981283,0,0,0,0,0,0,0
2020-11-18,9454,-648119.881315314,0,0,0,0,0,1170818.51384048,0,0,0,0,0,0,0,0,0,0,0,0
2020-11-19,9455,-775870.27002525,0,0,0,0,0,1098717.93249986,0,0,0,0,0,0,0,0,0,0,0,0
2020-11-20,9456,-299411.91531948,0,0,0,0,0,731538.32113173,0,0,0,0,0,0,0,0,0,0,0,0
2020-11-21,9457,0,0,0,0,0,0,665539.499202834,0,0,0,0,0,0,0,0,0,0,0,0
2020-11-22,9458,0,0,0,0,0,0,794841.016808934,0,0,0,0,0,0,0,0,0,0,0,0
2020-11-23,9459,0,0,0,0,0,0,314531.75219376,0,0,0,0,0,0,0,0,0,0,0,0
2020-11-24,9460,0,0,0,0,0,0,384777.829270512,0,0,0,0,0,0,0,0,0,0,0,0
2020-11-25,9461,0,0,0,0,0,0,440378.705128908,0,0,0,0,0,0,0,0,0,0,0,0
2020-11-26,9462,0,0,0,0,0,0,341483.228408496,0,0,0,0,0,0,0,0,0,0,0,0
2020-11-27,9463,0,0,0,0,0,0,196839.23555343,0,0,0,0,0,0,0,0,0,0,0,0
2020-11-28,9464,0,0,0,0,0,0,117900.47556174,0,0,0,0,0,0,0,0,0,0,0,0
2020-11-29,9465,0,0,0,0,0,0,104285.28264825,0,0,0,0,0,0,0,0,0,0,0,0
2020-11-30,9466,0,0,0,0,0,0,0,0,0,0,0,0,0,0,0,0,0,0,0
2020-12-01,9467,0,0,0,0,0,0,107911.107607422,-163.920561582,0,0,0,0,0,0,0,0,0,0,0
2020-12-02,9468,0,0,0,0,0,0,56980.74446634,0,0,0,0,0,0,0,0,0,0,0,0
2020-12-03,9469,0,0,0,0,0,0,43363.104977304,0,0,0,0,0,0,0,0,0,0,0,0
2020-12-04,9470,-271437.770526516,0,0,0,0,0,90271.297920762,0,0,0,0,0,0,0,0,0,0,0,0
2020-12-05,9471,-534461.767750338,0,0,0,0,0,43864.652964234,0,0,0,0,0,0,0,0,0,0,0,0
2020-12-06,9472,-675604.710999078,0,0,0,0,0,273713.085784296,0,0,0,0,0,0,0,0,0,0,0,0
2020-12-07,9473,-226814.679143022,0,0,0,0,0,311062.508069532,0,0,0,0,0,0,0,0,0,0,0,0
2020-12-08,9474,-268130.000388324,0,0,0,0,0,1518572.31537338,0,0,0,0,0,0,0,0,0,0,0,0
2020-12-09,9475,-597089.208576846,0,0,0,0,0,2992252.4160532,0,0,0,0,0,0,0,0,0,0,0,0
2020-12-10,9476,-669023.422780338,0,0,0,0,0,2797986.97797416,0,0,0,0,0,0,0,0,0,0,0,0
2020-12-11,9477,-670601.464007508,0,0,0,0,0,1511012.39693624,0,0,0,0,0,0,0,0,0,0,0,0
2020-12-12,9478,-669432.00089652,0,0,0,0,0,880789.215739914,0,0,0,0,0,0,0,0,0,0,0,0
2020-12-13,9479,-667998.307626564,0,0,0,0,0,801520.168049514,0,0,0,0,0,0,0,0,0,0,0,0
2020-12-14,9480,-668969.598118326,0,0,0,0,0,919051.210703808,0,0,0,0,0,0,0,0,0,0,0,0
2020-12-15,9481,-670635.716065152,0,0,0,0,0,801637.603675722,0,0,0,0,0,357.200029716,0,0,0,0,0,0
2020-12-16,9482,-671408.833937688,0,0,0,0,0,828447.17850879,0,0,0,0,0,0,0,0,0,0,0,0
2020-12-17,9483,-672729.984732528,0,0,0,0,0,744419.54138142,0,0,0,0,0,0,0,0,0,0,0,0
2020-12-18,9484,-675597.37127244,0,0,0,0,0,514776.620907222,0,0,0,0,0,0,0,0,0,0,0,0
2020-12-19,9485,-620674.196840286,0,0,0,0,0,383801.645627658,0,0,0,0,0,0,0,0,0,0,0,0
2020-12-20,9486,-669001.403600424,0,0,0,0,0,170460.258016458,0,0,0,0,0,0,0,0,0,0,0,0
2020-12-21,9487,-441927.387449526,0,0,0,0,0,350704.37164137,0,0,0,0,0,0,0,0,0,0,0,0
2020-12-22,9488,-655295.687391732,0,0,0,0,0,0,0,0,0,0,0,0,0,0,0,0,0,0
2020-12-23,9489,-568253.86919169,0,0,0,0,0,46389.518927706,0,0,0,0,0,0,0,0,0,0,0,0
2020-12-24,9490,-678271.478344218,0,0,0,0,0,101454.594741528,0,0,0,0,0,0,0,0,0,0,0,0
2020-12-25,9491,-704415.584628774,0,0,0,0,0,50110.760333172,0,0,0,0,0,0,0,0,0,0,0,0
2020-12-26,9492,-700965.913108914,0,0,0,0,0,34340.134363656,0,0,0,0,0,0,0,0,0,0,0,0
2020-12-27,9493,-687573.35857011,0,0,0,0,0,13527.116193834,0,0,0,0,0,0,0,0,0,0,0,0
2020-12-28,9494,-675232.831516086,0,0,0,0,0,40608.260912508,0,0,0,0,0,0,0,0,0,0,0,0
2020-12-29,9495,-674060.921829552,0,0,0,0,0,41802.189778956,0,0,0,0,0,0,0,0,0,0,0,0
2020-12-30,9496,-674711.710924788,0,0,0,0,0,41799.74320341,0,0,0,0,0,0,0,0,0,0,0,0
2020-12-31,9497,-675249.957544908,0,0,0,0,0,0,0,0,0,0,0,0,0,0,0,0,0,0
2021-01-01,9498,-669299.885817036,0,0,0,0,0,0,0,0,0,0,0,0,0,0,0,0,0,0
2021-01-02,9499,-668597.718635334,0,0,0,0,0,0,0,0,0,0,0,0,0,0,0,0,0,0
2021-01-03,9500,-673941.039627798,0,0,0,0,0,0,-1981.72619226,0,0,0,0,0,0,0,0,0,0,0
2021-01-04,9501,-683328.5499978,0,0,0,0,0,169860.847007688,0,0,0,0,0,0,0,0,0,0,0,0
2021-01-05,9502,-686922.569474874,0,0,0,0,0,16472.793151218,0,0,0,0,0,0,0,0,0,0,0,0
2021-01-06,9503,-682768.284197766,0,0,0,0,0,26924.56388373,0,0,0,0,0,0,0,0,0,0,0,0
2021-01-07,9504,-509447.979368034,0,0,0,0,0,13930.801158924,0,0,0,0,0,0,0,0,0,0,0,0
2021-01-08,9505,0,0,0,0,0,0,0,0,0,0,0,0,0,0,0,0,0,0,0
2021-01-09,9506,0,0,0,0,0,0,0,0,0,0,0,0,0,0,0,0,0,0,0
2021-01-10,9507,0,0,0,0,0,0,0,0,0,0,0,0,0,0,0,0,0,0,0
2021-01-11,9508,0,0,0,0,0,0,45966.261358248,0,0,0,0,0,0,0,0,0,0,0,0
2021-01-12,9509,0,0,0,0,0,0,4389.156529524,0,0,0,0,0,0,0,0,0,0,0,0
2021-01-13,9510,0,0,0,0,0,0,84428.875516914,0,0,0,0,0,0,0,0,0,0,0,0
2021-01-14,9511,0,0,0,0,0,0,106227.863631774,0,0,0,0,0,0,0,0,0,0,0,0
2021-01-15,9512,0,0,0,0,0,0,31749.210860442,-890.553498744,0,0,0,0,0,0,0,0,0,0,0
2021-01-16,9513,0,0,0,0,0,0,10312.31592639,0,0,0,0,0,0,0,0,0,0,0,0
2021-01-17,9514,0,0,0,0,0,0,43940.49680616,0,0,0,0,0,0,0,0,0,0,0,0
2021-01-18,9515,0,0,0,0,0,0,43076.855638422,0,0,0,0,0,0,0,0,0,0,0,0
2021-01-19,9516,0,0,0,0,0,0,0,0,0,0,0,0,0,0,0,0,0,0,0
2021-01-20,9517,0,0,0,0,0,0,89828.467746936,0,0,0,0,0,0,0,0,0,0,0,0
2021-01-21,9518,0,0,0,0,0,0,0,0,0,0,0,0,0,0,0,0,0,0,0
2021-01-22,9519,0,0,0,0,0,0,17042.845253436,0,0,0,0,0,0,0,0,0,0,0,0
2021-01-23,9520,0,0,0,0,0,0,81713.176660854,0,0,0,0,0,0,0,0,0,0,0,0
2021-01-24,9521,0,0,0,0,0,0,69054.59478585,0,0,0,0,0,0,0,0,0,0,0,0
2021-01-25,9522,0,0,0,0,0,0,38450.381280936,0,0,0,0,0,0,0,0,0,0,0,0
2021-01-26,9523,0,0,0,0,0,0,36390.364671204,0,0,0,0,0,0,0,0,0,0,0,0
2021-01-27,9524,0,0,0,0,0,0,38335.392230274,0,0,0,0,0,0,0,0,0,0,0,0
2021-01-28,9525,0,0,0,0,0,0,0,0,0,0,0,0,0,0,0,0,0,0,0
2021-01-29,9526,0,0,0,0,0,0,44101.970792196,0,0,0,0,0,0,0,0,0,0,0,0
2021-01-30,9527,0,0,0,0,0,0,0,0,0,0,0,0,0,0,0,0,0,0,0
2021-01-31,9528,0,0,0,0,0,0,43419.376214862,0,0,0,0,0,0,0,0,0,0,0,0
2021-02-01,9529,-1113.19187343,0,0,0,0,0,42548.395320486,0,0,0,0,0,0,0,0,0,0,0,0
2021-02-02,9530,-86740.889407884,14.679453276,0,0,0,0,0,0,0,0,0,0,0,0,0,0,0,0,0
2021-02-03,9531,0,0,0,0,0,0,35497.364596914,0,0,0,0,0,0,0,0,0,0,0,0
2021-02-04,9532,0,0,0,0,0,0,0,0,0,0,0,0,0,0,0,0,0,0,0
2021-02-05,9533,-44740.527009702,0,0,0,0,0,42347.776125714,0,0,0,0,0,0,0,0,0,0,0,0
2021-02-06,9534,0,0,0,0,0,0,0,0,0,0,0,0,0,0,0,0,0,0,0
2021-02-07,9535,0,0,0,0,0,0,0,0,0,0,0,0,0,0,0,0,0,0,0
2021-02-08,9536,0,0,0,0,0,0,71540.315540586,0,0,0,0,0,0,0,0,0,0,0,0
2021-02-09,9537,0,0,0,0,0,0,33283.213727784,0,0,0,0,0,0,0,0,0,0,0,0
2021-02-10,9538,0,0,0,0,0,0,170504.296376286,0,0,0,0,0,0,0,0,0,0,0,0
2021-02-11,9539,0,0,0,0,0,0,351690.341586408,0,0,0,0,0,0,0,0,0,0,0,0
2021-02-12,9540,0,0,0,0,0,0,266055.304325316,0,0,0,0,0,0,0,0,0,0,0,0
2021-02-13,9541,0,0,0,0,0,0,40681.658178888,0,0,0,0,0,0,0,0,0,0,0,0
2021-02-14,9542,0,0,0,0,0,0,40358.710206816,0,0,0,0,0,0,0,0,0,0,0,0
2021-02-15,9543,0,0,0,0,0,0,0,0,0,0,0,0,0,0,0,0,0,0,0
2021-02-16,9544,0,0,0,0,0,0,55850.426564088,0,0,0,0,0,0,0,0,0,0,0,0
2021-02-17,9545,0,0,0,0,0,0,38636.321022432,0,0,0,0,0,0,0,0,0,0,0,0
2021-02-18,9546,0,0,0,0,0,0,5609.997726978,0,0,0,0,0,0,0,0,0,0,0,0
2021-02-19,9547,0,0,0,0,0,0,38748.863497548,0,0,0,0,0,0,0,0,0,0,0,0
2021-02-20,9548,0,0,0,0,0,0,35286.959099958,0,0,0,0,0,0,0,0,0,0,0,0
2021-02-21,9549,0,0,0,0,0,0,0,0,0,0,0,0,0,0,0,0,0,0,0
2021-02-22,9550,0,0,0,0,0,0,60939.303699768,0,0,0,0,0,0,0,0,0,0,0,0
2021-02-23,9551,0,0,0,0,0,0,0,0,0,0,0,0,0,0,0,0,0,0,0
2021-02-24,9552,0,0,0,0,0,0,41144.060957082,0,0,0,0,0,0,0,0,0,0,0,0
2021-02-25,9553,0,0,0,0,0,0,0,0,0,0,0,106269.455416056,0,0,0,0,0,0,0
2021-02-26,9554,0,0,0,0,0,0,48312.527306862,0,0,0,0,0,0,0,0,0,0,0,0
2021-02-27,9555,0,0,0,0,0,0,35986.679706114,0,0,0,0,0,0,0,0,0,0,0,0
2021-02-28,9556,0,0,0,0,0,0,0,0,0,0,0,0,0,0,0,0,0,0,0
2021-03-01,9557,0,0,0,0,0,0,41342.233576308,0,0,0,0,0,0,0,0,0,0,0,0
2021-03-02,9558,0,0,0,0,0,0,0,0,0,0,0,0,0,0,0,0,0,0,0
2021-03-03,9559,0,0,0,0,0,0,40331.79787581,0,0,0,0,0,0,0,0,0,0,0,0
2021-03-04,9560,0,0,0,0,0,0,0,0,0,0,0,0,0,0,0,0,0,0,0
2021-03-05,9561,-181802.582247714,0,0,0,0,0,39544.000549998,0,0,0,0,0,0,0,0,0,0,0,0
2021-03-06,9562,0,0,0,0,0,0,0,0,0,0,0,0,0,0,0,0,0,0,0
2021-03-07,9563,0,0,0,0,0,0,40598.474610324,0,0,0,0,0,0,0,0,0,0,0,0
2021-03-08,9564,0,0,0,0,0,0,0,0,0,0,0,0,0,0,0,0,0,0,0
2021-03-09,9565,0,0,0,0,0,0,39639.416996292,0,0,0,0,0,0,0,0,0,0,0,0
2021-03-10,9566,0,0,0,0,0,0,0,0,0,0,0,0,0,0,0,0,0,0,0
2021-03-11,9567,0,0,0,0,0,0,0,0,0,0,0,0,0,0,0,0,0,0,0
2021-03-12,9568,0,0,0,0,0,0,39654.096449568,0,0,0,0,0,0,0,0,0,0,0,0
2021-03-13,9569,0,0,0,0,0,0,0,0,0,0,0,0,0,0,0,0,0,0,0
2021-03-14,9570,0,0,0,0,0,0,38041.803164754,0,0,0,0,0,0,0,0,0,0,0,0
2021-03-15,9571,0,0,0,0,0,0,0,0,0,0,0,0,0,0,0,0,0,0,0
2021-03-16,9572,0,0,0,0,0,0,44503.20918174,0,0,0,0,0,0,0,0,0,0,0,0
2021-03-17,9573,-50203.73020392,0,0,0,0,0,0,0,0,0,0,0,0,0,0,0,0,0,0
2021-03-18,9574,-7393.551300012,0,0,0,0,0,46066.570955634,-23670.61840755,0,0,0,0,0,0,0,0,0,0,0
2021-03-19,9575,0,0,0,0,0,0,169219.844214636,0,0,0,0,0,0,0,0,0,0,0,0
2021-03-20,9576,0,0,0,0,0,0,0,0,0,0,0,0,0,0,0,0,0,0,0
2021-03-21,9577,0,0,0,0,0,0,37902.348358632,0,0,0,0,0,0,0,0,0,0,0,0
2021-03-22,9578,0,0,0,0,0,0,242277.036593742,0,0,0,0,0,0,0,0,0,0,0,0
2021-03-23,9579,0,0,0,0,0,0,503644.702172922,0,0,0,0,0,0,0,0,0,0,0,0
2021-03-24,9580,-167734.772858214,0,0,0,0,0,0,0,0,0,0,0,0,0,0,0,0,0,0
2021-03-25,9581,-3001.948194942,0,0,0,0,0,44150.902303116,0,0,0,0,0,0,0,0,0,0,0,0
2021-03-26,9582,-110142.384505374,0,0,0,0,0,44243.872173864,0,0,0,0,0,0,0,0,0,0,0,0
2021-03-27,9583,0,0,0,0,0,0,7097.515658946,0,0,0,0,0,0,0,0,0,0,0,0
2021-03-28,9584,-101907.211217538,0,0,0,0,0,41870.693894244,0,0,0,0,0,0,0,0,0,0,0,0
2021-03-29,9585,0,0,0,0,0,0,39715.260838218,0,0,0,0,0,0,0,0,0,0,0,0
2021-03-30,9586,-101939.016699636,0,0,0,0,0,56342.188248834,0,0,0,0,0,0,0,0,0,0,0,0
2021-03-31,9587,0,0,0,0,0,0,172764.93218079,0,0,0,0,0,0,0,0,0,0,0,0
2021-04-01,9588,0,0,0,0,0,0,223998.670689576,0,0,0,0,0,0,0,0,0,0,0,0
2021-04-02,9589,-201876.734602644,0,0,0,0,0,220639.522464918,0,0,0,0,0,0,0,0,0,0,0,0
2021-04-03,9590,-108214.482975126,0,0,0,0,0,165019.074002154,0,0,0,0,0,0,0,0,0,0,0,0
2021-04-04,9591,0,0,0,0,0,0,155819.949949194,0,0,0,0,0,0,0,0,0,0,0,0
2021-04-05,9592,-191128.928229066,0,0,0,0,0,54869.349770142,0,0,0,0,0,0,0,0,0,0,0,0
2021-04-06,9593,-147743.804071848,0,0,0,0,0,51901.653632844,0,0,0,0,3114.490670058,0,0,0,0,0,0,0
2021-04-07,9594,-187197.281326644,0,0,0,0,0,74811.387045588,0,0,0,0,0,0,0,0,0,0,0,0
2021-04-08,9595,-150662.568698226,0,0,0,0,0,168960.50720676,0,0,0,0,0,0,0,0,0,0,0,0
2021-04-09,9596,-127747.94213439,0,0,0,0,0,149784.248077212,0,0,0,0,0,0,0,0,0,0,0,0
2021-04-10,9597,0,0,0,0,0,0,160969.991473524,0,0,0,0,0,0,0,0,0,0,0,0
2021-04-11,9598,0,0,0,0,0,0,155797.93076928,0,0,0,0,0,0,0,0,0,0,0,0
2021-04-12,9599,0,0,0,0,0,0,161310.065474418,0,0,0,0,0,0,0,0,0,0,0,0
2021-04-13,9600,0,0,0,0,0,0,1392336.35692642,0,0,0,0,0,0,0,0,0,0,0,0
2021-04-14,9601,0,0,0,0,0,0,915841.303587456,0,0,0,0,0,0,0,0,0,0,0,0
2021-04-15,9602,0,0,0,0,0,0,165591.572679918,0,0,0,0,0,0,0,0,0,-677701.426242,0,0
2021-04-16,9603,-85835.656455864,0,0,0,0,0,0,0,0,0,0,0,0,0,0,0,-1105852.146792,0,0
2021-04-17,9604,0,0,0,0,0,0,44657.343441138,0,0,0,0,0,0,0,0,0,-1132764.477798,0,0
2021-04-18,9605,0,0,0,0,0,0,6816.159471156,0,0,0,0,0,0,0,0,0,-1120531.600068,0,0
2021-04-19,9606,0,0,0,0,0,0,75131.888442114,0,0,0,0,0,0,0,0,0,-1113191.87343,0,0
2021-04-20,9607,0,0,0,0,0,0,514644.505827738,0,0,0,0,0,0,0,0,0,-1115638.448976,0,0
2021-04-21,9608,0,0,0,0,0,0,1617932.64144753,0,0,0,0,0,0,0,0,0,-1125424.75116,0,0
2021-04-22,9609,-168287.69893161,0,0,0,0,0,1685656.29913636,-18442.286465748,0,0,0,0,0,0,0,0,-1130317.902252,0,0
2021-04-23,9610,-58392.418556382,0,0,0,0,0,286386.347112576,0,0,0,0,0,0,0,0,0,-1122978.175614,0,0
2021-04-24,9611,0,0,0,0,0,0,26782.662502062,0,0,0,0,0,0,0,0,0,-1105852.146792,0,0
2021-04-25,9612,0,0,0,0,0,0,44537.461239384,0,0,0,0,0,0,0,0,0,-1100958.9957,0,0
2021-04-26,9613,-106462.73488419,0,0,0,0,0,41973.450067176,0,0,0,0,0,0,0,0,0,-1091172.693516,0,0
2021-04-27,9614,-86036.275650636,0,0,0,0,0,26853.613192896,0,0,0,0,0,0,0,0,0,-1076493.24024,0,0
2021-04-28,9615,-46228.04494167,0,0,0,0,0,10786.951582314,0,0,0,0,0,0,0,0,0,-425704.145004,0,0
2021-04-29,9616,-87687.714144186,0,0,0,0,0,47595.680671884,0,0,0,0,0,0,0,0,0,0,0,0
2021-04-30,9617,-81319.277997948,0,0,0,0,0,44082.398187828,0,0,0,0,0,0,0,0,0,0,0,0
2021-05-01,9618,0,0,0,0,0,0,0,0,0,0,0,0,0,0,0,0,0,0,0
2021-05-02,9619,-102386.740024554,0,0,0,0,0,55003.911425172,0,0,0,0,0,0,0,0,0,0,0,0
2021-05-03,9620,-107164.902065892,0,0,0,0,0,19198.278309462,0,0,0,0,0,0,0,0,0,0,0,0
2021-05-04,9621,-155460.303343932,0,0,0,0,0,42533.71586721,0,0,0,0,0,0,0,0,0,0,0,0
2021-05-05,9622,-116141.387744166,0,0,0,0,0,0,0,0,0,0,0,0,0,0,0,0,0,0
2021-05-06,9623,-119047.919492814,0,0,0,0,0,71892.62241921,0,0,0,0,0,0,0,0,0,0,0,0
2021-05-07,9624,-99795.81652134,0,0,0,0,0,0,0,0,0,0,0,0,0,0,0,0,0,0
2021-05-08,9625,0,0,0,0,0,0,41102.4691728,0,0,0,0,0,0,0,0,0,0,0,0
2021-05-09,9626,-98056.301308134,0,0,0,0,0,37995.31822938,0,0,0,0,0,0,0,0,0,0,0,0
2021-05-10,9627,-112779.792943962,0,0,0,0,0,11594.321512494,0,0,0,0,0,0,0,0,0,0,0,0
2021-05-11,9628,-83575.02065136,0,0,0,0,0,37904.794934178,0,0,0,0,0,0,0,0,0,0,0,0
2021-05-12,9629,-133722.479617722,0,0,0,0,0,0,0,0,0,0,0,0,0,0,0,0,0,0
2021-05-13,9630,0,0,0,0,0,0,43010.79809868,0,0,0,0,0,0,0,0,0,0,0,0
2021-05-14,9631,0,0,0,0,0,0,0,0,0,0,0,0,0,0,0,0,0,0,0
2021-05-15,9632,0,0,0,0,0,0,42355.115852352,0,0,0,0,0,0,0,0,0,0,0,0
2021-05-16,9633,0,0,0,0,0,0,40422.321171012,0,0,0,0,0,0,0,0,0,0,0,0
2021-05-17,9634,0,0,0,0,0,0,0,0,0,0,0,1839.824810592,0,0,0,0,0,0,0
2021-05-18,9635,0,0,0,0,0,0,39142.762160454,0,0,0,0,210885.025763016,0,0,0,0,0,0,0
2021-05-19,9636,0,0,0,0,0,0,3087.578339052,0,0,0,0,30865.997088336,0,0,0,0,0,0,0
2021-05-20,9637,-61453.084564428,0,0,0,0,0,37520.682573456,0,0,0,0,0,0,0,-75.843841926,0,0,0,0
2021-05-21,9638,-117261.919344234,0,0,0,0,0,39267.5375133,0,0,0,0,0,0,0,0,0,0,0,0
2021-05-22,9639,-152862.04011408,0,0,0,0,0,233816.778355674,0,0,0,0,0,0,0,0,0,0,0,0
2021-05-23,9640,-121374.61283706,0,0,0,0,0,0,0,0,0,0,0,0,0,0,0,0,0,0
2021-05-24,9641,-135398.383866732,157738.065177258,0,0,0,0,43832.847482136,0,0,0,0,0,0,0,0,0,0,0,0
2021-05-25,9642,0,79528.384698276,0,0,0,0,0,0,0,0,0,0,0,0,0,0,0,0,0
2021-05-26,9643,-137424.14841882,0,0,0,0,0,43602.869380812,0,0,0,0,0,0,0,0,0,0,0,0
2021-05-27,9644,0,0,0,0,0,0,36723.09894546,0,0,0,0,0,0,0,0,0,0,0,0
2021-05-28,9645,0,0,0,0,0,0,0,0,0,0,0,0,0,0,0,0,0,0,0
2021-05-29,9646,-116569.538464716,0,0,0,0,0,42012.595275912,0,0,0,0,0,0,0,0,0,0,0,0
2021-05-30,9647,0,0,0,0,0,0,0,0,0,0,0,0,0,0,0,0,0,0,0
2021-05-31,9648,-89999.728035156,0,0,0,0,0,41415.630842688,0,0,0,0,0,0,0,0,0,0,0,0
2021-06-01,9649,0,0,0,0,0,0,31186.498484862,0,0,0,0,0,0,0,0,0,0,0,0
2021-06-02,9650,-104821.082692824,0,0,0,0,0,0,0,0,0,0,0,0,0,0,0,0,0,0
2021-06-03,9651,-144675.798337164,0,0,0,0,0,40493.271861846,0,0,0,0,0,0,0,0,0,0,0,0
2021-06-04,9652,-101371.411172964,0,0,0,0,0,132308.358952134,0,0,0,0,0,0,0,0,0,0,0,0
2021-06-05,9653,-800.030203542,0,0,0,0,0,1343395.05970423,0,0,0,0,0,0,0,0,0,0,0,0
2021-06-06,9654,0,0,0,0,0,0,1575056.40500388,0,0,0,0,0,0,0,0,0,0,0,0
2021-06-07,9655,-177083.13801948,0,0,0,0,0,298641.24402249,0,0,0,0,0,0,0,0,0,0,0,0
2021-06-08,9656,-85334.108468934,0,0,0,0,0,0,0,0,0,0,0,0,0,0,0,0,0,0
2021-06-09,9657,-127921.648998156,0,0,0,0,0,41988.129520452,0,0,0,0,0,0,0,0,0,0,0,0
2021-06-10,9658,-151506.637261596,0,0,0,0,0,0,0,0,0,0,0,0,0,0,0,0,0,0
2021-06-11,9659,0,0,0,0,0,0,41383.82536059,0,0,0,0,0,0,0,0,0,0,0,0
2021-06-12,9660,-57881.084267268,0,0,0,0,0,41626.036339644,0,0,0,0,0,0,0,0,0,0,0,0
2021-06-13,9661,0,0,0,0,0,0,0,0,0,0,0,0,0,0,0,0,0,0,0
2021-06-14,9662,0,0,0,0,0,0,42692.7432777,0,0,0,0,0,0,0,0,0,0,0,0
2021-06-15,9663,-75887.880285828,0,0,0,0,0,37806.931912338,0,0,0,0,0,0,0,0,0,0,0,0
2021-06-16,9664,-38858.959397118,0,0,0,0,0,215168.979544062,0,0,0,0,0,0,0,-22.019179914,0,0,0,0
2021-06-17,9665,0,0,0,0,0,0,337005.995159316,0,0,0,0,0,0,0,0,0,0,0,0
2021-06-18,9666,0,0,0,0,0,0,117416.053603632,0,0,0,0,0,0,0,0,0,0,0,0
2021-06-19,9667,0,0,0,0,0,0,944094.357992664,0,0,0,0,0,0,0,0,0,0,0,0
2021-06-20,9668,0,0,0,0,0,0,1071685.71929211,0,0,0,0,0,0,0,0,0,0,0,0
2021-06-21,9669,0,0,0,0,0,0,579784.579739988,0,0,0,-141.901381668,0,0,0,0,0,0,0,0
2021-06-22,9670,0,0,0,0,0,0,535117.449996666,0,0,0,0,0,0,0,0,0,0,0,0
2021-06-23,9671,0,0,0,0,0,0,1334594.72746527,0,0,0,0,0,0,0,0,0,0,0,0
2021-06-24,9672,0,0,0,0,0,0,882010.056937368,0,0,0,0,0,0,0,0,0,0,0,0
2021-06-25,9673,0,0,0,0,0,0,426773.298517602,0,0,0,0,0,0,0,0,0,0,0,0
2021-06-26,9674,0,0,0,0,0,0,125519.111811984,0,0,0,0,0,0,0,0,0,0,0,0
2021-06-27,9675,0,0,0,0,0,0,44471.403699642,0,0,0,0,0,0,0,0,0,0,0,0
2021-06-28,9676,0,0,0,0,0,0,97823.876631264,0,0,0,0,0,0,0,0,0,0,0,0
2021-06-29,9677,0,0,0,0,0,0,313628.965817286,0,0,0,0,0,0,0,0,0,0,0,0
2021-06-30,9678,0,0,0,0,0,0,1030984.48850885,0,0,0,0,57489.632179908,288023.10615285,0,0,0,0,0,0
2021-07-01,9679,0,0,0,0,0,0,706272.535468188,0,0,0,0,46404.198380982,708934.409662236,0,0,0,0,0,0
2021-07-02,9680,0,0,0,0,0,0,754900.671020484,0,0,0,0,303292.184135436,772929.486218958,0,0,0,0,0,0
2021-07-03,9681,0,0,0,0,0,0,528054.186395364,0,0,0,0,939793.278182796,722561.835453456,0,0,0,0,0,0
2021-07-04,9682,0,0,0,0,0,0,993434.447028846,0,0,0,0,1368002.7165459,452406.070513044,0,0,0,0,0,0
2021-07-05,9683,0,0,0,0,0,0,1409528.44328816,0,0,0,0,2077871.71806671,0,0,0,0,0,0,0
2021-07-06,9684,0,0,0,0,0,0,1151923.61089873,0,0,0,0,1015360.6570721,0,0,0,0,0,0,0
2021-07-07,9685,0,0,0,0,0,0,435505.126641276,0,0,0,0,773046.921845166,0,0,0,0,0,0,0
2021-07-08,9686,0,0,0,0,0,0,450483.062133888,0,0,0,0,1117150.43266343,74872.551434238,0,0,0,0,0,0
2021-07-09,9687,0,0,0,0,0,0,544840.14121647,0,0,0,0,837066.464157348,246113.26704987,0,0,0,0,0,0
2021-07-10,9688,0,0,0,0,0,0,558313.432748292,0,0,0,0,777670.949627106,199863.202928286,0,0,0,0,0,0
2021-07-11,9689,0,0,0,0,0,0,405368.209065648,0,0,0,0,468910.66914636,107032.786986408,0,0,0,0,0,0
2021-07-12,9690,-272563.195277676,0,0,0,0,0,355325.952847764,0,0,0,0,332342.82216864,0,0,0,0,0,0,0
2021-07-13,9691,0,0,0,0,0,0,357877.731142242,0,0,0,0,663660.529183506,0,0,0,0,0,0,0
2021-07-14,9692,0,0,0,0,0,0,350425.462029126,0,0,0,0,312780.004102824,0,0,0,0,0,0,0
2021-07-15,9693,0,0,0,0,0,0,577421.187762552,0,0,0,0,511199.72745897,1115.638448976,0,0,0,0,0,0
2021-07-16,9694,0,0,0,0,0,0,224064.728229318,0,0,0,0,618964.040533632,0,0,0,0,0,0,0
2021-07-17,9695,0,0,0,0,0,0,495522.071360202,0,0,0,0,124975.972040772,205111.107474456,0,0,0,0,0,0
2021-07-18,9696,0,0,0,0,0,0,219176.47028841,0,0,0,0,226719.262696728,316811.960602632,0,0,0,0,0,0
2021-07-19,9697,0,0,0,0,0,0,267802.15926516,0,0,0,0,101454.594741528,314208.804221688,0,0,0,0,0,0
2021-07-20,9698,0,0,0,0,0,0,329108.449296828,0,0,0,0,0,308630.611976808,0,0,0,0,0,0
2021-07-21,9699,0,0,0,0,0,0,287511.771863736,0,0,0,0,0,161608.54769103,0,0,0,0,0,0
2021-07-22,9700,0,0,0,0,0,0,663220.145585226,0,0,0,0,0,227565.777835644,0,0,0,0,0,0
2021-07-23,9701,0,0,0,0,0,0,772131.902590962,0,0,0,0,0,249956.837232636,0,0,0,0,0,0
2021-07-24,9702,0,0,0,0,0,0,385932.612928224,0,0,0,0,0,312638.102721156,0,0,0,0,0,0
2021-07-25,9703,0,0,0,0,0,0,713027.530550694,0,0,0,0,44906.89414683,294119.972413482,0,0,0,0,0,0
2021-07-26,9704,0,0,0,0,0,0,638321.346253584,0,0,0,0,100838.057703936,364116.498784542,0,0,0,0,0,0
2021-07-27,9705,0,0,0,0,0,0,378876.68905356,0,0,0,0,32566.367092806,557599.03268886,0,0,0,0,0,0
2021-07-28,9706,0,0,0,0,0,0,490051.528439346,0,0,0,0,100534.682336232,775163.209692456,0,0,0,0,0,0
2021-07-29,9707,0,0,0,0,0,0,1271727.52223525,0,0,0,0,41931.858282894,776665.4070777,0,0,0,0,0,0
2021-07-30,9708,0,0,0,0,0,0,4267796.59614022,0,0,0,0,226711.92297009,778111.333225386,0,0,0,0,0,0
2021-07-31,9709,0,0,0,0,0,0,2295778.41564674,0,0,0,0,228561.534082866,800108.493959472,0,0,0,0,0,0
2021-08-01,9710,0,0,0,0,0,0,1098284.88862822,0,0,0,0,1446447.2682773,438154.767957594,0,0,0,0,0,0
2021-08-02,9711,0,0,0,0,0,0,598772.452552494,0,0,0,0,1256600.34563434,414655.409838264,0,0,0,0,0,0
2021-08-03,9712,0,0,0,0,0,0,922075.178078664,0,0,0,0,1481812.51779473,210530.272308846,0,0,0,0,0,0
2021-08-04,9713,0,0,0,0,0,0,1201667.3849,0,0,0,0,1291860.39240329,72137.27997381,0,0,0,0,0,0
2021-08-05,9714,0,0,0,0,0,0,2273565.95626461,0,0,0,0,949148.9830707,0,0,0,0,0,0,0
2021-08-06,9715,0,0,0,0,0,0,1561460.78469476,0,0,0,0,1377957.83244257,0,0,0,0,0,0,0
2021-08-07,9716,0,0,0,0,0,0,1934835.12534536,0,0,0,0,1671451.48151628,0,0,0,0,0,0,0
2021-08-08,9717,0,0,0,0,0,0,2546738.34885324,0,0,0,0,1502258.54963265,0,0,0,0,0,0,0
2021-08-09,9718,0,0,0,0,0,0,2329308.73350467,0,0,0,0,825024.419319936,0,0,0,0,0,0,0
2021-08-10,9719,0,0,0,0,0,0,1416508.5233209,0,0,0,0,1153364.64389532,0,0,0,0,0,0,0
2021-08-11,9720,0,0,0,0,0,0,1163209.66389242,0,0,0,0,555137.777689584,0,0,0,0,0,0,0
2021-08-12,9721,0,0,0,0,0,0,946680.388344786,0,0,0,0,866948.937876192,0,0,0,0,0,0,0
2021-08-13,9722,0,0,0,0,0,0,1301764.1302135,0,0,0,0,504430.052923188,0,0,0,0,0,0,-1511983.687428
2021-08-14,9723,0,0,0,0,0,0,2724768.31160902,0,0,0,0,578668.941291012,0,0,0,0,0,0,-2248402.926774
2021-08-15,9724,0,0,0,0,0,0,2353573.8697699,0,0,0,0,516702.075861924,0,0,0,0,0,0,-2226383.74686
2021-08-16,9725,0,0,0,0,0,0,1958870.28350927,0,0,0,0,172219.345834032,0,0,0,0,0,0,-2214150.86913
2021-08-17,9726,0,0,0,0,0,0,1213083.10639763,0,0,0,0,243813.48603663,0,0,0,0,0,0,-2194578.264762
2021-08-18,9727,0,0,0,0,0,0,733517.600748444,-149.241108306,0,0,0,0,0,0,0,0,0,0,-897893.225382
2021-08-19,9728,0,0,0,0,0,0,265788.627590802,0,0,0,0,0,0,0,-73.39726638,0,0,0,0
2021-08-20,9729,0,0,0,0,0,0,849257.750103066,0,0,0,0,0,0,0,0,0,0,0,0
2021-08-21,9730,0,0,0,0,0,0,700858.26378489,0,0,0,0,0,0,0,0,0,0,0,0
2021-08-22,9731,0,0,0,0,0,0,598767.559401402,0,0,0,0,0,0,0,0,0,0,0,0
2021-08-23,9732,0,0,0,0,0,0,640572.195755904,0,0,0,0,0,0,0,0,0,0,0,0
2021-08-24,9733,0,0,0,0,0,0,806755.839717954,0,0,0,0,0,0,0,0,0,0,0,0
2021-08-25,9734,0,0,0,0,0,0,760226.865984126,0,0,0,0,0,0,0,0,0,0,0,0
2021-08-26,9735,0,0,0,0,0,0,1503369.29493053,0,0,0,0,131897.334260406,253347.790939392,0,0,0,0,0,0
2021-08-27,9736,0,0,0,0,0,0,3080385.40694676,0,0,0,0,30398.70115905,318182.042908392,0,0,0,0,0,0
2021-08-28,9737,0,0,0,0,0,0,3121754.55285407,0,0,0,0,219974.053916406,449996.193600234,0,0,0,0,0,0
2021-08-29,9738,0,0,0,0,0,0,3030394.52881534,0,0,0,0,219531.22374258,668666.222750622,0,0,0,0,0,0
2021-08-30,9739,0,0,0,0,0,0,2031812.48683771,0,0,0,0,97346.794399794,720085.901000904,0,0,0,0,0,0
2021-08-31,9740,0,0,0,0,0,0,1073939.01536998,0,0,0,0,0,501359.600612958,0,0,0,0,0,0
2021-09-01,9741,0,0,0,0,0,0,914111.574676434,0,0,0,0,0,241834.206419916,0,0,0,0,0,0
2021-09-02,9742,0,0,0,0,0,0,768804.559848402,0,0,0,0,0,0,0,0,0,0,0,0
2021-09-03,9743,0,0,0,0,0,0,945523.158111528,0,0,0,0,0,159095.914605288,0,0,0,0,0,0
2021-09-04,9744,0,0,0,0,0,0,1291121.5265884,0,0,0,0,0,290692.320073536,0,0,0,0,0,0
2021-09-05,9745,0,0,0,0,0,0,1395272.24758162,0,0,0,0,0,193531.465415238,0,0,0,0,0,0
2021-09-06,9746,0,0,0,0,0,0,814824.645868662,0,0,0,0,0,144991.406582598,0,0,0,0,0,0
2021-09-07,9747,0,0,0,0,0,0,849054.684332748,0,0,0,0,0,94154.013312264,0,0,0,0,0,0
2021-09-08,9748,0,0,0,0,0,0,664191.436076988,0,0,0,0,0,0,0,0,0,0,0,0
2021-09-09,9749,0,0,0,0,0,0,497029.161896538,0,0,0,0,0,11092.773525564,0,0,0,0,0,0
2021-09-10,9750,0,0,0,0,0,0,1034903.90253355,0,0,0,0,0,163717.495811682,0,0,0,0,0,0
2021-09-11,9751,0,0,0,0,0,0,1461797.0832529,0,0,0,0,0,96989.594370078,0,0,0,0,0,0
2021-09-12,9752,0,0,0,0,0,0,1181316.76950837,0,0,0,0,0,0,0,0,0,0,0,0
2021-09-13,9753,0,0,0,0,0,0,1346969.50657694,0,0,0,0,0,0,0,0,0,0,0,0
2021-09-14,9754,0,0,0,0,0,0,1991754.70542305,0,0,0,0,0,0,0,0,0,0,0,0
2021-09-15,9755,0,0,0,0,0,0,1298715.69708318,0,0,0,0,0,0,0,0,0,0,0,0
2021-09-16,9756,0,0,0,0,0,0,1145090.32539875,0,0,0,0,0,0,0,0,0,0,0,0
2021-09-17,9757,0,0,0,0,0,0,1053150.46295561,0,0,0,0,0,256171.139119476,0,0,0,0,0,0
2021-09-18,9758,0,0,0,0,0,0,1321295.14279721,0,0,0,0,0,433312.99495206,0,0,0,0,0,0
2021-09-19,9759,0,0,0,0,0,0,1634339.37705901,0,0,0,0,0,209324.110564668,0,0,0,0,0,0
2021-09-20,9760,0,0,0,0,0,0,1150411.6272113,0,0,0,0,622195.966829898,126876.961240014,0,0,0,0,0,0
2021-09-21,9761,-80.736993018,0,0,0,0,0,2348007.91040275,0,0,0,0,649230.626613198,142214.543337888,0,0,0,0,0,0
2021-09-22,9762,0,0,0,0,0,0,3168151.41150842,0,0,0,0,503720.546014848,309680.192886042,0,0,0,0,0,0
2021-09-23,9763,0,0,0,0,0,0,3492139.17818747,0,0,0,0,315192.32759118,0,0,0,0,0,0,0
2021-09-24,9764,0,0,0,0,0,0,3615564.02133208,0,0,0,0,464783.296200258,0,0,0,0,0,0,0
2021-09-25,9765,0,0,0,0,0,0,2846708.08339721,0,0,0,0,588171.440711676,0,0,0,0,0,0,0
2021-09-26,9766,0,0,0,0,0,0,3123753.40507516,0,0,0,0,579591.300271854,134069.893345254,0,0,0,0,0,0
2021-09-27,9767,0,0,0,0,0,0,2485150.70263378,0,0,0,0,475822.24506381,137463.293627556,0,0,0,0,0,0
2021-09-28,9768,0,0,0,0,0,0,1356325.21146484,0,0,0,0,333602.80857483,70131.08802609,0,0,0,0,0,0
2021-09-29,9769,0,0,0,0,0,0,751172.08988838,0,0,0,-6045.488174166,113445.261492474,0,0,0,0,0,0,0
2021-09-30,9770,0,0,0,0,0,0,435169.945791474,0,0,0,0,0,0,0,0,0,0,0,0
2021-10-01,9771,0,0,0,0,0,0,585465.5281578,0,0,0,0,0,0,0,0,0,0,0,0
2021-10-02,9772,0,0,0,0,0,0,438387.192634464,0,0,0,0,0,0,0,0,0,0,0,0
2021-10-03,9773,0,0,0,0,0,0,172901.940411366,0,0,0,0,0,0,0,0,0,0,0,0
2021-10-04,9774,0,0,0,0,0,0,328479.679381506,0,0,0,0,0,0,0,0,0,0,0,0
2021-10-05,9775,0,0,0,0,0,0,180251.45335155,0,0,0,0,0,0,0,0,0,0,0,0
2021-10-06,9776,0,0,0,0,0,0,217189.850945058,0,0,0,0,0,0,0,0,0,0,0,0
2021-10-07,9777,0,0,0,0,0,0,367414.48262055,0,0,0,0,0,0,0,0,0,0,0,0
2021-10-08,9778,0,0,0,0,0,0,205681.159576674,0,0,0,0,6644.899182936,46805.436770526,0,0,0,0,0,0
2021-10-09,9779,0,0,0,0,0,0,1315633.76698377,0,0,0,0,0,635167.71037479,0,0,0,0,0,0
2021-10-10,9780,0,0,0,0,0,0,1529087.69707009,0,0,0,0,1038148.06170754,176855.606493702,0,0,0,0,0,0
2021-10-11,9781,-10104.35700498,0,0,0,0,0,2590326.53878078,0,0,0,0,741838.40418039,184784.957838288,0,0,0,0,0,0
2021-10-12,9782,-6456.512865894,0,0,0,0,0,1986318.41455984,0,0,0,0,892696.698922296,308804.318840574,0,0,0,0,0,0
2021-10-13,9783,0,0,0,0,0,0,2446223.23912138,0,0,0,0,694998.71535222,271190.66639637,0,0,0,0,0,0
2021-10-14,9784,-4374.477076248,0,0,0,0,0,1881773.79490372,0,0,0,0,504975.639269946,79325.318927958,0,0,0,0,0,0
2021-10-15,9785,0,0,0,0,0,0,1325089.78146906,0,0,0,0,263364.071224716,53560.431853032,0,0,0,0,0,0
2021-10-16,9786,0,0,0,0,0,0,1250562.19718681,0,0,0,0,287404.122539712,95856.82989228,0,0,0,0,0,0
2021-10-17,9787,0,0,0,0,0,0,1010976.39369367,0,0,0,0,0,206921.573378496,0,0,0,0,0,0
2021-10-18,9788,0,0,0,0,0,0,659706.86310117,0,0,0,0,0,135652.827723516,0,0,0,0,0,0
2021-10-19,9789,0,0,0,0,0,0,303715.441704894,0,0,0,0,0,63872.747779422,0,0,0,0,0,0
2021-10-20,9790,0,0,0,0,0,0,53528.626370934,0,0,0,0,0,0,0,0,0,0,0,0
2021-10-21,9791,0,0,0,0,0,0,376055.787449022,0,0,0,0,0,0,0,0,0,0,0,0
2021-10-22,9792,0,0,0,0,0,0,376904.749163484,0,0,0,0,0,0,0,0,0,0,0,0
2021-10-23,9793,0,0,0,0,0,0,236422.381312164,0,0,0,0,0,0,0,0,0,0,0,0
2021-10-24,9794,0,0,0,0,0,0,229909.597208712,0,0,0,0,0,0,0,0,0,0,0,0
2021-10-25,9795,0,0,0,0,0,0,365227.244082426,0,0,0,0,0,0,0,0,0,0,0,0
2021-10-26,9796,0,0,0,0,0,0,404712.52681932,0,0,0,0,0,0,0,0,0,0,0,0
2021-10-27,9797,0,0,0,0,0,0,210559.631215398,0,0,0,0,0,0,0,0,0,0,0,0
2021-10-28,9798,0,0,0,0,0,0,177552.880524312,0,0,0,0,0,0,0,0,0,0,0,0
2021-10-29,9799,0,0,0,0,0,0,167247.90432456,0,0,0,-3948.772931244,0,0,0,0,0,0,0,0
2021-10-30,9800,0,0,0,0,0,0,40544.649948312,0,0,0,0,0,0,0,0,0,0,0,0
2021-10-31,9801,0,0,0,0,0,0,36938.397593508,0,0,0,0,0,0,0,0,0,0,0,0
2021-11-01,9802,0,0,0,0,0,0,0,0,0,0,0,0,0,0,0,0,0,0,0
2021-11-02,9803,0,0,0,0,0,0,47231.14091553,0,0,0,0,0,0,0,0,0,0,0,0
2021-11-03,9804,0,0,0,0,0,0,0,0,0,0,0,0,0,0,0,0,0,0,0
2021-11-04,9805,0,0,0,0,0,0,49330.302733998,0,0,0,0,0,0,0,-2270.422106688,0,0,0,0
2021-11-05,9806,0,0,0,0,0,0,843077.70027387,0,0,0,0,0,230636.230145874,0,0,0,0,0,0
2021-11-06,9807,0,0,0,0,0,0,868796.102413422,0,0,0,0,0,424263.112007406,0,0,0,0,0,0
2021-11-07,9808,0,0,0,0,0,0,1194430.41443493,0,0,0,0,0,0,0,0,0,0,0,0
2021-11-08,9809,0,0,0,0,0,0,1630429.7493365,0,0,0,0,235566.079871064,0,0,0,0,0,0,0
2021-11-09,9810,0,0,0,0,0,0,954081.279371436,0,0,0,0,161006.690106714,0,0,0,0,0,0,0
2021-11-10,9811,0,0,0,0,0,0,490342.67092932,0,0,0,0,0,0,0,0,0,0,0,0
2021-11-11,9812,0,0,0,0,0,0,0,0,0,0,0,0,66133.383583926,0,0,0,0,0,0
2021-11-12,9813,0,0,0,0,0,0,442876.658761374,0,0,0,0,0,137568.496376034,0,-129.668503938,0,0,0,0
2021-11-13,9814,0,0,0,0,0,0,737918.990155698,0,0,0,0,0,136959.29906508,0,0,0,0,0,0
2021-11-14,9815,0,0,0,0,0,0,1382902.36162104,0,0,0,0,0,136374.567509586,0,0,0,0,0,0
2021-11-15,9816,0,0,0,0,0,0,616512.57183654,0,0,0,0,0,136411.266142776,0,0,0,0,0,0
2021-11-16,9817,0,0,0,0,0,0,385086.097789308,-11449.97355528,0,0,0,65443.449279954,103509.718200168,0,0,0,0,0,0
2021-11-17,9818,0,0,0,0,0,0,236444.400492078,0,0,0,0,0,0,0,0,0,0,0,0
2021-11-18,9819,0,0,0,0,0,0,566932.71839685,0,0,0,0,0,0,0,0,0,0,0,0
2021-11-19,9820,0,0,0,0,0,0,829885.764929838,0,0,0,0,0,0,0,0,0,0,0,0
2021-11-20,9821,0,0,0,0,0,0,762130.301758914,0,0,0,0,0,1967.046738984,0,0,0,0,0,0
2021-11-21,9822,0,0,0,0,0,0,577073.77403502,0,0,0,0,37244.219536758,139936.781504562,0,0,0,0,0,0
2021-11-22,9823,0,0,0,0,0,0,1102422.04787651,0,0,0,0,210520.486006662,137142.79223103,0,0,0,0,0,0
2021-11-23,9824,0,0,0,0,0,0,881594.139094548,0,0,0,0,209752.261285218,136080.978444066,0,0,0,0,0,0
2021-11-24,9825,0,0,0,0,0,0,429183.175430412,0,0,0,0,61558.287312906,39747.066320316,0,0,0,0,0,0
2021-11-25,9826,0,0,0,0,0,0,49088.091754944,0,0,0,0,0,0,0,0,0,0,0,0
2021-11-26,9827,0,0,0,0,0,0,195483.832700946,0,0,0,0,0,0,0,0,0,0,0,0
2021-11-27,9828,0,0,0,0,0,0,100436.819314392,0,0,0,0,0,0,0,0,0,0,0,0
2021-11-28,9829,0,0,0,0,0,0,0,0,0,0,0,160429.298277858,106656.014352324,0,0,0,0,0,0
2021-11-29,9830,0,0,0,0,0,0,0,0,0,0,0,172943.532195648,120792.327857112,0,0,0,0,0,0
2021-11-30,9831,0,0,0,0,0,0,8450.471935884,0,0,0,0,0,0,0,0,0,0,0,0
2021-12-01,9832,0,0,0,0,0,0,105408.260823864,0,0,0,0,0,0,0,0,0,0,0,0
2021-12-02,9833,0,0,0,0,0,0,39827.803313334,0,0,0,0,0,0,0,0,0,0,0,0
2021-12-03,9834,0,0,0,0,0,0,73164.84170313,0,0,0,0,124.775352846,0,0,0,0,0,0,0
2021-12-04,9835,0,0,0,0,0,0,0,0,0,0,0,0,0,0,0,0,0,0,0
2021-12-05,9836,0,0,0,0,0,0,0,0,0,0,0,0,52004.409805776,0,0,0,0,0,0
2021-12-06,9837,0,0,0,0,0,0,62957.728525218,0,0,0,0,0,135369.02496018,0,0,0,0,0,0
2021-12-07,9838,0,0,0,0,0,0,0,0,0,0,0,0,133328.580954816,0,0,0,0,0,0
2021-12-08,9839,0,0,0,0,0,0,62957.728525218,0,0,0,0,0,61903.254464892,0,-114.989050662,0,0,0,0
2021-12-09,9840,0,0,0,0,0,0,92982.10362573,0,0,0,0,0,0,0,0,0,0,0,0
2021-12-10,9841,0,0,0,0,0,0,903153.3628059,0,0,0,0,0,0,0,0,0,0,0,0
2021-12-11,9842,0,0,0,0,0,0,95188.914768222,0,0,0,0,0,0,0,0,0,0,0,0
2021-12-12,9843,0,0,0,0,0,0,0,0,0,0,0,0,0,0,0,0,0,0,0
2021-12-13,9844,0,0,0,0,0,0,63625.643649276,0,0,0,0,0,0,0,0,0,0,0,0
2021-12-14,9845,0,0,0,0,0,0,554464.969414434,0,0,0,0,0,0,0,0,0,0,0,0
2021-12-15,9846,0,0,0,0,0,0,37814.271638976,0,0,0,0,0,53513.946917658,0,0,0,0,0,0
2021-12-16,9847,0,0,0,0,0,0,262554.25471899,0,0,0,0,0,279890.689037946,0,0,0,0,0,0
2021-12-17,9848,0,0,0,0,0,0,1021866.10144891,0,0,0,0,0,275459.94072414,0,0,0,0,0,0
2021-12-18,9849,0,0,0,0,0,0,293263.670972382,0,0,0,0,0,59708.67620013,0,0,0,0,0,0
2021-12-19,9850,0,0,0,0,0,0,442609.98202686,0,0,0,0,0,0,0,0,0,0,0,0
2021-12-20,9851,0,0,0,0,0,0,713389.623731502,0,0,0,0,0,0,0,0,0,0,0,0
2021-12-21,9852,0,0,0,0,0,0,585565.837755186,0,0,0,0,0,0,0,0,0,0,0,0
2021-12-22,9853,0,0,0,0,0,0,629853.748288878,0,0,0,0,0,0,0,0,0,0,0,0
2021-12-23,9854,0,0,0,0,0,0,0,0,0,0,0,0,0,0,0,0,0,0,0
2021-12-24,9855,0,0,0,0,0,0,0,0,0,0,0,0,0,0,0,0,0,0,0
2021-12-25,9856,0,0,0,0,0,0,0,0,0,0,0,0,0,0,0,0,0,0,0
2021-12-26,9857,0,0,0,0,0,0,0,0,0,0,0,0,0,0,0,0,0,0,0
2021-12-27,9858,0,0,0,0,0,0,125871.418690608,0,0,0,0,0,0,0,0,0,0,0,0
2021-12-28,9859,0,0,0,0,0,0,114864.275309154,0,0,0,0,0,0,0,0,0,0,0,0
2021-12-29,9860,0,0,0,0,0,0,943414.209990876,0,0,0,0,0,39703.027960488,0,0,0,0,0,0
2021-12-30,9861,0,0,0,0,0,0,0,0,0,0,0,0,280164.705499098,0,0,0,0,0,0
2021-12-31,9862,0,0,0,0,0,0,0,0,0,0,0,0,235240.685323446,0,0,0,0,0,0
2022-01-01,9863,0,0,0,0,0,0,0,0,0,0,0,0,0,0,0,0,0,0,0
2022-01-02,9864,0,0,0,0,0,0,0,0,0,0,0,0,0,0,0,0,0,0,0
2022-01-03,9865,0,0,0,0,0,0,188726.391042894,0,0,0,0,0,0,0,0,0,0,0,0
2022-01-04,9866,0,0,0,0,0,0,25547.141851332,0,0,0,0,0,0,0,0,0,0,0,0
2022-01-05,9867,0,0,0,0,0,0,0,0,0,0,0,0,0,0,0,0,0,0,0
2022-01-06,9868,0,0,0,0,0,0,0,0,0,0,0,0,0,0,0,0,0,0,0
2022-01-07,9869,0,0,0,0,0,0,0,0,0,0,0,0,0,0,0,0,0,0,0
2022-01-08,9870,0,0,0,0,0,0,0,0,0,0,0,0,0,0,0,0,0,0,0
2022-01-09,9871,0,0,0,0,0,0,0,0,0,0,0,0,0,0,0,0,0,0,0
2022-01-10,9872,0,0,0,0,0,0,0,0,0,0,0,0,0,0,0,0,0,0,0
2022-01-11,9873,0,0,0,0,0,0,0,0,0,0,0,0,0,0,0,0,0,0,0
2022-01-12,9874,0,0,0,0,0,0,0,0,0,0,0,0,0,0,0,0,0,0,0
2022-01-13,9875,0,0,0,0,0,0,0,0,0,0,0,0,0,0,0,0,0,0,0
2022-01-14,9876,0,0,0,0,0,0,0,0,0,0,0,0,0,0,0,0,0,0,0
2022-01-15,9877,0,0,0,0,0,0,0,0,0,0,0,0,0,0,0,0,0,0,0
2022-01-16,9878,0,0,0,0,0,0,0,0,0,0,0,0,0,0,0,0,0,0,0
2022-01-17,9879,0,0,0,0,0,0,0,0,0,0,0,0,0,0,0,0,0,0,0
2022-01-18,9880,0,0,0,0,0,0,0,0,0,0,0,58086.596613132,63358.966914762,0,0,0,0,0,0
2022-01-19,9881,0,0,0,0,0,0,0,0,0,0,0,377641.16840283,314751.9439929,0,0,0,0,0,0
2022-01-20,9882,0,0,0,0,0,0,0,0,0,0,0,145615.283346828,0,0,0,0,0,0,0
2022-01-21,9883,0,0,0,0,0,0,0,0,0,0,0,0,0,0,0,0,0,0,0
2022-01-22,9884,0,0,0,0,0,0,0,0,0,0,0,0,0,0,0,0,0,0,0
2022-01-23,9885,0,0,0,0,0,0,0,0,0,0,0,0,0,0,0,0,0,0,0
2022-01-24,9886,0,0,0,0,0,0,312846.061642566,0,0,0,0,0,0,0,0,0,0,0,0
2022-01-25,9887,0,0,0,0,0,0,132457.60006044,0,0,0,0,0,3530.408512878,0,0,0,0,0,0
2022-01-26,9888,0,0,0,0,0,0,631375.51827849,0,0,0,0,0,976.183642854,0,0,0,0,0,0
2022-01-27,9889,0,0,0,0,0,0,195623.287507068,0,0,0,0,0,0,0,0,0,0,0,0
2022-01-28,9890,0,0,0,0,0,0,39490.175887986,0,0,0,0,0,0,0,0,0,0,0,0
2022-01-29,9891,0,0,0,0,0,0,210209.77091232,0,0,0,0,0,0,0,0,0,0,0,0
2022-01-30,9892,0,0,0,0,0,0,0,0,0,0,0,0,0,0,0,0,0,0,0
2022-01-31,9893,0,0,0,0,0,0,0,0,0,0,0,0,0,0,0,0,0,0,0
2022-02-01,9894,0,0,0,0,0,0,0,0,0,0,0,0,0,0,0,0,0,0,0
2022-02-02,9895,0,0,0,0,0,0,0,0,0,0,0,0,0,0,0,0,0,0,0
2022-02-03,9896,0,0,0,0,0,0,0,0,0,0,0,0,0,0,0,0,0,0,0
2022-02-04,9897,0,0,0,0,0,0,0,0,0,0,0,0,0,0,0,0,0,0,0
2022-02-05,9898,0,0,0,0,0,0,0,0,0,0,0,0,0,0,0,0,0,0,0
2022-02-06,9899,0,0,0,0,0,0,0,0,0,0,0,0,0,0,0,0,0,0,0
2022-02-07,9900,0,0,0,0,0,0,0,0,0,0,0,0,0,0,0,0,0,0,0
2022-02-08,9901,0,0,0,0,0,0,0,0,0,0,0,0,0,0,0,0,0,0,0
2022-02-09,9902,0,0,0,0,0,0,0,0,0,0,0,0,0,0,-1543.789169526,0,0,-924805.556388,0
2022-02-10,9903,0,0,0,0,0,0,0,0,0,0,0,0,0,0,0,0,0,-1313811.068202,0
2022-02-11,9904,0,0,0,0,0,0,0,0,0,0,0,0,0,0,0,0,0,-1294238.463834,0
2022-02-12,9905,0,0,0,0,0,0,0,0,0,0,0,0,0,0,0,0,0,-1282005.586104,0
2022-02-13,9906,0,0,0,0,0,0,174861.647423712,0,0,0,0,0,0,0,0,0,0,-1282005.586104,0
2022-02-14,9907,0,0,0,0,0,0,24115.895156922,0,0,0,0,0,0,0,0,0,0,-1286898.737196,0
2022-02-15,9908,0,0,0,0,0,0,260650.818944202,0,0,0,0,0,0,0,0,0,0,-1274665.859466,0
2022-02-16,9909,0,0,0,0,0,0,0,0,0,0,0,0,0,0,0,0,0,-1267326.132828,0
2022-02-17,9910,0,0,0,0,0,0,0,0,0,0,0,0,0,0,0,0,0,-1531556.291796,0
2022-02-18,9911,0,0,0,0,0,0,0,0,0,0,0,0,0,0,0,0,0,-1852057.688322,0
2022-02-19,9912,0,0,0,0,0,0,0,0,0,0,0,0,0,0,0,0,0,-1847164.53723,0
2022-02-20,9913,0,0,0,0,0,0,0,0,0,0,0,0,0,0,0,0,0,-1839824.810592,0
2022-02-21,9914,0,0,0,0,0,0,0,0,0,0,0,0,0,0,0,0,0,-1827591.932862,0
2022-02-22,9915,0,0,0,0,0,0,0,0,0,0,0,0,0,0,0,0,0,-1815359.055132,0
2022-02-23,9916,0,0,0,0,0,0,0,0,0,0,0,0,0,0,0,0,0,-1808019.328494,0
2022-02-24,9917,0,0,0,0,0,0,0,0,0,0,0,0,0,0,0,0,0,-1798233.02631,0
2022-02-25,9918,0,0,0,0,0,0,0,0,0,0,0,0,0,0,0,0,0,-1790893.299672,0
2022-02-26,9919,0,0,0,0,0,0,0,0,0,0,0,0,0,0,0,0,0,-1783553.573034,0
2022-02-27,9920,0,0,0,0,0,0,0,0,0,0,0,0,0,0,0,0,0,-1773767.27085,0
2022-02-28,9921,0,0,0,0,0,0,0,0,0,0,0,0,0,0,0,0,0,-1766427.544212,0
2022-03-01,9922,0,0,0,0,0,0,0,0,0,0,-489.3151092,0,0,0,0,0,0,-1761534.39312,0
2022-03-02,9923,0,0,0,0,0,0,0,0,0,0,0,0,0,0,0,0,0,-1756641.242028,0
2022-03-03,9924,0,0,0,0,0,0,0,0,0,0,0,0,0,0,0,0,0,-1746854.939844,0
2022-03-04,9925,0,0,0,0,0,0,0,0,0,0,0,0,0,0,0,0,0,-1751748.090936,0
2022-03-05,9926,0,0,0,0,0,0,0,0,0,0,0,0,0,0,0,0,0,-1766427.544212,0
2022-03-06,9927,0,0,0,0,0,0,0,0,0,0,0,0,0,0,0,0,0,-1803126.177402,0
2022-03-07,9928,0,0,0,0,0,0,0,0,0,0,0,0,0,0,0,0,0,-1803126.177402,0
2022-03-08,9929,0,0,0,0,0,0,0,0,0,0,0,0,0,0,0,0,0,-1074046.664694,0
2022-03-09,9930,0,0,0,0,0,0,0,0,0,0,0,0,0,0,0,0,0,-259337.007876,0
2022-03-10,9931,0,0,0,0,0,0,0,0,0,0,0,0,0,0,0,0,0,0,0
2022-03-11,9932,0,0,0,0,0,0,0,0,0,0,0,0,0,0,0,0,0,0,0
2022-03-12,9933,0,0,0,0,0,0,0,0,0,0,0,0,0,0,0,0,0,0,0
2022-03-13,9934,0,0,0,0,0,0,0,0,0,0,0,0,0,0,0,0,0,0,0
2022-03-14,9935,0,0,0,0,0,0,0,0,0,0,0,0,0,0,0,0,0,0,0
2022-03-15,9936,0,0,0,0,0,0,0,0,0,0,0,0,0,0,0,0,0,0,0
2022-03-16,9937,0,0,0,0,0,0,0,0,0,0,0,0,0,0,0,0,0,0,0
2022-03-17,9938,0,0,0,0,0,0,0,0,0,0,0,0,0,0,0,0,0,0,0
2022-03-18,9939,0,0,0,0,0,0,0,0,0,0,0,0,0,0,0,0,0,0,0
2022-03-19,9940,0,0,0,0,0,0,279457.645166304,0,0,0,0,0,0,0,0,0,0,0,0
2022-03-20,9941,0,0,0,0,0,0,295813.002691314,0,0,0,0,0,0,0,0,0,0,0,0
2022-03-21,9942,0,0,0,0,0,0,261837.408084012,0,0,0,0,0,0,0,0,0,0,0,0
2022-03-22,9943,0,0,0,0,0,0,0,0,0,0,0,0,0,0,0,0,0,0,0
2022-03-23,9944,0,0,0,0,0,0,0,0,0,0,0,0,0,0,0,0,0,0,0
2022-03-24,9945,0,0,0,0,0,0,0,0,0,0,0,0,0,0,0,0,0,0,0
2022-03-25,9946,0,0,0,0,0,0,0,0,0,0,0,0,0,0,0,0,0,0,0
2022-03-26,9947,0,0,0,0,0,0,0,0,0,0,0,0,0,0,0,0,0,0,0
2022-03-27,9948,0,0,0,0,0,0,0,0,0,0,0,0,0,0,0,0,0,0,0
2022-03-28,9949,-98342.550647016,0,0,0,0,0,0,0,0,0,0,0,0,0,0,0,0,0,0
2022-03-29,9950,0,0,0,0,0,0,0,0,0,0,0,0,0,0,0,0,0,0,0
2022-03-30,9951,0,0,0,0,0,0,14943.683434968,0,0,0,0,0,0,0,0,0,0,0,0
2022-03-31,9952,-79963.875145464,0,0,0,0,0,0,0,0,0,-8298.784252032,0,0,0,0,0,0,0,0
2022-04-01,9953,0,0,0,0,0,0,0,0,0,0,-9962.455623312,0,0,0,0,0,0,0,0
2022-04-02,9954,0,0,0,0,0,0,0,0,0,0,0,0,0,0,0,0,0,0,0
2022-04-03,9955,0,0,0,0,0,0,0,0,0,0,0,0,0,0,0,0,0,0,0
2022-04-04,9956,0,0,0,0,0,0,0,0,0,0,-12188.839370172,0,0,0,0,0,0,0,0
2022-04-05,9957,0,0,0,0,0,0,0,0,0,0,0,0,0,0,0,0,0,0,0
2022-04-06,9958,0,0,0,0,0,0,895.446649836,0,0,0,0,0,0,0,0,0,0,0,0
2022-04-07,9959,0,0,0,0,0,0,0,0,0,0,0,0,0,0,0,0,0,0,0
2022-04-08,9960,0,0,0,0,0,0,0,0,0,0,0,0,0,0,0,0,0,0,0
2022-04-09,9961,0,0,0,0,0,0,0,0,0,0,0,0,0,0,0,0,0,0,0
2022-04-10,9962,0,0,0,0,0,0,0,0,0,0,0,0,0,0,0,0,0,0,0
2022-04-11,9963,-58830.355579116,0,0,0,0,0,0,0,0,0,0,0,0,0,0,0,0,0,0
2022-04-12,9964,0,0,0,0,0,0,0,0,0,0,0,0,0,0,0,0,0,0,0
2022-04-13,9965,0,0,0,0,0,0,0,0,0,0,0,0,0,0,0,0,0,0,0
2022-04-14,9966,-47255.60667099,0,0,0,0,0,0,0,0,0,0,0,0,0,0,0,0,0,0
2022-04-15,9967,-2899.19202201,0,0,0,0,0,1886.309745966,0,0,0,0,0,0,0,-1751.748090936,0,0,0,0
2022-04-16,9968,0,0,0,0,0,0,0,0,0,0,0,0,0,0,0,0,0,0,0
2022-04-17,9969,0,0,0,0,0,0,0,0,0,0,0,0,0,0,0,0,0,0,0
2022-04-18,9970,0,0,0,0,0,0,0,0,0,0,0,0,0,0,-6728.0827515,0,0,0,0
2022-04-19,9971,0,0,0,0,0,0,0,0,0,0,0,0,0,0,0,0,0,0,0
2022-04-20,9972,0,0,0,0,0,0,0,0,0,0,0,0,0,0,0,0,0,0,0
2022-04-21,9973,-78647.617501716,0,0,0,0,0,0,0,0,0,0,0,0,0,0,0,0,0,0
2022-04-22,9974,0,0,0,0,0,0,0,0,0,0,0,0,0,0,0,0,0,0,0
2022-04-23,9975,-121856.588219622,0,0,0,0,0,0,0,0,0,0,0,0,0,0,0,0,0,0
2022-04-24,9976,-16979.23428924,0,0,0,0,0,0,0,0,0,0,0,0,0,0,0,0,0,0
2022-04-25,9977,-82811.689081008,0,0,0,0,0,0,0,0,0,0,0,0,0,0,0,0,0,0
2022-04-26,9978,0,0,0,0,0,0,0,0,0,0,0,0,0,0,0,0,0,0,0
2022-04-27,9979,-100718.175502182,0,0,0,0,0,0,0,0,0,0,0,0,0,0,0,0,0,0
2022-04-28,9980,-131762.772605376,0,0,0,0,0,0,0,0,0,0,0,0,0,0,0,0,0,0
2022-04-29,9981,0,0,0,0,0,0,0,0,0,0,0,0,0,0,0,0,0,0,0
2022-04-30,9982,0,0,0,0,0,0,0,0,0,0,0,0,0,0,0,0,0,0,0
2022-05-01,9983,0,0,0,0,0,0,0,0,0,0,0,0,0,0,0,0,0,0,0
2022-05-02,9984,0,0,0,0,0,0,0,0,0,0,0,0,0,0,0,0,0,0,0
2022-05-03,9985,0,0,0,0,0,0,0,0,0,0,0,0,0,0,0,0,0,0,0
2022-05-04,9986,0,0,0,0,0,0,0,0,0,0,0,0,0,0,0,0,0,0,0
2022-05-05,9987,0,0,0,0,0,0,0,0,0,0,0,0,0,0,0,0,0,0,0
2022-05-06,9988,0,0,0,0,0,0,0,0,0,0,0,0,0,0,0,0,0,0,0
2022-05-07,9989,0,0,0,0,0,0,0,0,0,0,0,0,0,0,0,0,0,0,0
2022-05-08,9990,0,0,0,0,0,0,0,0,0,0,0,0,0,0,0,0,0,0,0
2022-05-09,9991,0,0,0,0,0,0,0,0,0,0,0,0,0,0,0,0,0,0,0
2022-05-10,9992,0,0,0,0,0,0,0,0,0,0,0,0,0,0,0,0,0,0,0
2022-05-11,9993,0,0,0,0,0,0,0,0,0,0,0,0,0,0,0,0,0,0,0
2022-05-12,9994,0,0,0,0,0,0,0,0,0,0,0,0,0,0,0,0,0,0,0
2022-05-13,9995,0,0,0,0,0,0,0,0,0,0,0,0,0,0,0,0,0,0,0
2022-05-14,9996,0,0,0,0,0,0,0,0,0,0,0,0,0,0,0,0,0,0,0
2022-05-15,9997,0,0,0,0,0,0,0,0,0,0,0,0,0,0,0,0,0,0,0
2022-05-16,9998,0,0,0,0,0,0,917.46582975,0,0,0,0,0,0,0,0,0,0,0,0
2022-05-17,9999,0,0,0,0,0,0,0,0,0,0,0,0,0,0,0,0,0,0,0
2022-05-18,10000,0,0,0,0,0,0,0,0,0,0,0,0,0,0,0,0,0,0,0
2022-05-19,10001,0,0,0,0,0,0,27230.38582698,0,0,0,0,0,200.619194772,0,0,0,0,0,0
2022-05-20,10002,0,0,0,0,0,0,0,0,0,0,0,0,0,0,0,0,0,0,0
2022-05-21,10003,0,0,0,0,0,0,377773.283482314,0,0,0,0,0,0,0,0,0,0,0,0
2022-05-22,10004,0,0,0,0,0,0,1074714.57981806,0,0,0,0,0,0,0,0,0,0,0,0
2022-05-23,10005,0,0,0,0,0,0,1290664.01696129,0,0,0,0,0,0,0,0,0,0,0,0
2022-05-24,10006,0,0,0,0,0,0,901352.683204044,0,0,0,0,0,998.202822768,0,0,0,0,0,0
2022-05-25,10007,0,0,0,0,0,0,796497.348453576,0,0,0,0,0,44.038359828,0,0,0,0,0,0
2022-05-26,10008,0,0,0,0,0,0,314529.305618214,0,0,0,0,0,0,0,0,0,0,0,0
2022-05-27,10009,0,0,0,0,0,0,101890.085188716,0,0,0,0,0,0,0,0,0,0,0,0
2022-05-28,10010,0,0,0,0,0,0,24108.555430284,0,0,0,0,0,0,0,0,0,0,0,0
2022-05-29,10011,0,0,0,0,0,0,58602.824053338,0,0,0,0,0,0,0,0,0,0,0,0
2022-05-30,10012,0,0,0,0,0,0,204232.786853442,0,0,0,0,0,0,0,0,0,0,0,0
2022-05-31,10013,0,0,0,0,0,0,737571.576428166,0,0,0,0,0,0,0,0,0,0,0,0
2022-06-01,10014,0,0,0,0,0,0,1384884.0878133,0,0,0,0,0,0,0,0,0,-606750.735408,-618983.613138,-660575.39742
2022-06-02,10015,0,0,0,0,0,0,1047471.96111335,0,0,0,0,0,0,0,0,0,-822049.383456,-814709.656818,-870980.894376
2022-06-03,10016,0,0,0,0,0,0,2213367.96495528,0,0,0,0,0,0,0,0,0,-819602.80791,-807369.93018,-856301.4411
2022-06-04,10017,0,0,0,0,0,0,4771822.96409831,0,0,0,0,0,0,0,0,0,-895446.649836,-900339.800928,-941931.58521
2022-06-05,10018,0,0,0,0,0,0,4426476.59290268,0,0,0,0,0,39737.280018132,0,0,0,-934591.858572,-941931.58521,-978630.2184
2022-06-06,10019,0,0,0,0,0,0,3592744.81121453,0,0,0,0,1055792.76454529,384300.747039042,0,0,0,-946824.736302,-944378.160756,-981076.793946
2022-06-07,10020,0,0,0,0,0,0,3428415.67151635,0,0,0,0,2168311.82970014,466537.49086674,0,0,0,-1497304.234152,-1489964.507514,-1526663.140704
2022-06-08,10021,0,0,0,0,0,0,3217383.85122058,0,0,0,0,1836932.95829663,457959.797002464,0,0,0,-1766427.544212,-1766427.544212,-1815359.055132
2022-06-09,10022,0,0,0,0,0,0,3358287.03006581,0,0,0,0,1414769.00810769,445107.935659326,0,0,0,-1771320.695304,-1773767.27085,-1817805.630678
2022-06-10,10023,0,0,0,0,0,0,4530233.415233,0,0,0,0,1471886.76080461,426083.36421363,0,0,0,-1749301.51539,-1754194.666482,-1793339.875218
2022-06-11,10024,0,0,0,0,0,0,3018107.82642333,0,0,0,0,1853528.08022515,706580.803986984,0,0,0,-1754194.666482,-1759087.817574,-1798233.02631
2022-06-12,10025,0,0,0,0,0,0,2161219.20719229,0,0,0,0,3000088.79752704,172153.28829429,0,0,0,-1746854.939844,-1746854.939844,-1788446.724126
2022-06-13,10026,0,0,0,0,0,0,2084734.36247324,0,0,0,0,2120613.39285533,587760.416019948,0,0,0,-1744408.364298,-1744408.364298,-1783553.573034
2022-06-14,10027,0,0,0,0,0,0,2507226.15378534,0,0,0,0,2489532.51943667,480230.974197702,0,0,0,-1739515.213206,-1741961.788752,-1778660.421942
2022-06-15,10028,0,0,0,0,0,0,2219119.86406393,0,0,0,0,2251125.9653567,153001.494920202,0,0,0,-1727282.335476,-1727282.335476,-1763980.968666
2022-06-16,10029,0,0,0,0,0,0,871793.157457272,0,0,0,0,1501835.29206319,18542.596063134,0,0,0,-1707709.731108,-1712602.8822,-1756641.242028
2022-06-17,10030,0,0,0,0,0,0,276954.798382746,0,0,0,0,1009305.38259575,216350.67553278,0,0,0,-1683243.975648,-1700370.00447,-1749301.51539
2022-06-18,10031,0,0,0,0,0,0,325771.320252084,0,0,0,0,1071037.37677242,0,0,0,0,-1653885.069096,-1671011.097918,-1727282.335476
2022-06-19,10032,0,0,0,0,0,0,428324.427413766,0,0,0,0,1696071.37123568,0,0,0,0,-1646545.342458,-1658778.220188,-1712602.8822
2022-06-20,10033,0,0,0,0,0,0,709230.445303302,0,0,0,0,1047141.67341464,0,0,0,0,-1636759.040274,-1653885.069096,-1702816.580016
2022-06-21,10034,0,0,0,0,0,0,1141616.18812343,0,0,0,0,1607290.03782243,334742.912779266,0,0,0,-1626972.73809,-1651438.49355,-1710156.306654
2022-06-22,10035,0,0,0,0,0,0,1626534.80106727,0,0,0,0,1459267.32413834,325636.758597054,0,0,0,-959057.614032,-995756.247222,-1042241.182596
2022-06-23,10036,0,0,0,0,0,0,828359.101789134,0,0,0,0,499456.16483817,543408.89452206,0,0,0,-499101.411384,-486868.533654,-491761.684746
2022-06-24,10037,0,0,0,0,0,0,679484.979815034,0,0,0,0,657671.312246898,947759.328160572,0,0,0,-506441.138022,-494208.260292,-501547.98693
2022-06-25,10038,0,0,0,0,0,0,743051.905651206,0,0,0,0,1661413.18205104,625344.7095576,0,0,0,-511334.289114,-499101.411384,-506441.138022
2022-06-26,10039,0,0,0,0,0,0,791447.616526632,0,0,0,0,822049.383456,522794.048971464,0,0,0,-513780.86466,-501547.98693,-508887.713568
2022-06-27,10040,0,0,0,0,0,0,490504.144915356,0,0,0,0,477576.439730292,336108.101933934,0,0,0,-511334.289114,-501547.98693,-508887.713568
2022-06-28,10041,0,0,0,0,0,0,344233.1793222,0,0,0,0,466358.890851882,206449.384298118,0,0,0,-508887.713568,-496654.835838,-508887.713568
2022-06-29,10042,0,0,0,0,0,0,238399.214353332,0,0,0,0,37794.699034608,464734.364689338,0,0,0,-166367.137128,-171260.28822,-183493.16595
2022-06-30,10043,0,0,0,0,0,0,268267.0086189,0,0,0,0,197228.241065244,124971.07888968,0,0,0,0,0,0
2022-07-01,10044,0,0,0,0,0,0,426631.397135934,0,0,0,0,282978.267376998,0,0,0,0,0,0,0
2022-07-02,10045,0,0,0,0,0,0,712687.4565498,0,0,0,0,0,168657.131839056,0,0,0,0,0,0
2022-07-03,10046,0,0,0,0,0,0,1325109.35407343,0,0,0,0,0,151019.768727942,0,0,0,0,0,0
2022-07-04,10047,0,0,0,0,0,0,1537888.02930905,0,0,0,0,0,87293.81548128,0,0,0,0,0,0
2022-07-05,10048,0,0,0,0,0,0,1233964.62868274,0,0,0,0,0,103526.84422899,0,0,0,0,0,0
2022-07-06,10049,0,0,0,0,0,0,652244.80768587,0,0,0,0,0,0,0,0,0,0,0,0
2022-07-07,10050,0,0,0,0,0,0,588763.511993808,0,0,0,0,0,0,0,0,0,0,0,0
2022-07-08,10051,0,0,0,0,0,0,536600.074777542,0,0,0,0,0,48816.521869338,0,0,0,0,0,0
2022-07-09,10052,0,0,0,0,0,0,571928.625661782,0,0,0,0,0,99431.276764986,0,0,0,0,0,0
2022-07-10,10053,0,0,0,0,0,0,584787.826731558,0,0,0,0,0,0,0,0,0,0,0,0
2022-07-11,10054,0,0,0,0,0,0,238895.86918917,0,0,0,0,0,0,0,0,0,0,0,0
2022-07-12,10055,0,0,0,0,0,0,156010.782841782,0,0,0,0,0,68499.222136908,0,0,0,0,0,0
2022-07-13,10056,0,0,0,0,0,0,0,0,0,0,0,0,60437.755712838,0,0,0,0,0,0
2022-07-14,10057,0,0,0,0,0,0,0,0,0,0,0,0,0,0,0,0,0,0,0
2022-07-15,10058,0,0,0,0,0,0,0,0,0,0,0,0,173721.543219276,0,0,0,0,0,0
2022-07-16,10059,0,0,0,0,0,0,4961.655207288,0,0,0,0,72744.030709218,492657.131395836,0,0,0,0,0,0
2022-07-17,10060,0,0,0,0,0,0,127075.13385924,0,0,0,0,1476087.53101709,588396.525661908,0,0,0,0,0,0
2022-07-18,10061,0,0,0,0,0,0,71569.674447138,0,0,0,0,1043640.62380831,385949.738957046,0,0,0,0,0,0
2022-07-19,10062,0,0,0,0,0,0,46550.992913742,0,0,0,0,1517603.47145716,498015.131841576,0,0,0,0,0,0
2022-07-20,10063,0,0,0,0,0,0,184503.601650498,0,0,0,0,1161198.57879361,347345.223416712,0,0,0,0,0,0
2022-07-21,10064,0,0,0,0,0,0,488691.23243577,0,0,0,0,1309213.95275107,319207.158062166,0,0,0,-234871.252416,0,0
2022-07-22,10065,0,0,0,0,0,0,407543.214726042,0,0,0,0,767735.4063348,395523.189068544,0,0,0,-342520.57644,0,0
2022-07-23,10066,0,0,0,0,0,0,472935.28591953,0,0,0,0,1087351.14251315,389098.481684748,0,0,0,-337627.425348,0,0
2022-07-24,10067,0,0,0,0,0,0,518928.459608784,0,0,0,0,711077.609840532,342982.979218194,0,0,0,-340074.000894,0,0
2022-07-25,10068,0,0,0,0,0,0,406248.976262208,0,0,0,0,542523.234174408,329238.117800766,0,0,0,-342520.57644,0,0
2022-07-26,10069,0,0,0,0,0,0,326539.544973528,0,0,0,0,483012.730593504,386157.697878456,0,0,0,-337627.425348,0,0
2022-07-27,10070,0,0,0,0,0,0,232094.38917129,0,0,0,0,421077.670646514,403567.529463792,0,0,0,-337627.425348,0,0
2022-07-28,10071,0,0,0,0,0,0,333184.444156464,0,0,0,0,0,643728.278210244,0,0,0,-337627.425348,0,0
2022-07-29,10072,0,0,0,0,0,0,374225.748940614,0,0,0,0,0,510470.647946262,0,0,0,-337627.425348,0,0
2022-07-30,10073,0,0,0,0,0,0,271555.206152724,0,0,0,0,0,235005.81407103,0,0,0,-335180.849802,0,0
2022-07-31,10074,0,0,0,0,0,0,0,0,0,0,0,0,139078.033487916,0,0,0,-335180.849802,0,0
2022-08-01,10075,0,0,0,0,0,0,0,0,0,0,0,0,115174.990403496,0,0,0,-335180.849802,0,0
2022-08-02,10076,0,0,0,0,0,0,0,0,0,0,0,0,0,0,0,0,-217745.223594,0,0
2022-08-03,10077,0,0,0,0,0,0,40160.53758759,0,0,0,0,0,0,0,0,0,0,0,0
2022-08-04,10078,0,0,0,0,0,0,0,0,0,0,0,0,0,0,0,0,0,0,0
2022-08-05,10079,0,0,0,0,0,0,0,0,0,0,0,0,0,0,0,0,0,0,0
2022-08-06,10080,0,0,0,0,0,0,0,0,0,0,0,0,0,0,0,0,0,0,0
2022-08-07,10081,0,0,0,0,0,0,0,0,0,0,0,0,0,0,0,0,0,0,0
2022-08-08,10082,0,0,0,0,0,0,0,0,0,0,0,0,0,0,0,0,0,0,0
2022-08-09,10083,0,0,0,0,0,0,0,0,0,0,0,0,0,0,0,0,0,0,0
2022-08-10,10084,0,0,0,0,0,0,0,0,0,0,0,0,0,0,0,0,0,0,0
2022-08-11,10085,0,0,0,0,0,0,0,0,0,0,0,0,0,0,0,0,0,0,0
2022-08-12,10086,0,0,0,0,0,0,0,0,0,0,0,0,0,0,0,0,0,0,0
2022-08-13,10087,0,0,0,0,0,0,0,0,0,0,0,0,0,0,0,0,0,0,0
2022-08-14,10088,0,0,0,0,0,0,0,0,0,0,0,0,0,0,0,0,0,0,0
2022-08-15,10089,0,0,0,0,0,0,0,0,0,0,0,0,0,0,0,0,0,0,0
2022-08-16,10090,0,0,0,0,0,0,50409.242549784,0,0,0,0,0,0,0,0,0,0,0,0
2022-08-17,10091,0,0,0,0,0,0,0,0,0,0,0,0,0,0,0,0,0,0,0
2022-08-18,10092,0,0,0,0,0,0,0,0,0,0,0,49298.4972519,0,0,0,0,0,0,0
2022-08-19,10093,0,0,0,0,0,0,0,0,0,0,0,0,0,0,0,0,0,0,0
2022-08-20,10094,0,0,0,0,0,0,0,0,0,0,0,0,0,0,0,0,0,0,0
2022-08-21,10095,0,0,0,0,0,0,0,0,0,0,0,0,0,0,0,0,0,0,0
2022-08-22,10096,0,0,0,0,0,0,0,0,0,0,0,0,0,0,0,0,0,0,0
2022-08-23,10097,0,0,0,0,0,0,0,0,0,0,0,0,0,0,0,0,0,0,0
2022-08-24,10098,0,0,0,0,0,0,0,0,0,0,0,0,0,0,0,0,0,0,0
2022-08-25,10099,0,0,0,0,0,0,44637.77083677,0,0,0,0,0,0,0,0,0,0,0,0
2022-08-26,10100,0,0,0,0,0,0,0,0,0,0,0,0,0,0,0,0,0,0,0
2022-08-27,10101,0,0,0,0,0,0,0,0,0,0,0,0,0,0,0,0,0,0,0
2022-08-28,10102,0,0,0,0,0,0,0,0,0,0,0,0,0,0,0,0,0,0,0
2022-08-29,10103,0,0,0,0,0,0,0,0,0,0,0,0,0,0,0,0,0,0,0
2022-08-30,10104,0,0,0,0,0,0,1756.641242028,0,0,0,0,0,0,0,0,0,0,0,0
2022-08-31,10105,0,0,0,0,0,0,38832.047066112,0,0,0,0,0,0,0,0,0,0,0,0
2022-09-01,10106,0,0,0,0,0,0,0,0,0,0,0,0,0,0,0,0,0,0,0
2022-09-02,10107,0,0,0,0,0,0,0,0,0,0,0,0,0,0,0,0,0,0,0
2022-09-03,10108,0,0,0,0,0,0,0,0,0,0,0,0,0,0,0,0,0,0,0
2022-09-04,10109,0,0,0,0,0,0,0,0,0,0,0,0,0,0,0,0,0,0,0
2022-09-05,10110,0,0,0,0,0,0,0,0,0,0,0,0,0,0,0,0,0,0,0
2022-09-06,10111,0,0,0,0,0,0,0,0,0,0,0,0,0,0,0,0,0,0,0
2022-09-07,10112,0,0,0,0,0,0,0,0,0,0,0,0,0,0,0,0,0,0,0
2022-09-08,10113,0,0,0,0,0,0,47786.513564472,0,0,0,0,0,0,0,0,0,0,0,0
2022-09-09,10114,0,0,0,0,0,0,0,0,0,0,0,0,0,0,0,0,0,0,0
2022-09-10,10115,0,0,0,0,0,0,16710.11097918,0,0,0,0,0,0,0,0,0,0,0,0
2022-09-11,10116,0,0,0,0,0,0,0,0,0,0,0,0,0,0,0,0,0,0,0
2022-09-12,10117,0,0,0,0,0,0,0,0,0,0,0,0,0,0,0,0,0,0,0
2022-09-13,10118,0,0,0,0,0,0,0,0,0,0,0,104613.123771414,43377.78443058,0,0,0,0,0,0
2022-09-14,10119,0,0,0,0,0,0,0,0,0,0,0,0,59297.651508402,0,0,0,0,0,0
2022-09-15,10120,0,0,0,0,0,0,0,0,0,0,0,0,277302.212110278,0,0,0,0,0,0
2022-09-16,10121,0,0,0,0,0,0,0,0,0,0,0,0,858126.586457316,0,0,0,0,0,0
2022-09-17,10122,0,0,0,0,0,0,0,0,0,0,0,0,489853.35582012,0,0,0,0,0,0
2022-09-18,10123,0,0,0,0,0,0,0,0,0,0,0,0,419626.851347736,0,0,0,0,0,0
2022-09-19,10124,0,0,0,0,0,0,1098064.69682908,0,0,0,0,0,417990.092307462,0,0,0,0,0,0
2022-09-20,10125,0,0,0,0,0,0,866342.187140784,0,0,0,0,32150.449249986,534427.515692694,0,0,0,0,0,0
2022-09-21,10126,0,0,0,0,0,0,1423324.68279205,0,0,0,0,1208180.16900345,689498.813524812,0,0,0,0,0,0
2022-09-22,10127,0,0,0,0,0,0,1591962.24202674,0,0,0,0,1445681.4901314,523295.596958394,0,0,0,0,0,0
2022-09-23,10128,0,0,0,0,0,0,1435787.53862338,0,0,0,0,1569282.48671532,476223.483453354,0,0,0,0,0,0
2022-09-24,10129,0,0,0,0,0,0,837108.05594163,0,0,0,0,1477518.7777115,465179.64143871,0,0,0,0,0,0
2022-09-25,10130,0,0,0,0,0,0,2811504.30786581,0,0,0,0,2646514.59277021,352049.98819167,0,0,0,0,0,0
2022-09-26,10131,0,0,0,0,0,0,2965971.30153807,0,0,0,0,2695974.56400815,0,0,0,0,-2622728.985312,-2679000.22287,-3271071.505002
2022-09-27,10132,0,0,0,0,0,0,2863980.90675197,0,0,0,0,4132540.11365515,0,0,0,0,-4323098.989782,-3819104.427306,-4819753.82562
2022-09-28,10133,0,0,0,0,0,0,4620702.88577299,0,0,0,0,5666733.81388974,0,0,0,0,-4198323.636936,-3373827.677934,-4120033.219464
2022-09-29,10134,0,0,0,0,0,0,5309103.18687764,0,0,0,0,6060480.78911189,0,0,0,0,-3285750.958278,-464849.35374,-2316907.042062
2022-09-30,10135,0,0,0,0,0,0,4635685.71441669,0,0,0,0,6233416.9815809,0,0,0,0,-1061813.786964,-366986.3319,-384112.360722
2022-10-01,10136,0,0,0,0,0,0,2105153.48198015,0,0,0,0,5408852.51846361,0,0,0,0,0,0,0
2022-10-02,10137,0,0,0,0,0,0,595310.548154904,0,0,0,0,3912614.99124967,0,0,0,0,0,0,0
2022-10-03,10138,0,0,0,0,0,0,270346.597833,0,0,0,0,2894002.83527693,0,0,0,0,0,0,0
2022-10-04,10139,0,0,0,0,0,0,26574.703580652,0,0,0,0,2887411.76075601,0,0,0,0,0,0,0
2022-10-05,10140,0,0,0,0,0,0,42279.272010426,0,0,0,0,2866329.61927613,0,0,0,0,0,0,0
2022-10-06,10141,0,0,0,0,0,0,43835.294057682,0,0,0,0,2635681.15625252,0,0,0,0,0,0,0
2022-10-07,10142,0,0,0,0,0,0,42068.86651347,0,0,0,0,1115019.46536286,210674.62026606,0,0,0,0,0,0
2022-10-08,10143,0,0,0,0,0,0,41454.776051424,0,0,0,0,832655.28844791,416634.689454978,0,0,0,0,0,0
2022-10-09,10144,0,0,0,0,0,0,5996.556663246,0,0,0,0,595953.997523502,475893.195754644,0,0,0,0,0,0
2022-10-10,10145,0,0,0,0,0,0,125736.857035578,0,0,0,0,558252.268359642,296906.621960376,0,0,0,0,0,0
2022-10-11,10146,0,0,0,0,0,0,0,0,0,0,0,356346.174850446,119177.587996752,0,0,0,0,0,0
2022-10-12,10147,0,0,0,0,0,0,0,0,0,0,0,276252.631201044,36008.698886028,0,0,0,0,0,0
2022-10-13,10148,0,0,0,0,0,0,180324.85061793,0,0,0,0,311292.486170856,101065.589229714,0,0,0,0,0,0
2022-10-14,10149,0,0,0,0,0,0,33341.931540888,0,0,0,0,324621.429745464,345390.409555458,0,0,0,0,0,0
2022-10-15,10150,0,0,0,0,0,0,41829.102109962,0,0,0,0,1980260.69350795,179923.612228386,0,0,0,0,0,0
2022-10-16,10151,0,0,0,0,0,0,53430.763349094,0,0,0,0,2098104.89783213,0,0,0,0,0,0,0
2022-10-17,10152,0,0,0,0,0,0,40353.817055724,0,0,0,0,2716971.07534392,0,0,0,0,0,0,0
2022-10-18,10153,0,0,0,0,0,0,50022.683613516,0,0,0,0,2738752.93742996,0,0,0,0,0,0,0
2022-10-19,10154,0,0,0,0,0,0,622734.213450018,0,0,0,0,1769128.56361478,0,0,0,0,0,0,0
2022-10-20,10155,0,0,0,0,0,0,549481.295027232,0,0,0,0,1110781.99651719,185582.541466284,0,0,0,0,0,0
2022-10-21,10156,0,0,0,0,0,0,818518.974943122,0,0,0,0,689278.621725672,512405.889203148,0,0,0,0,0,0
2022-10-22,10157,0,0,0,0,0,0,682435.54992351,0,0,0,0,722512.903942536,410249.127279918,0,0,0,0,0,0
2022-10-23,10158,0,0,0,0,0,0,555159.796869498,0,0,0,0,0,793629.961913664,0,0,0,0,0,0
2022-10-24,10159,0,0,0,0,0,0,313210.60139892,0,0,0,0,0,551154.752700696,0,0,0,0,0,0
2022-10-25,10160,0,0,0,0,0,0,87876.100461228,0,0,0,0,0,263072.928734742,0,0,0,0,0,0
2022-10-26,10161,0,0,0,0,0,0,40209.46909851,0,0,0,0,0,0,0,0,0,0,0,0
2022-10-27,10162,0,0,0,0,0,0,19557.924914724,0,0,0,0,0,0,0,0,0,0,0,0
2022-10-28,10163,0,0,0,0,0,0,23293.845773466,0,0,0,0,0,0,0,0,0,0,0,0
2022-10-29,10164,0,0,0,0,0,0,43301.940588654,0,0,0,0,0,0,0,0,0,0,0,0
2022-10-30,10165,0,0,0,0,0,0,42063.973362378,0,0,0,0,0,0,0,0,0,0,0,0
2022-10-31,10166,0,0,0,0,0,0,50548.697355906,0,0,0,0,0,0,0,0,0,0,0,0
2022-11-01,10167,0,0,0,0,0,0,39818.01701115,0,0,0,0,0,0,0,0,0,0,0,0
2022-11-02,10168,0,0,0,0,0,0,39751.959471408,0,0,0,0,0,0,0,0,0,0,0,0
2022-11-03,10169,0,0,0,0,0,0,0,0,0,0,0,0,0,0,0,0,0,0,0
2022-11-04,10170,0,0,0,0,0,0,48302.741004678,0,0,0,0,0,0,0,0,0,0,0,0
2022-11-05,10171,0,0,0,0,0,0,42367.348730082,0,0,0,0,0,0,0,0,0,0,0,0
2022-11-06,10172,0,0,0,0,0,0,41082.896568432,0,0,0,0,0,0,0,0,0,0,0,0
2022-11-07,10173,0,0,0,0,0,0,35957.320799562,0,0,0,0,0,0,0,0,0,0,0,0
2022-11-08,10174,0,0,0,0,0,0,7493.860897398,0,0,0,0,0,0,0,0,0,0,0,0
2022-11-09,10175,0,0,0,0,0,0,845578.100481882,0,0,0,0,407949.346266678,0,0,0,0,0,0,0
2022-11-10,10176,0,0,0,0,0,0,1314107.10384307,0,0,0,0,2752380.36322118,0,0,0,0,0,0,0
2022-11-11,10177,0,0,0,0,0,0,559123.249254018,0,0,0,0,2533698.10119306,0,0,0,0,0,0,0
2022-11-12,10178,0,0,0,0,0,0,293828.829923508,0,0,0,0,3126334.54227619,0,0,0,0,0,0,0
2022-11-13,10179,0,0,0,0,0,0,156964.947304722,0,0,0,0,3602261.99008847,0,0,0,0,0,0,0
2022-11-14,10180,0,0,0,0,0,0,77546.658506016,0,0,0,0,3272397.54894793,0,0,0,0,0,0,0
2022-11-15,10181,0,0,0,0,0,0,44190.047511852,0,0,0,0,2049376.45268245,162738.865593282,0,0,0,0,0,0
2022-11-16,10182,0,0,0,0,0,0,408583.009333092,0,0,0,0,1555584.11023327,528932.507016378,0,0,0,0,0,0
2022-11-17,10183,0,0,0,0,0,0,241621.354347414,0,0,0,0,916646.22694209,416556.399037506,0,0,0,0,0,0
2022-11-18,10184,0,0,0,0,0,0,63146.11484226,0,0,0,0,448870.768849074,378091.338303294,0,0,0,0,0,0
2022-11-19,10185,0,0,0,0,0,0,0,0,0,0,0,0,756415.101283458,0,0,0,0,0,0
2022-11-20,10186,0,0,0,0,0,0,47297.198455272,0,0,0,0,0,599824.480037274,0,0,0,0,0,0
2022-11-21,10187,0,0,0,0,0,0,64932.11499084,0,0,0,0,0,534471.554052522,0,0,0,0,0,0
2022-11-22,10188,0,0,0,0,0,0,591731.208131106,0,0,0,0,120638.193597714,586013.561080104,0,0,0,0,-472189.080378,0
2022-11-23,10189,0,0,0,0,0,0,413953.242656562,0,0,0,0,148076.538346104,758291.62472724,0,0,0,0,-704613.757248,0
2022-11-24,10190,0,0,0,0,0,0,554802.596839782,0,0,0,0,0,810746.20443348,0,0,0,0,-699720.606156,0
2022-11-25,10191,0,0,0,0,0,0,8558.121259908,0,0,0,0,0,811267.325024778,0,0,0,0,-699720.606156,0
2022-11-26,10192,0,0,0,0,0,0,535031.819852556,0,0,0,0,0,808938.185104986,0,0,0,0,-697274.03061,0
2022-11-27,10193,0,0,0,0,0,0,6823.499197794,0,0,0,0,0,804619.979266296,0,0,0,0,-694827.455064,0
2022-11-28,10194,0,0,0,0,0,0,47634.82588062,0,0,0,0,0,777920.500332798,0,0,0,0,-697274.03061,0
2022-11-29,10195,0,0,0,0,0,0,41158.740410358,0,0,0,0,0,156588.174670638,0,0,0,0,-256890.43233,0
2022-11-30,10196,0,0,0,0,0,0,0,0,0,0,0,0,62774.235359268,0,0,0,0,0,0
2022-12-01,10197,0,0,0,0,0,0,43835.294057682,0,0,0,0,0,129235.460066358,0,0,0,0,0,0
2022-12-02,10198,0,0,0,0,0,0,40596.028034778,0,0,0,0,0,7995.408884328,0,0,0,0,0,0
2022-12-03,10199,0,0,0,0,0,0,0,0,0,0,0,0,0,0,0,0,0,0,0
2022-12-04,10200,0,0,0,0,0,0,42504.356960658,0,0,0,0,0,0,0,0,0,0,0,0
2022-12-05,10201,0,0,0,0,0,0,44522.781786108,0,0,0,0,0,0,0,0,0,0,0,0
2022-12-06,10202,0,0,0,0,0,0,38024.677135932,0,0,0,0,0,0,0,0,0,0,0,0
2022-12-07,10203,0,0,0,0,0,0,0,0,0,0,0,0,0,0,0,0,0,0,0
2022-12-08,10204,0,0,0,0,0,0,53550.645550848,0,0,0,0,0,0,0,0,0,0,0,0
2022-12-09,10205,0,0,0,0,0,0,0,0,0,0,0,0,0,0,0,0,0,0,0
2022-12-10,10206,0,0,0,0,0,0,42460.31860083,0,0,0,0,0,0,0,0,0,0,0,0
2022-12-11,10207,0,0,0,0,0,0,44305.036562514,0,0,0,0,0,0,0,0,0,0,0,0
2022-12-12,10208,-18271.026177528,0,0,0,0,0,0,0,0,0,0,0,0,0,0,0,0,0,0
2022-12-13,10209,-13615.19291349,0,0,0,0,0,0,0,0,0,0,0,148020.267108546,0,0,0,0,0,0
2022-12-14,10210,0,0,0,0,0,0,0,0,0,0,0,0,24211.311603216,0,0,0,0,0,0
2022-12-15,10211,0,0,0,0,0,0,273319.18712139,0,0,0,0,0,391280.82707178,0,0,0,0,0,0
2022-12-16,10212,0,0,0,0,0,0,264915.20012088,0,0,0,0,0,815032.604790072,0,0,0,0,0,0
2022-12-17,10213,0,0,0,0,0,0,496402.838556762,0,0,0,0,0,819226.035275916,0,0,0,0,0,0
2022-12-18,10214,0,0,0,0,0,0,1200899.16017855,0,0,0,0,0,788169.205294992,0,0,0,0,0,0
2022-12-19,10215,0,0,0,0,0,0,234443.10169545,0,0,0,0,0,355609.7556111,0,0,0,0,0,0
2022-12-20,10216,0,0,0,0,0,0,409913.946430116,0,0,0,0,0,399662.794892376,0,0,0,0,0,0
2022-12-21,10217,0,0,0,0,0,0,460846.756146744,0,0,0,0,0,393556.14232956,0,0,0,0,-364539.756354,0
2022-12-22,10218,0,0,0,0,0,0,0,0,0,0,0,0,715770.14173776,0,0,0,0,-704613.757248,0
2022-12-23,10219,0,0,0,0,0,0,327334.682025978,0,0,0,0,0,789622.471169316,0,0,0,0,-702167.181702,0
2022-12-24,10220,0,0,0,0,0,0,85463.776972872,0,0,0,0,0,401808.441646218,0,0,0,0,-707060.332794,0
2022-12-25,10221,0,0,0,0,0,0,0,0,0,0,0,0,105227.21423346,0,0,0,0,-711953.483886,0
2022-12-26,10222,0,0,0,0,0,0,0,0,0,0,0,0,0,0,0,0,0,-709506.90834,0
2022-12-27,10223,0,0,0,0,0,0,0,0,0,0,0,0,0,0,0,0,0,-709506.90834,0
2022-12-28,10224,0,0,0,0,0,0,0,0,0,0,0,0,0,0,0,0,0,-707060.332794,0
2022-12-29,10225,0,0,0,0,0,0,0,0,0,0,0,0,0,0,0,0,0,-707060.332794,0
2022-12-30,10226,0,0,0,0,0,0,307620.17627631,0,0,0,0,0,0,0,0,0,0,-709506.90834,0
2022-12-31,10227,0,0,0,0,0,0,398960.627710674,0,0,0,0,0,0,0,0,0,0,-709506.90834,0
2023-01-01,10228,0,0,0,0,0,0,0,0,0,0,0,0,0,0,0,0,0,-711953.483886,0
2023-01-02,10229,0,0,0,0,0,0,0,0,0,0,0,0,0,0,0,0,0,-711953.483886,0
2023-01-03,10230,0,0,0,0,0,0,0,0,0,0,0,0,0,0,0,0,0,-709506.90834,0
2023-01-04,10231,0,0,0,0,0,0,72651.06083847,0,0,0,0,0,0,0,0,0,0,-707060.332794,0
2023-01-05,10232,0,0,0,0,0,0,0,0,0,0,0,0,0,0,0,0,0,-707060.332794,0
2023-01-06,10233,0,0,0,0,0,0,0,0,0,0,0,0,0,0,0,0,0,-709506.90834,0
2023-01-07,10234,0,0,0,0,0,0,0,0,0,0,0,0,0,0,0,0,0,-707060.332794,0
2023-01-08,10235,0,0,0,0,0,0,0,0,0,0,0,0,0,0,0,0,0,-704613.757248,0
2023-01-09,10236,0,0,0,0,0,0,0,0,0,0,0,0,0,0,0,0,0,-704613.757248,0
2023-01-10,10237,0,0,0,0,0,0,0,0,0,0,0,10192.433724636,0,0,0,0,0,-704613.757248,0
2023-01-11,10238,0,0,0,0,0,0,0,0,0,0,0,0,0,0,0,0,0,-702167.181702,0
2023-01-12,10239,0,0,0,0,0,0,78662.296954992,0,0,0,0,45655.546263906,0,0,0,0,0,-699720.606156,0
2023-01-13,10240,0,0,0,0,0,0,0,0,0,0,0,0,0,0,0,0,0,-699720.606156,0
2023-01-14,10241,0,0,0,0,0,0,0,0,0,0,0,0,0,0,0,0,0,-704613.757248,0
2023-01-15,10242,0,0,0,0,0,0,0,0,0,0,0,0,0,0,0,0,0,-709506.90834,0
2023-01-16,10243,0,0,0,0,0,0,238152.110223186,0,0,0,0,0,0,0,0,0,0,-709506.90834,0
2023-01-17,10244,-53.824662012,0,0,0,0,0,75697.04739324,0,0,0,0,0,0,0,0,0,0,-709506.90834,0
2023-01-18,10245,0,0,0,0,0,0,0,0,0,0,0,0,0,0,0,0,0,-707060.332794,0
2023-01-19,10246,0,0,0,0,0,0,0,0,0,0,0,0,0,0,0,0,0,-707060.332794,0
2023-01-20,10247,0,0,0,0,0,0,0,0,0,0,0,0,0,0,0,0,0,-709506.90834,0
2023-01-21,10248,0,0,0,0,0,0,0,0,0,0,0,0,0,0,0,0,0,-711953.483886,0
2023-01-22,10249,0,0,0,0,0,0,0,0,0,0,0,0,0,0,0,0,0,-709506.90834,0
2023-01-23,10250,0,0,0,0,0,0,0,0,0,0,0,0,0,0,0,0,0,-711953.483886,0
2023-01-24,10251,0,0,0,0,0,0,0,0,0,0,0,0,0,0,-565.158951126,0,0,-711953.483886,0
2023-01-25,10252,0,0,0,0,0,0,0,0,0,0,0,0,0,0,0,0,0,-709506.90834,0
2023-01-26,10253,-26300.6871195,0,0,0,0,0,0,0,0,0,0,0,0,0,0,0,0,-711953.483886,0
2023-01-27,10254,0,0,0,0,0,0,0,0,0,0,0,0,0,0,0,0,0,-714400.059432,0
2023-01-28,10255,0,0,0,0,0,0,0,0,0,0,0,0,0,0,0,0,0,-711953.483886,0
2023-01-29,10256,0,0,0,0,0,0,60173.52555387,0,0,0,0,0,0,0,0,0,0,-709506.90834,0
2023-01-30,10257,0,0,0,0,0,0,0,0,0,0,0,0,0,0,0,0,0,-707060.332794,0
2023-01-31,10258,0,0,0,0,0,0,0,0,0,0,0,0,0,0,0,0,0,-707060.332794,0
2023-02-01,10259,0,0,0,0,0,0,0,0,0,0,0,0,0,0,0,0,0,-707060.332794,0
2023-02-02,10260,0,0,0,0,0,0,0,0,0,0,0,0,0,0,0,0,0,-704613.757248,0
2023-02-03,10261,0,0,0,0,0,0,0,0,0,0,0,0,0,0,0,0,0,-704613.757248,0
2023-02-04,10262,0,0,0,0,0,0,0,0,0,0,0,0,0,0,0,0,0,-707060.332794,0
2023-02-05,10263,0,0,0,0,0,0,0,0,0,0,0,0,0,0,0,0,0,-704613.757248,0
2023-02-06,10264,0,0,0,0,0,0,0,0,0,0,0,0,0,0,0,0,0,-707060.332794,0
2023-02-07,10265,0,0,0,0,0,0,0,0,0,0,0,0,0,0,0,0,0,-709506.90834,0
2023-02-08,10266,0,0,0,0,0,0,0,0,0,0,0,0,0,0,0,0,0,-707060.332794,0
2023-02-09,10267,0,0,0,0,0,0,0,0,0,0,0,0,371.879482992,0,0,0,0,-1135211.053344,0
2023-02-10,10268,0,0,0,0,0,0,0,0,0,0,0,0,0,0,0,0,0,-1296685.03938,0
2023-02-11,10269,0,0,0,0,0,0,0,0,0,0,0,0,685598.972104488,0,0,0,0,-1286898.737196,0
2023-02-12,10270,0,0,0,0,0,0,133228.27135743,0,0,0,0,0,712746.174362904,0,0,0,0,-1284452.16165,0
2023-02-13,10271,0,0,0,0,0,0,210263.595574332,0,0,0,0,0,382137.974256378,0,0,0,0,-1286898.737196,0
2023-02-14,10272,0,0,0,0,0,0,0,0,0,0,0,0,687.487728426,0,0,0,0,-1279559.010558,0
2023-02-15,10273,0,0,0,0,0,0,0,0,0,0,0,0,0,0,0,0,0,-1269772.708374,0
2023-02-16,10274,0,0,0,0,0,0,0,0,0,0,0,0,0,0,0,0,0,-1822698.78177,0
2023-02-17,10275,0,0,0,0,0,0,0,0,0,0,0,0,0,0,0,0,0,-2206811.142492,0
2023-02-18,10276,0,0,0,0,0,0,0,0,0,0,0,0,0,0,0,0,0,-2192131.689216,0
2023-02-19,10277,0,0,0,0,0,0,0,0,0,0,0,0,0,0,0,0,0,-2167665.933756,0
2023-02-20,10278,0,0,0,0,0,0,0,0,0,0,0,0,0,0,0,0,0,-2145646.753842,0
2023-02-21,10279,0,0,0,0,0,0,0,0,0,0,0,0,0,0,0,0,0,-2126074.149474,0
2023-02-22,10280,0,0,0,0,0,0,0,0,0,0,0,0,0,0,0,0,0,-2099161.818468,0
2023-02-23,10281,0,0,0,0,0,0,0,0,0,0,0,0,0,0,0,0,0,-2082035.789646,0
2023-02-24,10282,0,0,0,0,0,0,0,0,0,0,0,0,0,0,0,0,0,-2064909.760824,0
2023-02-25,10283,0,0,0,0,0,0,0,0,0,0,0,0,0,0,0,0,0,-2052676.883094,0
2023-02-26,10284,0,0,0,0,0,0,0,0,0,0,0,0,0,0,0,0,0,-2030657.70318,0
2023-02-27,10285,0,0,0,0,0,0,0,0,0,0,0,0,0,0,0,0,0,-2003745.372174,0
2023-02-28,10286,0,0,0,0,0,0,0,0,0,0,0,0,0,0,0,0,0,-714400.059432,0
2023-03-01,10287,0,0,0,0,0,0,0,0,0,0,0,0,0,0,0,0,0,0,0
2023-03-02,10288,0,0,0,0,0,0,0,0,0,0,0,0,0,0,0,0,0,0,0
2023-03-03,10289,0,0,0,0,0,0,0,0,0,0,0,0,0,0,0,0,0,0,0
2023-03-04,10290,0,0,0,0,0,0,0,0,0,0,0,0,0,0,0,0,0,0,0
2023-03-05,10291,0,0,0,0,0,0,0,0,0,0,0,0,0,0,0,0,0,0,0
2023-03-06,10292,-181447.828793544,0,0,0,85752.4728873,0,0,0,0,0,0,0,0,0,0,0,0,0,0
2023-03-07,10293,-92722.766617854,0,0,0,91110.47333304,0,0,0,0,0,0,0,0,0,0,0,0,0,0
2023-03-08,10294,0,0,0,0,91110.47333304,0,0,0,0,0,0,0,0,0,0,0,0,0,0
2023-03-09,10295,-149686.385055372,0,0,0,0,0,0,0,0,0,0,0,0,0,0,0,0,0,0
2023-03-10,10296,-110086.113267816,0,0,0,0,0,0,0,0,0,0,0,0,0,0,0,0,0,0
2023-03-11,10297,-26555.130976284,0,0,0,0,0,0,0,0,0,0,0,0,0,0,0,0,0,0
2023-03-12,10298,0,0,0,0,0,0,0,0,0,0,0,0,0,0,0,0,0,0,0
2023-03-13,10299,-160514.928421968,0,0,0,85752.4728873,0,0,0,0,0,0,0,0,0,0,0,0,0,0
2023-03-14,10300,-187084.738851528,0,0,0,85752.4728873,0,0,0,0,0,0,0,0,0,0,0,0,0,0
2023-03-15,10301,-112310.05043913,0,0,0,85752.4728873,0,0,0,0,0,0,0,0,0,0,0,0,0,0
2023-03-16,10302,-77818.228391622,0,0,0,75036.47199582,0,36361.005764652,0,0,0,0,0,0,0,0,0,0,0,0
2023-03-17,10303,-121151.974462374,0,0,0,0,0,0,0,0,0,0,0,0,0,0,0,0,0,0
2023-03-18,10304,0,0,0,0,0,0,0,0,0,0,0,0,0,0,0,0,0,0,0
2023-03-19,10305,0,0,0,0,0,0,0,0,0,0,0,0,0,0,0,0,0,0,0
2023-03-20,10306,-111524.699688864,0,0,0,0,0,0,0,0,0,0,0,0,0,0,0,0,0,0
2023-03-21,10307,-174267.129566034,0,0,0,0,0,0,0,0,0,0,0,0,0,0,0,0,0,0
2023-03-22,10308,-115923.642520572,0,0,0,0,0,0,0,0,0,0,0,0,0,0,0,0,0,0
2023-03-23,10309,-94868.413371696,0,0,0,0,0,0,0,0,0,0,0,0,0,0,0,0,0,0
2023-03-24,10310,-116549.965860348,0,0,0,0,0,0,0,0,0,0,0,0,0,0,0,0,0,0
2023-03-25,10311,0,0,0,0,0,0,0,0,0,0,0,0,0,0,0,0,0,0,0
2023-03-26,10312,0,0,0,0,0,0,0,0,0,0,0,0,0,0,0,0,0,0,0
2023-03-27,10313,-142478.773496856,0,0,0,0,0,0,0,0,0,0,0,0,0,0,0,0,0,0
2023-03-28,10314,-176143.653009816,0,0,0,0,0,0,0,0,0,0,0,0,0,0,0,0,0,0
2023-03-29,10315,-80171.834066874,0,0,0,0,0,0,0,0,0,0,0,0,0,0,0,0,0,0
2023-03-30,10316,-116449.656262962,0,0,0,0,0,0,0,0,0,0,0,0,0,0,0,0,0,0
2023-03-31,10317,0,0,0,0,0,0,0,0,0,0,0,0,0,0,0,0,0,0,0
2023-04-01,10318,-92453.643307794,0,0,0,0,0,0,0,0,0,0,0,0,0,0,0,0,0,0
2023-04-02,10319,0,0,0,0,0,0,0,0,0,0,0,0,0,0,0,0,0,0,0
2023-04-03,10320,-81918.689006718,0,0,0,0,0,0,0,0,0,0,0,0,0,0,0,0,0,0
2023-04-04,10321,-92823.07621524,0,0,0,0,0,0,0,0,0,0,0,0,0,0,0,0,0,0
2023-04-05,10322,-157371.078845358,0,0,0,0,0,0,0,0,0,0,0,0,0,0,0,0,0,0
2023-04-06,10323,0,0,0,0,0,0,0,0,0,0,0,0,0,0,0,0,0,0,0
2023-04-07,10324,-121014.966231798,0,0,0,0,0,0,0,0,0,0,0,0,0,0,0,0,0,0
2023-04-08,10325,0,0,0,0,0,0,0,0,0,0,0,0,0,0,0,0,0,0,0
2023-04-09,10326,0,0,0,0,0,0,0,0,0,0,0,0,0,0,0,0,0,0,0
2023-04-10,10327,0,0,0,0,0,0,0,0,0,0,0,0,0,0,0,0,0,0,0
2023-04-11,10328,0,0,0,0,0,0,0,0,0,0,0,0,0,0,0,0,0,0,0
2023-04-12,10329,0,0,0,0,0,0,0,0,0,0,0,0,0,0,0,0,0,0,0
2023-04-13,10330,0,0,0,0,0,0,0,0,0,0,0,0,0,0,0,0,0,0,0
2023-04-14,10331,0,0,0,0,0,0,0,0,0,0,0,0,0,0,0,0,0,0,0
2023-04-15,10332,0,0,0,0,0,0,0,0,0,0,0,0,0,0,0,0,0,0,0
2023-04-16,10333,0,0,0,0,0,0,0,0,0,0,0,0,0,0,0,0,0,0,0
2023-04-17,10334,0,0,0,0,0,0,0,0,0,0,0,0,0,0,0,0,0,0,0
2023-04-18,10335,0,0,0,0,0,0,0,0,0,0,0,0,340208.56254903,0,0,0,0,0,0
2023-04-19,10336,0,0,0,0,0,0,0,0,0,0,0,0,768978.266712168,0,0,0,0,0,0
2023-04-20,10337,0,0,0,0,0,0,94476.961284336,0,0,0,0,243600.633964128,475100.50527774,0,0,0,0,0,-423257.569458
2023-04-21,10338,0,0,0,0,0,0,576095.14381662,0,0,0,0,375461.269591344,798390.99792618,0,0,0,0,0,-631216.490868
2023-04-22,10339,0,0,0,0,0,0,266407.61120394,0,0,0,0,226866.057229488,791682.487779048,0,0,0,0,0,-621430.188684
2023-04-23,10340,0,0,0,0,0,0,0,0,0,0,0,225544.906434648,782872.369237902,0,0,0,0,0,-618983.613138
2023-04-24,10341,0,0,0,0,0,0,53120.048254752,0,0,0,0,152896.292171724,769112.828367198,0,0,0,0,0,-616537.037592
2023-04-25,10342,0,0,0,0,0,0,0,0,0,0,0,139533.096539472,780883.303319004,0,0,0,0,0,-1088726.11797
2023-04-26,10343,0,0,0,0,0,0,0,0,0,0,0,35211.115258032,386595.63490119,0,0,0,0,0,-1658778.220188
2023-04-27,10344,0,0,0,0,0,0,187537.355327538,0,0,0,0,153774.612792738,740935.617803916,0,0,0,0,0,-1634312.464728
2023-04-28,10345,0,0,0,0,0,0,327772.619048712,0,0,0,0,1131878.81745035,577492.138453386,0,0,0,0,0,-1626972.73809
2023-04-29,10346,0,0,0,0,0,0,0,0,0,0,0,1258535.58689122,654451.618828362,0,0,0,0,0,-1614739.86036
2023-04-30,10347,0,0,0,0,0,0,0,0,0,0,0,1252891.3371066,418193.15807778,0,0,0,0,0,-1600060.407084
2023-05-01,10348,0,0,0,0,0,0,0,0,0,0,0,856807.882238022,390182.314651626,0,0,0,0,0,-1612293.284814
2023-05-02,10349,0,0,0,0,0,0,0,0,0,0,0,596790.726360234,610635.897375048,0,0,0,0,0,-1600060.407084
2023-05-03,10350,0,0,0,0,0,0,0,0,0,0,0,486210.404832126,584912.602084404,0,0,0,0,0,-1590274.1049
2023-05-04,10351,0,0,0,0,0,0,0,0,0,0,0,446744.6946996,278540.179336554,0,0,0,0,0,-1573148.076078
2023-05-05,10352,0,0,0,0,0,0,0,0,0,0,0,258057.448865442,0,0,0,0,0,0,-1546235.745072
2023-05-06,10353,0,0,0,0,0,0,174462.855609714,0,0,0,0,80218.319002248,0,0,0,0,0,0,-1521769.989612
2023-05-07,10354,0,0,0,0,0,0,177606.705186324,0,0,0,0,152499.946933272,0,0,0,0,0,0,-1499750.809698
2023-05-08,10355,0,0,0,0,0,0,0,0,0,0,0,0,118573.28383689,0,0,0,0,0,-1472838.478692
2023-05-09,10356,0,0,0,0,0,0,0,0,0,0,0,0,55725.651211242,0,0,0,0,0,-1445926.147686
2023-05-10,10357,0,0,0,0,0,0,0,0,0,0,0,0,161708.857288416,0,0,0,0,0,-1404334.363404
2023-05-11,10358,0,0,0,0,0,0,71077.912762392,0,0,0,0,0,4105.353766188,0,0,0,0,0,-797583.627996
2023-05-12,10359,0,0,0,0,0,0,146831.23139319,0,0,0,0,0,156676.251390294,0,0,0,0,0,0
2023-05-13,10360,0,0,0,0,0,0,0,0,0,0,0,0,86439.960615726,0,0,0,0,0,0
2023-05-14,10361,0,0,0,0,0,0,0,0,0,0,0,0,0,0,0,0,0,0,0
2023-05-15,10362,0,0,0,0,0,0,291949.85990418,0,0,0,0,0,0,0,0,0,0,0,0
2023-05-16,10363,0,0,0,0,0,0,221826.111604728,0,0,0,0,83712.028881936,1570.701500532,0,0,0,0,0,0
2023-05-17,10364,0,0,0,0,0,0,100025.794622664,0,0,0,0,0,0,0,0,0,0,0,0
2023-05-18,10365,0,0,0,0,0,0,69389.775635652,0,0,0,0,0,0,0,0,0,0,0,0
2023-05-19,10366,0,0,0,0,0,0,57142.218452376,0,0,0,0,76587.600891984,0,0,0,0,0,0,0
2023-05-20,10367,-58.717813104,0,0,0,0,0,38584.942935966,0,0,0,0,0,0,0,0,0,0,0,0
2023-05-21,10368,0,0,0,0,0,0,116412.957629772,0,0,0,0,0,0,0,0,0,0,0,0
2023-05-22,10369,0,0,0,0,0,0,88742.188204512,0,0,0,0,0,0,0,0,0,0,0,0
2023-05-23,10370,0,0,0,0,0,0,884456.632483368,0,0,0,0,0,0,0,0,0,0,0,0
2023-05-24,10371,0,0,0,0,0,0,1704803.19935935,0,0,0,0,0,0,0,0,0,0,0,0
2023-05-25,10372,0,0,0,0,0,0,1252959.84122189,0,0,0,0,0,0,0,0,0,0,0,-1083832.966878
2023-05-26,10373,0,0,0,0,0,0,1453075.04143141,0,0,0,0,0,0,0,0,0,0,0,-1502197.385244
2023-05-27,10374,0,0,0,0,0,0,1658078.49958184,0,0,0,0,0,224627.440604898,0,0,0,0,0,-1499750.809698
2023-05-28,10375,0,0,0,0,0,0,1669655.69506552,0,0,0,0,0,788007.731308956,0,0,0,0,0,-1499750.809698
2023-05-29,10376,0,0,0,0,0,0,776161.412515224,0,0,0,0,364681.657735668,805713.598535358,0,0,0,0,0,-1499750.809698
2023-05-30,10377,0,0,0,0,0,0,545618.152240098,0,0,0,0,864296.849984328,612869.620848546,0,0,0,0,0,-1600060.407084
2023-05-31,10378,0,0,0,0,0,0,563624.948258658,0,0,0,0,769952.003779476,658209.558867018,0,0,0,0,0,-1644098.766912
2023-06-01,10379,0,0,0,0,0,0,1022744.42206993,0,0,0,0,1028750.76503536,550697.243073594,0,0,0,-912572.678658,-917465.82975,-1519323.414066
2023-06-02,10380,0,0,0,0,0,0,953841.514967928,0,0,0,0,1540398.21581924,296126.164361202,0,0,0,-1330937.097024,-1345616.5503,-1419013.81668
2023-06-03,10381,0,0,0,0,0,0,1575523.70093317,0,0,0,0,1725596.64492481,0,0,0,0,-1326043.945932,-1338276.823662,-1406780.93895
2023-06-04,10382,0,0,0,0,0,0,1174427.21277083,0,0,0,0,1754392.83910123,0,0,0,0,-1326043.945932,-1328490.521478,-1394548.06122
2023-06-05,10383,0,0,0,0,0,0,1118085.024522,0,0,0,0,1499442.5411792,99154.813728288,0,0,0,-1316257.643748,-1316257.643748,-1384761.759036
2023-06-06,10384,0,0,0,0,0,0,641604.650636316,0,0,0,0,1938473.18318227,53318.220873978,0,0,0,-1289345.312742,-1279559.010558,-1340723.399208
2023-06-07,10385,0,0,0,0,0,0,506751.853116342,0,0,0,0,1163725.89133263,191388.265236942,0,0,0,-1252646.679552,-1225734.348546,-1272219.28392
2023-06-08,10386,0,0,0,0,0,0,497070.75368082,0,0,0,0,1038546.85352154,385665.93619371,0,0,0,-1213501.470816,-1186589.13981,-1233074.075184
2023-06-09,10387,0,0,0,0,0,0,487896.09538332,0,0,0,0,1097389.44197839,207337.491221316,0,0,0,-1193928.866448,-1162123.38435,-1208608.319724
2023-06-10,10388,0,0,0,0,0,0,777756.579771216,0,0,0,0,612664.108502682,0,0,0,0,-1162123.38435,-1140104.204436,-1186589.13981
2023-06-11,10389,0,0,0,0,0,0,449208.396274422,0,0,0,0,1250760.36980603,0,0,0,0,-1142550.779982,-1110745.297884,-1152337.082166
2023-06-12,10390,0,0,0,0,0,0,813963.45127647,0,0,0,0,1369646.81531281,0,0,0,0,-1122978.175614,-1078939.815786,-1122978.175614
2023-06-13,10391,0,0,0,0,0,0,788225.47653255,0,0,0,0,2183987.03922337,0,0,0,0,-1115638.448976,-1061813.786964,-1105852.146792
2023-06-14,10392,0,0,0,0,0,0,912257.070412566,0,0,0,0,2038543.01616476,0,0,0,0,-1122978.175614,-1059367.211418,-1100958.9957
2023-06-15,10393,0,0,0,0,0,0,931724.472032088,0,0,0,0,1954486.02013084,0,0,0,0,-1127871.326706,-1064260.36251,-1105852.146792
2023-06-16,10394,0,0,0,0,0,0,1232489.34362851,0,0,0,0,1767161.5168758,0,0,0,0,-1118085.024522,-1056920.635872,-1103405.571246
2023-06-17,10395,0,0,0,0,0,0,1309299.58289518,0,0,0,0,1740523.20233095,0,0,0,0,-1122978.175614,-1074046.664694,-1122978.175614
2023-06-18,10396,0,0,0,0,0,0,1519790.70999529,0,0,0,0,1648250.60561356,0,0,0,0,-1369274.93582982,-1100958.9957,-1144997.355528
2023-06-19,10397,0,0,0,0,0,0,845930.407360506,0,0,0,0,1625309.06671872,0,0,0,0,-1615571.69604564,-1125424.75116,-1167016.535442
2023-06-20,10398,0,0,0,0,0,0,670701.773604894,0,0,0,0,1547070.02733319,0,0,0,0,-1861868.45626146,-1152337.082166,-1193928.866448
2023-06-21,10399,0,0,0,0,0,0,872788.913704494,0,0,0,0,1680073.21374038,457.509627102,0,0,0,-2108165.21647728,-1196375.441994,-1230627.499638
2023-06-22,10400,0,0,0,0,0,0,948011.32544181,0,0,0,0,1451225.43031864,17226.338419386,0,0,0,-2354461.9766931,-1340723.399208,-1768874.119758
2023-06-23,10401,0,0,0,0,0,0,1556677.72950233,0,0,0,0,1345836.74209914,0,0,0,0,-2600709.805398,-1406780.93895,-2155433.056026
2023-06-24,10402,0,0,0,0,0,0,729458.73191763,0,0,0,0,1482111.00001134,0,0,0,0,-2615389.258674,-1394548.06122,-2128520.72502
2023-06-25,10403,0,0,0,0,0,0,797351.20331913,0,0,0,0,1851871.7485805,0,0,0,0,-2612942.683128,-1414120.665588,-2170112.509302
2023-06-26,10404,0,0,0,0,0,0,1237054.65359734,0,0,0,0,2715314.74369928,0,0,0,0,-2057570.034186,-1433693.269956,-2209257.718038
2023-06-27,10405,0,0,0,0,0,0,2568055.36158554,0,0,0,0,4220638.85249107,0,0,0,0,-1543789.169526,-1448372.723232,-2221490.595768
2023-06-28,10406,0,0,0,0,0,0,1369722.65915474,0,0,0,0,5449022.84235338,0,0,0,0,-1553575.47171,-1455712.44987,-2233723.473498
2023-06-29,10407,0,0,0,0,0,0,1166292.34908038,0,0,0,0,4937054.89017297,0,0,0,0,-1568254.924986,-1477731.629784,-2258189.228958
2023-06-30,10408,0,0,0,0,0,0,1157014.93460995,0,0,0,0,4292448.29134171,0,0,0,0,-1570701.500532,-1487517.931968,-2272868.682234
2023-07-01,10409,0,0,0,0,0,0,976902.936064524,0,0,0,0,2391845.65103598,158308.117279476,0,0,0,-1560915.198348,-1480178.20533,-2267975.531142
2023-07-02,10410,0,0,0,0,0,0,1264715.63672042,0,0,0,0,1181607.91199834,604402.02288384,0,0,0,-1519323.414066,-1463052.176508,-2236170.049044
2023-07-03,10411,0,0,0,0,0,0,548788.914147714,0,0,0,0,1089166.50156828,595516.060500768,0,0,0,-1492411.08306,-1448372.723232,-2219044.020222
2023-07-04,10412,0,0,0,0,0,0,1023674.12077741,0,0,0,0,757403.517804042,462045.578164284,0,0,0,-1477731.629784,-1433693.269956,-2204364.566946
2023-07-05,10413,0,0,0,0,0,0,654336.6297777,0,0,0,0,568877.74595592,418525.892352036,0,0,0,-1445926.147686,-1401887.787858,-2155433.056026
2023-07-06,10414,0,0,0,0,0,0,504642.90499569,0,0,0,0,589333.564096026,340651.392722856,0,0,0,-1394548.06122,-1350509.701392,-2084482.365192
2023-07-07,10415,0,0,0,0,0,0,931117.72129668,0,0,0,0,461996.646653364,352037.75531394,0,0,0,-21285.2072502,-641002.793052,-2228830.322406
2023-07-08,10416,0,0,0,0,0,0,561679.920699588,0,0,0,0,524841.832703466,360835.640977356,0,0,0,0,0,-2573797.474392
2023-07-09,10417,0,0,0,0,0,0,927266.811387276,0,0,0,0,853977.1943313,555563.481834588,0,0,0,0,0,-2669213.920686
2023-07-10,10418,0,0,0,0,0,0,598765.112825856,0,0,0,0,690093.33138249,435456.195130356,0,0,0,0,0,-2696126.251692
2023-07-11,10419,0,0,0,0,0,0,885895.218904416,0,0,0,0,651060.665121606,302457.90187425,0,0,0,0,0,-2696126.251692
2023-07-12,10420,0,0,0,0,0,0,892324.819439304,0,0,0,0,421070.330919876,361574.506792248,0,0,0,0,0,-2671660.496232
2023-07-13,10421,0,0,0,0,0,0,738386.286084984,0,0,0,0,322886.80768335,266710.986571644,0,0,0,0,0,-2625175.560858
2023-07-14,10422,0,0,0,0,0,0,429701.849446164,0,0,0,0,336868.98692874,300926.345582454,0,0,0,0,0,-2615389.258674
2023-07-15,10423,0,0,0,0,0,0,1055396.41930684,0,0,0,0,0,553662.492635346,0,0,0,0,0,-2600709.805398
2023-07-16,10424,0,0,0,0,0,0,888645.16981812,0,0,0,0,0,233677.323549552,0,0,0,0,0,-2600709.805398
2023-07-17,10425,0,0,0,0,0,0,1342250.0623487,0,0,0,0,232950.69061239,333387.509926782,0,0,0,0,0,-2625175.560858
2023-07-18,10426,0,0,0,0,0,0,1221890.77836323,0,0,0,0,359832.545003496,323190.183051054,0,0,0,0,0,-2683893.373962
2023-07-19,10427,0,0,0,0,0,0,1569106.33327601,0,0,0,0,377447.888934696,202238.827783452,0,0,0,0,0,-2723038.582698
2023-07-20,10428,0,0,0,0,0,0,1335563.57138149,0,0,0,0,482508.736031028,399043.811279238,0,0,0,0,0,-2730378.309336
2023-07-21,10429,0,0,0,0,0,0,966874.42290147,0,0,0,0,744681.324964842,531251.860633986,0,0,0,0,0,-2715698.85606
2023-07-22,10430,0,0,0,0,0,0,557589.246386676,0,0,0,0,1117030.55046167,419940.013017624,0,0,0,0,0,-2720592.007152
2023-07-23,10431,0,0,0,0,0,0,414361.820772744,0,0,0,0,922469.07674157,391089.994179192,0,0,0,0,0,-2735271.460428
2023-07-24,10432,0,0,0,0,0,0,876108.916720416,0,0,0,0,570049.655642454,282158.664569088,0,0,0,0,0,-2749950.913704
2023-07-25,10433,0,0,0,0,0,0,455721.180377874,0,0,0,0,350268.881194182,154672.50601812,0,0,0,0,0,-2771970.093618
2023-07-26,10434,0,0,0,0,0,0,455483.862549912,0,0,0,0,210782.269590084,51725.500193532,0,0,0,0,0,-2696126.251692
2023-07-27,10435,0,0,0,0,0,0,646534.500361506,0,0,0,0,0,0,0,0,0,0,0,-2710805.704968
2023-07-28,10436,0,0,0,0,0,0,1118743.15334387,0,0,0,0,0,217945.842788772,0,0,0,0,0,-1986619.343352
2023-07-29,10437,0,0,0,0,0,0,743732.053652994,0,0,0,0,0,296759.827427616,0,0,0,0,0,-1406780.93895
2023-07-30,10438,0,0,0,0,0,0,959520.016810194,0,0,0,0,0,565273.940176662,0,0,0,0,0,-1433693.269956
2023-07-31,10439,0,0,0,0,0,0,870530.724475536,0,0,0,0,710140.571406414,662491.066072518,0,0,0,0,0,-1448372.723232
2023-08-01,10440,0,0,0,0,0,0,1195651.25563238,0,0,0,0,685616.09813331,556696.246312386,0,0,0,0,0,-1472838.478692
2023-08-02,10441,0,0,0,0,0,0,900051.105013572,0,0,0,0,565981.000509456,446162.409719652,0,0,0,0,0,-1507090.536336
2023-08-03,10442,0,0,0,0,0,0,776873.36599911,0,0,0,0,611328.278254566,635595.86109534,0,0,0,0,0,-1529109.71625
2023-08-04,10443,0,0,0,0,0,0,1172012.44270693,0,0,0,0,1046730.64872291,458118.824412954,0,0,0,0,0,-1565808.34944
2023-08-05,10444,0,0,0,0,0,0,1538560.8375842,0,0,0,0,1411275.298228,451982.812943586,0,0,0,0,0,-1578041.22717
2023-08-06,10445,0,0,0,0,0,0,1139512.13315387,0,0,0,0,1860618.25615745,471863.685830382,0,0,0,0,0,-1587827.529354
2023-08-07,10446,0,0,0,0,0,0,1492075.9022102,0,0,0,0,1859468.36565083,582238.495012626,0,0,0,0,0,-1597613.831538
2023-08-08,10447,0,0,0,0,0,0,1161267.0829089,0,0,0,0,1896900.97150463,486352.306213794,0,0,0,0,0,-1604953.558176
2023-08-09,10448,0,0,0,0,0,0,1018330.79978494,0,0,0,0,1736757.92256566,466972.981313928,0,0,0,0,0,-1612293.284814
2023-08-10,10449,0,0,0,0,0,0,1115041.48454278,0,0,0,0,1558764.65844307,414988.14411252,0,0,0,0,0,-1614739.86036
2023-08-11,10450,0,0,0,0,0,0,1063230.35420513,0,0,0,0,1716375.50169193,339149.195337612,0,0,0,0,0,-1619633.011452
2023-08-12,10451,0,0,0,0,0,0,1399597.79314694,0,0,0,0,1499736.13024472,352553.982754146,0,0,0,0,0,-1624526.162544
2023-08-13,10452,0,0,0,0,0,0,1561336.00934191,0,0,0,0,1373947.89512268,340132.718707104,0,0,0,0,0,-1629419.313636
2023-08-14,10453,0,0,0,0,0,0,1436350.25099896,0,0,0,0,1316438.6903384,354034.160959476,0,0,0,0,0,-1683243.975648
2023-08-15,10454,0,0,0,0,0,0,988069.106856468,0,0,0,0,1111922.10072163,350890.311382866,0,0,0,0,0,-1695476.853378
2023-08-16,10455,0,0,0,0,0,0,1123973.93186122,0,0,0,0,1077166.04851515,331276.115230584,0,0,0,0,0,-1695476.853378
2023-08-17,10456,0,0,0,0,0,0,778221.429124956,0,0,0,0,1597166.10821308,409666.84229997,0,0,0,0,0,-1700370.00447
2023-08-18,10457,0,0,0,0,0,0,1050275.73668906,0,0,0,0,1119212.89584871,423301.607817828,0,0,0,0,0,-1705263.155562
2023-08-19,10458,0,0,0,0,0,0,792849.50431449,0,0,0,0,1304174.00712631,166714.550855532,0,0,0,0,0,-1707709.731108
2023-08-20,10459,0,0,0,0,0,0,641589.97118304,0,0,0,0,1992809.17948338,0,0,0,0,0,0,-1719942.608838
2023-08-21,10460,0,0,0,0,0,0,679966.955197596,0,0,0,0,2094718.83727646,0,0,0,0,0,0,-1727282.335476
2023-08-22,10461,0,0,0,0,0,0,424255.772280768,0,0,0,0,1805509.1419838,0,0,0,0,0,0,-1727282.335476
2023-08-23,10462,0,0,0,0,0,0,438399.425512194,0,0,0,0,847222.199248794,175294.691295354,0,0,0,0,0,-1727282.335476
2023-08-24,10463,0,0,0,0,0,0,337664.12398119,0,0,0,0,629291.035913298,456428.240710668,0,0,0,0,0,-1724835.75993
2023-08-25,10464,0,0,0,0,0,0,404477.655566904,0,0,0,0,934604.09144973,437609.181610836,0,0,0,0,0,-1729728.911022
2023-08-26,10465,0,0,0,0,0,0,246964.675339878,0,0,0,0,467154.027904332,388354.722718764,0,0,0,0,0,-1729728.911022
2023-08-27,10466,0,0,0,0,0,0,457220.931187572,0,0,0,0,0,686783.114668752,0,0,0,0,0,-10344121.408488
2023-08-28,10467,0,0,0,0,0,0,286907.467703874,0,0,0,0,0,690264.59167071,0,0,0,0,0,-1695476.853378
2023-08-29,10468,0,0,0,0,0,0,780000.089546898,0,0,0,0,425351.838125376,377188.55192682,0,0,0,0,0,-1707709.731108
2023-08-30,10469,0,0,0,0,0,0,493968.495888492,0,0,0,0,388966.366605264,203601.570362574,0,0,0,0,0,-1162123.38435
2023-08-31,10470,0,0,0,0,0,0,738787.524474528,0,0,0,0,68562.833101104,478295.732940816,0,0,0,0,0,-266676.734514
2023-09-01,10471,0,0,0,0,0,0,329059.517785908,0,0,0,0,0,461066.947945884,0,0,0,0,0,0
2023-09-02,10472,0,0,0,0,0,0,257127.750157962,0,0,0,0,76854.277626498,692486.082266478,0,0,0,0,0,0
2023-09-03,10473,0,0,0,0,0,0,690523.928678586,0,0,0,0,0,704738.532600846,0,0,0,0,0,0
2023-09-04,10474,0,0,0,0,0,0,589903.616198244,0,0,0,0,0,376662.53818443,0,0,0,0,0,0
2023-09-05,10475,0,0,0,0,0,0,504363.995383446,0,0,0,0,0,245782.97935116,0,0,0,0,0,0
2023-09-06,10476,0,0,0,0,0,0,583740.69239787,0,0,0,0,0,10936.19269062,0,0,0,0,0,0
2023-09-07,10477,0,0,0,0,0,0,689310.42720777,0,0,0,0,0,180065.513610054,0,0,0,0,0,0
2023-09-08,10478,0,0,0,0,0,0,173552.729506602,0,0,0,0,0,135310.307147076,0,0,0,0,0,0
2023-09-09,10479,0,0,0,0,0,0,0,0,0,0,0,0,28123.38590127,0,0,0,0,0,0
2023-09-10,10480,0,0,0,0,0,0,54529.275769248,0,0,0,0,0,185394.155149242,0,0,0,0,0,0
2023-09-11,10481,0,0,0,0,0,0,46947.338152194,0,0,0,0,0,138532.447141158,0,0,0,0,0,0
2023-09-12,10482,0,0,0,0,0,0,82456.935626838,0,0,0,0,0,8903.088411894,0,0,0,0,0,0
2023-09-13,10483,0,0,0,0,0,0,106276.795142694,0,0,0,0,0,0,0,0,0,0,0,0
2023-09-14,10484,0,0,0,0,0,0,453303.963738426,0,0,0,0,0,0,0,0,0,0,0,0
2023-09-15,10485,0,0,0,0,0,0,0,0,0,0,0,0,257374.854288108,0,0,0,0,0,0
2023-09-16,10486,0,0,0,0,0,0,46489.828525092,0,0,0,0,137147.685382122,487524.215900328,0,0,0,0,0,0
2023-09-17,10487,0,0,0,0,0,0,43920.924201792,0,0,0,0,427747.03558491,566225.658064056,0,0,0,0,0,0
2023-09-18,10488,0,0,0,0,0,0,181668.020592684,0,0,0,0,80455.63683021,566949.844425672,0,0,0,0,0,0
2023-09-19,10489,0,0,0,0,0,0,439889.390019708,0,0,0,0,56569.719774612,439997.039343732,0,0,0,0,0,0
2023-09-20,10490,0,0,0,0,0,0,83420.886391962,0,0,0,0,0,373393.913254974,0,0,0,0,0,0
2023-09-21,10491,0,0,0,0,0,0,169300.581207654,0,0,0,0,358589.684626128,405940.707743412,0,0,0,0,0,0
2023-09-22,10492,0,0,0,0,0,0,474165.913419168,0,0,0,0,1083524.6983592,274486.203656832,0,0,0,0,0,0
2023-09-23,10493,0,0,0,0,0,0,536301.59256093,0,0,0,0,1245365.6707271,313423.453471422,0,0,0,0,0,0
2023-09-24,10494,0,0,0,0,0,0,966705.609188796,0,0,0,0,1172682.80440654,375970.157304912,0,0,0,0,0,0
2023-09-25,10495,0,0,0,0,0,0,596433.526330518,0,0,0,0,990373.7810208,411797.809600536,0,0,0,0,0,0
2023-09-26,10496,0,0,0,0,0,0,949442.57213622,0,0,0,0,1783856.9484017,345561.669843678,0,0,0,0,0,0
2023-09-27,10497,0,0,0,0,0,0,1696883.63431695,0,0,0,0,1269760.47549627,366369.794862408,0,0,0,0,0,0
2023-09-28,10498,0,0,0,0,0,0,1974107.55600976,0,0,0,0,1544865.66276624,330488.317904772,0,0,0,0,-868534.31883,-878320.621014
2023-09-29,10499,0,0,0,0,0,0,1850102.87446075,0,0,0,0,2387801.46165844,0,0,0,0,0,-1274665.859466,-1284452.16165
2023-09-30,10500,0,0,0,0,0,0,1455778.50740974,0,0,0,0,2839710.87733565,0,0,0,0,0,-1269772.708374,-1279559.010558
2023-10-01,10501,0,0,0,0,0,0,3412909.2757058,0,0,0,0,2712139.08864057,0,0,0,0,0,-1274665.859466,-1282005.586104
2023-10-02,10502,0,0,0,0,0,0,3335135.08567401,0,0,0,0,2892454.15295632,0,0,0,0,0,-1277112.435012,-1284452.16165
2023-10-03,10503,0,0,0,0,0,0,3066762.87430663,0,0,0,0,3523328.12324788,0,0,0,0,0,-1282005.586104,-1294238.463834
2023-10-04,10504,0,0,0,0,0,0,1777346.6108738,0,0,0,0,3486693.10102207,0,0,0,0,0,-1286898.737196,-1296685.03938
2023-10-05,10505,-322284.950099034,0,0,0,0,0,1270029.59880633,0,0,0,0,1498960.56579664,87203.292186078,0,0,0,0,-1286898.737196,-1296685.03938
2023-10-06,10506,-1229480.05570693,0,0,0,0,0,533169.97586205,0,0,0,0,1041813.03187545,365946.53729295,0,0,0,0,-1282005.586104,-1289345.312742
2023-10-07,10507,-1225616.91291979,0,0,0,0,0,297978.222049524,0,0,0,0,645869.031812994,244686.913506552,0,0,0,0,-1274665.859466,-1284452.16165
2023-10-08,10508,-1222903.66063928,0,0,0,0,0,108427.335047628,0,0,0,0,441178.73533245,189435.897951234,0,0,0,0,-1269772.708374,-1279559.010558
2023-10-09,10509,-1053649.564367,0,0,0,0,0,183962.908454832,0,0,0,0,287705.05133187,145329.034007946,0,0,0,0,-1262432.981736,-1272219.28392
2023-10-10,10510,-1231481.35450355,0,0,0,0,0,47414.63408148,0,0,0,0,249731.752282404,33811.67404572,0,0,0,0,-1257539.830644,-1267326.132828
2023-10-11,10511,-857010.94800834,0,0,0,0,0,48454.42868853,0,0,0,0,224128.339193514,0,0,0,0,0,-1252646.679552,-1262432.981736
2023-10-12,10512,-996336.085626402,0,0,0,0,0,93187.615971594,0,0,0,0,52794.653707134,0,0,0,0,0,-1242860.377368,-1252646.679552
2023-10-13,10513,-1235310.24523304,0,0,0,0,0,438600.044706966,0,0,0,0,66742.58089488,0,0,0,0,0,-548032.922304,-1267326.132828
2023-10-14,10514,-1236873.60700694,0,0,0,0,0,193590.183228342,0,0,0,0,52383.629015406,0,0,0,0,0,0,-1306471.341564
2023-10-15,10515,-1237428.97965588,0,0,0,0,0,48204.877982838,0,0,0,0,0,0,0,0,0,0,0,-1313811.068202
2023-10-16,10516,-732590.34861651,0,0,0,0,0,66011.054806626,0,0,0,0,0,0,0,0,0,0,0,-1321150.79484
2023-10-17,10517,0,0,0,0,0,0,55914.037528284,0,0,0,0,0,0,0,0,0,0,0,-601857.584316
2023-10-18,10518,0,0,0,0,0,0,40742.822567538,0,0,0,0,0,0,0,0,0,0,0,0
2023-10-19,10519,0,0,0,0,0,0,24235.777358676,0,0,0,0,0,0,0,0,0,0,0,0
2023-10-20,10520,0,0,0,0,0,0,25762.44049938,0,0,0,0,0,0,0,0,0,0,0,0
2023-10-21,10521,0,0,0,0,0,0,44317.269440244,0,0,0,0,0,0,0,0,0,0,0,0
2023-10-22,10522,0,0,0,0,0,0,46683.107993226,0,0,0,0,0,0,0,0,0,0,0,0
2023-10-23,10523,0,0,0,0,0,0,80739.439593546,0,0,0,0,0,0,0,0,0,0,0,0
2023-10-24,10524,0,0,0,0,0,0,0,0,0,0,0,0,0,0,0,0,0,0,0
2023-10-25,10525,0,0,0,0,0,0,43712.965280382,0,0,0,0,0,78588.899688612,0,0,0,0,0,0
2023-10-26,10526,0,0,0,0,0,0,47776.727262288,0,0,0,0,0,13624.979215674,0,0,0,0,0,0
2023-10-27,10527,0,0,0,0,0,0,42122.691175482,0,0,0,0,0,0,0,0,0,0,0,0
2023-10-28,10528,0,0,0,0,0,0,39318.915599766,0,0,0,0,0,0,0,0,0,0,0,0
2023-10-29,10529,0,0,0,0,0,0,35788.507086888,0,0,0,0,0,0,0,0,0,0,0,0
2023-10-30,10530,0,0,0,0,0,0,30758.347764312,0,0,0,0,0,0,0,0,0,0,0,0
2023-10-31,10531,0,0,0,0,0,0,44106.863943288,0,0,0,0,0,0,0,0,0,0,0,0
2023-11-01,10532,0,0,0,0,0,0,7298.134853718,0,0,0,0,0,0,0,0,0,0,0,0
2023-11-02,10533,0,0,0,0,0,0,45425.568162582,0,0,0,0,0,0,0,0,0,0,0,0
2023-11-03,10534,0,0,0,0,0,0,51519.987847668,0,0,0,0,0,0,0,0,0,0,0,0
2023-11-04,10535,0,0,0,0,0,0,0,0,0,0,0,0,0,0,0,0,0,0,0
2023-11-05,10536,0,0,0,0,0,0,53553.092126394,0,0,0,0,0,0,0,0,0,0,0,0
2023-11-06,10537,0,0,0,0,0,0,37481.53736472,0,0,0,0,0,0,0,0,0,0,0,0
2023-11-07,10538,0,0,0,0,0,0,29503.254509214,0,0,0,0,0,0,0,0,0,0,0,0
2023-11-08,10539,0,0,0,0,0,0,14845.820413128,0,0,0,0,0,0,0,0,0,0,0,0
2023-11-09,10540,0,0,0,0,0,0,44234.08587168,0,0,0,0,0,0,0,0,0,0,0,0
2023-11-10,10541,0,0,0,0,0,0,67801.948106298,0,0,0,0,136401.479840592,682875.93352179,0,0,0,0,0,0
2023-11-11,10542,0,0,0,0,0,0,0,0,0,0,0,217378.2372621,729828.164825076,0,0,0,0,0,0
2023-11-12,10543,0,0,0,0,0,0,31582.843723314,0,0,0,0,376041.107995746,738126.949077108,0,0,0,0,0,0
2023-11-13,10544,0,0,0,0,0,0,23024.722463406,0,0,0,0,720198.44347602,733179.973323096,0,0,0,0,0,0
2023-11-14,10545,0,0,0,0,0,0,61037.166721608,0,0,0,0,872458.626005784,432884.84423151,0,0,0,0,0,0
2023-11-15,10546,0,0,0,0,0,0,55928.71698156,0,0,0,0,877686.957947586,233603.926283172,0,0,0,0,0,0
2023-11-16,10547,0,0,0,0,0,0,133130.40833559,0,0,0,0,1249424.53955792,265627.153604766,0,0,0,0,0,0
2023-11-17,10548,0,0,0,0,0,0,486168.813047844,0,0,0,0,431257.87149342,158980.925554626,0,0,0,0,0,0
2023-11-18,10549,0,0,0,0,0,0,965000.346033234,0,0,0,0,0,194057.479157628,0,0,0,0,0,0
2023-11-19,10550,0,0,0,0,0,0,212052.042298458,0,0,0,0,9345.91858572,62637.227128692,0,0,0,0,0,0
2023-11-20,10551,0,0,0,0,0,0,232016.098753818,0,0,0,0,427230.808144704,705090.83947947,0,0,0,0,0,0
2023-11-21,10552,0,0,0,0,0,0,286814.497833126,0,0,0,0,304924.050024618,673874.982088056,0,0,0,0,0,0
2023-11-22,10553,0,0,0,0,0,0,534686.85270057,0,0,0,0,0,305261.677449966,0,0,0,0,0,0
2023-11-23,10554,0,0,0,0,0,0,579006.56871636,0,0,0,0,0,268281.688072176,0,0,0,0,0,0
2023-11-24,10555,0,0,0,0,0,0,556544.558628534,0,0,0,0,0,270517.85812122,0,0,0,0,0,0
2023-11-25,10556,0,0,0,0,0,0,627228.57272802,0,0,0,0,0,353099.569100904,0,0,0,0,0,0
2023-11-26,10557,0,0,0,0,0,0,544867.053547476,0,0,0,0,0,523650.350412564,0,0,0,0,0,0
2023-11-27,10558,0,0,0,0,0,0,807308.76579135,0,0,0,0,0,521338.336521594,0,0,0,0,0,0
2023-11-28,10559,0,0,0,0,0,0,289579.128200106,0,0,0,0,0,521556.081745188,0,0,0,0,0,0
2023-11-29,10560,0,0,0,0,0,0,771615.675150756,0,0,0,0,0,385350.327948276,0,0,0,0,0,0
2023-11-30,10561,0,0,0,0,0,0,182898.648092322,0,0,0,0,0,421860.574821234,0,0,0,0,0,0
2023-12-01,10562,0,0,0,0,0,0,258497.832463722,0,0,0,0,0,670652.842093974,0,0,0,0,0,0
2023-12-02,10563,0,0,0,0,0,0,423746.8845672,0,0,0,0,181335.286318428,715513.25130543,0,0,0,0,0,0
2023-12-03,10564,0,0,0,0,0,0,517565.717029662,0,0,0,0,429550.161762312,713641.62101274,0,0,0,0,0,0
2023-12-04,10565,0,0,0,0,0,0,282599.048167368,0,0,0,0,429109.778164032,711955.930461546,0,0,0,0,0,0
2023-12-05,10566,0,0,0,0,0,0,267816.838718436,0,0,0,0,428456.54249325,709526.480944368,0,0,0,0,0,0
2023-12-06,10567,0,0,0,0,0,0,307422.003657084,0,0,0,0,427744.589009364,707008.954707534,0,0,0,0,0,0
2023-12-07,10568,0,0,0,0,0,0,196068.56425644,0,0,0,0,427154.964302778,705421.12717818,0,0,0,0,0,0
2023-12-08,10569,0,0,0,0,0,0,151973.933190882,0,0,0,0,426347.594372598,703052.842049652,0,0,0,0,0,0
2023-12-09,10570,0,0,0,0,0,0,336042.044394192,0,0,0,0,425214.8298948,699493.074630222,0,0,0,0,0,0
2023-12-10,10571,0,0,0,0,0,0,328298.632791102,0,0,0,0,397436.411145516,690183.854677692,0,0,0,0,0,0
2023-12-11,10572,0,0,0,0,0,0,275809.801027218,0,0,0,0,203.065770318,429173.389128228,0,0,0,0,0,0
2023-12-12,10573,0,0,0,0,0,0,42423.61996764,0,0,0,0,0,434653.718351268,0,0,0,0,0,0
2023-12-13,10574,0,0,0,0,0,0,115661.85893715,0,0,0,0,0,263735.950707708,0,0,0,0,0,0
2023-12-14,10575,0,0,0,0,0,0,115233.7082166,0,0,0,0,12457.962680232,398202.189291414,0,0,0,0,0,0
2023-12-15,10576,0,0,0,0,0,0,199302.937128252,0,0,0,0,740035.278002988,635356.096691832,0,0,0,0,0,0
2023-12-16,10577,0,0,0,0,0,0,519327.251422782,0,0,0,0,1050121.60242967,431857.28250219,0,0,0,0,0,0
2023-12-17,10578,0,0,0,0,0,0,1519409.04421011,0,0,0,0,989214.104211996,324261.783140202,0,0,0,0,0,0
2023-12-18,10579,0,0,0,0,0,0,1971489.72017554,0,0,0,0,524668.1258397,221456.678697282,0,0,0,0,-538246.62012,0
2023-12-19,10580,0,0,0,0,0,0,1168386.61774776,0,0,0,0,318030.35522454,190160.08431285,0,0,0,0,-1370082.30576,0
2023-12-20,10581,0,0,0,0,0,0,304574.18972154,0,0,0,0,269634.644349114,193152.246205608,0,0,0,0,-1357849.42803,0
2023-12-21,10582,0,0,0,0,0,0,469436.68288875,0,0,0,0,323256.240590796,164150.539683324,0,0,0,0,-1348063.125846,0
2023-12-22,10583,0,0,0,0,0,0,513538.653680946,0,0,0,0,277055.107980132,193952.27640915,0,0,0,0,-1345616.5503,0
2023-12-23,10584,0,0,0,0,0,0,390042.859845504,0,0,0,0,0,502355.35686018,0,0,0,0,-1343169.974754,0
2023-12-24,10585,0,0,0,0,0,0,53044.204412826,0,0,0,0,0,412969.71928707,0,0,0,0,-1335830.248116,0
2023-12-25,10586,0,0,0,0,0,0,44747.86673634,0,0,0,0,0,380567.272755846,0,0,0,0,-1330937.097024,0
2023-12-26,10587,0,0,0,0,0,0,250221.067391604,0,0,0,0,0,374876.53803585,0,0,0,0,-1330937.097024,0
2023-12-27,10588,0,0,0,0,0,0,575948.34928386,0,0,0,0,0,148783.598678898,0,0,0,0,-1335830.248116,0
2023-12-28,10589,0,0,0,0,0,0,576860.921962518,0,0,0,0,168899.34281811,448376.560588782,0,0,0,0,-1343169.974754,0
2023-12-29,10590,0,0,0,0,0,0,457311.454482774,0,0,0,0,419751.626700582,680537.007299814,0,0,0,0,-1345616.5503,0
2023-12-30,10591,0,0,0,0,0,0,109738.699540284,0,0,0,0,418053.703271658,675064.017803412,0,0,0,0,-1343169.974754,0
2023-12-31,10592,0,0,0,0,0,0,322945.525496454,0,0,0,0,289082.473364268,658515.380810268,0,0,0,0,-1340723.399208,0
2024-01-01,10593,0,0,0,0,0,0,177354.707905086,0,0,0,0,0,650062.462298838,0,0,0,0,-1340723.399208,0
2024-01-02,10594,0,0,0,0,0,0,0,0,0,0,0,0,655829.04086076,0,0,0,0,-1350509.701392,0
2024-01-03,10595,0,0,0,0,0,0,45900.203818506,0,0,0,0,0,619057.01040438,0,0,0,0,-1580487.802716,-239764.403508
2024-01-04,10596,0,0,0,0,0,0,0,0,0,0,0,0,604507.225632318,0,0,0,0,-1905882.350334,-1012882.276044
2024-01-05,10597,0,0,0,0,0,0,83496.730233888,0,0,0,0,0,680140.662061362,0,0,0,0,-1842271.386138,-1247753.52846
2024-01-06,10598,0,0,0,0,0,0,93192.509122686,0,0,0,0,0,542694.494462628,0,0,0,0,-1810465.90404,-1225734.348546
2024-01-07,10599,0,0,0,0,0,0,267613.772948118,0,0,0,0,0,254015.70606345,0,0,0,0,-1810465.90404,-1223287.773
2024-01-08,10600,0,0,0,0,0,0,768498.737905152,0,0,0,0,0,271060.997892432,0,0,0,0,-1795786.450764,-1215948.046362
2024-01-09,10601,-345630.173958966,0,0,0,0,0,342838.63126098,0,0,0,0,0,600083.81704515,0,0,0,0,-1761534.39312,-1191482.290902
2024-01-10,10602,-697738.87996374,0,0,0,0,0,406297.907773128,0,0,0,0,0,643481.174080098,0,0,0,0,-1790893.299672,-1203715.168632
2024-01-11,10603,-853323.958660518,0,0,0,0,0,666718.748616006,0,0,0,0,9602.80901805,639899.387480754,0,0,0,0,-1793339.875218,-1585380.953808
2024-01-12,10604,-1214705.18598463,0,0,0,0,0,391921.829864832,0,0,0,0,0,637472.384539122,0,0,0,0,-1754194.666482,-2353605.675252
2024-01-13,10605,-1214440.95582566,0,0,0,0,0,222357.01849821,0,0,0,0,0,501325.348555314,0,0,0,0,-1744408.364298,-2343819.373068
2024-01-14,10606,-1217919.98625208,0,0,0,0,0,624772.210879836,0,0,0,0,0,391946.295620292,0,0,0,0,-1783553.573034,-2397644.03508
2024-01-15,10607,-1217137.08207736,0,0,0,0,0,646801.17709602,0,0,0,0,0,640794.83413059,0,0,0,0,-1810465.90404,-2429449.517178
2024-01-16,10608,-1218463.12602329,0,0,0,0,0,635356.096691832,0,0,0,0,0,706730.04509529,0,0,0,0,-1812912.479586,-2431896.092724
2024-01-17,10609,-1222676.1291135,0,0,0,0,0,613456.798979586,0,0,0,0,1169.463110988,695588.340058806,0,0,0,0,-1827591.932862,-2456361.848184
2024-01-18,10610,-1221416.14270731,0,0,0,0,0,619242.950145876,0,0,0,0,241870.905053106,670904.839375212,0,0,0,0,-1827591.932862,-2456361.848184
2024-01-19,10611,-1221369.65777194,0,0,0,0,0,601737.702114246,0,0,0,0,66656.95075077,669025.869355884,0,0,0,0,-1827591.932862,-2458808.42373
2024-01-20,10612,-1222027.78659381,0,0,0,0,0,474454.609333596,0,0,0,0,0,688236.380543076,0,0,0,0,-1830038.508408,-2461254.999276
2024-01-21,10613,-1223522.64425242,0,0,0,0,0,310235.565534984,0,0,0,0,0,690374.68757028,0,0,0,0,-1825145.357316,-2456361.848184
2024-01-22,10614,-1217971.36433854,0,0,0,0,0,304718.537678754,0,0,0,0,0,693396.20836959,0,0,0,0,-1810465.90404,-2436789.243816
2024-01-23,10615,-1215135.78328073,0,0,0,0,0,613155.870187428,0,0,0,0,436794.471954018,602136.493928244,0,0,0,0,-1798233.02631,-2419663.214994
2024-01-24,10616,-1212417.63784912,0,0,0,0,0,430411.356354504,0,0,0,0,215085.795975498,618924.895324896,0,0,0,0,-1749301.51539,-2933444.079654
2024-01-25,10617,-1212456.78305786,0,0,0,0,0,443835.716375406,0,0,0,-73.39726638,216822.864613158,582629.947099986,0,0,0,0,-1683243.975648,-2967696.137298
2024-01-26,10618,-1212515.50087096,0,0,0,0,0,25008.895231212,0,0,0,0,217603.322212332,586999.531025142,0,0,0,0,-1666117.946826,-2223937.171314
2024-01-27,10619,-1210780.87880885,0,0,0,0,0,27296.443366722,0,0,0,0,232502.967287472,648875.873159028,0,0,0,0,-1646545.342458,-2197024.840308
2024-01-28,10620,-1210634.08427609,0,0,0,0,0,58734.939132822,0,0,0,0,436518.00891732,735827.168063868,0,0,0,0,-1634312.464728,-2177452.23594
2024-01-29,10621,-1230475.81195415,0,0,0,0,0,27575.352978966,0,0,0,0,417838.40462361,735800.255732862,0,0,0,0,-1639205.61582,-2182345.387032
2024-01-30,10622,-1236369.61244446,861.194592192,0,0,0,0,66079.558921914,0,0,0,0,436449.504802032,734789.820032364,0,0,0,0,-1631865.889182,-2182345.387032
2024-01-31,10623,-1237299.31115194,0,0,0,0,0,0,0,0,0,0,436466.630830854,734836.304967738,0,0,0,0,-1624526.162544,-2175005.660394
2024-02-01,10624,-1235430.1274348,0,0,0,0,0,33359.05756971,0,0,0,0,357053.23518324,736661.450325054,0,0,0,0,-934591.858572,-1690583.702286
2024-02-02,10625,-1234219.07253953,0,0,0,0,0,50162.138419638,0,0,0,0,130982.315006202,518333.941751106,0,0,0,0,0,-1179249.413172
2024-02-03,10626,-1231381.04490617,0,0,0,0,0,0,0,0,0,0,0,0,0,0,0,0,0,-1189035.715356
2024-02-04,10627,-1225279.28549444,0,0,0,0,0,246910.850677866,0,0,0,0,165280.857585576,669617.940638016,0,0,0,0,0,-1191482.290902
2024-02-05,10628,-1232689.96282328,0,0,0,0,0,586510.215915942,0,0,0,0,417681.823788666,724565.58082563,0,0,0,0,0,-1201268.593086
2024-02-06,10629,-1238644.92770224,0,0,0,0,0,815230.777409298,0,0,0,0,42942.293983392,375338.940814044,0,0,0,0,0,-1208608.319724
2024-02-07,10630,-1236768.40425846,0,0,0,0,0,734090.099426208,0,0,0,0,0,0,0,0,0,0,0,-1213501.470816
2024-02-08,10631,-1233343.19849406,0,0,0,0,0,24162.380092296,0,0,0,0,0,156084.180108162,0,0,0,0,0,-557819.224488
2024-02-09,10632,-668012.98707984,0,0,0,0,0,0,0,0,0,0,0,298518.91524519,0,0,0,0,0,0
2024-02-10,10633,0,0,0,0,0,0,42411.38708991,0,0,0,0,0,287533.79104365,0,0,0,0,0,0
2024-02-11,10634,0,0,0,0,0,0,0,0,0,0,0,0,287272.007460228,0,0,0,0,0,0
2024-02-12,10635,0,0,0,0,0,0,49748.667152364,0,0,0,0,0,204670.723876176,0,0,0,0,0,0
2024-02-13,10636,-119236.305809856,0,0,0,0,0,0,0,0,0,0,0,78.290417472,0,0,0,0,0,0
2024-02-14,10637,-99387.238405158,0,0,0,0,0,53905.399005018,0,0,0,0,0,0,0,0,0,0,0,0
2024-02-15,10638,0,0,0,0,0,0,0,0,0,0,0,0,0,0,0,0,0,0,0
2024-02-16,10639,0,0,0,0,0,0,40468.806106386,0,0,0,0,0,0,0,0,0,0,0,0
2024-02-17,10640,0,0,0,0,0,0,294349.950514806,0,0,0,0,187534.908751992,0,0,0,0,0,0,0
2024-02-18,10641,0,0,0,0,0,0,268264.562043354,0,0,0,0,444060.801325638,0,0,0,0,0,0,0
2024-02-19,10642,-79261.707963762,0,0,0,0,0,304960.748657808,0,0,0,0,443684.028691554,0,0,0,0,0,0,0
2024-02-20,10643,0,0,0,0,0,0,132883.304205444,0,0,0,0,443598.398547444,0,0,0,0,0,0,0
2024-02-21,10644,-478026.609630756,0,0,0,0,0,944869.922440746,0,0,0,0,443045.472474048,0,0,0,0,0,0,0
2024-02-22,10645,-1216992.73412014,0,0,0,0,0,193815.268178574,0,0,0,0,441765.91346349,0,0,0,0,0,0,0
2024-02-23,10646,-1215199.39424492,0,0,0,0,0,44559.480419298,0,0,0,0,440491.247604024,0,0,0,0,0,0,0
2024-02-24,10647,-1215047.70656107,0,0,0,0,0,42744.121364166,0,0,0,0,440349.346222356,0,0,0,0,0,0,0
2024-02-25,10648,-1216141.32583013,0,0,0,0,0,24362.999287068,0,0,0,0,439062.44748516,0,0,0,0,0,0,0
2024-02-26,10649,-1214135.13388241,0,0,0,0,0,37828.951092252,0,0,0,0,437472.17338026,0,0,0,0,0,0,0
2024-02-27,10650,-1211952.78849538,0,0,0,0,0,0,0,0,0,0,304454.307519786,0,0,0,0,0,0,0
2024-02-28,10651,-1212239.03783426,0,0,0,0,0,61957.079126904,0,0,0,0,238546.008886092,0,0,0,0,0,0,0
2024-02-29,10652,-1210394.31987258,0,0,0,0,0,0,0,0,0,0,100091.852162406,0,0,0,0,0,0,0
2024-03-01,10653,-1208131.23749253,0,0,0,0,0,40835.792438286,0,0,0,0,0,0,0,0,0,0,0,0
2024-03-02,10654,-1208192.40188118,0,0,0,0,0,40960.567791132,0,0,0,0,0,0,0,0,0,0,0,0
2024-03-03,10655,-1204750.07008796,0,0,0,0,0,33819.013772358,0,0,0,0,228740.134097724,0,0,0,0,0,0,0
2024-03-04,10656,-1205273.6372548,0,0,0,0,0,6921.362219634,0,0,0,0,1378804.34758149,0,0,0,0,0,0,0
2024-03-05,10657,-1205050.99888012,0,0,0,0,0,41122.041777168,0,0,0,0,595650.622155798,0,0,0,0,0,0,0
2024-03-06,10658,-552576.213092922,0,0,0,0,0,42176.515837494,0,0,0,-134.56165503,553892.47073667,0,0,0,0,0,0,0
2024-03-07,10659,-779965.837489254,0,0,0,0,0,6003.896389884,0,0,0,0,872546.70272544,0,0,0,0,0,0,0
2024-03-08,10660,-1205437.55781638,0,0,0,0,0,35118.145387284,0,0,0,0,416730.105901272,0,0,0,0,0,0,0
2024-03-09,10661,-1205506.06193167,0,0,0,0,0,39380.079988416,0,0,0,0,327491.262860922,0,0,0,0,0,0,0
2024-03-10,10662,-1208407.70052923,0,0,0,0,0,21865.045654602,0,0,0,0,321526.511679774,0,0,0,0,0,0,0
2024-03-11,10663,-1210059.13902278,0,0,0,0,0,20198.927707776,0,0,0,0,340169.417340294,0,0,0,0,0,0,0
2024-03-12,10664,-1208353.87586722,0,0,0,0,0,36361.005764652,-264.230158968,0,0,0,464817.548257902,0,0,0,0,0,0,0
2024-03-13,10665,-1207734.89225408,0,0,0,0,0,13722.842237514,0,0,0,0,558665.739626916,0,0,0,0,0,0,-755991.843714
2024-03-14,10666,-1204556.79061982,0,0,0,0,0,40114.052652216,0,0,0,0,535743.773336442,0,0,0,0,0,0,-1237967.226276
2024-03-15,10667,-1202416.03701707,0,0,0,0,0,0,0,0,0,0,508559.872444836,0,0,0,0,0,0,-1218394.621908
2024-03-16,10668,-1202819.72198216,0,0,0,0,0,41542.85277108,0,0,0,0,542481.642390126,0,0,0,0,0,0,-1208608.319724
2024-03-17,10669,-1242099.49237319,0,0,0,0,0,26029.117233894,0,0,0,0,504092.42549784,0,0,0,0,0,0,-1198822.01754
2024-03-18,10670,-1272180.13871126,0,0,0,0,0,14880.072470772,0,0,0,0,222540.51166416,0,0,0,0,0,0,-1184142.564264
2024-03-19,10671,-1273413.21278645,1069.153513602,0,0,0,0,0,0,0,0,0,335474.43886752,0,0,0,0,0,0,-1179249.413172
2024-03-20,10672,-1272331.82639512,0,0,0,0,0,282427.787879148,0,0,0,0,232984.942670034,0,0,0,0,0,0,-1167016.535442
2024-03-21,10673,-870895.26423189,0,0,0,0,0,25784.459679294,0,0,0,0,448496.442790536,0,0,0,0,0,0,-1157230.233258
2024-03-22,10674,0,0,0,0,0,0,62409.695602914,0,0,0,0,448596.752387922,0,0,0,0,0,0,-1154783.657712
2024-03-23,10675,0,0,0,0,0,0,23063.867672142,0,0,0,0,411856.52741364,0,0,0,0,0,0,-1179249.413172
2024-03-24,10676,0,0,0,0,0,0,41838.888412146,0,0,0,0,1469452.41813634,0,0,0,0,0,0,-1193928.866448
2024-03-25,10677,-810347.412619482,0,0,0,0,0,38920.123785768,0,0,0,0,685158.588506208,0,0,0,0,0,0,-1186589.13981
2024-03-26,10678,-1267521.85887168,0,0,0,0,0,0,0,0,0,0,473534.6969283,0,0,0,0,0,0,-1169463.110988
2024-03-27,10679,-1004681.35481381,0,0,0,0,0,0,0,0,0,0,102944.559249042,0,0,0,0,0,0,-1162123.38435
2024-03-28,10680,-977825.295045366,0,0,0,0,0,0,0,0,0,0,0,0,0,0,0,0,0,-1159676.808804
2024-03-29,10681,-1271796.02635054,0,0,0,0,0,0,0,0,0,0,0,0,0,0,0,0,0,-1169463.110988
2024-03-30,10682,-1272028.45102741,0,0,0,0,0,0,0,0,0,0,0,0,0,0,0,0,0,-1171909.686534
2024-03-31,10683,-1268182.4342691,0,0,0,0,0,0,0,0,0,0,0,0,0,0,0,0,0,-1162123.38435
2024-04-01,10684,-1265787.23680957,0,0,0,0,0,0,0,0,0,0,177366.940782816,0,0,0,0,0,0,-1152337.082166
2024-04-02,10685,-1263394.48592558,0,0,0,0,0,0,0,0,0,0,0,0,0,0,0,0,0,-1142550.779982
2024-04-03,10686,-1259445.71299433,0,0,0,0,0,0,0,0,0,0,0,0,0,0,0,0,0,-1120531.600068
2024-04-04,10687,-1262371.81734735,0,0,0,0,0,0,0,0,0,0,106981.408899942,0,0,0,0,0,0,-496654.835838
2024-04-05,10688,-1263321.0886592,0,0,0,0,0,0,0,0,0,0,110247.587253852,0,0,0,0,0,0,0
2024-04-06,10689,-1263279.49687492,0,0,0,0,0,0,0,0,0,0,0,0,0,0,0,0,0,0
2024-04-07,10690,-1263274.60372382,0,0,0,0,0,0,0,0,0,0,0,0,0,0,0,0,0,0
2024-04-08,10691,-1261564.44741717,0,0,0,0,0,0,0,0,0,0,59251.166573028,0,0,0,0,0,0,0
2024-04-09,10692,-400303.797685428,0,0,0,0,0,0,0,0,0,0,34447.78368768,0,0,0,0,0,0,0
2024-04-10,10693,0,0,0,0,0,0,0,0,0,0,0,0,0,0,0,0,0,0,0
2024-04-11,10694,-73318.975962528,0,0,0,0,0,0,0,0,0,0,988.416520584,0,0,0,0,0,0,0
2024-04-12,10695,-53080.903046016,0,0,0,0,0,0,0,0,0,0,0,0,0,0,0,0,0,0
2024-04-13,10696,0,0,0,0,0,0,0,0,0,0,0,0,0,0,0,0,0,0,0
2024-04-14,10697,0,0,0,0,0,0,0,0,0,0,0,127652.525688096,0,0,0,0,0,0,0
2024-04-15,10698,-133908.419359218,0,0,0,0,0,0,0,0,0,0,228874.695752754,0,0,0,0,0,0,0
2024-04-16,10699,0,0,0,0,0,0,0,0,0,0,0,302032.197729246,0,0,0,0,0,0,0
2024-04-17,10700,-182849.716581402,0,0,0,0,0,0,0,0,0,0,451552.21564749,0,0,0,0,0,0,0
2024-04-18,10701,-70067.477061894,0,0,0,0,0,4604.455177572,0,0,0,0,327129.169680114,0,0,0,0,0,0,0
2024-04-19,10702,-335021.82239151,0,0,0,0,0,0,0,0,0,0,459239.356013022,0,0,0,0,0,0,0
2024-04-20,10703,-134368.375561866,0,0,0,0,0,0,0,0,0,0,458263.172370168,0,0,0,0,0,0,0
2024-04-21,10704,-148174.401367944,0,0,0,0,0,0,0,0,0,0,315962.99888817,0,0,0,0,0,0,0
2024-04-22,10705,-102846.696227202,0,0,0,0,0,0,0,0,0,0,141580.880271474,0,0,0,0,0,0,0
2024-04-23,10706,-141478.124098542,0,0,0,0,0,23565.415659072,0,0,0,0,119659.563379314,0,0,0,0,0,0,0
2024-04-24,10707,-161564.509331202,0,0,0,0,0,0,0,0,0,0,0,0,0,0,0,0,0,0
2024-04-25,10708,-175135.663884864,0,0,0,0,0,0,0,0,0,0,93464.079008292,0,0,0,0,0,0,0
2024-04-26,10709,-224519.791280874,0,0,0,0,0,0,0,0,0,0,0,0,0,0,0,0,0,0
2024-04-27,10710,-141458.551494174,0,0,0,0,0,0,0,0,0,0,218941.599035994,0,0,0,0,0,0,0
2024-04-28,10711,-108598.595335848,0,0,0,0,0,0,0,0,0,0,83413.546665324,0,0,0,0,0,0,0
2024-04-29,10712,-76624.299525174,0,0,0,0,0,0,0,0,0,0,187052.93336943,0,0,0,0,0,0,0
2024-04-30,10713,-176285.554391484,0,0,0,0,0,0,0,0,0,0,71476.70457639,0,0,0,0,0,0,0
2024-05-01,10714,-128464.788769368,0,0,0,0,0,0,0,0,0,0,60344.78584209,0,0,0,0,0,0,0
2024-05-02,10715,-132724.276794954,0,0,0,0,0,0,0,0,0,0,2730.378309336,0,0,0,0,0,0,0
2024-05-03,10716,-210275.828452062,0,0,0,0,0,0,0,0,0,0,0,0,0,0,0,0,0,0
2024-05-04,10717,-144149.784594774,0,0,0,0,0,0,0,0,0,0,0,0,0,0,0,0,0,0
2024-05-05,10718,0,0,0,0,0,0,0,0,0,0,0,0,0,0,0,0,0,0,0
2024-05-06,10719,-152661.420919308,0,0,0,0,0,0,0,0,0,0,0,0,0,0,0,0,0,0
2024-05-07,10720,-217150.705736322,0,0,0,0,0,0,0,0,0,0,11809.620160542,0,0,0,0,0,0,0
2024-05-08,10721,-307788.989988984,0,0,0,0,0,0,0,0,0,0,650669.213034246,0,0,0,0,0,0,0
2024-05-09,10722,-302839.567659426,0,0,0,0,0,0,0,0,0,0,632564.553993846,0,0,0,0,0,0,0
2024-05-10,10723,-175722.842015904,0,0,0,0,0,0,0,0,0,0,0,0,0,0,0,0,0,0
2024-05-11,10724,-225535.120132464,0,0,0,0,0,0,0,0,0,0,0,0,0,0,0,0,0,0
2024-05-12,10725,-81840.398589246,0,0,0,0,0,0,0,0,0,0,0,0,0,0,0,0,0,0
2024-05-13,10726,-106563.044481576,0,0,0,0,0,0,0,0,0,0,0,0,0,0,0,0,0,0
2024-05-14,10727,-308542.535257152,0,0,0,0,0,0,0,0,0,0,0,0,0,0,0,0,0,0
2024-05-15,10728,-243637.332597318,0,0,0,0,0,0,0,0,0,0,0,0,0,0,0,0,0,0
2024-05-16,10729,-164940.783584682,0,0,0,0,0,0,0,0,0,0,0,0,0,0,0,0,0,0
2024-05-17,10730,-108500.732314008,0,0,0,0,0,0,0,0,0,0,0,0,0,0,0,0,0,0
2024-05-18,10731,-238514.203403994,0,0,0,0,0,0,0,0,0,0,0,0,0,0,0,0,0,0
2024-05-19,10732,0,0,0,0,0,0,0,0,0,0,0,0,0,0,0,0,0,0,0
2024-05-20,10733,-144555.91613541,0,0,0,0,0,0,0,0,0,0,0,0,0,0,0,0,0,0
2024-05-21,10734,-61193.747556552,0,0,0,0,0,0,0,0,0,0,0,0,0,0,0,0,0,0
2024-05-22,10735,-229173.177969366,0,0,0,0,0,0,0,0,0,-259.337007876,0,0,0,0,0,0,0,0
2024-05-23,10736,-92991.889927914,0,0,0,0,0,0,0,0,0,0,0,0,0,0,0,0,0,0
2024-05-24,10737,-207660.439193388,0,0,0,0,0,0,0,0,0,0,0,0,0,0,0,0,0,0
2024-05-25,10738,0,0,0,0,0,0,0,0,0,0,0,0,0,0,0,0,0,0,0
2024-05-26,10739,0,0,0,0,0,0,0,0,0,0,0,0,0,0,0,0,0,0,0
2024-05-27,10740,-192672.717398592,0,0,0,0,0,0,0,0,0,0,0,0,0,0,0,0,0,0
2024-05-28,10741,0,0,0,0,0,0,0,0,0,0,0,0,0,0,0,0,0,0,0
2024-05-29,10742,-213654.549281088,0,0,0,0,0,0,0,0,0,0,0,0,0,0,0,0,0,0
2024-05-30,10743,-73091.44443675,0,0,0,0,0,0,0,0,0,0,0,0,0,0,0,0,0,0
2024-05-31,10744,-217710.971536356,0,0,0,0,0,0,0,0,0,0,0,0,0,0,0,0,0,0
2024-06-01,10745,-61088.544808074,0,0,0,0,0,0,0,0,0,0,0,0,0,0,0,0,0,0
2024-06-02,10746,0,0,0,0,0,0,0,0,0,0,0,0,0,0,0,0,0,0,0
2024-06-03,10747,-155856.648582384,0,0,0,0,0,0,0,0,0,0,0,0,0,0,0,0,0,0
2024-06-04,10748,-295583.02458999,0,0,0,0,0,0,0,0,0,0,0,0,0,0,0,0,0,0
2024-06-05,10749,-136939.726460712,0,0,0,0,0,0,0,0,0,0,0,0,0,-22.019179914,0,0,0,0
2024-06-06,10750,-297638.14804863,0,0,0,0,0,0,0,0,0,0,0,0,0,0,0,0,0,0
2024-06-07,10751,-7021.67181702,0,0,0,0,0,0,0,0,0,0,0,0,0,0,0,0,0,0
2024-06-08,10752,-29694.087401802,0,0,0,0,0,0,0,0,0,0,0,0,0,0,0,0,0,0
2024-06-09,10753,0,0,0,0,0,0,0,0,0,0,0,0,0,0,0,0,0,0,0
2024-06-10,10754,0,0,0,0,0,0,64589.5944144,0,0,0,0,0,0,0,0,0,0,0,0
2024-06-11,10755,0,0,0,0,0,0,680835.489516426,0,0,0,0,10742.913222486,0,0,0,0,0,0,0
2024-06-12,10756,0,0,0,0,0,0,1021425.71785063,0,0,0,0,7422.910206564,0,0,0,0,0,0,0
2024-06-13,10757,0,0,0,0,0,0,3060988.95601807,0,0,0,0,2321039.30815919,0,0,0,0,0,0,0
2024-06-14,10758,0,0,0,0,0,0,3051816.74429612,0,0,0,0,3090751.54753516,0,0,0,0,0,0,0
2024-06-15,10759,0,0,0,0,0,0,2798219.40265103,0,0,0,0,3026313.64080461,0,0,0,0,0,0,0
2024-06-16,10760,0,0,0,0,0,0,2424933.13872008,0,0,0,0,3538567.84232391,0,0,0,0,0,0,0
2024-06-17,10761,0,0,0,0,0,0,2674452.03892999,0,0,0,0,3865660.31337083,0,0,0,0,0,0,0
2024-06-18,10762,-296373.268491348,0,0,0,0,0,2136604.21062398,0,0,0,0,3412561.86197827,0,0,0,0,0,0,0
2024-06-19,10763,-1020765.14245321,0,0,0,0,0,2130791.14712669,0,0,0,0,3379936.77707236,0,0,0,0,0,0,0
2024-06-20,10764,-1202151.80685811,0,0,0,0,0,1046307.39115345,0,0,0,0,2869231.25787368,0,0,0,0,0,0,0
2024-06-21,10765,-1204838.14680761,0,0,0,0,0,771845.65325208,0,0,0,0,2490007.15509259,0,0,0,0,0,0,0
2024-06-22,10766,-1248125.40794299,0,0,0,0,0,670525.620165582,0,0,0,0,2351227.60382129,0,0,0,0,0,0,0
2024-06-23,10767,-1273701.90870088,0,0,0,0,0,253164.297773442,0,0,0,0,2053853.68593163,0,0,0,0,0,0,0
2024-06-24,10768,-1271585.62085359,0,0,0,0,0,435194.411546934,0,0,0,0,1848216.56471478,0,0,0,0,0,0,0
2024-06-25,10769,-889112.465747406,0,0,0,0,0,618672.898043658,0,0,0,0,1380937.7614576,0,0,0,0,0,0,0
2024-06-26,10770,-367267.68808779,0,0,0,0,0,274305.157066428,0,0,0,0,902013.258601464,0,0,0,0,0,0,0
2024-06-27,10771,-770040.080499132,0,0,0,0,0,85769.598916122,0,0,0,0,936047.57102187,0,0,0,0,0,0,0
2024-06-28,10772,-759828.074170128,0,0,0,0,0,94547.91197517,0,0,0,0,1010227.74157659,0,0,0,0,0,0,0
2024-06-29,10773,-1025665.63327185,0,0,0,0,0,27174.114589422,0,0,0,0,971635.458913986,0,0,0,0,0,0,0
2024-06-30,10774,-975863.141457474,0,0,0,0,0,422494.237887648,0,0,0,0,840234.779489418,0,0,0,0,0,0,0
2024-07-01,10775,-133575.685084962,0,0,0,0,0,454167.604906164,0,0,0,0,984849.413437932,0,0,0,0,0,0,0
2024-07-02,10776,0,0,0,0,0,0,1038055.09183679,0,0,0,0,527452.328811048,0,0,0,0,0,0,0
2024-07-03,10777,-41719.006210392,0,0,0,0,0,767006.326822092,0,0,0,0,633293.633506554,0,0,0,0,0,0,0
2024-07-04,10778,-455892.440666094,0,0,0,0,0,0,0,0,0,0,222596.782901718,0,0,0,0,0,0,0
2024-07-05,10779,-317680.494921462,0,0,0,0,0,0,0,0,0,0,225160.794073926,0,0,0,0,0,0,0
2024-07-06,10780,-666779.913004656,0,0,0,0,0,521184.202262196,0,0,0,0,226070.920177038,0,0,0,0,0,0,0
2024-07-07,10781,-961494.403275816,0,0,0,0,0,109587.011856432,0,0,0,0,57470.05957554,0,0,0,0,0,0,0
2024-07-08,10782,-866036.365197534,0,0,0,0,0,120555.01002915,0,0,0,0,1508923.02141995,0,0,0,0,0,0,0
2024-07-09,10783,0,0,0,0,0,0,437359.630905144,0,0,0,0,1537425.62653085,0,0,0,0,0,0,0
2024-07-10,10784,0,0,0,0,0,0,498731.978476554,0,0,0,0,1295588.97353539,0,0,0,0,0,0,0
2024-07-11,10785,0,0,0,0,0,0,831236.27463123,0,0,0,0,1168919.97121679,0,0,0,0,0,0,0
2024-07-12,10786,0,0,0,0,0,0,239744.830903632,0,0,0,0,796338.321043086,0,0,0,0,0,0,0
2024-07-13,10787,0,0,0,0,0,0,275868.518840322,0,0,0,0,615543.727920324,0,0,0,0,0,0,0
2024-07-14,10788,0,0,0,0,0,0,163986.619121742,0,0,0,0,800465.693989188,0,0,0,0,0,0,0
2024-07-15,10789,0,0,0,0,0,0,309056.316121812,0,0,0,0,658618.1369832,0,0,0,0,0,0,0
2024-07-16,10790,0,0,0,0,0,0,40344.03075354,0,0,0,0,390052.646147688,0,0,0,0,0,0,0
2024-07-17,10791,0,0,0,0,0,0,731812.337592882,0,0,0,0,532061.677139712,0,0,0,0,0,0,0
2024-07-18,10792,0,0,0,0,0,0,814472.338990038,0,0,0,0,405001.222733748,0,0,0,0,0,0,0
2024-07-19,10793,0,0,0,0,0,0,276274.650380958,0,0,0,0,423800.709229212,0,0,0,0,0,0,0
2024-07-20,10794,0,0,0,0,0,0,217737.883867362,0,0,0,0,447772.25642892,0,0,0,0,0,0,0
2024-07-21,10795,0,0,0,0,0,0,43602.869380812,0,0,0,0,957875.918043282,0,0,0,0,0,0,0
2024-07-22,10796,0,0,0,0,0,0,65558.438330616,0,0,0,0,809569.401595854,0,0,0,0,0,0,0
2024-07-23,10797,0,0,0,0,0,0,44779.672218438,0,0,0,0,1062682.32128283,0,0,0,0,0,0,0
2024-07-24,10798,0,0,0,0,0,0,52584.248210178,0,0,0,0,1172200.82902397,0,0,0,0,0,0,0
2024-07-25,10799,0,0,0,0,0,0,87969.070331976,0,0,0,0,1756127.46116334,0,0,0,0,0,0,0
2024-07-26,10800,0,0,0,0,0,0,697702.18133055,0,0,0,0,1652192.03881817,0,0,0,0,0,0,0
2024-07-27,10801,0,0,0,0,0,0,451358.936179356,0,0,0,0,1469427.95238088,0,0,0,0,0,0,0
2024-07-28,10802,0,0,0,0,0,0,339875.828274774,0,0,0,0,1654516.28558687,0,0,0,0,0,0,0
2024-07-29,10803,0,0,0,0,0,0,36111.45505896,0,0,0,0,1668102.11959381,0,0,-1220.841197454,0,0,0,0
2024-07-30,10804,-740610.223256298,0,0,0,0,0,59353.92274596,0,0,0,0,1547596.04107558,0,0,-203.065770318,0,0,0,0
2024-07-31,10805,-1283104.09852415,0,0,0,0,0,189384.519864768,0,0,0,0,1176514.14171157,0,0,0,0,0,0,0
2024-08-01,10806,-1284948.81648584,0,0,0,0,0,317621.777108358,0,0,0,0,827106.455109582,0,0,0,0,0,0,0
2024-08-02,10807,-697249.56485454,0,0,0,0,0,349657.237307682,0,0,0,0,796727.3265549,0,0,0,0,0,-667915.124058,-809816.505726
2024-08-03,10808,0,0,0,0,0,0,149842.965890316,0,0,0,0,756449.353341102,0,0,0,0,0,-1127871.326706,-1144997.355528
2024-08-04,10809,0,0,0,0,0,0,431617.518098682,0,0,0,0,1086230.61091308,0,0,0,0,0,-1118085.024522,-1132764.477798
2024-08-05,10810,-822812.715026352,0,0,0,0,0,359191.542210444,0,0,0,0,725898.9644982,0,0,0,0,0,-552926.073396,-584731.555494
2024-08-06,10811,-1273995.4977664,0,0,0,0,0,129372.468296934,0,0,0,0,606325.031262996,0,0,0,0,0,0,0
2024-08-07,10812,-1276593.76099625,0,0,0,0,0,402319.775935332,0,0,0,0,398207.082442506,0,0,0,0,0,0,0
2024-08-08,10813,-1278440.92553348,0,0,0,0,0,298411.265921166,0,0,0,0,536169.477481446,0,0,0,0,0,0,0
2024-08-09,10814,-1276672.05141372,0,0,0,0,0,49738.88085018,0,0,0,0,515136.267512484,0,0,0,0,0,0,0
2024-08-10,10815,-1279994.50100519,0,0,0,0,0,446054.760395628,0,0,0,0,844435.5497019,0,0,0,0,0,0,0
2024-08-11,10816,-1284393.4438369,0,0,0,0,0,629178.493438182,0,0,0,0,1030590.58984595,0,0,0,0,0,0,0
2024-08-12,10817,-1288356.89622142,0,0,0,0,0,598324.729227576,0,0,0,0,1474913.17475501,0,0,0,0,0,0,0
2024-08-13,10818,-1287701.21397509,0,0,0,0,0,626230.369905252,0,0,0,0,1412753.02985779,0,0,0,0,0,0,0
2024-08-14,10819,-1287505.48793141,0,0,0,0,0,470244.05281893,-114.989050662,0,0,0,1047995.52828019,0,0,0,0,0,0,0
2024-08-15,10820,-1289198.51820924,0,0,0,0,0,378830.204118186,0,0,0,0,869870.149078116,0,0,0,0,0,0,0
2024-08-16,10821,-975797.083917732,0,0,0,0,0,374372.543473374,0,0,0,0,1122887.6523188,0,0,0,0,0,0,0
2024-08-17,10822,-1287674.30164408,0,0,0,0,0,179439.190270278,0,0,0,0,816569.05423296,0,0,0,0,0,0,0
2024-08-18,10823,-1280613.48461833,0,0,0,0,0,34849.022077224,0,0,0,0,587523.098191986,0,0,0,0,0,0,0
2024-08-19,10824,-603528.595413918,0,0,0,0,0,0,0,0,0,0,625486.610939268,0,0,0,0,0,0,0
2024-08-20,10825,0,0,0,0,0,0,393480.298487634,0,0,0,0,529898.904357048,0,0,0,0,0,0,0
2024-08-21,10826,0,0,0,0,0,0,561457.282324902,0,0,0,0,256980.955625202,0,0,0,0,0,0,0
2024-08-22,10827,0,0,0,0,0,0,212749.316329068,0,0,0,0,561112.315172916,0,0,0,0,0,0,0
2024-08-23,10828,0,0,0,0,0,0,256474.51448718,0,0,0,0,284086.566099336,0,0,0,0,0,0,0
2024-08-24,10829,0,0,0,0,0,0,188283.560869068,0,0,0,0,295181.786200446,0,0,0,0,0,0,0
2024-08-25,10830,0,0,0,0,0,0,41787.51032568,0,0,0,0,342689.390152674,0,0,0,0,0,0,0
2024-08-26,10831,0,0,0,0,0,0,40774.628049636,0,0,0,0,702402.052954416,0,0,0,0,0,0,0
2024-08-27,10832,0,0,0,0,0,0,0,0,0,0,0,254524.593777018,0,0,0,0,0,0,0
2024-08-28,10833,0,0,0,0,0,0,42846.877537098,0,0,0,0,303708.101978256,0,0,0,0,0,0,0
2024-08-29,10834,0,0,0,0,0,0,168373.32907572,0,0,0,0,291585.320147826,0,0,0,0,0,0,0
2024-08-30,10835,0,0,0,0,0,0,394767.19722483,0,0,0,0,222381.48425367,0,0,0,0,0,0,0
2024-08-31,10836,0,0,0,0,0,0,3366.487951296,0,0,0,0,688490.82439986,0,0,0,0,0,0,0
2024-09-01,10837,0,0,0,0,0,0,41968.556916084,0,0,0,0,1038267.9439093,0,0,0,0,0,0,0
2024-09-02,10838,0,0,0,0,0,0,42364.902154536,0,0,0,0,868832.801046612,0,0,0,0,0,0,0
2024-09-03,10839,0,0,0,0,0,0,43404.696761586,0,0,0,0,1135754.19311521,0,0,0,0,0,0,0
2024-09-04,10840,0,0,0,0,0,0,117403.820725902,0,0,0,0,1097705.05022382,0,0,0,0,0,0,0
2024-09-05,10841,0,0,0,0,0,0,744830.566073148,0,0,0,0,1227950.94599068,0,0,0,0,0,0,0
2024-09-06,10842,0,0,0,0,0,0,775339.363131768,0,0,0,0,1321737.97297104,0,0,0,0,0,0,0
2024-09-07,10843,0,0,0,0,0,0,361540.254734604,0,0,0,0,1474631.81856722,0,0,0,0,0,0,0
2024-09-08,10844,0,0,0,0,0,0,39967.258119456,0,0,0,0,1349863.80544786,0,0,0,0,0,0,0
2024-09-09,10845,0,0,0,0,0,0,55273.034735232,0,0,0,0,1043161.0950013,0,0,0,0,0,0,0
2024-09-10,10846,0,0,0,0,0,0,449976.620995866,0,0,0,0,2484771.48342415,0,0,0,0,0,0,0
2024-09-11,10847,0,0,0,0,0,0,880823.467797558,0,0,0,0,1792549.63131664,0,0,0,0,0,0,0
2024-09-12,10848,0,0,0,0,0,0,1908666.55330535,0,0,0,0,1552234.74831079,0,0,0,0,0,0,0
2024-09-13,10849,0,0,0,0,0,0,1755205.1021825,0,0,0,0,1317786.75346425,0,0,0,0,0,0,0
2024-09-14,10850,0,0,0,0,0,0,1645427.25743348,0,0,0,0,1853107.26923123,0,0,0,0,0,0,0
2024-09-15,10851,0,0,0,0,0,0,1354049.89620706,0,0,0,0,2105933.93957933,0,0,0,0,0,0,0
2024-09-16,10852,0,0,0,0,0,0,914123.807554164,0,0,0,0,1766745.59903298,0,0,0,0,0,0,0
2024-09-17,10853,0,0,0,0,0,0,675115.395889878,0,0,0,0,1535522.19075607,0,0,0,0,0,0,0
2024-09-18,10854,-214633.179499488,0,0,0,0,0,622983.76415571,0,0,0,0,2144374.53455808,0,0,0,0,0,0,0
2024-09-19,10855,-442617.321753498,0,0,0,0,0,577394.275431546,0,0,0,0,1623953.66386624,0,0,0,0,0,0,0
2024-09-20,10856,0,0,0,0,0,0,437562.696675462,0,0,0,0,1335717.70564088,0,0,0,0,0,0,0
2024-09-21,10857,-457590.364095018,0,0,0,0,0,455439.824190084,0,0,0,0,1354326.35924376,0,0,0,0,0,0,0
2024-09-22,10858,-1134496.65328457,0,0,0,0,0,488583.583111746,0,0,0,0,1803948.22678546,0,0,0,0,0,0,0
2024-09-23,10859,-446022.95491353,0,0,0,0,0,361576.953367794,0,0,0,0,1884080.91564359,0,0,0,0,0,0,0
2024-09-24,10860,-552842.889827436,0,0,0,0,0,181330.393167336,0,0,0,0,1340530.11973987,0,0,0,0,-530906.893482,-552926.073396,-565158.951126
2024-09-25,10861,-328961.654764068,0,0,0,0,0,686354.963948202,0,0,0,0,1282881.46014947,0,0,0,0,-3229479.72072,-1189035.715356,-1208608.319724
2024-09-26,10862,-516949.17999207,0,0,0,0,0,931134.847325502,0,0,0,0,1493304.08313429,0,0,0,0,-2537098.841202,-1174356.26208,-1186589.13981
2024-09-27,10863,-1063338.00352916,0,0,0,0,0,1300506.59038285,0,0,0,0,1641517.62971097,0,0,0,0,0,-1193928.866448,-1198822.01754
2024-09-28,10864,-1285995.95081953,0,0,0,0,0,924472.822113744,0,0,0,0,1402533.68380214,0,0,0,0,0,-1208608.319724,-1213501.470816
2024-09-29,10865,-1287649.83588862,0,0,0,0,0,373545.600938826,0,0,0,0,1022568.26863061,0,0,0,0,0,-1211054.89527,-1215948.046362
2024-09-30,10866,-1288136.70442228,0,0,0,0,0,225843.38865126,0,0,0,0,738002.173724262,0,0,0,0,0,-1208608.319724,-1213501.470816
2024-10-01,10867,-1291199.81700587,0,0,0,0,0,287007.77730126,0,0,0,0,216634.478296116,178930.30255671,0,0,0,0,-621430.188684,-611643.8865
2024-10-02,10868,-1293514.27747238,0,0,0,0,0,366908.041482528,0,0,0,0,0,328325.545122108,0,0,0,0,0,0
2024-10-03,10869,-1113991.90363354,0,0,0,0,0,343085.735391126,0,0,0,0,0,173119.68563496,0,0,0,0,0,0
2024-10-04,10870,-435302.060870958,0,0,0,0,0,188454.821157288,0,0,0,0,0,372547.398116058,0,0,0,0,0,0
2024-10-05,10871,-893249.624995692,0,0,0,0,0,456893.090064408,0,0,0,0,163817.805409068,566842.195101648,0,0,0,0,0,0
2024-10-06,10872,-394282.775266722,0,0,0,0,0,794021.414001024,0,0,0,0,275660.559918912,579160.702975758,0,0,0,0,0,0
2024-10-07,10873,0,0,0,0,0,0,1561695.65594717,0,0,0,0,2569361.8329271,263180.578058766,0,0,0,-3694329.07446,-4024616.77317,-4068655.132998
2024-10-08,10874,0,0,0,0,0,0,1700903.35793903,0,0,0,0,2312444.4882661,94031.684534964,0,0,0,-5039945.62476,-5294389.481544,-6150690.922644
2024-10-09,10875,0,0,0,0,0,0,1519433.50996557,0,0,0,0,1485002.85230671,80213.425851156,0,0,0,-4129819.521648,-4178751.032568,-4961655.207288
2024-10-10,10876,-714837.996454734,0,0,0,0,0,1698466.56869521,0,0,0,0,1347182.35864944,0,0,0,0,-3872929.089318,-3782405.794116,-4337778.443058
2024-10-11,10877,-1234128.54924433,0,0,0,0,0,1420709.29353338,0,0,0,0,156316.604785032,208042.104978564,0,0,0,-1609846.709268,-1834931.6595,-2006191.94772
2024-10-12,10878,-1229856.82834101,0,0,0,0,0,267210.087983028,0,0,0,0,0,408186.66409464,0,0,0,-499101.411384,-501547.98693,-680148.001788
2024-10-13,10879,-1236430.77683311,0,0,0,0,0,0,0,0,0,0,0,264213.032939178,0,0,0,-540693.195666,-545586.346758,-545586.346758
2024-10-14,10880,-439446.559845882,0,0,0,0,0,3141.403001064,0,0,0,0,0,252153.862072944,0,0,0,-557819.224488,-565158.951126,-721739.78607
2024-10-15,10881,0,0,0,0,0,0,123764.917145502,0,0,0,0,0,136210.646948004,0,0,0,-220191.79914,-244657.5546,-298482.216612
2024-10-16,10882,0,0,0,0,0,0,38027.123711478,0,0,0,0,101395.876928424,64004.862858906,0,0,0,0,0,0
2024-10-17,10883,0,0,0,0,0,0,0,0,0,0,0,191420.07071904,257722.26801564,0,0,0,0,0,0
2024-10-18,10884,0,0,0,0,0,0,41075.556841794,0,0,0,0,209294.751658116,579948.50030157,0,0,0,0,0,0
2024-10-19,10885,0,0,0,0,0,0,203807.082708438,0,0,0,0,216091.338524904,579620.659178406,0,0,0,0,0,0
2024-10-20,10886,0,0,0,0,0,0,2033.104278726,0,0,0,0,49609.212346242,567461.178714786,0,0,0,0,0,0
2024-10-21,10887,0,0,0,0,0,0,40943.44176231,0,0,0,0,0,437905.217251902,0,0,0,0,0,0
2024-10-22,10888,0,0,0,0,0,0,41733.685663668,0,0,0,0,0,131655.123281352,0,0,0,0,0,0
2024-10-23,10889,0,0,0,0,0,0,158746.05430221,0,0,0,0,0,235663.942892904,0,0,0,0,0,0
2024-10-24,10890,0,0,0,0,0,0,14067.8093895,0,0,0,0,0,85529.834512614,0,0,0,0,0,0
2024-10-25,10891,0,0,0,0,0,0,26454.821378898,0,0,0,0,0,62050.048997652,0,0,0,0,0,0
2024-10-26,10892,0,0,0,0,0,0,42252.35967942,0,0,0,0,0,70598.383955376,0,0,0,0,0,0
2024-10-27,10893,0,0,0,0,0,0,41038.858208604,0,0,0,0,0,0,0,0,0,0,0,0
2024-10-28,10894,0,0,0,0,0,0,22295.642950698,0,0,0,0,0,6277.912851036,0,0,0,0,0,0
2024-10-29,10895,0,0,0,0,0,0,20424.012658008,0,0,0,0,0,27416.325568476,0,0,0,0,0,0
2024-10-30,10896,0,0,0,0,0,0,39840.036191064,0,0,0,0,0,0,0,0,0,0,0,0
2024-10-31,10897,0,0,0,0,0,0,41491.474684614,0,0,0,0,0,0,0,0,0,0,0,0
2024-11-01,10898,0,0,0,0,0,0,12203.518823448,0,0,0,0,0,0,0,0,0,0,0,0
2024-11-02,10899,0,0,0,0,0,0,79706.984713134,0,0,0,0,0,8364.841791774,0,0,0,0,0,0
2024-11-03,10900,0,0,0,0,0,0,149417.261745312,0,0,0,0,0,266136.041318334,0,0,0,0,0,0
2024-11-04,10901,0,0,0,0,0,0,39287.110117668,0,0,0,0,0,391625.794223766,0,0,0,0,0,0
2024-11-05,10902,0,0,0,0,0,0,0,0,0,0,0,0,306619.526877996,0,0,0,0,0,0
2024-11-06,10903,0,0,0,0,0,0,42049.293909102,0,0,0,0,0,378541.508203758,0,0,0,0,0,0
2024-11-07,10904,0,0,0,0,0,0,40970.354093316,0,0,0,0,0,197903.49591594,0,0,0,0,0,0
2024-11-08,10905,0,0,0,0,0,0,17561.519269188,0,0,0,0,0,16005.497221932,0,0,0,0,0,0
2024-11-09,10906,0,0,0,0,0,0,23739.122522838,0,0,0,0,0,0,0,0,0,0,0,0
2024-11-10,10907,0,0,0,0,0,0,39737.280018132,0,0,0,0,0,0,0,0,0,0,0,0
2024-11-11,10908,0,0,0,0,0,0,11303.17902252,0,0,0,0,0,53112.708528114,0,0,0,0,0,0
2024-11-12,10909,0,0,0,0,0,0,29571.758624502,0,0,0,0,0,0,0,0,0,0,0,0
2024-11-13,10910,0,0,0,0,0,0,40050.44168802,0,0,0,0,0,40194.789645234,0,0,0,0,0,0
2024-11-14,10911,0,0,0,0,0,0,0,0,0,0,0,0,0,0,0,0,0,0,0
2024-11-15,10912,0,0,0,0,0,0,41618.696613006,0,0,0,0,0,0,0,0,0,0,0,0
2024-11-16,10913,0,0,0,0,0,0,38592.282662604,0,0,0,0,0,60909.944793216,0,0,0,0,0,0
2024-11-17,10914,0,0,0,0,0,0,0,0,0,0,0,0,0,0,0,0,0,0,0
2024-11-18,10915,0,0,0,0,0,0,40155.644436498,0,0,0,0,0,0,0,0,0,0,0,0
2024-11-19,10916,0,0,0,0,0,0,39519.534794538,0,0,0,0,0,58343.487045462,0,0,0,0,0,0
2024-11-20,10917,0,0,0,0,0,0,0,0,0,0,0,0,0,0,0,0,0,0,0
2024-11-21,10918,-829.389110094,0,0,0,0,0,36206.871505254,0,0,0,0,0,41087.789719524,0,0,0,0,0,0
2024-11-22,10919,0,0,0,0,0,0,288397.432211388,0,0,0,0,0,15100.264269912,0,0,0,0,0,0
2024-11-23,10920,0,0,0,0,0,0,464793.082502442,0,0,0,0,0,0,0,0,0,0,0,0
2024-11-24,10921,0,0,0,0,0,0,331533.005662914,0,0,0,0,0,9319.006254714,0,0,0,0,0,0
2024-11-25,10922,0,0,0,0,0,0,352240.821084258,0,0,0,0,0,52021.535834598,0,0,0,0,0,0
2024-11-26,10923,0,0,0,0,0,0,367297.046994342,0,0,0,0,0,0,0,0,0,0,0,0
2024-11-27,10924,0,0,0,0,0,0,332751.400284822,0,0,0,0,79105.127128818,59446.892616708,0,0,0,0,0,0
2024-11-28,10925,0,0,0,0,0,0,379136.026061436,0,0,0,0,218099.97704817,442291.92720588,0,0,0,0,0,0
2024-11-29,10926,0,0,0,0,0,0,328350.010877568,0,0,0,0,174859.200848166,430844.400226146,0,0,0,0,0,0
2024-11-30,10927,0,0,0,0,0,0,120545.223726966,0,0,0,0,92399.818645782,440527.946237214,0,0,0,0,0,0
2024-12-01,10928,0,0,0,0,0,0,41011.945877598,0,0,0,0,222083.002037058,446854.79059917,0,0,0,0,0,0
2024-12-02,10929,0,0,0,0,0,0,287717.2842096,0,0,0,0,221510.503359294,442223.423090592,0,0,0,0,0,0
2024-12-03,10930,0,0,0,0,0,0,426000.180645066,0,0,0,0,221004.062221272,438137.641928772,0,0,0,0,0,0
2024-12-04,10931,0,0,0,0,0,0,337527.115750614,0,0,0,0,220561.232047446,434399.274494484,0,0,0,0,0,0
2024-12-05,10932,0,0,0,0,0,0,576907.406897892,0,0,0,0,138285.343011012,431867.068804374,0,0,0,0,0,0
2024-12-06,10933,0,0,0,0,0,0,558306.093021654,0,0,0,0,170416.21965663,445719.579545826,0,0,0,0,0,0
2024-12-07,10934,0,0,0,0,0,0,528054.186395364,0,0,0,0,224385.229625844,465771.712720842,0,0,0,0,0,0
2024-12-08,10935,0,0,0,0,0,0,44938.699628928,0,0,0,0,223846.983005724,461394.789069048,0,0,0,0,0,0
2024-12-09,10936,0,0,0,0,0,0,35108.3590851,0,0,0,0,693836.59196787,431446.257810462,0,-83.183568564,0,0,0,0
2024-12-10,10937,0,0,0,0,0,0,13294.691516964,-63.610964196,0,0,0,144563.255862048,442130.453219844,0,0,0,0,0,0
2024-12-11,10938,0,0,0,0,0,0,53271.735938604,0,0,0,0,200902.997535336,263616.068505954,0,0,0,0,0,0
2024-12-12,10939,0,0,0,0,0,0,248229.55489716,0,0,0,0,0,216529.275547638,0,0,0,0,0,0
2024-12-13,10940,0,0,0,0,0,0,359627.032657632,0,0,0,0,0,287017.563603444,0,0,0,0,0,0
2024-12-14,10941,0,0,0,0,0,0,377643.614978376,0,0,0,0,0,284054.760617238,0,0,0,0,0,0
2024-12-15,10942,0,0,0,0,0,0,337691.036312196,0,0,0,0,0,282486.505692252,0,0,0,0,0,0
2024-12-16,10943,0,0,0,0,0,0,436503.329464044,0,0,0,0,0,243605.52711522,0,0,0,0,0,0
2024-12-17,10944,0,0,0,0,0,0,411039.371181276,0,0,0,0,0,140061.556857408,0,0,0,0,0,0
2024-12-18,10945,0,0,0,0,0,0,393296.805321684,0,0,0,0,0,44627.984534586,0,0,0,0,0,0
2024-12-19,10946,0,0,0,0,0,0,559950.191788566,0,0,0,0,0,90398.519849154,0,0,0,0,0,0
2024-12-20,10947,0,0,0,0,0,0,583434.87045462,0,0,0,0,0,0,0,0,0,0,0,0
2024-12-21,10948,0,0,0,0,0,0,565283.726478846,0,0,0,0,0,0,0,0,0,0,0,0
2024-12-22,10949,0,0,0,0,0,0,519640.41309267,0,0,0,0,0,0,0,0,0,0,0,0
2024-12-23,10950,0,0,0,0,0,0,560490.884984232,0,0,0,0,0,0,0,0,0,0,0,0
2024-12-24,10951,0,0,0,0,0,0,539712.118872054,0,0,0,0,0,0,0,0,0,0,0,0
2024-12-25,10952,0,0,0,0,0,0,581325.922333968,0,0,0,0,0,53746.371594528,0,0,0,0,0,0
2024-12-26,10953,0,0,0,0,0,0,72254.715600018,0,0,0,0,0,5460.756618672,0,0,0,0,0,0
2024-12-27,10954,0,0,0,0,0,0,42428.513118732,0,0,0,0,0,0,0,0,0,0,0,0
2024-12-28,10955,0,0,0,0,0,0,490844.21891625,0,0,0,0,0,0,0,0,0,0,0,0
2024-12-29,10956,0,0,0,0,0,0,578431.62346305,0,0,0,0,0,0,0,0,0,0,0,0
2024-12-30,10957,0,0,0,0,0,0,325732.175043348,0,0,0,0,0,55769.68957107,0,0,0,0,0,0
2024-12-31,10958,0,0,0,0,0,0,454561.50356907,0,0,0,0,0,658.128821874,0,0,0,0,0,0
2025-01-01,10959,0,0,0,0,0,0,168581.28799713,0,0,0,0,0,0,0,0,0,0,0,0
2025-01-02,10960,0,0,0,0,0,0,693496.517966976,0,0,0,0,0,0,0,0,0,0,0,0
2025-01-03,10961,0,0,0,0,0,0,292404.922955736,0,0,0,0,0,0,0,0,0,11122132.432116,0,0
2025-01-04,10962,0,0,0,0,0,0,293704.054570662,0,0,0,0,0,0,0,0,0,15589579.379112,0,0
2025-01-05,10963,0,0,0,0,0,0,294381.755996904,0,0,0,0,0,0,0,0,0,15763286.242878,0,0
2025-01-06,10964,0,0,0,0,0,0,641022.365656368,0,0,0,0,0,0,0,0,0,2072249.487462,0,0
2025-01-07,10965,0,0,0,0,0,0,270598.595114238,73.39726638,0,0,0,0,53555.53870194,0,0,0,0,0,0
2025-01-08,10966,0,0,0,0,0,0,295211.145106998,0,0,0,0,0,0,0,0,0,0,0,0
2025-01-09,10967,-156103.75271253,0,0,0,0,0,514566.215410266,0,0,0,0,0,0,0,0,0,0,0,0
2025-01-10,10968,0,0,0,0,0,0,516513.689544882,0,0,0,0,0,0,0,0,0,0,0,0
2025-01-11,10969,0,0,0,0,0,0,289380.95558088,0,0,0,0,0,0,0,0,0,0,0,0
2025-01-12,10970,0,0,0,0,0,0,70649.762041842,0,0,0,0,0,312836.275340382,0,0,0,0,0,0
2025-01-13,10971,0,0,0,0,0,0,59256.05972412,0,0,0,0,0,429381.348049638,0,0,0,0,0,0
2025-01-14,10972,-155849.308855746,0,0,0,0,0,16433.647942482,0,0,0,0,322989.563856282,590343.999796524,0,0,0,0,0,0
2025-01-15,10973,-19636.215332196,0,0,0,0,0,5157.381250968,0,0,0,0,438225.718648428,421620.810417726,0,0,0,0,0,0
2025-01-16,10974,-184873.034557944,0,0,0,0,0,0,0,0,0,0,312195.27254733,218469.409955616,0,0,0,0,0,0
2025-01-17,10975,-23531.163601428,0,0,0,0,0,28783.96129869,0,0,0,0,434445.759429858,110203.548894024,0,0,0,0,0,0
2025-01-18,10976,0,0,0,0,0,0,221476.25130165,0,0,0,0,331765.430339784,544913.53848285,0,0,0,0,0,0
2025-01-19,10977,0,0,0,0,0,0,27736.826965002,0,0,0,0,446463.33851181,606985.606660416,0,0,0,0,0,0
2025-01-20,10978,0,0,0,0,0,0,91034.629491114,0,0,0,0,443566.593065346,590713.43270397,0,0,0,0,0,0
2025-01-21,10979,0,0,0,0,0,0,241442.754332556,0,0,0,0,544982.042598138,210263.595574332,0,0,0,0,0,0
2025-01-22,10980,0,0,0,0,0,0,67775.035775292,0,0,0,-102.756172932,433648.175801862,62517.344926938,0,0,0,0,0,0
2025-01-23,10981,0,0,0,0,0,0,0,0,0,0,0,426178.780659924,0,0,0,0,0,0,0
2025-01-24,10982,0,0,0,0,0,0,43392.463883856,0,0,0,0,183752.502957876,0,0,0,0,0,0,0
2025-01-25,10983,0,0,0,0,0,0,13987.072396482,0,0,0,0,0,0,0,0,0,0,0,0
2025-01-26,10984,0,0,0,0,0,0,28204.122894288,0,0,0,0,84257.615228694,0,0,0,0,0,0,0
2025-01-27,10985,0,0,0,0,0,0,43328.85291966,0,0,0,0,321362.591118192,0,0,0,0,0,0,0
2025-01-28,10986,0,0,0,0,0,0,41870.693894244,0,0,0,0,303272.611531068,0,0,0,0,0,0,0
2025-01-29,10987,0,0,0,0,0,0,38814.92103729,0,0,0,0,74635.233606276,0,0,0,0,0,0,0
2025-01-30,10988,-103277.293523298,0,0,0,0,0,105053.507369694,0,0,0,0,36106.561907868,51779.324855544,0,0,0,0,0,0
2025-01-31,10989,-25906.788456594,0,0,0,0,0,151584.927679068,0,0,0,0,79423.181949798,309856.346325354,0,0,0,0,0,0
2025-02-01,10990,0,0,0,0,0,0,8624.17879965,0,0,0,0,0,531063.474316944,0,0,0,0,0,0
2025-02-02,10991,0,0,0,0,0,0,33711.364448334,0,0,0,0,0,537441.696765366,0,0,0,0,0,0
2025-02-03,10992,0,0,0,0,0,0,41787.51032568,0,0,0,0,0,500858.052626028,0,0,0,0,0,0
2025-02-04,10993,0,0,0,0,0,0,18258.793299798,0,0,0,0,212260.001219868,182353.061745564,0,0,0,0,0,0
2025-02-05,10994,0,0,0,0,0,0,13845.171014814,0,0,0,0,320386.407475338,0,0,0,0,0,0,0
2025-02-06,10995,-183096.820711548,0,0,0,0,0,147469.787610696,0,0,0,0,330992.312467248,269424.238852158,0,0,0,0,0,0
2025-02-07,10996,-7173.359500872,0,0,0,0,0,0,0,0,0,0,436248.88560726,542814.376664382,0,0,0,0,0,0
2025-02-08,10997,0,0,0,0,0,0,0,0,0,0,0,437875.85834535,464154.526284936,0,0,0,0,0,0
2025-02-09,10998,0,0,0,0,0,0,20996.511335772,0,0,0,0,436659.910298988,458170.20249942,0,0,0,0,0,0
2025-02-10,10999,-112398.127158786,0,0,0,0,0,141128.263795464,0,0,0,0,402647.617058496,263014.210921638,0,0,0,0,0,0
2025-02-11,11000,-27565.566676782,0,0,0,0,0,0,0,0,0,0,217277.927664714,0,0,0,0,0,0,0
2025-02-12,11001,-126201.706389318,0,0,0,0,0,0,0,0,0,0,209404.847557686,0,0,0,0,0,0,0
2025-02-13,11002,-21955.568949804,0,0,0,0,0,59383.281652512,0,0,0,0,351523.97444928,0,0,0,0,0,0,0
2025-02-14,11003,-119270.5578675,0,0,0,0,0,0,0,0,0,0,448234.659207114,0,0,0,0,0,0,0
2025-02-15,11004,-27629.177640978,0,0,0,0,0,0,0,0,0,0,447630.355047252,0,0,0,0,0,0,0
2025-02-16,11005,0,0,0,0,0,0,66064.879468638,0,0,0,0,446159.963144106,0,0,0,0,0,0,0
2025-02-17,11006,0,0,0,0,0,0,0,0,0,0,0,444603.94109685,0,0,0,0,0,0,0
2025-02-18,11007,-57041.90885499,0,0,0,0,0,63924.125865888,0,0,0,0,443718.280749198,0,0,0,0,0,0,0
2025-02-19,11008,-71493.830605212,0,0,0,0,0,0,0,0,0,0,415325.771537868,0,0,0,0,0,0,0
2025-02-20,11009,-178507.044987252,0,0,0,0,0,5419.16483439,0,0,0,0,395530.528795182,0,0,0,0,0,0,0
2025-02-21,11010,-12979.08327153,0,0,0,0,0,133967.137172322,0,0,0,0,181428.256189176,0,0,0,0,0,0,0
2025-02-22,11011,0,0,0,0,0,0,0,0,0,0,0,140015.071922034,0,0,0,0,0,0,0
2025-02-23,11012,0,0,0,0,0,0,0,0,0,0,0,167504.79475689,0,0,0,0,0,0,0
2025-02-24,11013,-47955.327277146,0,0,0,0,0,0,0,0,0,0,138706.154004924,0,0,0,0,0,0,0
2025-02-25,11014,-92272.59671739,0,0,0,0,0,0,0,0,0,0,166396.496034552,0,0,0,0,0,0,0
2025-02-26,11015,-75870.754257006,0,0,0,0,0,0,0,0,0,0,0,3146.296152156,0,0,0,0,0,0
2025-02-27,11016,-245601.932760756,0,0,0,0,0,0,0,0,0,0,0,0,0,0,0,0,0,0
2025-02-28,11017,-93657.358476426,0,0,0,0,0,0,0,0,0,0,0,0,0,0,0,0,0,0
2025-03-01,11018,-167622.230383098,0,0,0,0,0,0,0,0,0,0,0,0,0,0,0,0,0,0
2025-03-02,11019,0,0,0,0,0,0,0,0,0,0,0,0,0,0,0,0,0,0,0
2025-03-03,11020,-216866.902972986,0,0,0,0,0,0,0,0,0,0,0,0,0,0,0,0,0,0
2025-03-04,11021,-39573.35945655,0,0,0,0,0,0,0,0,0,0,34252.057644,0,0,0,0,0,0,0
2025-03-05,11022,-172234.025287308,0,0,0,0,0,30315.517590486,0,0,0,0,25527.569246964,0,0,0,0,0,0,0
2025-03-06,11023,-150767.771446704,0,0,0,0,0,0,0,0,0,0,0,0,0,0,0,0,0,0
2025-03-07,11024,-313633.858968378,0,0,0,0,0,0,0,0,0,0,0,0,0,0,0,0,0,0
2025-03-08,11025,-113648.327262792,0,0,0,0,0,0,0,0,0,0,0,0,0,0,0,0,0,0
2025-03-09,11026,0,0,0,0,0,0,0,0,0,0,0,0,0,0,0,0,0,0,0
2025-03-10,11027,-307632.40915404,0,0,0,0,0,20864.396256288,0,0,0,0,0,0,0,0,0,0,0,0
2025-03-11,11028,-104167.847022042,0,0,0,0,0,0,0,0,0,0,0,0,0,0,0,0,0,0
2025-03-12,11029,-312483.968461758,0,0,0,0,0,0,0,0,0,0,0,0,0,0,0,0,0,0
2025-03-13,11030,-6419.814232704,0,0,0,0,0,81152.91086082,0,0,0,0,0,0,0,-626.323339776,0,0,0,0
2025-03-14,11031,-281823.483719286,0,0,0,0,0,0,0,0,0,0,0,0,0,0,0,0,0,0
2025-03-15,11032,-180246.560200458,0,0,0,0,0,0,0,0,0,0,23660.832105366,0,0,0,0,0,0,0
2025-03-16,11033,-179683.847824878,0,0,0,0,0,0,0,0,0,0,38403.896345562,0,0,0,0,0,0,0
2025-03-17,11034,-311373.223163874,0,0,0,0,0,0,0,0,0,0,0,0,0,0,0,0,0,0
2025-03-18,11035,-311052.721767348,0,0,0,0,0,0,0,0,0,0,0,0,0,0,0,0,0,0
2025-03-19,11036,-303705.65540271,0,0,0,0,0,0,0,0,0,0,0,0,0,0,0,0,0,0
2025-03-20,11037,-51272.883717522,0,0,0,0,0,0,0,0,0,0,0,0,0,0,0,0,0,0
2025-03-21,11038,-313191.028794552,0,0,0,0,0,0,0,0,0,0,0,885.660347652,0,0,0,0,0,0
2025-03-22,11039,-140558.211693246,0,0,0,0,0,0,0,0,0,0,0,0,0,0,0,0,0,0
2025-03-23,11040,-90719.02124568,0,0,0,0,0,0,0,0,0,0,66272.838390048,0,0,0,0,0,0,0
2025-03-24,11041,-309809.86138998,0,0,0,0,0,0,0,0,0,0,0,0,0,0,0,0,0,0
2025-03-25,11042,-153356.248374372,0,0,0,0,0,0,0,0,0,0,0,0,0,0,0,0,0,0
2025-03-26,11043,-314162.319286314,0,0,0,0,0,0,0,0,0,0,0,0,0,0,0,0,0,0
2025-03-27,11044,-315282.850886382,0,0,0,0,0,32654.443812462,0,0,0,0,59331.903566046,0,0,0,0,0,0,0
2025-03-28,11045,-314000.845300278,0,0,0,0,0,0,0,0,0,0,0,0,0,0,0,0,0,0
2025-03-29,11046,-292280.14760289,0,0,0,0,0,0,0,0,0,0,0,0,0,0,0,0,0,0
2025-03-30,11047,0,0,0,0,0,0,0,0,0,0,0,52520.637245982,0,0,0,0,0,0,0
2025-03-31,11048,-193560.82432179,0,0,0,0,0,0,0,0,0,0,36507.800297412,0,0,0,0,0,0,0
2025-04-01,11049,-307490.507772372,0,0,0,0,0,0,0,0,0,0,0,0,0,0,0,0,0,0
2025-04-02,11050,-307064.803627368,0,0,0,0,0,0,0,0,0,0,374959.721604414,0,0,0,0,0,0,0
2025-04-03,11051,-306519.21728061,0,0,0,0,0,0,0,0,0,0,1205983.14416314,0,0,0,0,0,0,0
2025-04-04,11052,-307524.759830016,0,0,0,0,0,0,0,0,0,0,657186.89028879,0,0,0,0,0,0,0
2025-04-05,11053,-306597.507698082,0,0,0,0,0,0,0,0,0,0,787210.14768096,0,0,0,0,0,0,0
2025-04-06,11054,-306436.033712046,0,0,0,0,0,0,0,0,0,0,976423.407257508,0,0,0,0,0,0,0
2025-04-07,11055,-307928.444795106,0,0,0,0,0,703781.92156236,0,0,0,0,364972.800225642,0,0,0,0,0,0,0
2025-04-08,11056,-309687.53261268,0,0,0,0,0,288766.865118834,0,0,0,0,364419.874152246,0,0,0,0,0,0,0
2025-04-09,11057,-128706.999748422,0,0,0,0,0,240136.282990992,0,0,0,0,199327.402883712,0,0,0,0,0,0,0
2025-04-10,11058,-308801.872265028,0,0,0,0,0,0,0,0,0,0,0,0,0,0,0,0,0,0
2025-04-11,11059,-59630.385782658,0,0,0,0,0,14469.047779044,0,0,0,0,0,0,0,0,0,0,0,0
2025-04-12,11060,-288681.234974724,0,0,0,0,0,27179.007740514,0,0,0,0,0,0,0,0,0,0,0,0
2025-04-13,11061,-71227.153870698,0,0,0,0,0,0,0,0,0,0,0,0,0,0,0,0,0,0
2025-04-14,11062,-190764.388472712,0,0,0,0,0,2253.296077866,0,0,0,0,65149.860214434,0,0,0,0,0,0,0
2025-04-15,11063,-308420.206479852,0,0,0,0,0,49826.957569836,0,0,0,0,0,0,0,0,0,0,0,0
2025-04-16,11064,-309408.623000436,0,0,0,0,0,0,0,0,0,0,0,0,0,0,0,0,0,0
2025-04-17,11065,-307375.51872171,0,0,0,0,0,4115.140068372,0,0,0,0,12991.31614926,0,0,0,0,0,0,0
2025-04-18,11066,-305978.524084944,0,0,0,0,0,0,0,0,0,0,0,0,0,0,0,0,0,0
2025-04-19,11067,-305442.72404037,0,0,0,0,0,0,0,0,0,0,0,0,0,0,0,0,0,0
2025-04-20,11068,-304106.893792254,0,0,0,0,0,0,0,0,0,0,0,0,0,0,0,0,0,0
2025-04-21,11069,-303781.499244636,0,0,0,0,0,0,0,0,0,0,63380.986094676,0,0,0,0,0,0,0
2025-04-22,11070,-303079.332062934,0,0,0,0,0,0,0,0,0,0,0,0,0,0,0,0,0,0
2025-04-23,11071,-303600.452654232,0,0,0,0,0,0,0,0,0,0,0,0,0,0,0,0,0,0
2025-04-24,11072,-304234.115720646,0,0,0,0,0,0,0,0,0,0,0,0,0,0,0,0,0,0
2025-04-25,11073,-303027.953976468,0,0,0,0,0,0,0,0,0,0,0,0,0,0,0,0,0,0
2025-04-26,11074,-302181.438837552,0,0,0,0,0,0,0,0,0,0,60396.163928556,0,0,0,0,0,0,0
2025-04-27,11075,-280896.231587352,0,0,0,0,0,0,0,0,0,0,0,0,0,0,0,0,0,0
2025-04-28,11076,-132785.441183604,0,0,0,0,0,0,0,0,0,0,122893.936251126,0,0,0,0,0,0,0
2025-04-29,11077,-306927.795396792,0,0,0,0,0,0,0,0,0,0,117200.754955584,0,0,0,0,0,0,0
2025-04-30,11078,-308606.146221348,0,0,0,0,0,0,0,0,0,0,0,0,0,0,0,0,0,0
2025-05-01,11079,-309499.146295638,0,0,0,0,0,121362.37995933,0,0,0,0,0,0,0,0,0,0,0,0
2025-05-02,11080,-403251.921218358,0,0,0,0,0,122727.569113998,0,0,0,0,0,0,0,0,0,0,0,0
2025-05-03,11081,-531484.285310856,0,0,0,0,0,0,0,0,0,0,0,0,0,0,0,0,0,0
2025-05-04,11082,0,0,0,0,0,0,0,0,0,0,0,64359.616313076,0,0,0,0,0,0,0
2025-05-05,11083,-275748.636638568,0,0,0,0,0,145938.2313189,0,0,0,0,0,0,0,0,0,0,0,0
2025-05-06,11084,-63114.309360162,0,0,0,0,0,42567.967924854,0,0,0,0,0,0,0,0,0,0,0,0
2025-05-07,11085,-305927.145998478,0,0,0,0,0,42041.954182464,0,0,0,0,0,0,0,0,0,0,0,0
2025-05-08,11086,-292177.391429958,0,0,0,0,0,270170.444393688,0,0,0,0,58123.295246322,782.90417472,0,0,0,0,0,0
2025-05-09,11087,-57164.23763229,0,0,0,0,0,302399.184061146,0,0,0,0,0,0,0,0,0,0,0,0
2025-05-10,11088,-301922.101829676,0,0,0,0,0,306103.29943779,0,0,0,0,0,0,0,0,0,0,0,0
2025-05-11,11089,-32192.041034268,0,0,0,0,0,306842.165252682,0,0,0,0,0,0,0,0,0,0,0,0
2025-05-12,11090,0,0,0,0,0,0,1318006.94526339,0,0,0,0,192009.695425626,0,0,0,0,0,0,0
2025-05-13,11091,0,0,0,0,0,0,793798.775626338,0,0,0,0,112454.398396344,0,0,0,0,0,0,0
2025-05-14,11092,0,0,0,0,0,0,356456.270750016,0,0,0,0,0,0,0,0,0,0,0,0
2025-05-15,11093,0,0,0,0,0,0,98232.454747446,0,0,0,0,0,0,0,0,0,0,0,0
2025-05-16,11094,0,0,0,0,0,0,61707.528421212,0,0,0,0,0,0,0,0,0,0,0,0
2025-05-17,11095,0,0,0,0,0,0,89845.593775758,0,0,0,0,0,0,0,0,0,0,0,0
2025-05-18,11096,0,0,0,0,0,0,43199.184415722,0,0,0,0,0,0,0,0,0,0,0,0
2025-05-19,11097,0,0,0,0,0,0,170523.868980654,0,0,0,0,0,1455.71244987,0,0,0,0,0,0
2025-05-20,11098,0,0,0,0,0,0,627864.68236998,0,0,0,0,0,0,0,0,0,0,0,0
2025-05-21,11099,-139917.208900194,0,0,0,0,0,385105.670393676,0,0,0,0,332.734274256,503.994562476,0,0,0,0,0,0
2025-05-22,11100,-20164.675650132,0,0,0,0,0,729940.707300192,0,0,0,0,0,0,0,0,0,0,0,0
2025-05-23,11101,0,0,0,0,0,0,367355.764807446,0,0,0,0,0,0,0,0,0,0,0,0
2025-05-24,11102,0,0,0,0,0,0,474006.886008678,0,0,0,0,0,0,0,0,0,0,0,0
2025-05-25,11103,0,0,0,0,0,0,482907.527845026,0,0,0,0,0,0,0,0,0,0,0,0
2025-05-26,11104,0,0,0,0,0,0,177198.127070142,0,0,0,0,0,0,0,0,0,0,0,0
2025-05-27,11105,0,0,0,0,0,0,130517.465652462,0,0,0,0,0,0,0,0,0,0,0,0
2025-05-28,11106,0,0,0,0,0,0,296617.926045948,0,0,0,200.619194772,0,0,0,0,0,0,0,0
2025-05-29,11107,-102024.646843746,0,0,0,0,0,312432.590375292,0,0,0,0,0,0,0,0,0,0,0,0
2025-05-30,11108,-58766.74461492,0,0,0,0,0,704288.362700382,0,0,0,0,62108.766810756,0,0,0,0,0,0,0
2025-05-31,11109,-168270.572902788,0,0,0,0,0,462899.433029838,0,0,0,0,0,0,0,0,0,0,0,0
2025-06-01,11110,0,0,0,0,0,0,481280.555106936,0,0,0,0,0,0,0,0,0,0,0,0
2025-06-02,11111,0,0,0,0,0,0,642245.653429368,0,0,0,0,71875.496390388,0,0,0,0,0,0,0
2025-06-03,11112,0,0,0,0,0,0,578960.083780986,0,0,0,0,376691.897090982,0,0,0,0,0,0,0
2025-06-04,11113,0,0,0,0,0,0,708158.845214154,0,0,0,0,880887.078761754,275296.020162558,0,0,0,0,0,0
2025-06-05,11114,0,0,0,0,0,0,404484.995293542,0,0,0,0,716746.325380614,360020.931320538,0,0,0,0,0,0
2025-06-06,11115,0,0,0,0,0,0,305819.496674454,0,0,0,0,719983.144827972,278855.787581988,0,0,0,0,0,0
2025-06-07,11116,0,0,0,0,0,0,48867.899955804,0,0,0,0,446355.689187786,406143.77351373,0,0,0,0,0,0
2025-06-08,11117,-214023.982188534,0,0,0,0,0,700814.225425062,0,0,0,0,446707.99606641,0,0,0,0,0,0,0
2025-06-09,11118,-32683.802719014,0,0,0,0,0,254478.108841644,0,0,0,0,344149.995753636,0,0,0,0,0,0,0
2025-06-10,11119,-284035.18801287,0,0,0,0,0,118979.415377526,0,0,0,0,0,0,0,0,0,0,0,0
2025-06-11,11120,0,0,0,0,0,0,42127.584326574,0,0,0,0,0,0,0,0,0,0,0,0
2025-06-12,11121,-214038.66164181,0,0,0,0,0,497584.53454548,0,0,0,0,68809.93723125,0,0,0,0,0,0,0
2025-06-13,11122,-13700.8230576,0,0,0,0,0,54839.99086359,0,0,0,0,0,0,0,0,0,0,0,0
2025-06-14,11123,0,0,0,0,0,0,40192.343069688,0,0,0,0,0,0,0,0,0,0,0,0
2025-06-15,11124,0,0,0,0,0,0,0,0,0,0,0,0,0,0,0,0,0,0,0
2025-06-16,11125,-94151.566736718,0,0,0,0,0,68056.391963082,0,0,0,0,0,0,0,0,0,0,0,0
2025-06-17,11126,-207645.759740112,0,0,0,0,0,40011.296479284,0,0,0,0,0,0,0,0,0,0,0,0
2025-06-18,11127,-145546.77923154,0,0,0,0,0,40427.214322104,0,0,0,0,0,0,0,0,0,0,0,0
2025-06-19,11128,-71569.674447138,0,0,0,0,0,42455.425449738,0,0,0,0,70539.666142272,0,0,0,0,0,0,0
2025-06-20,11129,-159076.34200092,0,0,0,0,0,40963.014366678,0,0,0,0,0,0,0,0,0,0,0,0
2025-06-21,11130,-25326.950052192,0,0,0,0,0,40131.178681038,0,0,0,0,0,0,0,0,0,0,0,0
2025-06-22,11131,0,0,0,0,0,0,41251.710281106,0,0,0,0,0,0,0,0,0,0,0,0
2025-06-23,11132,-171947.775948426,0,0,0,0,0,28815.766780788,0,0,0,0,0,0,0,0,0,0,0,0
2025-06-24,11133,-20047.240023924,0,0,0,0,0,14948.57658606,0,0,0,0,63902.106685974,0,0,0,0,0,0,0
2025-06-25,11134,-266649.822182994,0,0,0,0,0,38127.433308864,0,0,0,0,0,0,0,0,0,0,0,0
2025-06-26,11135,-23947.081444248,0,0,0,0,0,39150.101887092,0,0,0,0,101877.852310986,0,0,0,0,0,0,0
2025-06-27,11136,-276255.07777659,0,0,0,0,0,40358.710206816,0,0,0,0,140164.31303034,60224.903640336,0,0,0,0,0,0
2025-06-28,11137,0,0,0,0,0,0,40118.945803308,0,0,0,0,94467.174982152,0,0,0,0,0,0,0
2025-06-29,11138,-196420.871135064,0,0,0,0,0,47691.097118178,0,0,0,0,45579.70242198,60508.706403672,0,0,0,0,0,0
2025-06-30,11139,-26508.64604091,0,0,0,0,0,39502.408765716,0,0,0,0,176623.181816832,0,0,0,0,0,0,0
